{
  "Meta": {
    "doc_id": "SCRIPT-fs_drama-42062",
    "doc_category": "SCRIPT",
    "doc_type": "fs_drama",
    "doc_name": "42062_DC_강이되어만나리062_2006.txt",
    "author": "KBS",
    "publisher": "KBS",
    "published_year": "2006",
    "doc_origin": "강이되어만나리062",
    "passage_id": "SCRIPT-fs_drama-42062-00020",
    "passage": "해설]길 (밤 야외).\nE 노래소리 멀리 두칠 터덜 터덜 마을 길을 걷는다 걷다가 멈춰서서 하늘을 바라본다 두칠의 두 눈에서 눈물이 흘러 내린다 <NA>그러나 자신의 결심이나 의지하고는 상관없이 두칠의 늙은 눈에서는 참았던 눈물이 뜨겁게 뜨겁게 흘러내립니다.\n(밤 ).\nE <노래소리 송준호와 옥란 대사 위에 계속 깔린다 ><화산에 그 누가 미스타 조만큼 멋지다 말을 하리요 형님을 보면은 모두 다 반해요 정말로 멋쟁이에요 싱긍 벙글 웃을 때는 내마음 미쳐버려요 키다리 미스타 조 없인 정말로 난 못살아요>송준호 베개를 베고 한복차림인 채 모로 누워 있다가 일어나 앉아 마땅치 않게 바깥쪽을 보는데 문이 열리고 옥란 작은 상에 다과와 술병 잔 두 개 챙겨 들고 들어온다.\n옥란]여보, .\n송준호]저것들 시방 멋허는 거여? 동네시끄럽게?\n옥란]좋은 날이에요 여보, 봐줘요..\n송준호](못 마땅한 얼굴을 하면서 )친구들이라고 어디서 순...어디서 저런 건달 놈들만 모아 왔대?\n옥란]그런말 하지 마세요. 우리 아들도 그 속에 들어 있잖아?\n송준호](마땅찮은 허기침 )"
  },
  "Annotation": {
    "Summary1": "두칠은 길을 걷다 눈물을 떨구고, 옥란은 아들과 그 친구들의 노랫소리에 불만을 토로하는 송준호에게 이해하라고 한다.",
    "Summary2": "",
    "Summary3": "두칠이 길을 걷다 눈물을 흘린다. 한편 송준호는 옥란에게 아들 친구들을 건달이라고 표현하며 시끄러운 노랫소리에 대한 불만을 토로하고, 옥란은 좋은 날이니 이해하라 하면서도 건달이라는 표현은 못마땅해한다."
  },
  "filename": "SCRIPT-fs_drama-42062-00020.json"
}