{
  "Meta": {
    "doc_id": "SCRIPT-fs_drama-42048",
    "doc_category": "SCRIPT",
    "doc_type": "fs_drama",
    "doc_name": "42048_DC_강이되어만나리048_2006.txt",
    "author": "KBS",
    "publisher": "KBS",
    "published_year": "2006",
    "doc_origin": "강이되어만나리048",
    "passage_id": "SCRIPT-fs_drama-42048-00031",
    "passage": "해설]양식집 일각 (저녁).\nM 크리프 리차드 노래 수영 수희 양식집에서 햄벅스테이크 먹고 있다 수영 먹지 않고 맥주 마신다.\n수희](칼질을 하다가 )크리프 리차드다..내가 젤 좋아하는 가수야. 오빠두 좋지?\n수영]난 별루야 ( 맥주 마신다 )\n수희](접시 가리키면서) 안먹어?\n수영]먹을 게.(맥주잔을 놓고 고기를 칼로 썬다)\n수희]맛 잇다. 화산에선 한 번도 먹어보지 못한 맛이야.\n수영]대학 다니면 자주 먹을 수 있어.\n수희]오빠.\n수영](본다)\n수희]아냐 아무것도.\n수영]얘기 해.\n수희]나 사실은 공부하기 무지 싫거든. 대학도 엄마가 가라니까 억지로 가는 거야..\n수영]공부가 하기 싫으면, 하고 싶은 건 뭔데 ?\n수희]사이랑하는 남자이랑 결혼해서 아들 딸 낳고 행복하게 사는 거..\n수영]그런 건 대학 졸업하고 해도 늦지 않아 .\n수희]대학 4년 다닐 거 생각하면 지겹고 끔찍하단 말야.\n수영]복에 겨워서 하는 소리야. 영채 못 봤어?\n수희]영 챈 영 채고 난 나야. 사람이 다 같은 순 없잖아?\n수영](대꾸 없이 나이프와 포크 들어 고기를 자른다 )\n수희](망설이다가 )오빠.\n수영]( 본다)\n수희]종태 오빠... 고시 꼭 붙겠지?\n수영](O.L화가 나서 )종태 얘긴 하지 말 랬지?\n수희]오빠가 잘 모르는게 있어.\n수영]뭘 몰라?\n수희]...종태오빠가 나 유혹해서 따라간 거 아냐. 그날.종태오빤 완전히 세상을 포기한 사람처럼 보였어. 그래서..\n수영](O.L)그만해. .\n수히]끝까지 내 말 들어봐.\n수영](O.L)그만하라구 했지?\n수희](본다)\n수영]다신 내 앞에서 종태 얘기하지마. 알았어?"
  },
  "Annotation": {
    "Summary1": "수희는 수영에게 결혼을 하고 싶다고 말하다가 주저하며 종태 얘기를 꺼내고, 수영은 종태 얘기를 하지 말라며 화를 낸다.",
    "Summary2": "",
    "Summary3": "수희는 양식집에서 수영에게 대학에 가기 싫다고 하고, 수영은 그럼 무엇을 하고 싶은지 묻는다. 결혼을 하고 싶다고 답하는 수희에게 수영은 그건 대학을 졸업하고 하면 된다 한다. 수희는 주저하면서 사실은 그날 종태가 자신을 유혹한 게 아니라는 말을 꺼내고, 수영은 화를 내며 자신에게 종태 얘기를 하지 말라고 한다."
  },
  "filename": "SCRIPT-fs_drama-42048-00031.json"
}