{
  "Meta": {
    "doc_id": "SCRIPT-fs_drama-42050",
    "doc_category": "SCRIPT",
    "doc_type": "fs_drama",
    "doc_name": "42050_DC_강이되어만나리050_2006.txt",
    "author": "KBS",
    "publisher": "KBS",
    "published_year": "2006",
    "doc_origin": "강이되어만나리050",
    "passage_id": "SCRIPT-fs_drama-42050-00019",
    "passage": "해설]거실 (밤).\n조상진 수영 오복자 물컵을 놓고 앉아서.\n수영](물컵 들어마신 뒤)영선이 집에서 무슨 특별한 얘기가 있었던 건 아니죠?\n조상진]결혼식 전에 얼굴 좀 보자는 뜻이지 뭐. 점심상 잘 차려주셔서 맛있게 먹었다.\n오복자]그 집 식구들 이제야 정신 났어. 오늘은 할머니까지 저자세로 나오는 거 있지?\n조상진]옛날 같으면 할머니이랑 겸상은 꿈도 못 꾸는 일이었지.\n수영](대화 바꾸려고 )아버지.\n조상진](본다.\n수영]땅을 사려면 지금이 적깁니다.\n조상진]거기가 어디랬지?\n수영]압구정동이요. 현재 그 일대가 다 배밭인데요. 옆에 다리까지 지어지고 있어요. 69년도에 완공이랍니다..\n조상진]다리 이름이 뭐라구?\n수영]제3 한강교요.. .\n조상진]다리가 올라가고 있다면 이미 땅값이 오를 대로 다 오른 거 아니까?\n수영]오른 값을 주고라도 사야 돼요. 나중에 천정부지로 값이 뛸 겁니다."
  },
  "Annotation": {
    "Summary1": "조상진은 영선 집에서 점심을 맛있게 먹었다고 말하고 수영은 조상진에게 압구정동 땅을 사야된다고 말한다.",
    "Summary2": "",
    "Summary3": "조상진은 영선 집에서 무슨 일이 있었냐는 수영에게 점심을 맛있게 먹었다고 말한다. 수영은 조상진에게 이미 다리를 짓고 있는 압구정동 땅을 사야된다고 말한다."
  },
  "filename": "SCRIPT-fs_drama-42050-00019.json"
}