{
  "Meta": {
    "doc_id": "SCRIPT-fs_drama-42063",
    "doc_category": "SCRIPT",
    "doc_type": "fs_drama",
    "doc_name": "42063_DC_강이되어만나리063_2006.txt",
    "author": "KBS",
    "publisher": "KBS",
    "published_year": "2006",
    "doc_origin": "강이되어만나리063",
    "passage_id": "SCRIPT-fs_drama-42063-00008",
    "passage": "해설]정옥 문을 닫고.\n영채](영선을 보면)\n영선](눈을 뜬다 )\n영채]더 자 언니. 아직 007시도 안됐어.\n영선](일어나 앉아 두 손으로 얼굴을 감싼다)\n영채](일어선다)\n영선]어디 가?\n영채]언니 잠 좀 더 자라구.\n영선]다 잤어. (영채 보고 옆 자리 가리키면서 )앉아봐.\n영채](앉는다)\n영선]영채야.(바라본 뒤)...넌 내가 딱하지?\n영채]뭐가?\n영선]사랑하지도 않는 남자한테 시집가는 게...\n영채]언닌 이미 수영오빠 사랑하는데...사랑하고 있는걸 모르는 거 아냐?\n영선](어이 없는 표정으로 )왜 그런 생각을 했어?\n영채] 내 눈엔 언니가 기를 쓰고 수영오빠 사랑하지 않으려구 애쓰는 사람처럼 보여. 수영 오빠 사랑하게 돼도 언니 나쁜 여자 아냐.\n영선](본다) 마당 (아침).\n해설]공서방 차일을 꺼내서 손을 보고 있고, 순금 걸레로 마루를 닦고 서운 우물가에서 콩나물을 씻고 있다 토방 쪽에 놋대야 놓고 송준호 세수하고 옥란 옆에서 수건을 들고 서 있다가 송준호 세수하고 나면 옥란 수건으로 송준호 얼굴을 닦아준다.\n서운 옥란과 송준호 쪽 보면서 속이 뒤집어진 채 씻은 콩나물 들고 일어선다."
  },
  "Annotation": {
    "Summary1": "사랑하지 않는 남자에게 시집가는 자신이 딱하냐는 영선에게 영채는 영선이 수영을 사랑하고 있다고 말한다.",
    "Summary2": "",
    "Summary3": "영채가 일어나자 영선이 앉으라고 한다. 영선이 사랑하지 않는 남자에게 시집가는 자신이 딱하냐고 물으니 영채는 영선이 수영을 사랑하고 있다고 한다. 영채의 눈에는 영선이 수영을 사랑하지 않으려는 것처럼 보인다고 한다."
  },
  "filename": "SCRIPT-fs_drama-42063-00008.json"
}