{
  "Meta": {
    "doc_id": "SCRIPT-fs_drama-42105",
    "doc_category": "SCRIPT",
    "doc_type": "fs_drama",
    "doc_name": "42105_DC_강이되어만나리105_2006.txt",
    "author": "KBS",
    "publisher": "KBS",
    "published_year": "2006",
    "doc_origin": "강이되어만나리105",
    "passage_id": "SCRIPT-fs_drama-42105-00012",
    "passage": "해설]웨이터 커피와 아이스크림 가져다가 두 사람 앞에 놓는다.\n수영](커피에 설탕 넣어 한 모금 마신 뒤 )나 후년 총선에...출마할까 해..\n영선]출마요?\n수영]내꿈이잖아 정치가..\n영선](표정이 흐려진다 )\n수영]표정이 왜 그래 ?\n영선]정치란 게...잘은 모르지만 정치인이란 게 순탄하게 살 수 있는 직업이 아니라는 건 알아요. 난 그냥...당신이 지금처럼 살았으면 좋겠어요..\n수영]돈이나 벌면서 촌부자로, 아무 야망도 없이 안이하게 ?\n영선]...야망을 쫓다보면 개인으로서 행복은 포기해야죠.\n수영]꼭 그렇게만 말할수 없지. 오히려 소시민으로 사는 일상이 지루해서 불행할 수도 있어.\n영선]지금까지 지루했어요?\n수영]이제부턴 지루할거야. 내가 하는 일, 말이 좋아 서민금고지... 고리대금하던 거 연장이잖아? 건설쪽 일은 아버지가 거의 완벽하게 해 나가셔서 내가 끼어들 여지가 없어.\n영선]...정치를 할 생각이엇으면 나같은 마누라 곤란했어요.\n수영]어째서?\n영선].당신 내조할 능력 없어요, 나.\n수영]당신이 특별히 나서서 내조할 일 없어. 당신은 그냥 지금처럼 내 옆에 있어주기만 하면 돼."
  },
  "Annotation": {
    "Summary1": "총선에 출마하겠다는 수영에게 영선은 내조할 능력이 없다고 하고, 수영은 옆에 있어 주기만 하면 된다고 한다.",
    "Summary2": "",
    "Summary3": "총선에 출마하겠다는 수영의 말에 영선은 지금처럼 살았으면 좋겠다고 한다. 수영은 자신이 하는 일, 고리대금의 연장이라며 지루하다고 한다. 영선이 내조할 능력이 없다고 하자 수영은 지금처럼 옆에 있어 주기만 하면 된다고 한다."
  },
  "filename": "SCRIPT-fs_drama-42105-00012.json"
}