{
  "Meta": {
    "doc_id": "SCRIPT-fs_drama-42048",
    "doc_category": "SCRIPT",
    "doc_type": "fs_drama",
    "doc_name": "42048_DC_강이되어만나리048_2006.txt",
    "author": "KBS",
    "publisher": "KBS",
    "published_year": "2006",
    "doc_origin": "강이되어만나리048",
    "passage_id": "SCRIPT-fs_drama-42048-00008",
    "passage": "해설]영채 정옥 방에서 나오는데 영선 대문을 열고 나간다.\n대문 앞(밤 야외.\n영선 대문앞에서 멍하게 하늘을 보고 서 있다 영채 대문을 나와서 영선 옆으로 가서 선다.\n영선](영채쪽 보지 않고 )니가 나라면...이런 식으로 결혼할 수 있겠니?\n영채]...(영선을 돌아본다)\n영선](앞을 본채 )종태 씨에 대한 감정은 아무것도 정리가 안됐는데...어떻게 다른 남자한테 시집을 가?\n영채]해결될 거야, 시간이 가면.\n영선]나이랑 도망까지 가려구 했던 사람이야. .\n영채]...언닐 포기했을 땐 이유가 있는 거지.\n영선]한 번만 날 도와줘, 영채야..\n영채]...뭘 어떻게?\n영선]만나구 싶어. 한 번만 더..\n영채]됐어 언니, 그 쪽은 맘 정리 다했는데 언니 혼자 이러는 건 추해.\n영선](애원한다) 다신 안할게, 이런 부탁.\n영채](본다)\n해설]<NA>종태 씨가 왜 이별을 선언하고 돌아섰는지 영채는 이해할 수 있을 것 같습니다. 어쩌면 종태 씨의 적은 수영오빠나 자신의 환경이 아니라 종태 씨 자신이었을 수도 있습니다. 그러나 언니는 끝내 종태 씨의 변심을 인정할 수 없는 모양입니다."
  },
  "Annotation": {
    "Summary1": "영선은 종태에 대한 마음이 남았는데 어떻게 다른 남자와 결혼하냐며 영채에게 종태를 만나고 싶다고 도와달라고 한다.",
    "Summary2": "",
    "Summary3": "영선은 영채에게 자신이 종태에 대한 감정이 남았는데 어떻게 다른 남자와 결혼할 수 있겠냐고 한다. 영채는 종태가 영선을 포기했다면 이유가 있을 거라고 하고 영선은 영채에게 도와달라며 한 번만 만나고 싶다고 애원한다."
  },
  "filename": "SCRIPT-fs_drama-42048-00008.json"
}