{
  "Meta": {
    "doc_id": "SCRIPT-fs_drama-42071",
    "doc_category": "SCRIPT",
    "doc_type": "fs_drama",
    "doc_name": "42071_DC_강이되어만나리071_2006.txt",
    "author": "KBS",
    "publisher": "KBS",
    "published_year": "2006",
    "doc_origin": "강이되어만나리071",
    "passage_id": "SCRIPT-fs_drama-42071-00023",
    "passage": "해설]거실.\nE 전화벨 오복자 수화기 들고.\n오복자]여보세요.\n해설]와이퍼로 수영 상무실.\n수영]어머니 저에요..\n오복자]왜?\n수영]집사람 옆에 있어요?\n오복자](언짢아서 )넌 회사에 일하러 간 거야? 예펜네한테 전화질 하러 간 거야?\n수영]좀 바꿔 주시겠어요?\n오복자]예펜넬 아예 회사로 데려가. 이렇게 뻔질나게 전화질 할 게 아니라.\n수영](웃고)저도 그랬으면 좋겠어요.\n오복자]뭐야?\n수영]바꿔 주세요 좀.\n오복자]할 말 있으면 나한테 해, 빨래 빨고 있으니까.\n수영]...빨랜 아줌마한테 시키세요.\n오복자](화 벌컥내면서)넋 빠진 놈. 아줌마가 니 마누라 속옷까지 빨았으면 좋겠냐? 끊어, 전화 \n해설](수화기 꽝 내려 놓는다 )\n상무실.\n수영 수화기 들고 있다가 내려놓고 턱을 만지작거리면서 생각한다.\n그래도 속에 능구렁이 들어 있는 사람 보단 나. 솔직해서 앞뒤 분명하고 뒷끝 없고...장점이 더 많은 사람 아니냐? .\n수영]아버지나 저희한텐 그러셨죠. 영선이한텐처음부터 호감이 전혀 없으셨잖아요? ‘영선이 너 우리 집에 시집만 와라 내가 가만 안둘 테니까’ 잔뜩 벼르고 계셨던 거 같애요 .\n조상진]호감이 있었든 없었든 이제 자기 며느린데..설마 무지막지하게 구박이야 하겠냐?"
  },
  "Annotation": {
    "Summary1": "수영이 영선을 바꿔 달라 하지만 복자는 바꿔주지 않고 끊고, 수영은 며느리가 된 영선을 가만 안 둘 거란 말이 신경 쓰인다.",
    "Summary2": "",
    "Summary3": "오복자는 수영의 전화를 받는다. 수영이 영선을 바꿔달라 하지만 오복자는 빨래를 하고 있어 바꿔 줄 수 없다 말하고 전화를 끊어버린다. 며느리가 된 영선을 가만 안 둘 거란 말을 신경 쓰는 수영에게 상진은 이제 며느리가 되었는데 구박하겠냐고 말한다."
  },
  "filename": "SCRIPT-fs_drama-42071-00023.json"
}