{
  "Meta": {
    "doc_id": "SCRIPT-fs_drama-42046",
    "doc_category": "SCRIPT",
    "doc_type": "fs_drama",
    "doc_name": "42046_DC_강이되어만나리046_2006.txt",
    "author": "KBS",
    "publisher": "KBS",
    "published_year": "2006",
    "doc_origin": "강이되어만나리046",
    "passage_id": "SCRIPT-fs_drama-42046-00023",
    "passage": "해설]영복 옥란을 데리고 들어와서 의자를 빼 옥란을 앉힌다.\n옥란]손님이 맨날 이렇게 많니?\n영복](앞에 앉으면서 )엄니 올 줄 알앗나봐. 오늘은 유난히 바글거리네.\n옥란]너 돈 벌어서 다 어디다 둬?\n영복]매일 매일 은행에 입금해.\n옥란]통장 엄마한테?겨. 엄마가 관리해줄께.\n영복]내가 엄닐 어떻게 믿어?\n옥란]뭐야?\n영복]농담이구... 나 돈 모으려구 독심 품었어. 아버지 잃어버린 재산 내가 다 찾아 놀거니까 당구장에서 들어온 돈은 엄니도 노터치...오케이?\n옥란](눈 흘기면서도 기분은 좋다 )\n해설]사장실.\n조상진 이씨 마주 앉아서 찻잔 두 개 앞에 놓고.\n조상진]말을 이랬다 저랬다 한 건 미안한데...고의는 아냐.\n해설]가서 송사장한테 말해. 예정대로 혼사 진행하자고.\n이씨]송사장님 좋아허시겄네요.\n조상진]왜? 혼사 미루자니까 겁내든가?\n이씨]아무레도 조깨...\n조상진](기분이 좋아서 )겁났겠지. 겁났을 거야.\n이씨]근디 혼사 미루먼...조사장님댁도 이될 건 없었을 거 같어요.\n조상진]무슨 뜻이야?\n이씨]제가 아침에 모욕탕엘 갓는디요... 요상시런 소문이 들리드랑게요.\n조상진]요상스런 소문? 뭔데 그게?\n이씨]조상무가 송사장님 따님을 호텔로 납치해다가 감금시?다고요.\n조상진](놀라서)무슨 그런 해괴한 소문이 다 있어?\n이씨]헛 소문이지요. 참말로 그런 일이 잇으먼 되겄어요? .\n조상진]어떤 놈들이 악질적으로 헛소문을 낸 거야. 틀림없이 나 잘 된 거 배아픈 놈들 짓이라고.\n이씨]저도 고렇게 생각허지만 일일이 댕기먼서 벤명헐 수는 없잖여요?"
  },
  "Annotation": {
    "Summary1": "영복이 옥란에게 식당을 보여주며 아버지 재산을 찾겠다고 말하고, 이씨가 조상진에 대한 소문을 전한다.",
    "Summary2": "",
    "Summary3": "영복이 옥란을 식당에 앉히고, 옥란이 돈 벌어서 어디에 두는지 묻자 영복이 입금한다고 대답한다. 옥란이 돈을 관리해 주겠다고 하자 영복이 돈 모아서 아버지의 재산을 다 찾아 주겠다고 말한다. 한편 사장실에서 조상진이 송사장에게 예정대로 혼사를 진행하자고 하자 이씨가 기뻐하고는 조상진에 대한 소문을 전한다."
  },
  "filename": "SCRIPT-fs_drama-42046-00023.json"
}