{
  "Meta": {
    "doc_id": "SCRIPT-fs_drama-42058",
    "doc_category": "SCRIPT",
    "doc_type": "fs_drama",
    "doc_name": "42058_DC_강이되어만나리058_2006.txt",
    "author": "KBS",
    "publisher": "KBS",
    "published_year": "2006",
    "doc_origin": "강이되어만나리058",
    "passage_id": "SCRIPT-fs_drama-42058-00039",
    "passage": "해설](야외 ).\n두칠 연장을 옮기다가 밖에 서운과 솜덩어리 지게에 진 (이불 몇 채를 만들 정도로 덩어리가 크다) 공서방이 서 있는 것을 본다. 공서방 멈춰 선 채 두 사람 보고 있는데 서운 공서방을 보내놓고 대장간으로 들어오면서.\n서운]박센.\n박서방]솜틀로 왔는가?\n서운]얘.. 영선이 혼수 이불 맹글라고요. 성님이랑 영선이도 같이 왔어요.\n박서방](밖을 보면서 )어디?\n서운]주단집이요.\n박서방](끄덕이면서)... 가서 일봐.\n서운]기다리쑈 이따가 솜 틀고 나서 올팅게.\n박서방]오기는 멋헐라고?\n서운]내 맘이랑게요 (서운 나가고 ).\n박서방](종태를 생각하면서 착잡한 마음으로 서 있다 )\n해설](야외 ) .\n정옥과 영선 주단집에 앉아 있고 주단집 여자 이런 저런 비단을 꺼내 들고 정옥과 영선에게 설명하면서 영선 몸에 빨간 치마와 노랑색 저고리를 배색해준다.\n정옥](뒤로 물러나서 보고 연두색을 가리키고 )"
  },
  "Annotation": {
    "Summary1": "서운이 두칠에게 영선의 혼수 이불을 맞추러 왔다고 말하자, 두칠은 종태를 생각하며 착잡해한다.",
    "Summary2": "",
    "Summary3": "두칠이 서운과 솜덩어리를 지게에 진 공서방을 발견한다. 그런 그에게 서운이 대장간으로 들어와 영선의 혼수이불을 만들러 왔다며 전하고 나가자 그는 종태를 생각하며 착잡해한다."
  },
  "filename": "SCRIPT-fs_drama-42058-00039.json"
}