{
  "Meta": {
    "doc_id": "SCRIPT-fs_drama-42073",
    "doc_category": "SCRIPT",
    "doc_type": "fs_drama",
    "doc_name": "42073_DC_강이되어만나리073_2006.txt",
    "author": "KBS",
    "publisher": "KBS",
    "published_year": "2006",
    "doc_origin": "강이되어만나리073",
    "passage_id": "SCRIPT-fs_drama-42073-00029",
    "passage": "해설]문이 열리고 주인 여자 손에 성적표를 들고 들어온다.\n영채 어정쩡하게 고개를 숙인다.\n주인여자](거만하게 )언니, 잠깐 이쪽으로 좀 앉아봐..\n영채](앉는다)\n주인여자](성적표 내밀면서 ) 민경이 월말 고사 성적표야.\n영채](성적표를 들여다 본다)\n주인여자](팔짱을 끼고 )속상해서 ..영 수 국 사회... 네 과목 중 한과목이라도 성적이 좋아야지. 돈 들여 가정교사까지 입주시켰으면 효과가 나타나야할 거 아냐? 효과가? 내가 민경이 아빠 얼굴을 못 보겠다니까. 입주 가정교산 안된다는 거부득부득 졸라 언닐 입주시켰는데 말야...\n영채](성적표 내려놓고 )죄송합니다.\n주인여자] 죄송하단 말로 끝날 일 아닌 거 같애. (성적표 들고 흔들면서 )56명중에 52등이 말이 되냐구?\n영채]... 제가 좀 더 열심히 가르쳐 볼께요.\n주인여자]두 달 안으로 성적 못 올리면 그만 둬달라고 했던 말 기억나?\n영채](본다)\n주인여자]언니, 무용과라구 했을때부터 찜찜했어.. 혹시나 했던 게 역시나네..\n영채](O.L)아주머니 .\n주인여자](O.L) 가정교사 다시 구했어, 영문과 학생으로. (봉투 하나 내밀고)오늘까지 계산한거. (주인 여자 일어나서 방을 나가고)\n영채](황당한 채 문 쪽을 돌아보고 입술을 깨문다 )"
  },
  "Annotation": {
    "Summary1": "주인여자는 영채에게 민경의 성적표를 내밀고 영채는 사과하지만 가정교사를 새로 구했다고 한다.",
    "Summary2": "",
    "Summary3": "주인여자가 민경이 성적표를 내밀고 56명 중에 52등을 했다고 불만을 표하자 영채는 더 열심히 가르치겠다고 말한다. 영채가 무용과라고 했을 때부터 미심쩍었다며 가정교사를 영문과 학생으로 다시 구했다는 주인여자의 말에 영채는 입술을 깨문다."
  },
  "filename": "SCRIPT-fs_drama-42073-00029.json"
}