{
  "Meta": {
    "doc_id": "SCRIPT-fs_drama-42064",
    "doc_category": "SCRIPT",
    "doc_type": "fs_drama",
    "doc_name": "42064_DC_강이되어만나리064_2006.txt",
    "author": "KBS",
    "publisher": "KBS",
    "published_year": "2006",
    "doc_origin": "강이되어만나리064",
    "passage_id": "SCRIPT-fs_drama-42064-00038",
    "passage": "해설](대학 근처의 ).\n종태와 명주 마주 앉아서 점심 먹고 있다.\n종태 땀까지 흘리면서 밥숟갈을 꺼다 랗게 퍼서 열심히 먹고 있다.\n명주 먹다가 종태를 보고 있다.\n종태](명주 시선 느끼고 )왜 그래?\n명주]아니에요 아무것도.\n종태](손수건 꺼내서 땀을 닦고 찌개를 가리키면서 )찌개 먹어봐. 맛있어.\n명주](물 마시고 )괜찮아요?\n종태]뭐가? .\n명주]아픈데 없죠?\n종태]아픈 사람이 밥 한 그릇을 게눈 감추듯 하냐?\n명주]박선배 알고 지낸지 5년이나 됐는데...솔직히 요즘 헛갈려.\n해설]어떤 사람인지 잘 모르겠어.\n종태]내가 어떤 사람이길 바라는데?\n명주]선배 말대로라면 사물에 대한 인지능력이 생기기 시작했을때부터 한 여자만을 사랑했어. 그 여자가 어제 다른 남자한테 시집갔다구..\n종태]그러니까 니가 기대하는 게 뭐야? 내가 정신 못 차릴 만큼 무너져 추악한 꼬락서닐 보여주는 거?\n명주]글세. 위로할 말 한 보따리 준비해놨는데. 써먹을 데가 없어서 실망스러운 건가?\n종태](씁쓸하게 웃고 )추탠 부릴 만큼 부렸어. 불쌍한 우리 아버지 속이 다 타실만큼."
  },
  "Annotation": {
    "Summary1": "종태는 종태가 사랑한 사람이 시집갔다는 명주의 말에 자기가 무너진 꼴을 기대하는 거냐고 한다.",
    "Summary2": "",
    "Summary3": "명주는 종태가 어떤 사람인지 잘 모르겠다며 종태가 평생 사랑한 여자가 어제 다른 남자한테 시집 갔다고 한다. 종태는 자기가 무너진 꼴을 기대하는 거냐고 하고 명주는 위로의 말이 쓸 데가 없어 실망스러운 것 같다고 말한다."
  },
  "filename": "SCRIPT-fs_drama-42064-00038.json"
}