{
  "Meta": {
    "doc_id": "SCRIPT-fs_drama-42063",
    "doc_category": "SCRIPT",
    "doc_type": "fs_drama",
    "doc_name": "42063_DC_강이되어만나리063_2006.txt",
    "author": "KBS",
    "publisher": "KBS",
    "published_year": "2006",
    "doc_origin": "강이되어만나리063",
    "passage_id": "SCRIPT-fs_drama-42063-00009",
    "passage": "해설]부엌 (아침).\n정옥 아궁이 앞에 앉아서 불을 때고 있다 서운 부엌으로 들어오면서.\n서운]으미 으미 눈깔 나오겄어, 참말로. 사장님은 손뒀다 멋에 쓴대요?\n정옥](돌아본다)\n서운](콩나물 내려놓고 )자개들이 무신 신혼부부여. 다 늙어갖고 먼 짓이여? 아니 서로 죽고 못사는 건 좋다고. 다좋은디, 월명동 가서나 서로?아 주든지 씻어주든지 허제.. 어쩌서 우리 집 마당까장 와서 눈꼴시게 저러냐고?\n정옥]새삼스럽게 왜 흥분하고 그래?\n서운]성님은 암시랑도 안 허요? 서울떡이 사장님 세수 허시는디 수건 들고 서 있다가 얼굴까장?아 주고 난린디 암시랑도 안 허냐고?\n정옥](일어나면서 )콩나물 국 시원하게 끓여. 사장님은 고춧가루 싫어하시니까 소금 간해서.\n서운]성님은 속에 멋이 들었다요? 이럴 때보먼 사람도 아닝랑게,\n정옥](대꾸 없이 돌아서서 부엌을 나간다)\n서운](나가는 정옥을 본다)"
  },
  "Annotation": {
    "Summary1": "정옥은 불을 때고 서운이 부엌에 들어오며 서울떡이 세수 한 사장 얼굴을 수건으로 닦아준다며 아무렇지 않냐고 한다.",
    "Summary2": "",
    "Summary3": "정옥은 불을 때고 서운이 부엌에 들어오며 서울떡이 세수 한 사장 얼굴을 수건으로 닦아준다며 정옥에게 아무렇지 않냐고 한다. 정옥은 소금 간해서 콩나물 국 시원하게 끓이라며 나간다."
  },
  "filename": "SCRIPT-fs_drama-42063-00009.json"
}