{
  "Meta": {
    "doc_id": "SCRIPT-fs_drama-42059",
    "doc_category": "SCRIPT",
    "doc_type": "fs_drama",
    "doc_name": "42059_DC_강이되어만나리059_2006.txt",
    "author": "KBS",
    "publisher": "KBS",
    "published_year": "2006",
    "doc_origin": "강이되어만나리059",
    "passage_id": "SCRIPT-fs_drama-42059-00041",
    "passage": "해설]정옥=(일어나면 )\n수영]왜 일어 나세요?\n정옥](웃고 )둘이서 재미나게 얘기 좀 하라구. \n해설]정옥 나가고 영선 일어서고 정옥 찻값을 계산하려면 수영 극구 말리면서 문까지 가서 정옥을 배웅한다 <NA> 수영에 대한 고마움이 배가 될수록 체념한 듯한 포기한 듯한 영선의 무심한 태도가 (야외).\n정옥 시내를 걸어온다 <NA>(연결하여 ) 정옥의 마음 한쪽을 무겁게 내리 누릅니다. 영선이 깊은 속내를 감추고 겉으로만 평온을 가장한 듯 보이기 때문입니다. \n거실.\n수영 영선을 데리고 현관으로 들어서고 (손에 케이크 상자를 들고 )\n아줌마 앞장서서 안방으로 가먼서.\n아줌마]사모님... 나와보세요.\n해설]오복자 안방에서 나오고 아줌마 부엌으로 .\n수영]어머니, 영선이가 어머니 뵙는다구요.\n영선](고개 숙여 인사한다 )\n오복자]서울 가서 재밌었냐? 수영이가 잘해줬어?\n영선]...네.\n오복자](소파 가리키면서 )앉어"
  },
  "Annotation": {
    "Summary1": "수영이 나가는 정옥을 배웅하고, 오복자가 영선에게 서울에서 수영이 잘 해줬는지 묻자 영선은 그렇다고 말한다.",
    "Summary2": "",
    "Summary3": "정옥이 나가자 수영은 문까지 정옥을 배웅한다. 한편, 수영이 영선을 데리고 와 영선이 오복자에게 인사한다. 오복자는 서울에서 수영이 잘해줬는지 묻고 영선은 그렇다고 대답한다."
  },
  "filename": "SCRIPT-fs_drama-42059-00041.json"
}