{
  "Meta": {
    "doc_id": "SCRIPT-fs_drama-42046",
    "doc_category": "SCRIPT",
    "doc_type": "fs_drama",
    "doc_name": "42046_DC_강이되어만나리046_2006.txt",
    "author": "KBS",
    "publisher": "KBS",
    "published_year": "2006",
    "doc_origin": "강이되어만나리046",
    "passage_id": "SCRIPT-fs_drama-42046-00012",
    "passage": "해설]종태 밥상을 들고 들어오면 두칠 이부자리에 누워 있다.\n종태](밥상을 내려놓고 )아버지..\n두칠](눈을 뜬다)\n종태](앉아서 몸을 붙잡아 일으키면서 )일어나세요.\n두칠](일어나면서 ).. 니몸도 성치 않은디..\n종태](숟가락을 손에 들려 주고)잡수시고 기운차리세요.\n두칠](숟가락을 받아 한 숟갈 뜨려다가 그만 오열한다 )\n종태]이러지 마세요 아버지.\n두칠](울면서 보지 않고 )참말로 미안허다 종태야 (보면서 )내가... 니 애비된 것이 참으로 미안할 뿐이여.\n종태](당황해서 )왜 그런 말씀을 하세요?\n두칠](돌아앉아서 느껴운다)\n종태](바라보고 있다가 다가가서 두칠의 어깨를 안는다 )\n두칠]나는 어떤 수모도 다 괜찮어... 근디 바라보기도 아까운 니가...내 눈 앞에서...사장님헌티 그런 수모를... (마구 흐느낀다 )\n종태](가슴이 찢어진 채 울지 않으려 애쓰면서 두칠을 끌어안고 있다)"
  },
  "Annotation": {
    "Summary1": "종태가 차린 밥을 먹으려던 두칠은 자신이 아버지라 종태가 사장에게 수모를 당한 거라며 울고, 종태는 두칠을 안아준다.",
    "Summary2": "",
    "Summary3": "종태는 밥상을 차려 놓으며 두칠에게 식사를 권한다. 수저를 뜨려던 두칠은 오열하며 자신이 아버지라 종태가 사장에게 수모를 당한 거라고 사과한다. 종태는 눈물을 참으며 두칠을 안는다."
  },
  "filename": "SCRIPT-fs_drama-42046-00012.json"
}