{
  "Meta": {
    "doc_id": "SCRIPT-fs_drama-42104",
    "doc_category": "SCRIPT",
    "doc_type": "fs_drama",
    "doc_name": "42104_DC_강이되어만나리104_2006.txt",
    "author": "KBS",
    "publisher": "KBS",
    "published_year": "2006",
    "doc_origin": "강이되어만나리104",
    "passage_id": "SCRIPT-fs_drama-42104-00008",
    "passage": "해설](야외).\n수영의 승용차 달려온다.\n영선]E 피곤하면 차 세우고 쉬어요.\n수영]E 아직 괜찮아 \n해설]승용차 안 (야외).\n수영 운전하고 옆자리에 영선 타고 있다.\n영선]강치씨랑 같이 갔으면 좋았잖아요. 피곤할 때 교대 운전할수도 있구.\n수영]오늘 아침까지도 같이 갈 생각이었는데.\n영선]그런데요?\n수영]그 녀석 끼면 방해될 거 같앴어 당신랑 오붓하게 가고 싶었거든.\n영선](본다)\n수영](웃고 )밤차타고 올 거야. 내일 서울에서 만나면 돼.\n영선]일하러 가면서 뭐하러 나까지 데려 가려구 그렇게 애써요?\n수영]일도 중요하지만 일보다 더 중요한 게 당신이니까.\n영선](본다 )\n수영]우리, 얼마 만에 이렇게 여행하는지 알어? 신혼여행하구 첨이야.\n해설]그동안 뭘 하느라 그렇게 정신 없었지? 결혼하면 당신랑 여행도 많이 하구 그럴 생각이었는데 말야...허긴 당신 임신하는 바람에 한동안은 여행 가라구 해도 못 갔다 그지?\n영선]... (생각한다)\n수영]...우리 혼수 준비하려구 여행 갔던 때 생각나?\n영선](돌아본다 )\n수영]그 때 당신 어지간히 내 속 태웠다. 서울 갈 때까지 말도 몇 마디 안 했어"
  },
  "Annotation": {
    "Summary1": "운전을 하던 수영은 영선과 둘이 오붓하게 가고 싶어서 강치를 두고 왔으며, 일보다 영선이 더 중요하다고 말한다.",
    "Summary2": "",
    "Summary3": "강치와 같이 왔으면 피곤할 때 교대 운전할 수 있었다는 영선의 말에 수영은 둘이서 오붓하게 가고 싶었다고 한다. 수영은 왜 자신을 데려가려고 애쓰냐는 영선에게 일보다 영선이 더 중요하다고 하고 혼수 준비하던 때를 상기시킨다."
  },
  "filename": "SCRIPT-fs_drama-42104-00008.json"
}