{
  "Meta": {
    "doc_id": "SCRIPT-fs_drama-42065",
    "doc_category": "SCRIPT",
    "doc_type": "fs_drama",
    "doc_name": "42065_DC_강이되어만나리065_2006.txt",
    "author": "KBS",
    "publisher": "KBS",
    "published_year": "2006",
    "doc_origin": "강이되어만나리065",
    "passage_id": "SCRIPT-fs_drama-42065-00002",
    "passage": "해설]전회 마지막 연결 두칠과 수희.\n수희]얼마 전 제가 서울가서 종태 오빠 만났거든요.\n두칠](본다)\n수희]종태오빠 걱정 마세요. 예식장엔 왔지만...,영선언니 다 잊었어요.\n두칠](놀래서 ) 수희도 알어 ... ?\n수희]종태오빠이랑 영선 언니 사귄 거요? (웃고)걱정 마세요, 우리 아버지 엄마한텐 얘기 안 했으니까. .\n두칠]그러먼...수영이도 다 아는가?\n수희]영선언닌 우리 오빠 첫사이랑이래요. 아저씨도 모르셨죠?\n두칠](본다)\n수희]복잡하게 생각하지 마세요 아저씨. 종태 오빠 연분은 따로 있으니까요.\n두칠]연분이 따로 있다니..?\n수희]조금만 기다리세요. 종태오빠가 진짜로 결혼할 여자 데리구 와서 아저씨한테 인사시킬 거니까.\n두칠]... (본다)\n수희]아저씨 그럼 전 가볼께요. 또 올께요 \n해설](수희 인사하고 돌아서서 대장간을 나간다 )\n두칠](찜찜한 마음인 채 수희의 뒷모습을 본다 )"
  },
  "Annotation": {
    "Summary1": "수희는 종태가 영선을 잊었다고 하곤 종태의 연분은 따로 있다며 곧 데려와서 두칠에게 인사 시킬 것이라고 한다.",
    "Summary2": "",
    "Summary3": "수희는 두칠에게 종태를 만났으며, 예식장에는 왔지만 영선을 다 잊었다고 전한다. 수희는 두칠에게 종태의 연분은 따로 있다며 곧 데려와서 두칠에게 인사 시킬 것이라고 한다."
  },
  "filename": "SCRIPT-fs_drama-42065-00002.json"
}