{
  "Meta": {
    "doc_id": "SCRIPT-fs_drama-42074",
    "doc_category": "SCRIPT",
    "doc_type": "fs_drama",
    "doc_name": "42074_DC_강이되어만나리074_2006.txt",
    "author": "KBS",
    "publisher": "KBS",
    "published_year": "2006",
    "doc_origin": "강이되어만나리074",
    "passage_id": "SCRIPT-fs_drama-42074-00032",
    "passage": "해설]마당.\n종태 대문에서 들어오면 수희 마루에 앉아 있다가 일어서면서.\n수히]오빠.\n종태](멈춰 선다 )\n수희](옆으로 와서 종태 허리를 안으면서)진짜 진짜 축하해 오빠.\n종태](수희 몸에서 떨어뜨리고 )여긴 어떻게 왔어?\n수희]왜? 내가 오면 안되는 데야?\n종태]학기 중이잖아?(마루에 앉는다)\n수희]상관없어. (따라가서 앉으면서 )친구한테 대리 출석 확실하게 부탁해놨으니까 종태 마루로 가서 앉으면.\n수히]난 진작에 오빠가 이렇게 될 줄 알았어. 수석까지 했다니까 백년 묵은 쳇증이 다 내려가는 거 있지?\n종태]...\n수희]서울에서 내가 오빠 만나려구 얼마나 애썼는지 알어?학교 도서관에도 몇 번이나 갔어. 도대체 어디에 꽁꽁 숨어서 공부했던 거야?\n종태]...영채도 같은 학교냐?\n수희]응... \n해설]대문에서 두칠과 장씨 장을 잔뜩 봐서 들고 들어오다가 두 사람을 보고 멈춰 선다. 종태 수희 일어서고.\n수히]안녕하세요 아저씨?\n두칠]어쩐 일이여 수희가?\n수희]오빠 합격 소식 듣고 달려 왔죠. 축하해주려구요.\n두칠](본다.\n장씨](두칠 눈치 보고 )누구여? 참말로 이쁘네 .\n수희]고맙습니다."
  },
  "Annotation": {
    "Summary1": "종태는 수희를 보고 멈칫하고 수희는 종태를 찾아다녔다고 하고 두칠에게 종태의 합격을 축하해 주려고 왔다고 말한다.",
    "Summary2": "",
    "Summary3": "집에 들어선 종태는 수희를 보고 멈칫하고 수희는 종태가 합격할 줄 알았다며 서울에서 종태를 만나려고 애를 쓰며 찾아다녔다고 말한다. 때마침 두칠이 들어오자 수희는 두칠에게 종태의 합격 소식을 듣고 축하해 주려고 왔다고 말한다."
  },
  "filename": "SCRIPT-fs_drama-42074-00032.json"
}