{
  "Meta": {
    "doc_id": "SCRIPT-fs_drama-42106",
    "doc_category": "SCRIPT",
    "doc_type": "fs_drama",
    "doc_name": "42106_DC_강이되어만나리106_2006.txt",
    "author": "KBS",
    "publisher": "KBS",
    "published_year": "2006",
    "doc_origin": "강이되어만나리106",
    "passage_id": "SCRIPT-fs_drama-42106-00021",
    "passage": "해설]영선 남아 있는 고기 집어 영채 접시에 놓는다.\n영채](먹으면서 )걱정햇던 것보다 언니 얼굴두 좋구 이쁜거 알어?\n영선]고마워.\n영채]담번에 쌍둥이 날래?\n영선](웃고 )니가 와서 키워줄 거야?\n영채]낳기만 해.\n영선](웃고 눈 흘긴다 )\n영채]시어머닌 아직도 그래? 형부 딸려 언니 서울까지 보내준거 보면 좀 달라지신 건가?\n영선]많이 달라시셨어.\n영채]다행이다. (물 마신 뒤 )우리 엄만 어떻게 지내셔? 딸들 걱정에 여전히 편한 잠 못 주무시지?\n영선]... (끄덕이고 )내가 얼마나 엄마한테 불효했는지... 날이 갈수록 뼈저리게 느낀단다.\n영채]언니랑 나랑 나중에 효도 많이 하면 돼.\n영선]...발은 어떻게 다친 거야?\n영채]괜찮아 걱정하지 마..\n영선]순금랑 같이 지내는 거 불편하지?\n영채]불편하다기 보다 미안하지, 내가 신세 왕창 지구 있으니까. 나중에 다 갚을 거야.\n영선]돈 없어서 얼마나 힘들었어?\n영채].. 각오한 일인데 뭐.\n영선]내가 별 도움 못 돼 미안 하다.\n영채]그런말 마.\n영선]형부가 가끔 너 어떡하고 있냐 물어봐. 도와주고 싶은 눈친 데..\n영채](O.L)절대 형부한테 내부탁 하지 마. 내 성격 알지?\n영선](본다 )\n영채]형부 도움까지 받아야 할 지경이면 나 대학 안다녀.\n영선]그건 또 무슨 고집인데?\n영채]그냥 내가 세운 원칙이야. 하는데까진 남한테 손 안벌리고 내 스스로 해결한다.\n영선]형분 남이 아니잖아?\n영채]내 자존심 좀 지켜줘 언니.\n영선]언니한테 짐 지워주긴 싫어서 그러는 거 아는데.\n영채](O.L) 지금 잠깐 힘든 건 사실이야. 근데 괜찮아 언니. 영선 핸드백에서 봉투를 하나 꺼내서 영채 가방에 넣어준다.\n영채]뭐야?\n영선]형부 돈 아냐. 안심하고 받어..\n영채]언니 돈이 어딨어?\n영선]있어 나두 돈.\n영채]...( 본다)\n영선]우리 아가씨...저렇게 자꾸 수업 빼먹어두 되니?\n영채]물어보면 맨날 시집간 대. 별로 졸업할 생각두 없는 거 같애..\n영선]아줌마 왔을 때, 너두 종태 씨 같이 만났어?\n영채]아니.. 순금랑 넷이서만. 종태 씨가 좋아했대 자기 아버지랑 아줌마 결혼하는 거..\n영선](물 마신다 )\n영채]종태 씨. 수히랑 결혼할까?\n영선](고개 젓고 )절대 안 해. 그럴 사람은 아냐.\n영채]아직도 종태씰 믿어?\n영선](본다 )"
  },
  "Annotation": {
    "Summary1": "영선이 영채에게 순금과 지내기 어떠냐고 물으며 형부가 영채를 도와주고 싶은 눈치라고 하자 영채가 괜찮다고 한다.",
    "Summary2": "",
    "Summary3": "영채가 영선이 형부 따라 서울에 온 걸 보니 영선의 시어머니가 달라진 모양이라고 하자 영선은 그렇다고 한다. 영채가 엄마의 안부를 묻자 영선은 자기가 엄마한테 불효했었다는 걸 느낀다고 한다. 영선이 영채에게 순금과 지내기 불편하냐고 물으며 형부가 도와주고 싶은 눈치라고 하자 영채는 형부에게 내 부탁하지 말라고 한다. 영선이 영채에게 자기 돈이라며 봉투를 준 뒤 아줌마 왔을 때 종태를 만났었냐고 물으니, 영채는 순금과 넷이서만 만났다고 답한다."
  },
  "filename": "SCRIPT-fs_drama-42106-00021.json"
}