{
  "Meta": {
    "doc_id": "SCRIPT-fs_drama-42079",
    "doc_category": "SCRIPT",
    "doc_type": "fs_drama",
    "doc_name": "42079_DC_강이되어만나리079_2006.txt",
    "author": "KBS",
    "publisher": "KBS",
    "published_year": "2006",
    "doc_origin": "강이되어만나리079",
    "passage_id": "SCRIPT-fs_drama-42079-00009",
    "passage": "해설]정옥 방문이 열리고 서운 강여사 정옥 뛰쳐 나구먼면서.\n서운]공센, 혼자 왔소?\n강여사]어떻게 된 거야 조서방은?\n공서방]서방님이...술에 취헤갖고 아무리 깨와도 못 일어 나세서요.\n정옥]술이 취했다구요?\n공서방]예 걱정허실깨미 일단 지가 먼첨 왔구만이요.\n강여사]어쩐다냐 이 일을. 큰 일 났다 큰일 났어..(방으로 들어가고 )\n정옥](낙담해서 ) 공서방. 공서방이 먼저 구먼는게 지금 무슨 소용이 있어요? 사람이 죽느냐 사느냐 하는 판에? 의사라도 불러 데리고 와야죠.\n공서방]아이고... 지가 또 고론 생각까장은 못?네요.\n서운]공센 참말로 깝깝시럽소 잉? 어찌 생각이 고?게 모 지랜다요?\n공서방]순금 언니 그러지 좀 마쑈 나도 헐만치 헷응게.\n정옥]빨리 가서 의사 좀 불러 구먼세요.\n공서방](다시 대문으로 가고 )\n서운](발을 동동 구르면서 )아이고 저 머저리.\n정옥](낙담한 채 마루에 주저 앉는데 )"
  },
  "Annotation": {
    "Summary1": "정옥은 조서방이 술에 취해 못 일어난다고 전하는 공서방에게 빨리 의사를 부르라고 말한다.",
    "Summary2": "",
    "Summary3": "공서방은 조서방의 행방을 묻는 강여사에게 술에 취해서 깨워도 못 일어난다 말한다. 정옥은 공서방이 먼저 오는 것이 무슨 소용이냐며 빨리 의사를 부르라고 공서방에게 말한다."
  },
  "filename": "SCRIPT-fs_drama-42079-00009.json"
}