{
  "Meta": {
    "doc_id": "SCRIPT-fs_drama-42072",
    "doc_category": "SCRIPT",
    "doc_type": "fs_drama",
    "doc_name": "42072_DC_강이되어만나리072_2006.txt",
    "author": "KBS",
    "publisher": "KBS",
    "published_year": "2006",
    "doc_origin": "강이되어만나리072",
    "passage_id": "SCRIPT-fs_drama-42072-00027",
    "passage": "해설]E 초인종 아줌마 부엌에서 나와서 현관으로 간다.\n오복자]걔...너랑 엮이기 전까진 이런 일 없었다. 에미 소중한 줄 알고...에미 말이라면 무조건 존중했던 애야. 니가 우리 사이에 껴들어 모자 사이 갈라놓기 전엔 그랬단 말야. .\n영선]...\n오복자]니가 무슨 무기로 우리 수영일 홀려 놨는진 모르겠다만..모자 사이 절단 내논 책임 어떻게 질래?\n영선]...(본다) 아줌마 현관으로 들어오면서.\n아줌마]사모님 차 왔는데요. 사장님이 빨리 나오시래요 (야외).\n해설]조상진 승용차 달려오고 .\n조상진E]뭐? 이 층에다 전활 매달아?\n해설]승용차 안(야외).\n운전기사 운전하고 조상진 오복자 나란히 타고 앉아서.\n오복자]그랫 다니까요. 내가 전화국 사람 돌려 보냈다고 했더니..유치하대요 나더러. 그게 에미한테 할 수 있는 말이에요?\n조상진](하하 거리고 웃는다)\n오복자](화가 나서 )여보.\n조상진](계속 웃는다 )\n오복자](화가 나서) 웃을 때에요 지금? 난 속상해 죽겟는데?\n조상진]우리 수영이 하는 짓이 우습잖아?\n오복자]우스워요. 괘씸한 거지? .\n조상진]전화 한 대 매단다고 돈이 얼마나 들겠어? 우리 자식들 불편하게 안할라고 당신이랑 나 기를 쓰고 돈 벌었잖아?"
  },
  "Annotation": {
    "Summary1": "오복자가 모자 사이를 갈라놨다고 영선을 혼내고 이 층 전화 문제로 수영이 자신을 유치하다고 했다고 조상진에게 이른다.",
    "Summary2": "",
    "Summary3": "오복자가 수영과 자신의 모자 사이를 갈라놓았다고 영선을 나무란다. 이 층에 전화를 놓으려는 걸 못하게 하니까 수영이 자신에게 유치하다고 말했다고 오복자가 얘기하자 조상진이 웃으며 자식들 불편하게 안 하려고 열심히 돈 번 거라고 말한다."
  },
  "filename": "SCRIPT-fs_drama-42072-00027.json"
}