{
  "Meta": {
    "doc_id": "SCRIPT-fs_drama-42062",
    "doc_category": "SCRIPT",
    "doc_type": "fs_drama",
    "doc_name": "42062_DC_강이되어만나리062_2006.txt",
    "author": "KBS",
    "publisher": "KBS",
    "published_year": "2006",
    "doc_origin": "강이되어만나리062",
    "passage_id": "SCRIPT-fs_drama-42062-00022",
    "passage": "해설]병을 송준호에게 준뒤 잔을 내민다.\n송준호]어쩌라고? .\n옥란]한잔 달라구요.\n송준호](할 수 없이 한잔 따라준다 )\n옥란](잔을 들고 )들어요 건배하게.\n송준호](잔을 들면)\n옥란](잔을 부딪친 뒤 ) 영선이 예물이요, 보석이 몇 셋튼지 알아요? 입이 떡 벌어질 만큼 보냈어요. 수영이네 돈 좀 썼드라구요..\n송준호]다 즈그 집으로 도로 갖고 갈거여. 좋아할 거 없어.\n옥란]...그래두요.(마신 뒤 한탄스럽게 )영선이 함 받는 거 보니까 어찌나 마음이 싱숭생숭한지.\n송준호]싱숭생숭허다니?\n옥란]이 세상에 한 번 태어났으면 영선이처럼 함도 받아보고 결혼식도 제대로 해봐야 하는데 나란 여잔 뭔가 싶고,\n송준호]기다려봐. 회혼식에 보자고.\n옥란]회혼식이요?\n송준호]60년 해로허먼 회혼식 안 허는가? 그때 겔혼식도 새로 허고 원허는 대로 다 헤줄테니까 그때까장만 참으라고.\n옥란](글썽한 채본다 )\n."
  },
  "Annotation": {
    "Summary1": "옥란이 영선의 결혼 예물을 부러워하며 자신의 처지를 한탄하자 송준호는 회혼식때 바라는 걸 다 해줄테니 참으라고 한다.",
    "Summary2": "",
    "Summary3": "송준호에게 술을 따르게 한 옥란은 영선의 결혼 예물을 부러워한다. 옥란이 영선과 자신의 처지를 비교하며 한탄하자 송준호는 회혼식 때 원하는 걸 다 해줄테니 그때까지 참으라고 한다."
  },
  "filename": "SCRIPT-fs_drama-42062-00022.json"
}