{
  "Meta": {
    "doc_id": "SCRIPT-fs_drama-42073",
    "doc_category": "SCRIPT",
    "doc_type": "fs_drama",
    "doc_name": "42073_DC_강이되어만나리073_2006.txt",
    "author": "KBS",
    "publisher": "KBS",
    "published_year": "2006",
    "doc_origin": "강이되어만나리073",
    "passage_id": "SCRIPT-fs_drama-42073-00019",
    "passage": "해설]요론 날 올 줄 알았당게..\n서운](눈물이 가득 고이면서 두칠을 바라본다)\n두칠](춤을 추다가 서운을 본다)\n장씨](두칠과 서운을 번갈아 보다가 서운의 손을 잡고 끌어내 손을 잡고 함께 춤을 춘다 )\n해설]안.\n은행 구조와 비슷한 앞쪽에 되지머리와 고사떡과 음식을 푸짐하게 차려놓고 조상진 수영 직원들 절을 한다. 오복자와 강치 영복 멍구 빈대 둘러서서 보고 있다.\n.\n신문기자가 된 명주 다방문을 열고 들어온다 한쪽 자리에 앉아 물컵 앞에 놓고 있는 종태명주 옆으로 가서.\n명주]선배.\n종태](본다)\n명주](손을 내밀고 )축하해.\n종태](손을 잡고)고마워.\n명주](앞에 앉으면서 )기분이 어때요?\n종태]글세.\n해설]레지 쟁반에 물컵 들고와서 앞에 놔준다.\n명주](종태에게 )커피죠? 커피 두 잔.\n레지](돌아간다)\n명주]수석합격까지 했으니 남다를 거 아네요, 소감이?\n종태]솔직히 말하면 생각만큼 기쁘지가 않아.\n명주]막상 붙으니까 맥이 풀리죠? 속이 뭉텅이로 빠져 나간 것처럼 허하죠?\n종태](픽 웃고) 기자 시험 붙었을 때 그랬어?\n명주]대학 붙었을 때요. 어떤 목표를 갖고 있을 때, 그것을 이룬 순간보단 그 순간을 상상할 때가 더 행복하잖아?"
  },
  "Annotation": {
    "Summary1": "두칠과 서운, 장씨는 함께 춤을 추고, 명주는 종태에게 수석 합격을 축하하면서 합격 후의 미묘한 기분에 대해 공감한다.",
    "Summary2": "",
    "Summary3": "서운은 춤을 추는 두칠을 보며 눈물짓고 장씨는 서운을 끌어내 함께 춤춘다. 명주가 종태를 축하하며 수석 합격의 기분을 묻는데, 종태는 생각만큼 기쁘지 않다고 한다. 명주는 목표를 이룬 때보다 그 순간을 상상하던 게 더 행복하다며 공감한다."
  },
  "filename": "SCRIPT-fs_drama-42073-00019.json"
}