{
  "Meta": {
    "doc_id": "SCRIPT-fs_drama-42070",
    "doc_category": "SCRIPT",
    "doc_type": "fs_drama",
    "doc_name": "42070_DC_강이되어만나리070_2006.txt",
    "author": "KBS",
    "publisher": "KBS",
    "published_year": "2006",
    "doc_origin": "강이되어만나리070",
    "passage_id": "SCRIPT-fs_drama-42070-00037",
    "passage": "해설]교정 (밤 야외).\n종태 벤치로 와서 앉고 명주 보온병을 들고 따와와서 옆에 앉으면서.\n명주]아버님 잘 가셨어요?\n종태]응.\n명주](보온병 열어 뚜껑에 커피 따라서 준다)\n종태]너부터 마셔.\n명주]마셔요.\n종태](받아서 마신다)\n명주]어머니 언제 돌아가셨다구 했죠?\n종태]중2때. .\n명주]그때부터 아버님 계속 혼자에요?\n종태]응.\n명주]선배 진짜 불효자네. 어떻게 아버님을 혼자 계시게 해? 장가부터 보내드려야지.\n종태].. 글쎄 말야 (커피 다 마시고 )\n명주]그래서 아들은 소용 없다니까.\n종태]동감이야.\n명주]선밴 진짜 착한 여자랑 결혼해야겠다. 그래야 선배 아버님께 효도하는데 지장없지..\n종태]누구랑 결혼하든 무슨 상관이야. 내 아버지 내가 효도하는데?\n명주](뚜껑을 뺏아다가 커피 따르면서 )모르시는 말씀. 우리 오빤 마누라땜에 집에도 잘 못와요. 새 언니가 잘났거든. 시댁 시부모 다 우습게 알아..\n종태]이유가 뭐야 ?\n명주]간호원해서 남편 의대 뒷바라지 했거든요.\n종태]...(벤치에 눕는다)\n명주]... 서창수 부장검사한테 딸 있든데. 만났어요?\n종태]딸 있는건 어떻게 알았어?\n명주]서검사가 윤교수님 친구잖아요?그냥 가족 관계가 어떻게 되는지 물어 봤지... 딸 만났어요?\n종태]아니 .\n명주]입주해 있는데두 ?\n종태]뭐가 궁금한데 ?\n명주]부인이 선밸 굳이 입주시킨 이유..\n종태]그거야 자기 아들 위해서겠지.\n명주]단지 그런 이유일까? 다른 의도가 깔려 있는 거 같은데?\n종태]한명주. 추리 소설쓰지 그래? 기자 시험 집어치우고.\n명주](웃고 )그럴까?"
  },
  "Annotation": {
    "Summary1": "명주가 종태에게 착한 여자와 결혼해야 효도하는 데 지장이 없다며 서창수 부인이 종태를 입주시킨 이유가 있다고 한다.",
    "Summary2": "",
    "Summary3": "종태아버지가 잘 갔는지 묻던 명주는 종태어머니의 사망 시기를 묻다가 어떻게 아버지를 계속 혼자 있게 하냐며 종태에게 불효자라고 한다. 명주는 착한 여자와 결혼해야 효도하는 데 지장이 없다며 자신의 올케 얘기를 해준다. 명주가 서창수부장검사 부인이 종태를 입주시킨 이유가 있을 것이라 하자 종태는 소설을 쓰라고 한다."
  },
  "filename": "SCRIPT-fs_drama-42070-00037.json"
}