{
  "Meta": {
    "doc_id": "SCRIPT-fs_drama-42071",
    "doc_category": "SCRIPT",
    "doc_type": "fs_drama",
    "doc_name": "42071_DC_강이되어만나리071_2006.txt",
    "author": "KBS",
    "publisher": "KBS",
    "published_year": "2006",
    "doc_origin": "강이되어만나리071",
    "passage_id": "SCRIPT-fs_drama-42071-00035",
    "passage": "해설]강당(야외).\n수희 음악에 맞춰 우아하게 춤을 춘다 무용교사 영채 학생들 둘러 서서 구경하고 수히 마무리까지 깔끔하게 한뒤 만족스럽게 인사를 한 다모두 손뼉을 치고, 영채도 라이벌 의식 느끼면서 손뼉을 친다 학생들 수희언니가 더 잘한다. 영채 언니가 더 잘한다 나름대로 평가를 하고.\n무용교사]잘햇어 조수희. 너도 콩쿠르 나가서 이렇게만 하면 돼.\n조수희]고맙습니다.\n무용교사]그럼... 내일 콩쿠르 나가는 두 사람 응원하는 의미에서 \n해설] 박수..\n무용교사와 학생들 손뼉을 치고 수희와 영채 앞으로 나와서 인사를 한다\n종태 완전히 공부에 빠져서 공부하는 표정과 눈빛이다.\n다른 어떤 것도 용납하지 않을 것처럼 삼엄하기조차 하다.\n방.\n오복자 돈을 쌓아놓고 세고 있다 문 열리고 수희 들여다 보면서.\n수희]엄마 .\n오복자]어서 와.\n수희](들어오면서 )엄마...콩쿠르 끝나면 나 서울 보내주는 거지?\n오복자]콩쿠르 나가서 우승이나 해.\n수희]오늘 영채 나한테 바짝 쫄았어. 우승도 문제 없단 말야.\n오복자]암튼 끝나고 봐.(돈을 센다)\n수희]새언니이랑 잘 지냈어 ?\n오복자](잠시 멈췄다가 대꾸 없이 손에 침을 뱉아 돈을 센다)"
  },
  "Annotation": {
    "Summary1": "수희는 내일 콩쿠르 나가기 전 연습을 마치고 응원의 박수를 받고, 오복자에게 콩쿠르 후 서울에 보내달라고 한다.",
    "Summary2": "",
    "Summary3": "수희는 내일 콩쿠르 나가기 전 연습을 하고 무용교사와 영채를 비롯한 학생들은 응원의 박수를 친다. 한편 돈을 쌓아놓고 세는 오복자에게 수희는 콩쿠르 끝나면 서울 보내달라고 하며 새언니랑 잘 지내는지 묻는다."
  },
  "filename": "SCRIPT-fs_drama-42071-00035.json"
}