{
  "Meta": {
    "doc_id": "SCRIPT-fs_drama-42104",
    "doc_category": "SCRIPT",
    "doc_type": "fs_drama",
    "doc_name": "42104_DC_강이되어만나리104_2006.txt",
    "author": "KBS",
    "publisher": "KBS",
    "published_year": "2006",
    "doc_origin": "강이되어만나리104",
    "passage_id": "SCRIPT-fs_drama-42104-00020",
    "passage": "해설]두칠 서운도 흐믓하다 \n(야외).\n손님들로 북적이는 당구장 멍구 빈대 커피를 돌리느라 바쁘고 순임은 손님들과 당구를 치고 있다. 영복 내실에서 나와서 순임을 바라본다.\n멍구 옆으로 오면서.\n멍구]형님... 기분이 어떠세요?형수님 덕분에 우리 당구장 확 살아났는데?\n영복](순임을 턱으로 가리키면서 )좀 들어오라구 해. (돌아서서 방으로 간다 )\n해설]내실.\n순임 들어오면 영복 허리에 손을 짚고 등을 보인 채 서 있다.\n순임]똘이 아빠, ?\n영복](돌아서서 )너 집에 가.\n순임]왜?\n영복]너 땜에 내가 쪼다 다 된 거 알어 ?\n순임]어째서 쪼다가 돼, 자기가?\n영복]사내놈이랑 히히덕 거리는 게 그렇게도 좋냐? 물 만났드라 물 만났어. \n해설]거실 (낮).\n현관에서 강치 인사 불성이 된 수희 업고 들어오고 뒤따라 오복자 따라 들어오면서 화가 나서 소리 지른다.\n오복자]무슨 일이야 이게? 벌건 대낮에?\n강치](수희를 소파에 내려 놓는다 )\n오복자]어떻게 된 거야?\n강치]...점심 먹으러 갔다가. 빈속에...\n오복자](수희보면서 )미?어 미쳤어 이기집애 . (강치 보면서 화가 나서 )못마시게 햇어야지. 마시는 거 구경만 하고 있었어 ?\n강치]그런 건 아닌데... 죄송합니다.\n오복자]왜 이렇게 마셨어? .\n강치]많이 괴로운거 같앳어요.\n오복자] 종태 때문이야 그 자식이 딴 여자 선본다구 해서 얘가 이래.\n강치]...(본다 ) .\n오복자]나쁜 놈. 지가 잘났으면 얼마나 잘나서 남의 딸을 이 지경 되게 만들어 ?"
  },
  "Annotation": {
    "Summary1": "당구장에서 영복이 순임에게 집에 가라고 하고, 오복자는 종태가 선본다는 얘기 때문에 수희가 괴로워하는 거라고 한다.",
    "Summary2": "",
    "Summary3": "당구장에서 순임이 손님들과 당구를 치는 걸 본 영복이 순임에게 사내랑 시시덕거리는 게 좋냐 물으며 집에 가라 한다. 한편 강치가 인사불성인 수희를 업고 들어와 빈속에 술을 마셨다며 수희가 많이 괴로운 거 같다고 한다. 오복자는 종태가 다른 여자와 선을 본다고 해서 수희가 이러는 거라고 한다."
  },
  "filename": "SCRIPT-fs_drama-42104-00020.json"
}