{
  "Meta": {
    "doc_id": "SCRIPT-fs_drama-42071",
    "doc_category": "SCRIPT",
    "doc_type": "fs_drama",
    "doc_name": "42071_DC_강이되어만나리071_2006.txt",
    "author": "KBS",
    "publisher": "KBS",
    "published_year": "2006",
    "doc_origin": "강이되어만나리071",
    "passage_id": "SCRIPT-fs_drama-42071-00027",
    "passage": "해설]수영...\n조상진]집안일에 일일이 반응 보이고 신경 쓰는 남자처럼 쪼잔한 거 없다. 고부관곈 당사자들한테 맡기고..결혼하고 싶은 여자도 옆에 데려다 놨으니 이젠 너도 일에 전념해. 사업첼 서울로 옮기는문제부터 할 일이 태산이야. \n해설]마당.\n강여사 우물가에 앉아 콩나물 시루에 물을 주고 있다.\n대문에서 서운 들어온다.\n강여사]새복부터 어딜 헤매고 댕기다가 인자 와?\n서운](대꾸 없이 자기 방으로 들어가 버린다 )\n강여사]자가 자가..?\n정옥](부엌에서 나오면서)순금 엄마 왔어요?\n강여사](아랫방을 보면서)상전이여 상전. 상전이 따로 없어 \n해설]방.\n서운 맨바닥에 시름 없이 앉아 있다강여사 문을 열고 들여다 보면서.\n강여사]되?어, 인자 그만혀..\n서운](눈물이 글썽해서)할머니 순금이가 저헌티 어떤 딸인지 아시먼서 그러세요? \n해설]할머니는 아들도 있고. 메느리도 둘썩이나 있고, 손녀딸에 손자에 없는것 없이 다 있지만 이 서운이 헌티는 순금이가 전부란 말여요. 이세상을 다 주도 바꿀수가 없는 보물이나 같다고요.\n강여사]순금이 어디가서 안 죽었응게 그만허라고.\n서운](목이 메어)죽었는지 살었는지 어찌 알아요? 흔적도 없이 없어져 부렀는디?\n강여사](무슨 말인가 더 하려다가 참고 문을 닫는다)"
  },
  "Annotation": {
    "Summary1": "조상진은 수영에게 일에 전념하라고 하고, 서운은 강여사에게 자신의 전부인 순금이 없어졌다고 한다.",
    "Summary2": "",
    "Summary3": "조상진은 수영에게 결혼하고 싶은 여자도 옆에 있으니 이제는 일에 전념하라고 한다. 마당에서 강여사가 서운에게 이제 그만 하라고 하자 서운은 순금이 자신의 전부이고 보물인데 그런 순금이 없어졌다고 한다. 강여사는 무슨 말을 하려다 참고 문을 닫는다."
  },
  "filename": "SCRIPT-fs_drama-42071-00027.json"
}