{
  "Meta": {
    "doc_id": "SCRIPT-fs_drama-42047",
    "doc_category": "SCRIPT",
    "doc_type": "fs_drama",
    "doc_name": "42047_DC_강이되어만나리047_2006.txt",
    "author": "KBS",
    "publisher": "KBS",
    "published_year": "2006",
    "doc_origin": "강이되어만나리047",
    "passage_id": "SCRIPT-fs_drama-42047-00008",
    "passage": "해설]횟집 (밤 야외).\n수영 강치 영복 멍구 빈대 그리고 10여명의 똘만이들 모두 정장 차림으로 앉아 있다 앞에는 푸짐한 음식과 소주, 잔등이 놓여 있다.\n강치](일어나서 )형님께선 제대하신 후 우리 화산 발전에 대해 많은 계획을 세워 노셨다. 형님께 직접 경청해 보도록하겠다.\n수영](일어나서)나는.. 조국의 부르심을 받고 월남전까지 다녀온 사람이다. \n해설]피비린내 나는 전쟁터에서 아홉달을 베트콩과 싸웠다.\n월남전에 참전하는 동안 내가 느낀 건 나라가 있어만 내가 있다는 것이다. 나라가 박살 낫을 때, 개인은 아무리 돈이 많아도 행복할 수 없는 것이다.\n(야외. 밤 ).\n종태 빠른 걸음으로 걸어오고 있다. .\n수영]E 우리가 우선적으로 해야 할 일은 \n해설]횟집. (밤 야외).\n수영]우리 고향인 화산을 살기 좋은 고장으로 만드는 것이다."
  },
  "Annotation": {
    "Summary1": "수영은 횟집에서 똘만이들에게 우리가 해야 할 일은 고향 화산을 살기 좋은 곳으로 만드는 거라고 말한다.",
    "Summary2": "",
    "Summary3": "횟집에 수영,강치,영복, 멍구,빈대와 십여명의 똘마니들이 앉아있고 수영은 우리가 해야 할 일은 고향 화산을 살기 좋게 만드는 거라고 말한다."
  },
  "filename": "SCRIPT-fs_drama-42047-00008.json"
}