{
  "Meta": {
    "doc_id": "SCRIPT-fs_drama-42060",
    "doc_category": "SCRIPT",
    "doc_type": "fs_drama",
    "doc_name": "42060_DC_강이되어만나리060_2006.txt",
    "author": "KBS",
    "publisher": "KBS",
    "published_year": "2006",
    "doc_origin": "강이되어만나리060",
    "passage_id": "SCRIPT-fs_drama-42060-00024",
    "passage": "해설]거실 (밤).\n현관에서 아줌마 들어오고 수영따라 들어온다 (아줌마는 부엌으로)\n수영 이층으로 가려는데오복자 안방문 열고 나오면서.\n오복자]저녁 먹었어?\n수영](보지도 않고 )네. .\n오복자]어디서?\n수영](건성으로 )중국집이요. 주무세요 (이층으로 올라가고 )\n오복자]쟤좀 봐. 에민 안중에도 없네.\n해설]방 (밤).\n이부자리 깔려 있고, 조상진 밥상을 놓고 안경 낀 채 서류를 들여다 보고 있다오복자 들어오면서.\n오복자]벌써부터 지 에민 찬밥이라니까.\n조상진](안경 벗으면서 )왜 또 그래?\n오복자](앉으면서 ) 에미한터 좀 살갑게 하면 어디 덧나요?\n해설]영선이랑 같이 있을 땐 그냥 영선이 눈치 살피느라 안절부절.. 쟤 누구 닮았어요? 결혼하면 영락없이 공처가 되겠다니까..\n조상진]누굴 닮았겠어, ? 애비지.\n오복자]당신이 공처가라구?\n조상진]공처가지.\n오복자]공처가가 다 죽었나부네.\n조상진](웃다가 )참...함은 언제보내?\n오복자]요샌 결혼식 전날에 보내드라구요.\n조상진]누가 지고 가?\n오복자]수영이 똘만이들 많잖아요?\n조상진]똘만이들? (고개젓고 ) 어렷을 보면 함진애비는 나이가 지긋한 사람들이었어. 애들이 지고 가는게 아냐."
  },
  "Annotation": {
    "Summary1": "수영이 건성으로 대답해 투덜대던 오복자는 수영의 친구들이 함을 질 거라 하고 조상진은 애들이 함을 지는 게 아니라 한다.",
    "Summary2": "",
    "Summary3": "집에 온 수영이 오복자에게 건성으로 대답하고 올라가자 오복자는 수영이 어미에게 살갑지 않다고 투덜댄다. 조상진이 수영의 함을 누가 지고 가냐고 묻고 오복자가 수영의 친구들이라고 하자 조상진은 애들이 함을 지고 가는 게 아니라고 말한다."
  },
  "filename": "SCRIPT-fs_drama-42060-00024.json"
}