{
  "Meta": {
    "doc_id": "SCRIPT-fs_drama-42049",
    "doc_category": "SCRIPT",
    "doc_type": "fs_drama",
    "doc_name": "42049_DC_강이되어만나리049_2006.txt",
    "author": "KBS",
    "publisher": "KBS",
    "published_year": "2006",
    "doc_origin": "강이되어만나리049",
    "passage_id": "SCRIPT-fs_drama-42049-00019",
    "passage": "해설]강당 (야외).\n영채 무용복 차림으로 녹음기 틀어 놓고 연습하고 있다 도취되어 춤추고 있는 영채, 음악이 끝나면 춤도 끝난다 마지막 동작으로 스톱모션이 되어 있는데 E 손뼉소리.\n영채](돌아본다 )\n해설](야외).\n일꾼 5.6명 백합 양식장에서 소라등 불순물 등을 건저내고 있고송준호 조금 떨어진 곳에 선 채로.\n송준호]어쩌? 종패가 잘 크고 있는가? .\n일꾼1]예... 무럭무럭 잘 크고 있는디요.\n송준호]바다로 떠내려 불먼 안 되야.\n 새끼들은 4일꾼1]염려 마시랑게요.\n해설]지대 (야외).\n조상진 승용차 평야지대로 나 있는 국도를 달려 오고 있다 \n승용차 안 (야외 ).\n기사가 운전하는 승용차 앞좌석에 이씨가 타고 있고,\n뒷좌석에는 조상진과 오복자가 타고 있다..\n조상진](평야를 내다보고 있다가 )이 과장.\n이씨]예.\n조상진]이쪽 논들은 지금 주인이 누군가?\n이씨]내산리 정부자 있잖여요? 그 냥반 소유로 돼 있을 걸요.\n조상진]노른 자는 다 팔아 잡쉈고만 .\n이씨 ]송사장님 광산 망?을 때요.\n오복자]문전옥답 몇 마지기 남은 게 다라고 들었어요. 맞죠?\n이씨]그 정도는 아니고요.. 옛날에 비허먼 반에 반도 안되지요.\n오복자](입을 삐죽이면서 )망해가는 옛날 부자...생각할수록 짜증 난다니까 하나밖에 없는 아들 혼사 앞두고도 내가 진짜 기분이 안나, 기분이..\n조상진](이씨쪽 신경 쓰면서 오복자에게 )그만해둬. .\n오복자](더 말하려다가 겨우 참는다 )"
  },
  "Annotation": {
    "Summary1": "조상진이 이씨에게 논의 주인을 묻자 이씨는 내산리 정부자의 논일 거라며 옛날에 비하면 반의반도 안 된다고 한다.",
    "Summary2": "",
    "Summary3": "송준호는 백합 양식장에서 종패가 잘 크는지 확인한다. 한편, 차 안에서 조상진이 이씨에게 이쪽 논의 주인을 묻자 이씨는 내산리 정부자의 소유일 것이라며 옛날에 비하면 반의반도 안 된다고 답한다. 오복자는 망해가는 옛날 부자라며 짜증을 내고 이에 조상진은 그만 두라며 오복자를 만류한다."
  },
  "filename": "SCRIPT-fs_drama-42049-00019.json"
}