{
  "Meta": {
    "doc_id": "SCRIPT-fs_drama-42052",
    "doc_category": "SCRIPT",
    "doc_type": "fs_drama",
    "doc_name": "42052_DC_강이되어만나리052_2006.txt",
    "author": "KBS",
    "publisher": "KBS",
    "published_year": "2006",
    "doc_origin": "강이되어만나리052",
    "passage_id": "SCRIPT-fs_drama-42052-00003",
    "passage": "해설]내가 멋 땜시 살고 있겄냐? 너하나 성공허고 출세허는 거 볼라고 이렇게 살아 있는 것이여..\n종태]...\n두칠]몸부터 추슬러서.. 독심 품고 공부혀. 고시 붙기 전엔 절대로 화산땅 밟을 생각도 허지 말고..\n종태]...\n두칠](한숨 쉬고)화산땅이 징그러져서 이사가불까도 생각 했다만... 애비도 너 성공헐 때까장은 암디도 안가고 버틸것이여. 너고시 붙은 거 화산사람들이 다 알어야 헝게로. (목이 메어 헛기침 하면서 )우리 아들이 고시 파스?다고..동네방네 댕김서 자랑헤야?게로. .\n종태]...\n두칠]... 화산 촌바닥잉게 니?다구가 문제 되는 거여. 서울에서는 똑똑허고 머리만 좋으먼 출신 같은것은 상관 없다고 들었어..\n종태]...(눈을 감는다)\n두칠]긍게...시악시는 서울에서 골라.좋은 집안에서 대학도 댕기고 제대로 잘 큰 이쁜 놈으로. 니가 좋다고 데꼬만 오먼 애비는 무조건 찬성잉게."
  },
  "Annotation": {
    "Summary1": "두칠은 고시 붙기 전엔 절대 화산에 오지 말라고 하며 종태가 성공할 때까지 버텨서 화산 사람들이 알게 한다고 한다.",
    "Summary2": "",
    "Summary3": "두칠은 종태가 고시 붙기 전엔 절대 화산에 오지 말라며 이사 갈려고도 생각했는데 성공할 때까지 버텨서 화산 사람들이 다 알게 한다고 한다. 두칠은 아내도 서울에서 골라 데리고 오라 한다."
  },
  "filename": "SCRIPT-fs_drama-42052-00003.json"
}