{
  "Meta": {
    "doc_id": "SCRIPT-fs_drama-42047",
    "doc_category": "SCRIPT",
    "doc_type": "fs_drama",
    "doc_name": "42047_DC_강이되어만나리047_2006.txt",
    "author": "KBS",
    "publisher": "KBS",
    "published_year": "2006",
    "doc_origin": "강이되어만나리047",
    "passage_id": "SCRIPT-fs_drama-42047-00017",
    "passage": "해설]대문 앞(밤 야외).\n수영의?차 집앞으로 달려 온다 수영?차 세우고 차에서 내려 선 다수영 대문 앞으로 가려는데 종태 앞을 가로 막는다.\n수영]아직도 화산에서 빌빌거리냐?\n종태](달겨들어 수영의 멱살을 잡아 벽에다 붙인다)\n수영](낮게)뭐하는 짓이야?\n종태]너한테 당한 만큼 되돌려 주겠어.\n수영]충분히 복수했잖아? 아무 저항도 못하는 힘없는 수희한테? .\n종태]...수희이랑은 아무 일 없었어.\n수영]그 말을 믿으라구, 나한테?\n종태](이를 갈면서 )난 너처럼 야비하지 않아..\n수영]좋아, 나한테 어떻게 하고 싶은데?\n종태](목을 더 조이면서)죽일 거야, 널.\n수영]살인자가 되겠다? 장차 판검사 나리께서?\n종태](부들 부들 떨면서 본다)\n수영]살인잔 좀 그렇잖아? 죽지 않을 만큼만 때려봐.\n종태](때리지 못한다 )\n수영] 날 때리고 짓밟아봐, 분이 풀릴 때까지. 어서 .\n종태](부들부들 떨면서 노려본다)\n수영]왜 못 때려 ?\n종태](수영을 노려보다가 그대로 얼굴에 주먹을 날린다 )\n수영](피하지 않고 얻어 맞은 뒤 태연하게 ) 이게 때린 거냐? 제대로 때려봐제대로.\n종태](부들부들 떨면서 수영을 노려 보다가 무릎을 꿇고 그 자리에 무너져 앉는아 꺽꺽 운다 )"
  },
  "Annotation": {
    "Summary1": "분이 풀릴 때까지 때리라고 하는 수영에게 종태는 주먹을 날리고, 수영이 피하지 않고 맞자 종태는 무릎을 꿇고 운다.",
    "Summary2": "",
    "Summary3": "종태가 수영에게 당한 만큼 돌려주겠다고 한다. 수영이 수희에게 복수 하지 않았냐고 하자 종태는 수희와 아무 일 없었다고 한다. 수영은 분이 풀릴 때까지 때리라고 한다. 종태가 주먹을 날리고 수영은 피하지 않고 맞는다. 종태는 무릎을 꿇고 운다."
  },
  "filename": "SCRIPT-fs_drama-42047-00017.json"
}