{
  "Meta": {
    "doc_id": "SCRIPT-fs_drama-42073",
    "doc_category": "SCRIPT",
    "doc_type": "fs_drama",
    "doc_name": "42073_DC_강이되어만나리073_2006.txt",
    "author": "KBS",
    "publisher": "KBS",
    "published_year": "2006",
    "doc_origin": "강이되어만나리073",
    "passage_id": "SCRIPT-fs_drama-42073-00032",
    "passage": "주택가 (야외]저녁 무렵) .\n해설]고급 주택가, 숄더백 한쪽으로 메고 생머리 머리띠해서 길게 들어뜨린 영채 책 서너 권을 가슴에 안고 대문 앞으로 가서 초인종을 누른다.\n방.\n가정교사가 기거하는 방 간단한 책장과 책상이 놓여 있다 영채 문 열고 들어와서 책상에다 책을 놓고 윗옷을 벗고 있는데E 노크.\n영채]네.\n해설]부엌(밤).\n정옥 부엌으로 들어와서 부엌앞에 쭈그리고 앉는다<NA>종태가 고시합격할 가능성이 없어서 영선과의 결혼을 필사적으로 막았던 것은 아닙니다. 때문에 종태의 고시합격 소식에 동요될 이유도 없습니다. 딸의 행복을 위해서 수영을 택했고 아직도 정옥은 자신의 판단이옳았다고 믿고 싶습니다 \n거실 (밤).\n송준호 외출에서 돌아온 차림으로(윗옷 벗고 와이셔츠 차림) 앉아 있고옥란 한복을 벗고 일상복 차림인 채 물그릇 갖다 준다.\n송준호](물 대접받아 마신다 )\n옥란](앞에 앉으면서 )서민금고라는 게 뭐에요?\n송준호]멋이겄어? 사채업이란 이름을 쬐끔 고급허게 바꾼 것이제."
  },
  "Annotation": {
    "Summary1": "영채가 윗옷을 벗고 있는데 노크소리 들리고, 정옥은 딸을 위해 수영을 선택했고 자신이 옳다고 생각한다.",
    "Summary2": "",
    "Summary3": "가정교사가 기거하는 방에 들어온 영채가 웃옷을 벗는데 노크소리 들린다. 정옥은 부엌에 앉아 딸의 행복을 위해 수영을 택했고 자신이 옳다고 생각한다. 옥란은 서민금고가 뭐냐고 송준호에게 묻는다."
  },
  "filename": "SCRIPT-fs_drama-42073-00032.json"
}