{
  "Meta": {
    "doc_id": "SCRIPT-fs_drama-42066",
    "doc_category": "SCRIPT",
    "doc_type": "fs_drama",
    "doc_name": "42066_DC_강이되어만나리066_2006.txt",
    "author": "KBS",
    "publisher": "KBS",
    "published_year": "2006",
    "doc_origin": "강이되어만나리066",
    "passage_id": "SCRIPT-fs_drama-42066-00027",
    "passage": "해설]부엌 (저녁 ).\n정옥 아궁이 앞에서 불을 때고 있다 서운 들어오면서.\n서운]성님.\n정옥](돌아보고 )어떻게 된 거야?\n서운](옆에 와서 앉으면서 )영선이 짐 갖다 주고 맘이 조깨 그레서...한잔 허다 봉게로.\n정옥]한잔을 해? 누구이이랑 ?\n서운](히히 웃고)내가 이쁘긴 이쁜 모냥이어라. 시내만 나가먼 남자들이 술사준다 밥사준다 귀찮게 난리이이랑게요.\n정옥]그래서 대낮부터 남자이이랑 술판 벌이고 지금 온다고?\n서운]성님 나도 낼 모레 사우보요. 인자 내가 집이 들어오고 나가는 디 신겡 좀 끄먼 안되겄소 ?\n정옥]차라리 시집을 가. 이런 식으로 속 썩이지 말고.\n서운]참말로 내가 시집가 불먼 좋겄소? 시집갈래도 성님 걸레서 못 가요. 성님 불쌍헤서.\n정옥](어이가 없다)\n서운](애교를 떤다 )\n정옥]화정동에서 무슨 일 잇었어?\n서운]...혼수 땜시...수영이 엄마.. 아니 안사둔마님이...\n정옥]많이 섭섭해 하셨어?\n서운]섭섭헌 정도가 아니었어라우. 독이 잔뜩 올라갖고..으미 그 눈초리가 어찌나 무섭든지.. 딱 독 올른 독사 같었당게요..\n정옥]..."
  },
  "Annotation": {
    "Summary1": "낮에 술을 마시고 온 서운은 정옥이 불쌍해서 시집을 못 간다고 하며 수영이 엄마가 혼수 때문에 기세가 사납다고 한다.",
    "Summary2": "",
    "Summary3": "서운은 영선에게 짐을 갖다주고 맘이 좀 그래서 한잔하다 왔다고 한다. 속 썩이지 말고 차라리 시집을 가라는 정옥의 말에 서운은 정옥이 불쌍해서 시집을 못 간다고 한다. 서운은 수영이 엄마가 혼수에 독이 잔뜩 올랐다고 한다."
  },
  "filename": "SCRIPT-fs_drama-42066-00027.json"
}