{
  "Meta": {
    "doc_id": "SCRIPT-fs_drama-42070",
    "doc_category": "SCRIPT",
    "doc_type": "fs_drama",
    "doc_name": "42070_DC_강이되어만나리070_2006.txt",
    "author": "KBS",
    "publisher": "KBS",
    "published_year": "2006",
    "doc_origin": "강이되어만나리070",
    "passage_id": "SCRIPT-fs_drama-42070-00031",
    "passage": "해설]방 (밤).\n서운 구석이 쭈그리고 앉아 울고 있다 정옥 문 열고 들어와서.\n정옥]월명동 가봤어?\n서운](운다 )\n정옥](앉으면서 ) 돌아 올거면 집을 나가지도 않았지..\n서운]월명동에 순금이 아는 아가 한 달 전에 서울 공장으로 갔다는 디 서울떡은 가가 꾀여 낸 것 같다고요.\n정옥]... 친구가 불러 올렸다면 혼자 간 것보다는 낫네.. (손을 잡으면서 )어디 나쁜 데만 빠지지 않길 바래자구.\n서운](눈물을 닦으면서) 귀에 못이 백히게 교육을 시케 놨응게요 어디 가든 몸뎅이는 함부로 굴리고 그러든 안 헐 것이요..\n정옥]그래...순금이가 엄말 끔찍하게 아니까 자리 잡히면 연락 하겠지. 그러니까 그때까지 병 안나게 밥 잘 먹고 씩씩하게 지내. 울고불고 하지 말고.\n서운]...(마음 다잡으면서 ) 우리 순금이가 죽은 것은 아닝게요. 죽은디다 대먼 백배 천배 낫지요 잉? 언젠가는 만날 텡게요.\n정옥](끄덕이고 등을 토닥거린다 )\n서운]영선이 집 나갔을 때 성님 속이 어쩠으까...내가 당헤 봉게 알겄네요."
  },
  "Annotation": {
    "Summary1": "서운은 순금이가 서울 공장으로 갔지만 자기 몸을 잘 간수할 거라 하고 정옥은 서운을 극진하게 여기니 연락할 거라고 한다.",
    "Summary2": "",
    "Summary3": "서운은 순금이가 서울 공장으로 갔다는 말을 듣고 순금에게 여러 번 교육을 했으니 자기 몸을 잘 간수할 것이라고 하고 정옥은 서운에게 순금이가 엄마를 극진하게 여기니까 연락할 테니 씩씩하게 지내라고 한다."
  },
  "filename": "SCRIPT-fs_drama-42070-00031.json"
}