{
  "Meta": {
    "doc_id": "SCRIPT-fs_drama-42106",
    "doc_category": "SCRIPT",
    "doc_type": "fs_drama",
    "doc_name": "42106_DC_강이되어만나리106_2006.txt",
    "author": "KBS",
    "publisher": "KBS",
    "published_year": "2006",
    "doc_origin": "강이되어만나리106",
    "passage_id": "SCRIPT-fs_drama-42106-00030",
    "passage": "해설]지나가는 사람들 힐끔 거리면서 보고 몇은 모여 서서 본다. 옥란 시장 바구니 들고 오면서 무슨 일인가 싶어 사람들 보여서 있는 곳을 본다. 남자1.2와 순임이 실랑이 벌이는 것을 본 옥란 불쾌헤서 표정이 굳는다 남자 1,2 순임을 끌어당기고 순임이 두 남자 뿌리친 뒤.\n순임](소리 지르려다 목소리 오히려 낮춰서 어금니 물고 )조용히 가요 아저씨들. 내가 몸조심해야 돼서 지금 무지하게 참고 잇거든요.\n남자1](두 손을 허리에 대고 손가락질까지 하면서 )야. 말 싸가지 없이 허는 것좀 보게. 안 참으먼 어쩔 건디? 너 비싸게 굴어?자 레지 출신이여 니가 무신 양갓집 규수여?\n남자2] 차 한잔 허는 것이 멋이 어렵다고 재냐, 재기를 ? 물장사 다방레지 주제에?\n해설]옥란 자신도 모르게 나서서 소리친다.\n옥란]이놈들아. 이아가씨가 물장사고 다방레 지면 니들 맘대로 해도 되는 거야?\n순임](놀라서 돌아본다.\n옥란](시장 바구니 집어 던지고 남자1.2 멱살을 양손으로 잡고 ) 다방레지면 벌건 대낮에 그것도 대로상에서 붙잡고 늘어져 희롱해도 된다고 누가 그러드냐?\n남자1]뭐야 이 아줌마는? 이거 놔요.\n옥란]당장 가자 이놈들아. 파출소로 가자고. 부녀자 희롱죄로 영창에 집어 너 버릴 테니까 가잔말야.\n남자2]아이고 이것 놔요 아줌마."
  },
  "Annotation": {
    "Summary1": "옥란이 순임을 다방레지 출신이라며 희롱하는 남자1과 남자2의 멱살을 잡고 파출소로 가자고 소리치자 순임은 놀란다.",
    "Summary2": "",
    "Summary3": "남자1과 남자2는 사람들이 모인 가운데 순임을 끌어당기다가 여의치 않자 다방레지 출신이라며 희롱한다. 이 모습을 본 옥란이 다방레지면 대로 위에서 희롱해도 되는지 남자들의 멱살을 잡고 파출소로 가자고 소리치자 순임은 놀란다."
  },
  "filename": "SCRIPT-fs_drama-42106-00030.json"
}