{
  "Meta": {
    "doc_id": "SCRIPT-fs_drama-42050",
    "doc_category": "SCRIPT",
    "doc_type": "fs_drama",
    "doc_name": "42050_DC_강이되어만나리050_2006.txt",
    "author": "KBS",
    "publisher": "KBS",
    "published_year": "2006",
    "doc_origin": "강이되어만나리050",
    "passage_id": "SCRIPT-fs_drama-42050-00005",
    "passage": "해설]마당 (저녁 무렵).\n영채 부엌을 나오는데 E 강여사와 옥란의 웃음소리 영채 아랫방으로 가서 들어가려다가 다시 돌아선다.\n문 열리고 영채 고개 들이밀면서.\n영채]학교 다녀왔습니다.\n옥란]넌 일요일에두 연습하러 간다면서?\n영채]네.\n옥란]열심히 해, 영채야. 작은 엄마가 응원하고 있으니까.\n영채]전 작은 엄마만 믿고 있어요.\n옥란]그래...작은 엄마 믿어.\n영채](웃으면서 고개 까딱한 뒤 문을 닫는다)\n강여사](일어나 앉으면서)소용없어, 열심히 헤봐야. 애비가 대학 보내 준다가디?\n옥란]공부하겠다는 앤 시켜야 돼요 어머님. 영선이도 서울로 대학 보냈으면 종태같은 놈이랑 연애 안 했을지 몰라요..\n강여사]그걸 어?게 알어?\n옥란]멋있고 근사한 청년은 서울에 다 모여 있는데 종태같은 놈이 눈에 들어왔겠어요?\n강여사](그럴 것 같기도 한데)\n옥란]어머님, (다가 앉으면서 재미 잇다는 듯 웃으면서 ) 어떤 여자들이 애비 못 살게 했어요? 장가가기 전에?"
  },
  "Annotation": {
    "Summary1": "옥란은 영채에게 격려의 말을 건네고 강여사에게는 공부를 하고 싶어 하면 공부를 시켜야 한다고 말한다.",
    "Summary2": "",
    "Summary3": "옥란이 영채에게 응원하니까 열심히 하라고 한다. 이어 옥란은 강여사에게 공부하겠다는 애는 공부를 시켜야 한다며 영선이도 서울에 대학을 갔으면 종태와 연애를 하지 않았을지 모른다고 한다."
  },
  "filename": "SCRIPT-fs_drama-42050-00005.json"
}