{
  "Meta": {
    "doc_id": "SCRIPT-fs_drama-42060",
    "doc_category": "SCRIPT",
    "doc_type": "fs_drama",
    "doc_name": "42060_DC_강이되어만나리060_2006.txt",
    "author": "KBS",
    "publisher": "KBS",
    "published_year": "2006",
    "doc_origin": "강이되어만나리060",
    "passage_id": "SCRIPT-fs_drama-42060-00015",
    "passage": "해설] 형님 아는 사람들은 입을 모아 칭송하잖아요? 대단한 여자, 훌륭한 조강지처라구.\n정옥]그래서...내가 부러워?\n옥란]부럽다기 보다...형님은 속상하실게 하나두 없다는 거죠. 충분히 보상받고 계시니까.\n정옥](무슨 얘긴가 하려다 참고 )내가..언제 속상하다 자네한테 푸념이라도 하든가?\n옥란]형님이 푸념같은 건 하실 분 아니죠...하지만 ..절 미워하시잖아요?\n정옥](본다)\n옥란](눈물이 글썽해서 )저 너무 미워하지 마세요 형님. 아무 힘도 없는 절 미워하시기엔 형님이란 사람... 너무 힘이 센분이니까..\n정옥](말을 못 하고 있는데)\n옥란](핸드백에서 돈봉투를 꺼내서 내놓고 ) 엊그제 계들어 논거 하나 탔어요. 영선이 혼수에 보태 쓰세요. (일어나서 나가고 )\n정옥](봉투를 내려다 본다. 병주고 약을 주는 기분이다)"
  },
  "Annotation": {
    "Summary1": "정옥은 옥란에게 자신이 언제 푸념했는지 묻고, 옥란은 자신을 미워하지 말라며 혼수에 보태라고 봉투를 준다.",
    "Summary2": "",
    "Summary3": "정옥은 충분히 보상받고 있다며 속상할 것이 없다는 옥란의 말에 정옥은 자신이 언제 푸념했는지 묻는다. 옥란은 자신을 미워하지 말라면서 혼수에 보태라며 봉투를 준다."
  },
  "filename": "SCRIPT-fs_drama-42060-00015.json"
}