{
  "Meta": {
    "doc_id": "SCRIPT-fs_drama-42078",
    "doc_category": "SCRIPT",
    "doc_type": "fs_drama",
    "doc_name": "42078_DC_강이되어만나리078_2006.txt",
    "author": "KBS",
    "publisher": "KBS",
    "published_year": "2006",
    "doc_origin": "강이되어만나리078",
    "passage_id": "SCRIPT-fs_drama-42078-00037",
    "passage": "해설]일어나서 불을 켜면 영선 배를 움켜쥐고 신음한다.\n정옥]영선아.. 배 아프니? 배가 어떻게 아파?\n영선](신음만 한다)\n정옥](배를 만지면서 )어떻게 아픈데. 말을 좀 해봐.\n해설]마당 (밤).\n정옥 방에서 나와서 마루에 불을 켠다 거실의 시계 01시10분을 가리키고 있다정옥 강여사 방으로 간다 방 (밤).\n강여사 이부자리 펴고 코를 골면서 잠들어 있고 정옥 문 열고 들어와서 옆으로 오면서.\n정옥]어머님 (옆에 와서 앉아 강여사 흔들어 깨우면서 )어머님.\n강여사](눈을 뜨고 )누구여?\n정옥]어머님 저에요.\n강여사](잠이 취한 채 )왜 그려?\n정옥]영선이요...산끼가 있는 거 같애요.\n강여서]뭐여? (벌떡 일어나면서 )산끼라니?\n정옥]어떻게 하죠?\n강여사]빨리 공센 깨워서 화정동 보내야제, 조서방 와서 벵원데꼬 가라고.\n정옥](일어선다 )\n해설]마당 (밤).\n정옥 마루로 나와서 마당으로 내려오면서 다급하게.\n정옥]공서방...공서방..."
  },
  "Annotation": {
    "Summary1": "정옥은 영선의 신음 소리에 강여사를 깨워 영선이 산끼가 있다고 하고, 강여사는 조서방을 불러 병원에 데려 가라고 한다.",
    "Summary2": "",
    "Summary3": "정옥이 영선의 신음 소리에 일어나 배가 어떻게 아픈지 묻고 강여사 방으로 가서 강여사를 깨운다. 강여사는 영선이 산끼가 있다는 말에 조서방을 불러 병원에 데리고 가라고 한다."
  },
  "filename": "SCRIPT-fs_drama-42078-00037.json"
}