{
  "Meta": {
    "doc_id": "SCRIPT-fs_drama-42102",
    "doc_category": "SCRIPT",
    "doc_type": "fs_drama",
    "doc_name": "42102_DC_강이되어만나리102_2006.txt",
    "author": "KBS",
    "publisher": "KBS",
    "published_year": "2006",
    "doc_origin": "강이되어만나리102",
    "passage_id": "SCRIPT-fs_drama-42102-00006",
    "passage": "해설]거실(밤).\n조상진 편한 가내복차림으로 거실에 앉아 있고.\n영선 수박을 먹기 좋게 썰어 쟁반에 담아 들고 부엌에서 나와서 탁자에 놓는다.\n이층에서 오복자 내려오고 뒤따라 수히도 따라 내려온다.\n수히]아버지.\n조상진](수박을 집으면서 )넌 왜 또 왔어?\n수히](조상진 뒤로 가서 목을 끌어안으면서 )아버지 보고 싶어서요.\n조상진](싫지 않아서 )허허.\n오복자](앉으면서 )돈이 아까와 돈이. 나이롱 대학생이 따로 없어(수박을 집어 먹고 )\n수희](입을 삐죽이고 앉으면서)언니도 앉으세요.\n영선]아니에요. 전 할 게 좀 있어서..\n조상진]뭘 하는데?\n영선]내일 아침 국 좀 끓여 노려구요 ..\n조상진](O.L)수박이 아주 달아 먹구 해.\n영선](할 수 없이 앉는다 )\n조상진](수박을 집어서 영선을 준다 )\n오복자](눈을 흘기면서 )아유 걘 손이 없어요?\n조상진]먹어 .\n영선]고맙습니다..\n수희](수박 먹으면서 )오빤 늦어요?\n영선]... 늦는단 연락 없었어요.\n수희]아버지.\n조상진]왜?\n수희]저요... 학교 그만 다닐래요.\n오복자](화가 나서). 학굘 그만 두긴 뭣땜에 학굘 그만 둬?\n수희]..저 시집가고 싶어요 아버지.\n영선](본다 )\n오복자]얘가 얘가 또 그놈의 시집 타령. 본병 도졌네, 또 본 병 도졌어.\n수희]엄만 내가 대학 졸업하려다 시집도 못 가구 처녀귀신 돼두 상관없어?\n오복자]대학 졸업하느라 시집 못 간단 얘긴 살다 첨 듣는다.\n수히]종태 오빠 선본대. 우리나라에서 몇째 안가는 재벌집 딸랑. (울먹리면서 )그럼 뭐냔 말이야 난? 종태오빠 다른 여자한테 장가가는 거 보구 나"
  },
  "Annotation": {
    "Summary1": "다들 영선이 내온 수박을 먹는데 수히가 결혼을 위해 학교를 그만두겠다며, 종태가 재벌 집 딸과 선을 본다고 울먹인다.",
    "Summary2": "",
    "Summary3": "수박을 내오고 주방으로 가려는 영선에게 조상진이 수박을 주며 앉으라고 하자 오복자는 영선이 손이 없냐며 언짢아한다. 다들 수박을 먹는데 수히가 결혼을 하고 싶어 학교를 그만두겠다고 말한다. 이어 수히는 종태가 재벌 집 딸과 선을 본다며 그럼 자신이 종태가 다른 여자랑 결혼하는 거를 보고 있어야 하는 거냐며 울먹인다."
  },
  "filename": "SCRIPT-fs_drama-42102-00006.json"
}