{
  "Meta": {
    "doc_id": "SCRIPT-fs_drama-42066",
    "doc_category": "SCRIPT",
    "doc_type": "fs_drama",
    "doc_name": "42066_DC_강이되어만나리066_2006.txt",
    "author": "KBS",
    "publisher": "KBS",
    "published_year": "2006",
    "doc_origin": "강이되어만나리066",
    "passage_id": "SCRIPT-fs_drama-42066-00029",
    "passage": "해설]식당 (저녁).\n강여사 송준호 옥란 밥상 놓고 밥을 먹으면서 .\n송준호]멋헐라고 이사람을 보냅니까, 무시 헤 불어요.\n강여사]어?게 무시를 헌다냐? 영선이가 그 집으로 들어가 사는디?\n송준호]가서 뭐라고 해요? 혼수 많이 못해줘 미안허다고 엎드려 사죄라도 헙니까? .\n옥란]딸 가진 죄인 아니에요? 우리 영선이가..\n송준호](O.L)그것들이 설마 혼수 쪼끔 헤왔다 메느리 내쫓겄냐고?\n옥란]내쫓으먼 차라리 다행이게요. 두고 두고 시집살이 시킬까봐 걱정이죠.\n송준호]천박헌 것들. 우리 딸 메느리 데레간 걸로 화산바닥에서 지 위상이 얼매나 높아졌는디 혼수 타령허고 자빠졌어. 그것들이 사람이먼 나헌티 와서 엎드려 절을 헤야 되야, 딸자식 잘 키워 메느리로 줘서 감사허다고..\n강여사]그런 걸 아는 사람들이먼 이렇게 걱정을 허겄냐?\n송준호]이럴 것 같어서 제가 상진이 놈이랑 통혼 안 허고?았던 겁니다."
  },
  "Annotation": {
    "Summary1": "송준호는 영선을 며느리로 들여서 상진의 위상이 높아졌으니 상진이 혼수가 적은 걸로 영선을 내쫓겠냐고 말한다.",
    "Summary2": "",
    "Summary3": "송준호는 상진의 위상은 영선을 며느리로 삼아서 높아졌으니 상진이 송준호한테 감사를 해야지 혼수가 적다고 영선을 내쫓겠냐고 하고 옥란은 영선이 시집살이를 하게 될까 걱정한다."
  },
  "filename": "SCRIPT-fs_drama-42066-00029.json"
}