{
  "Meta": {
    "doc_id": "SCRIPT-fs_drama-42047",
    "doc_category": "SCRIPT",
    "doc_type": "fs_drama",
    "doc_name": "42047_DC_강이되어만나리047_2006.txt",
    "author": "KBS",
    "publisher": "KBS",
    "published_year": "2006",
    "doc_origin": "강이되어만나리047",
    "passage_id": "SCRIPT-fs_drama-42047-00027",
    "passage": "해설](야외. 회상).\n모래사장 달려가는 종태,영선 종태를 잡으려고 뛰어간다.\n종태 웃으면서 달려다가가 돌아서서 영선을 기다린다.\n영선 가까이 오면 종태 도망간다.\n영선 화가 나서 멈춰 서고 종태 돌아와서 영선 앞에 서면 영선 종태를 붙잡아 손에 들어있는 사진을 뺏으려고 애쓴다 종태 한 번 만 더 보겠다 사정하고 돌아서서 사진을 본다아 깃적의 영선 사진. 볼이 터져나갈 것처럼 살이 찌고 대머리다.\n종태 깔깔 거리고 웃으면서 사진에 입을 맞춘다 영선 뺏으려면 종태 다시 도망가고 영선 잡으러 가다가 넘어진다 종태 돌아보고 영선에게 와서 손을 잡아 일으키는 척하다 그대로 모래사장에 쓰러뜨려서 영선을 안고 얼굴을 들여다 본다. 영선 웃음기 사라지면서 종태를 본다 종태 천천히 영선의 이마에 키스하고 뺨에 키스하고 들여다 보다가 입을 맞춘다."
  },
  "Annotation": {
    "Summary1": "영선은 종태가 들고 있는 자신의 사진을 뺏으려다가 넘어지고, 종태는 영선을 일으키는 척하다가 쓰려뜨려 입을 맞춘다.",
    "Summary2": "",
    "Summary3": "영선은 종태가 들고 있는 자신의 아기 때 사진을 뺏으려고 한다. 종태는 자신을 쫓다가 넘어진 영선을 일으키는 척하다 쓰러뜨리고, 영선에게 입을 맞춘다."
  },
  "filename": "SCRIPT-fs_drama-42047-00027.json"
}