{
  "Meta": {
    "doc_id": "SCRIPT-fs_drama-42063",
    "doc_category": "SCRIPT",
    "doc_type": "fs_drama",
    "doc_name": "42063_DC_강이되어만나리063_2006.txt",
    "author": "KBS",
    "publisher": "KBS",
    "published_year": "2006",
    "doc_origin": "강이되어만나리063",
    "passage_id": "SCRIPT-fs_drama-42063-00021",
    "passage": "해설](야외).\n두칠 땀에 젖은 채 빨갛게 단 쇳덩이를 꺼내 망치로 때려서 찬물에 집어 넣는다 장씨 들어오면서.\n장씨]박가야... .\n두칠](돌아본다)\n장씨]오늘 송부잣집 딸랑 명진건설 집 아들 혼인헌담서?\n두칠]어디서 들었어?\n장씨]포목집 아줌씨헌티.\n두칠]...그냥반이 헛소리 허겄냐?\n장씨]근디 넌 왜 여그 있어?\n두칠]그러먼 어디 있어?\n장씨]겔혼식장에 가 봐 얄 거 아녀? 양쪽 집안랑 다 친헝개로?\n두칠].(묵묵히 쇳덩이를 불에 집어 넣는다)\n해설]M 결혼 행진곡(행진)\n안 (야외).\n똘만이들이 터널을 만들어 오색 테이프와 꽃가루를 뿌려대고 그 사이를 수영 영선의 팔을 끼고 나온다.\n하객들도 일어서서 손뼉을 치고 있다.\n수영 입을 다물지 못할 만큼 싱글벙글이고 영선 시선 아래로 내린 채 걸어온다.\n사람들 틈으로 종태 지켜보고 있다.\n<NA>그녀가 옆에 있음으로 이 세상은 빛나고 아름다웠습니다그녀가 옆에 있음으로 세상의 모든 것들은 의미가 있었습니다.\n그녀가 옆에 있음으로 이 세상은 살아볼 만한 가치가 있었습니다."
  },
  "Annotation": {
    "Summary1": "송부잣집과 명진건설 자녀 결혼식에 안 가냐는 장씨에게 두칠은 답하지 않고, 결혼 행진하는 수용과 영선을 종태가 본다.",
    "Summary2": "",
    "Summary3": "장씨는 송부잣집과 명진건설 자녀의 결혼 소식을 두칠에게 전한다. 양쪽 집안과 친한데 결혼식 안 가냐는 장씨의 물음을 두칠은 무시한다. 한편 결혼 행진곡에 맞춰 나오는 수영과 영선을 종태가 지켜보고 있다."
  },
  "filename": "SCRIPT-fs_drama-42063-00021.json"
}