{
  "Meta": {
    "doc_id": "SCRIPT-fs_drama-42049",
    "doc_category": "SCRIPT",
    "doc_type": "fs_drama",
    "doc_name": "42049_DC_강이되어만나리049_2006.txt",
    "author": "KBS",
    "publisher": "KBS",
    "published_year": "2006",
    "doc_origin": "강이되어만나리049",
    "passage_id": "SCRIPT-fs_drama-42049-00028",
    "passage": "해설]방.\n강여사 조상진 오복자 이씨 옥란 앉아 있고영선 나란히 앉은 조상진과 오복자에게 절을 올린다.\n조상진은 영선의 자태에 저절로 입이 벌어지고, 오복자는 그다지 흔쾌하지 못한 표정이다.\n영선 절이 끝나고 자리에 앉으면.\n옥란]우리 영선이 참 곱지요? .\n조상진](입이 벌어진 채 )영선이가...어렷을적부터 고왔지요..\n오복자](조상진쪽 마땅치 않게 힐끗 본뒤 다시 영선을 보면서)집에 한번 오나 기다리다 목빠질 뻔 한거 아냐?\n조상진](웃고 )널 보고 싶었단 얘기야.\n영선]..(시선내린채 있다 )\n조상진](옥란에게 )송사장 얼굴도 좀 보나 했더니 바쁜가부죠.\n옥란]네...오늘 중요한 선약이 있다네요 근데 수영인 왜 같이 안왔어요?\n강여사 ]참 그래...수영인 왜 안왔어?\n조상진]어제 서울 갔습니다. 일이 좀 있어서요.\n오복자 ](영선에게 )수영이가 너한테 얘기 안하디, 서울 간다구?\n영선](뭐라 대답 못하는데 )"
  },
  "Annotation": {
    "Summary1": "영신이 조상진과 오복자에게 절을 하고 옥란은 오늘 선약이 있어 못 오고 수영이는 서울에 일이 있어서 서울에 갔다고 한다.",
    "Summary2": "",
    "Summary3": "영신이 조상진과 오복자에게 절을 올린다. 조상진이 옥란에게 송사장이 안 왔다고 말하니 옥란은 오늘 선약이 있다고 하고 강여사가 수영이 왜 안 왔냐고 묻자 조상진은 수영인 서울 갔다고 한다."
  },
  "filename": "SCRIPT-fs_drama-42049-00028.json"
}