{
  "Meta": {
    "doc_id": "SCRIPT-fs_drama-42047",
    "doc_category": "SCRIPT",
    "doc_type": "fs_drama",
    "doc_name": "42047_DC_강이되어만나리047_2006.txt",
    "author": "KBS",
    "publisher": "KBS",
    "published_year": "2006",
    "doc_origin": "강이되어만나리047",
    "passage_id": "SCRIPT-fs_drama-42047-00014",
    "passage": "해설]방.\n조상진 이부자리 펴놓고 잠옷 바람으로 책상을 앞에 놓고 장부를 확인하고 있다오복자 접시에 물컵을 받쳐 들고 들어와서 조상진 앞에 놓는다 조상진...(돌아보면서 )수영이 아냐?\n오복자]아니에요.\n조상진](물 마신다 )\n오복자](앉으면서 )진짜로 소문이 화산시내에 확 퍼졌대요?\n조상진]그러니까 이 과장 귀에까지 들어갔겠지.\n오복자]바보, 납칠 할 거면...화산땅 바깥으로 데리고 나가든지.\n조상진]당신은 그 소문 믿는 거야?\n오복자]아니 땐 굴뚝에 연기 나겠어요?\n조상진](껄껄 웃는다)\n오복자]왜 웃어요?\n조상진]그 자식이 박력은 있다니까. 나보단 난 거 같애. 난 당신랑 손 한 번 잡는데 1년도 넘게 걸렸던 거 같은데 말야.\n오복자]좋아할 거 없어요. 수영이 자식 영선이 데꼬가 암짓도 못했대요.\n조상진]그건 또 무슨 소리야?\n오복자](설명하려다가 그만 두고 )아유 알거 없어 요E 음악소리와 함께 똘만이들의 환호성 소리"
  },
  "Annotation": {
    "Summary1": "납치 소문을 믿냐며 그 자식이 박력 있다고 하는 조상진에게 오복자는 영선을 데려간 수영이 아무것도 못 했다고 한다.",
    "Summary2": "",
    "Summary3": "조상진은 시내에 소문이 퍼졌는지 묻는 오복자에게 납치했다는 소문을 믿는지 물으며 그 자식이 박력 있다고 말하는데 오복자는 좋아할 거 없다며 수영이 영선을 데려가 아무 짓도 못 했다고 말한다."
  },
  "filename": "SCRIPT-fs_drama-42047-00014.json"
}