{
  "Meta": {
    "doc_id": "SCRIPT-fs_drama-42063",
    "doc_category": "SCRIPT",
    "doc_type": "fs_drama",
    "doc_name": "42063_DC_강이되어만나리063_2006.txt",
    "author": "KBS",
    "publisher": "KBS",
    "published_year": "2006",
    "doc_origin": "강이되어만나리063",
    "passage_id": "SCRIPT-fs_drama-42063-00011",
    "passage": "해설]방.\n정옥 문 열고 들어오면 방안 깨끗하게 정리되어 있고 영선 벽에다 등을 기댄 채 무릎을 세워 감싸 안고 앉아 있다.\n정옥]뭐하고 있어?\n영선](자세를 푼다 )\n정옥]신혼여행 가져갈 가방 챙겼니?\n영선]...아뇨.\n정옥]가방 갖고 와.\n영선](한쪽에 세워떼어 새 가방을 가져온다 )\n정옥]넣어갈 물건도.\n영선]제가 할께요.\n정옥]가져 와.\n영선](한쪽에 쌓아떼어 영선의 양장 두어 벌, 잠옷 화장품 등 가져온다)\n정옥](가방에다가 물건들을 챙겨 넣어주면서 )잘됐어. 신혼여행 먼 데로 안 가니까.. 온천하면서 푹 쉬고 오면 되겠다..\n영선]...\n정옥]쓸데없는 일로 고집 부려 수영이 맘 상하게 하지 말고... 수영이 하자는 대로 따라가. 알겠니?\n영선]...\n정옥]니 짐은...내일 화정동에 옮겨 놀 테니까.. 신혼여행 다녀와서 정리해. 엄마가 가서 정리해 줄수 있으면 좋겠는데...\n영선](O.L)신경 쓰지 마세요. 제가 하면 돼요.\n정옥](얼굴을 힐끗보고 ) 잠 못자서 얼굴이 꺼칠하다. 미장원 일찍 가서 마사지받고 신부화장 해..(하면서 가방을 싸고)..\n영선]...(두 손으로 얼굴을 감싸고 있다)\n정옥](가방을 싸다가 영선쪽 돌아본 뒤 )영선아.\n영선]...(본다. 눈물이 가득 고여서 본다)\n정옥]이러지마. 영선아. ...세월이 지나면 너도 엄마 이해하게 될 거야."
  },
  "Annotation": {
    "Summary1": "정옥은 영선의 신혼 여행 가방에 짐을 챙겨주며 영선에게 이것저것 당부하는데 영선이 울자 나중에 이해할 거라고 한다.",
    "Summary2": "",
    "Summary3": "정옥은 방에서 웅크리고 있는 영선에게 신혼여행 때 가져갈 가방에 짐을 챙겨주기 시작한다. 정옥은 신혼여행 갈 곳이 멀지 않으니 푹 쉬다 오라고 하고 수영이 하자는대로 하라며 이것저것 당부하다가 영선이 우는 걸 보고 시간이 지나면 자기를 이해할 거라고 말한다."
  },
  "filename": "SCRIPT-fs_drama-42063-00011.json"
}