{
  "Meta": {
    "doc_id": "SCRIPT-fs_drama-42065",
    "doc_category": "SCRIPT",
    "doc_type": "fs_drama",
    "doc_name": "42065_DC_강이되어만나리065_2006.txt",
    "author": "KBS",
    "publisher": "KBS",
    "published_year": "2006",
    "doc_origin": "강이되어만나리065",
    "passage_id": "SCRIPT-fs_drama-42065-00006",
    "passage": "해설](오후).\n수영의?차가 달려온다 \n안 (오후).\n수영 운전하고 옆자리에 영선이 타고 있다.\n수영](한 손을 영선에게 내민다 )\n영선](돌아본다)\n수영]손 좀 줘 봐.\n영선](손을 내민다 )\n수영](손을 잡고 )반지 어느 쪽에 끼지? 저쪽이야?\n영선]...안 끼고 왔어요.\n수영]왜?\n영선]집에 두고 왔어요.\n수영]결혼반진데?\n영선]잃어버릴까 봐...\n수영]반지는 손에 끼고 있는 게 젤 안전하지.\n영선]...(잠시 긴장하는데).\n수영](영선의 손을 끌어다가 손등에 키스한다 )\n영선](당황한다 )\n수영](돌아보고 )사랑해. \n해설]거실.\n아줌마 현관으로 들어오고 수희 가방 들고 뒤따라 들어오면서.\n수희]엄마 나가셨어요?\n아줌마]올라가봐.\n수희](이층으로 올라간다 )\n.\n해설]커튼도 새것으로 바뀌어 달려 있고 오복자 화사한 빛깔로 도배가 된 빈 방을 걸레로 닦고 있다..\n수희](교복차림인 채 문 열고 들어와 )엄마...(둘러보고 ) 완전 신혼방 분위기네. 신랑 신부 돌아오면 기분 좋겠다.\n오복자](걸레 던져놓고 )영선이 저도 눈 제대로 달렷으면 보고 알겠지. 시에미가 절 위해 얼마나 신경 많이 썼는지.\n수희]엄마 진짜 신경 많이 쓴다.(앉으면서 )오빠한테서 전화 왔어?\n오복자](화가 나서 )둘다 손가락이 부러진 모양이다.\n수히]엄마말대로 아무 생각 안나나 부지 뭐. 둘이 너무 좋아서."
  },
  "Annotation": {
    "Summary1": "수영은 영선에게 결혼반지를 물으며 안전하게 손에 끼라고 하고 오복자는 수영의 새로 꾸민 신혼 방을 청소하고 있다.",
    "Summary2": "",
    "Summary3": "수영은 운전하며 영선의 손을 잡으며 결혼반지를 물어본다. 영선이 집에 두고 왔다고 하자 수영은 손에 끼는 게 안전하다고 한다. 오복자는 새로 꾸민 수영의 신혼 방을 청소한다. 수희는 수영에게 전화가 왔었는지 오복자에게 묻고 수영이 좋아서 전화할 생각이 안 났다 보다고 한다."
  },
  "filename": "SCRIPT-fs_drama-42065-00006.json"
}