{
  "Meta": {
    "doc_id": "SCRIPT-fs_drama-42047",
    "doc_category": "SCRIPT",
    "doc_type": "fs_drama",
    "doc_name": "42047_DC_강이되어만나리047_2006.txt",
    "author": "KBS",
    "publisher": "KBS",
    "published_year": "2006",
    "doc_origin": "강이되어만나리047",
    "passage_id": "SCRIPT-fs_drama-42047-00035",
    "passage": "해설]마당.\n두칠 외출 차림으로 마당을 들어선다 서운 부엌에서 나오면서.\n서운]박센.\n두칠](깜짝 놀래서 )깜짝이야.\n서운]멀 놀래고 그런대요? 내이 머 못올디 왔간디?\n두칠](부엌을 기웃거리면서 )거기서 멋허고 잇었는디?\n서운]솥단지이랑 냄비이 하도 심난헤서요...홀애비 살림은 어쩔 수 없당게.\n두칠]요새 내 정신이 아녀.(마루에 이서 앉는다)\n서운](위아래 살피면서 )어디 멀리 갔다 온 거 같은디요?\n두칠]..부안 조깨 댕게 오니라고.\n서운]부안은 왜요?\n두칠]...혹시 부안이먼 헤묵고 살 것이 있는이 헤서.\n서운](놀래서 )참말로 이사 갈라고요? 사장님이 안직도 이사이라고 성화댑디까?\n두칠]...종태 땜시라도..여기서 더 이상은 못살거 같여.\n서운]영선이이 수영이랑 겔혼 헤 살먼 조깨 그러기는 허겄지만...\n두칠]...영선 애기 씨 겔혼 날짜 정?는이?\n서운]5월 스무 여드랜이 그렇다데요.\n두칠](한숨 쉰다)\n서운]종태이 머...화산에서 계속 살이니? 걱정도 마쑈 고시 붙으먼 서울에서 살틴디 먼 걱정이여?\n두칠]...나도...화산이 싫어졌당게. 그만 살고?아.\n서운](글썽이면서 )박센 없으먼 나는 어쩌라고?\n두칠]자네이랑 먼 상관이여?\n서운]어쩌서 상관이 없어요? 내 몸은 인자 박센 것인디?\n두칠](둘레를 살피면서 ) 먼 그런 거시기 헌말을...참말로 누이 들으까 무섭네?\n서운]나이랑 박센이 그렇고 그런 사인거 소문 다 나 부렀당게요.\n두칠]어디에 소문이 나?\n서운]화산바닥이제 어디것 소?\n두칠](어이이 없어서 본다)"
  },
  "Annotation": {
    "Summary1": "두칠은 서운에게 부안에서 살 수 있는지 보러 갔다며 여긴 못 살 것 같다 하지만 서운은 두칠이 없으면 자신은 어쩌냐고 한다.",
    "Summary2": "",
    "Summary3": "두칠은 마당에 들어오다 주방에서 나온 서운을 보고 깜짝 놀란다. 어디 멀리 갔다 왔냐는 서운의 질문에 두칠은 부안에서 먹고 살 수 있는지 보러 갔다고 한다. 서운은 놀라고 두칠은 종태 때문이라도 여긴 못 살 것 같다고 말한다. 이에 서운은 두칠이 없으면 자신은 어쩌냐며 둘이 그렇고 그런 사이인 것이 소문났다고 말한다."
  },
  "filename": "SCRIPT-fs_drama-42047-00035.json"
}