{
  "Meta": {
    "doc_id": "SCRIPT-fs_drama-42060",
    "doc_category": "SCRIPT",
    "doc_type": "fs_drama",
    "doc_name": "42060_DC_강이되어만나리060_2006.txt",
    "author": "KBS",
    "publisher": "KBS",
    "published_year": "2006",
    "doc_origin": "강이되어만나리060",
    "passage_id": "SCRIPT-fs_drama-42060-00034",
    "passage": "해설]마당(낮).\n공서방 마당에서 적당한 일을 하고 강여사 우물가에 앉아 콩나물 시루에 물을 주고 있다. 서운 상에다 부침개와 쑥개떡 김칫국 숟가락 젓가락 (4벌 )챙겨 들고 마루로 올라간다 \n방.\n옥란과 동네 중년 부인들 세 사람까지 네 사람이 붙어서 영선의 혼수 이불을 꿰매고 있다.\n서운 상을 들고 들어오면.\n옥란]어머 마침 출출했는데..잘됐네 임실아짐.\n여자1](돌아본다)\n옥란]주전부리 좀 하고 꿰맵시다 .\n여자1]영선 엄마도 오시라고 허제.\n서운]알았어요.\n.\n해설]서운 들어오면정옥 신부가 입을 빨간 저고리 홍색치마를 만드는 중이다 영선 옆에 앉아 연두저고리 동정을 달고 있고 정옥 빨간 치마를 꿰매고 있다 .\n서운]성님 조깨 쉬었다 허시쑈.\n정옥](일하면서 )쉴 시간이 어디 있어?\n서운]주전부리 좀 허시랑게.\n정옥]저쪽 방이나 챙겨.\n서운]서울떡이 잘 허고 있어요. (앉으면서 )영선이 기분이 어떠냐?"
  },
  "Annotation": {
    "Summary1": "옥란과 부인들은 혼수 이불을 꿰매고, 주전부리하면서 쉬었다가 일하자는 서운에게 정옥은 저쪽 방이나 챙기라고 한다.",
    "Summary2": "",
    "Summary3": "옥란과 부인들이 혼수 이불을 꿰매다 서운이 상을 들고 오자 옥란은 간식을 먹고 일하자고 한다. 쉬었다 하자는 서운에게 정옥은 저쪽 방이나 잘 챙기라 하고 서운은 영선의 기분을 묻는다."
  },
  "filename": "SCRIPT-fs_drama-42060-00034.json"
}