{
  "Meta": {
    "doc_id": "SCRIPT-fs_drama-42072",
    "doc_category": "SCRIPT",
    "doc_type": "fs_drama",
    "doc_name": "42072_DC_강이되어만나리072_2006.txt",
    "author": "KBS",
    "publisher": "KBS",
    "published_year": "2006",
    "doc_origin": "강이되어만나리072",
    "passage_id": "SCRIPT-fs_drama-42072-00005",
    "passage": "해설]아직 날이 밝지 않은 새벽 공서방 마당을 쓸고 있다 수희(잠옷 바람인 채 )방에서 문을 열고 나와서 스트레칭을 하고 숨을 골라 쉰 뒤 안채쪽으로 간다.\n 언니도 잘 적응하고 있는 거 같구. 그러니까 걱정 마, .\n정옥]...\n영채](돌아서서 나가고 )\n정옥]( 이불을 개키려다가 멈춘다 )\n해설]<NA>001시간이면 뒤집어 쓸 거리에 영선을 보내놓고, 먼 이역에 가 있는 것보다 더 감감한 소식에 며칠 동안 전전 긍긍했던 정옥의 마음은 \n방 (새벽).\n수영 침대에서 잠이 들어 있고 영선 어둠 속에서 한복을 챙겨 입고 잇다<NA> (연결해서 )영채의 말 몇 마디에 가슴에 얹어 놓았던 무거운 돌덩이 하나가 굴러 내려가는 기분 됩니다.\n수영 돌아눕다가 팔이 허전해서 눈을 뜨고 영선을 보면서.\n수영]여보.\n영선](돌아본다)\n수영]뭐하러 이렇게 일찍 일어나?\n영선]일어날 시간 됐어요.\n수영]아줌마 있잖아?\n영선]더 자요.(나가려면)\n수영](일어나 앉으면서 )잠깐만.\n영선](돌아선다)\n수영]이리 와봐.\n영선](옆으로 온다)\n수영](영선의 허리를 안고 얼굴을 대면서 )10분만 같이 있자.\n영선]내려 갈래요. 어머니 일어나시기 전에 (수영을 뿌리치고 나간다)\n수영](아쉬운 듯 영선이 나간 뒷모습 본뒤 다시 침대에 눕는다)"
  },
  "Annotation": {
    "Summary1": "정옥은 영채의 말에 가슴에 얹힌 돌이 빠지는 기분이 되고 영선은 십 분만 더 있자고 말하는 수영을 뿌리치고 나간다.",
    "Summary2": "",
    "Summary3": "수희가 스트레칭 후 안채 쪽으로 간다. 한 시간 거리에 영선을 보내놓고 소식이 없어서 전전긍긍했던 정옥은 영채의 말에 가슴에 얹힌 돌이 빠지는 기분이 된다. 한복을 챙겨 입는 영선에게 수영이 다가와 십 분만 더 있자고 하지만 영선은 수영을 뿌리치고 나간다."
  },
  "filename": "SCRIPT-fs_drama-42072-00005.json"
}