{
  "Meta": {
    "doc_id": "SCRIPT-fs_drama-42104",
    "doc_category": "SCRIPT",
    "doc_type": "fs_drama",
    "doc_name": "42104_DC_강이되어만나리104_2006.txt",
    "author": "KBS",
    "publisher": "KBS",
    "published_year": "2006",
    "doc_origin": "강이되어만나리104",
    "passage_id": "SCRIPT-fs_drama-42104-00004",
    "passage": "해설]방.\n세팅이 되어 있는 중국집 방 두칠 서운 종태 순금 둘러 앉아서.\n종태]...고맙습니다. 아주머니. 우리 아버지 구제해 주셔서.\n서운]아이고...(머리 긁적이면서 )내가 자네 아부지 구제 헤 준 것은 맞지만... 고?게 말을 헤중게로 참말로 고맙고만.\n순금]엄마두. 아저씨가 엄말 구제해주신 거지. 그렇죠 아저씨?\n두칠]글씨...\n순금](웃고 )두 분 중에 누가 더 적극적이었어요?\n서운]그거야... (두칠 보면서)당 엔히 자네 아부지제.\n두칠](어이가 없고)\n종태](순금을 보면서 )또 하나 고마운 건 아버지...순금이 같은 예쁜 여동생이 생긴거에요.\n순금]저두 그래요 오라버니. 그동안 저 진짜 외로왔는데 오라버니가 생겨서 너무 좋아요.\n종태]일하는 미장원이 어디야?\n순금]종로요.\n종태]한 번 찾아갈게.\n순금](놀래서 )안돼요... 남자들 미장원 들어오면. 손님들 놀래서 다 도망가요..\n종태]그런가?\n순금]그럼요, 제가 연락처 드릴께요 나중에.\n종태]그래."
  },
  "Annotation": {
    "Summary1": "종태가 서운에게 두칠을 구제해줘서 고맙다고 하자 순금은 두칠이 서운을 구제했다며 오빠가 생겨 좋다고 한다.",
    "Summary2": "",
    "Summary3": "종태는 서운이 두칠을 구제해줘 고맙다는데 순금은 두칠이 서운을 구제했다고 한다. 여동생이 생겨 고맙단 종태는 오빠가 생겨 좋다는 순금의 미장원을 가보겠다고 하지만 순금은 손님들이 놀란다고 한다."
  },
  "filename": "SCRIPT-fs_drama-42104-00004.json"
}