{
  "Meta": {
    "doc_id": "SCRIPT-fs_drama-42049",
    "doc_category": "SCRIPT",
    "doc_type": "fs_drama",
    "doc_name": "42049_DC_강이되어만나리049_2006.txt",
    "author": "KBS",
    "publisher": "KBS",
    "published_year": "2006",
    "doc_origin": "강이되어만나리049",
    "passage_id": "SCRIPT-fs_drama-42049-00008",
    "passage": "해설]방.\n강여사 문을 열면 영선 수틀 앞에 앉아서 수를 놓고 있다가 돌아본다.\n강여사]에미가 점심 준비허는디 나와 보도 않냐?\n영선](수틀 밀어놓고 자리에서 일어난다)\n강여사]너...이따가는 옷 좀 갈아 입어,\n영선]무슨 옷을요?\n강여사]한복 없냐 ? .\n영선]꼭 한복까지 입어야 돼요?\n강여사]장래 시부모될 사람들이여. 이쁘게 뵈얄거 아녀?\n해설](돌아서서 나가고 )\n영선](잠시 서 있다가 다시 와서 벽에 기대 무릎 세우고 앉는다 )\n해설]마당.\n강여사 마당을 건너 안방 쪽으로 가는데 대문에서 옥란 들어오고 과일바구니와 술병(정종)을 든 순금이 따라 들어온다.\n옥란]어머님.\n강여사](돌아보고 ) 아이고, 어쩐 일이냐 니가?\n해설]순금 강여사에게 인사한 뒤 부엌으로 급히 들어가고.\n옥란]오늘 조상진 사장 내외 초대했다면서요? .\n강여사]그래.\n옥란](뽀루둥해서 ) 전 식구 아니에요 어머님? .\n강여사]먼 소리여?\n옥란](어리광하듯 )섭섭했단 말에요. 저한텐 오라는 말씀 없어서 .\n강여사]섭섭헐 것도 없다. 내가 상진이 내외 밥한번 멕일라고 그런 거여. 먼 특벨헌 일이 있어서가 아니고. .\n옥란](애교 떨면서 )아이.. 저도 그냥 해본 소리에요 어머님.\n강여사]들어와 (방으로 들어가고 )\n옥란]잠깐만요 어머님 (부엌으로 들어간다 )"
  },
  "Annotation": {
    "Summary1": "강여사는 영선에게 한복을 입으라 하고 옥란은 조상진 부부를 초대하면서 자신은 오라고 하지 않아 섭섭했다고 말한다.",
    "Summary2": "",
    "Summary3": "강여사가 들어와 영선에게 점심 준비하는데 나와 보지도 않냐면서 시부모 될 사람들이니 이따 한복을 입으라고 한다. 과일 바구니와 술병을 든 순금이 옥란을 따라 들어오고 옥란은 조상진부부를 초대했냐고 물으며 자신에게 오라고 하지 않아서 섭섭했다고 말한다."
  },
  "filename": "SCRIPT-fs_drama-42049-00008.json"
}