{
  "Meta": {
    "doc_id": "SCRIPT-fs_drama-42070",
    "doc_category": "SCRIPT",
    "doc_type": "fs_drama",
    "doc_name": "42070_DC_강이되어만나리070_2006.txt",
    "author": "KBS",
    "publisher": "KBS",
    "published_year": "2006",
    "doc_origin": "강이되어만나리070",
    "passage_id": "SCRIPT-fs_drama-42070-00034",
    "passage": "해설]공서방 서운 뒷모습 본 뒤 부엌으로 정옥 방에서 빈 그릇 몇 개 쟁반에 받쳐 들고 나오면서.\n정옥]순금아.\n서운](그대로 방에 들어간다 ).\n영채](방에서 나오면서 )아줌마 왔어?\n해설]자식땜이 아픈 속은 약도 없고만이요. \n부엌 (밤 ).\n조상진 오복자 수영 수희 앉아서 저녁을 먹고 있고. 아줌마 국을 퍼주면 영선 쟁반에 국을 받쳐 들고 와서 네 사람 앞에 놔준 뒤 돌아간다.\n수영]여보. .\n영선](돌아본다)\n수영]당신도 와서 좀 앉아.\n오복자](반찬을 든 손 스톱모션으로 들고 있고)\n조상진]그래 어서 이리 와서 앉아라 \n해설]영선 식탁으로 와서 앉고 아줌마 나간다 .\n수희](킥킥 웃는다 )\n수영]왜 웃어 ?\n수희]오빠 진짜 뻔뻔스럽다. 결혼식 언제 했는데 여보 당신 소리가 그렇게 자연스럽게 나와? 엄마 진짜 닭살이지?\n오복자](대꾸할 가지 없다는 듯 우적우적 먹는다).\n조상진](오복자를 힐 끗 본 뒤 )수영아.\n수영]네?\n조상진]이참에 니엄마 갖고 싶은 거 있으면 다 사줄 생각이다. 이봐 당신 갖고 싶은 거 다 얘기해 집안 살림 내가 다 바꿔줄 게. .\n오복자]누가 당신한테 살림 봐꿔 달래요 ?\n조상진]이왕 배달해온 거니까 밖에 있는 냉장고 탤레비전 다 집에 있는 거이랑 바꾸고..세탁기이랑..\n오복자]세탁긴 뭐하러요?\n조상진]화산 극장 오사장집에 세탁기 들여 놨다며? 당신 부러워햇잖아?\n오복자]필요 없어요. 아줌마 하루종일 팡팡 놀고 있는데 세탁긴 뭐하러."
  },
  "Annotation": {
    "Summary1": "영선이 식탁에 앉고 조상진이 살림을 바꿔주겠다고 하자 오복자는 조상진한테 그럴 필요 없다고 말한다.",
    "Summary2": "",
    "Summary3": "수영이 아줌마를 돕는 영선에게 식탁에 앉으라고 하자 말 없이 밥만 먹는 오복자를 본 조상진은 오복자가 원하는 대로 살림을 바꿔주겠다고 말한다. 이에 오복자는 조상진한테 누가 그렇게 해달랬냐고 말하고 조상진은 이왕 배달된 것이니 밖에 있는 살림을 집에 있는 거랑 바꾸라고 말한다."
  },
  "filename": "SCRIPT-fs_drama-42070-00034.json"
}