{
  "Meta": {
    "doc_id": "SCRIPT-fs_drama-42065",
    "doc_category": "SCRIPT",
    "doc_type": "fs_drama",
    "doc_name": "42065_DC_강이되어만나리065_2006.txt",
    "author": "KBS",
    "publisher": "KBS",
    "published_year": "2006",
    "doc_origin": "강이되어만나리065",
    "passage_id": "SCRIPT-fs_drama-42065-00022",
    "passage": "해설]방 (밤).\n스탠드 불빛수영, 잠옷 바람으로 침대에서 자다가 옆자리에 팔을 얹는다 옆자리가 허전해서 눈을 뜨는 수영수영 자리에서 벌떡 일어나 앉아 둘러본다.\n영선 테이블 앞에 두 손을 모아 이마에 댄 채 깊은 생각에 잠겨 앉아 있다. (영선은 화장 지운 얼굴로 보일 것)\n수영 순간 안심하는 표정이 된다.\n침대에서 내려 영선의 앞쪽으로 가서 테이블 위를 똑똑 때리는 수영.\n영선](놀래서 자세를 푼다 )\n수영]뭐해?\n영선]왜 일어났어요?\n수영]혼자 여기서 뭐하는데?\n영선]... 잠이 안 와서요.\n수영]그럼 날 깨우지.\n영선]둘다 못자게요?\n수영](일어나서 영선의 팔을 잡고 )일어나.\n영선](일어선다 )\n해설]수영 침대 이불을 들추고 영선을 침대에 눕히고 자신도 옆에 누워 영선의 등밑에 팔을 넣어 영선을 끌어 안으면서.\n수영]이러지마 앞으론. 나 혼자 자게 놔두고 영선이 혼자 앉아 있는 거..."
  },
  "Annotation": {
    "Summary1": "자다 깬 수영이 혼자 앉아 생각 중인 영선에게 혼자 뭐 하냐며 영선을 일으켜 같이 눕고 안으면서 앞으론 그러지 말라고 한다.",
    "Summary2": "",
    "Summary3": "자다가 일어난 수영이 생각에 잠겨있는 영선에게 혼자 뭐 하냐 묻자 잠이 안 온다고 답한다. 수영이 영선을 일으켜 침대에 눕히고 같이 누워 안으면서 앞으론 그러지 말라고 한다."
  },
  "filename": "SCRIPT-fs_drama-42065-00022.json"
}