{
  "Meta": {
    "doc_id": "SCRIPT-fs_drama-42068",
    "doc_category": "SCRIPT",
    "doc_type": "fs_drama",
    "doc_name": "42068_DC_강이되어만나리068_2006.txt",
    "author": "KBS",
    "publisher": "KBS",
    "published_year": "2006",
    "doc_origin": "강이되어만나리068",
    "passage_id": "SCRIPT-fs_drama-42068-00026",
    "passage": "해설] 씬15 송준호 거실 (밤)\n영복 현관문을 박차고 들어온다.\n영복](조금 취한 소리로 )대문 열어놔, 현관문 열어놔 잘한다. (문득 정신 차리면서)가만있어. 이거 도 선생 다녀간 거 아냐? 순금아 \n해설]아무 소리 없으면.\n영복] (안방으로 가면서 )엄니.. \n해설]영복 안방 문을 열어 보면 비어 있는 안방 영복 방문을 닫아 놓고 고개 갸웃한 뒤 순금아 \n(밤).\n부엌에 딸려 있는 허드레 방. 이런 저런 짐이 쌓여 있고 겨우 한 사람 잘 만한 공간이 있다 영복 문 열고 들여다 보면서.\n영복]순금아 (불을 켜고 들여다 보고 )이게 어딜 간거야?\n해설]영복방(밤).\n영복 문 열고 들어오면 방안에 <선데이 서울> <주간 한국 >등의 잡지가 흐트러져 있고, 입술이 지워지다 만 순금 입을 반쯤 벌린 채, 윗옷이 말려 배가 나오고 치마도 올라간 채 잠이 들어 있다.\n영복 순금을 바라본 뒤 어이가 없다 순금 돌아눕다가 눈을 뜨고 영복을 발견한다.\n순금](벌떡 일어나 앉으면서 )어...오빠 미안해요, 깜빡 잠이 들었나봐(주섬주섬 책을 간추려 책상에다 놓고 돌아서서 나가려는데)"
  },
  "Annotation": {
    "Summary1": "영복은 순금을 찾다가 자신의 방에서 자고 있는 순금을 보고, 순금은 영복을 보고 일어나서 책을 정리하고 나가려고 한다.",
    "Summary2": "",
    "Summary3": "영복은 집에 들어오면서 순금을 부르는데 대답이 없고 안방도 비어 있다. 영복은 계속 순금을 찾다가 자신의 방으로 가는데 순금이 자고 있다. 순금은 영복을 보고 일어나서 미안하다며 책을 정리해놓고 나가려고 한다."
  },
  "filename": "SCRIPT-fs_drama-42068-00026.json"
}