{
  "Meta": {
    "doc_id": "SCRIPT-fs_drama-42103",
    "doc_category": "SCRIPT",
    "doc_type": "fs_drama",
    "doc_name": "42103_DC_강이되어만나리103_2006.txt",
    "author": "KBS",
    "publisher": "KBS",
    "published_year": "2006",
    "doc_origin": "강이되어만나리103",
    "passage_id": "SCRIPT-fs_drama-42103-00017",
    "passage": "해설]서운과 순금 다시 끌어안는다 \n(밤 ).\n종태 두칠이 나란히 누워 있다가 종태 일어나 앉으면서.\n종태]결혼이요?\n두칠](일어나 앉는다)\n종태]정말이세요 아버지?\n두칠]애비가 주책바가지제? 이 나이에?\n종태]무슨 말씀을요? 제가 바라던 일인걸요. 정말 생각 잘하셨어요.\n두칠]니 엄니헌티 조깨 미안 허긴 헌디.\n종태]어머니도 바라신 일일걸요. 더구나 서운 아주머니라면..어머니랑 서운 아주머니 친했잖아요?\n두칠]그려. 어제 오늘 안 사인 아닝게.인연이 질기다먼 질기고...\n종태]맘이 놓여요 아버지. 다른 어떤 분이랑 새로 시작하기는것 보다.\n두칠]...근디... .\n종태]왜요 무슨 걱정 있으세요?\n두칠]조상진회장님 부탁허신 일말여. 당신 집 좀 관리헤달라고 허신..\n종태](O.L)절대...그 부탁 들어주시면 안됩니다. 절 당신 사람으로 만들어 놓고 맘으로 조종하려는 포석일 수도 있어요.\n두칠](O.L)아무리 그냥반이 고론 생각까장 허시겄냐?\n종태]그분이 어떻게 해서 오늘날 호남지방 제일의 건설회살 만들었습니까? 세무 공무원 하면서 뒤쪽으로 시장사람들 상으로 일수놀이부터 시작한 사람입니다. 사업상 필요하다고 생각하는 사람은 공무원이든 누구든 방법을 불문하고 자기 사람 만들어 그 자리에 갔을거에요‘.\n두칠]...\n종태](O.L)제말으로 하셔야 합니다 아버지. 우선 사글세라두 얻으세요. 제가 일을 하게 되면...언젠가 집 한 칸은 마련되겠지요. ...아무리 호의라 해도 절 위해서이제부턴 모든 일에 신중하셔야 합니다. 과감하게 거절하세요.아셨죠?\n두칠]... 알았어.\n종태]사글셋집에서 아버지 신혼 시작하게 해드려서 죄송해요.\n두칠]그런 말은 허지 말고.. 나야 어디서 살먼 어쩌것냐? 조회장님 제안 받아들이자 생각헌 것도 너 때문이었어. 사법고시 수석이나 헌 사람이 고향땅이라고 한번 썩 오먼 산동네 판잣집에서.\n종태](O.L)산동에 판잣집 부끄러워 본적 없어요. 지금도 그래요. .\n두칠]...(끄덕이고 )근디 ... 그때 그 아가씨는 어찌 되?어?\n종태]누구요?\n두칠]후배말여.\n종태]신문사 기자돼서 지금 일 잘하고 있어요..\n두칠]나는 니가 그 아가씨랑 겔혼허는 걸로 생각허고 있는디..\n종태]그런 관계 아니라구 했잖아요?\n두칠]수영이랑은... 절으로 화해헐 생각이 없는 거여?\n종태]...일부터 쫓아가서 화해할 이윤 없어요."
  },
  "Annotation": {
    "Summary1": "종태는 두칠과 서운의 결혼이 바라던 일이라며 좋아하고 두칠에게 조회장의 부탁은 포석일 수 있으니 거절하라고 말한다.",
    "Summary2": "",
    "Summary3": "종태는 두칠이 서운과 결혼한다는 말을 듣고 바라던 일이라며 좋아한다. 두칠이 종태의 엄마에게 미안해하자 종태는 어머니도 바라는 일일 거라며 마음이 놓인다고 말한다. 종태는 두칠에게 조상진 회장이 집을 관리해달라고 하는 부탁은 자기 사람으로 만들어 놓고 조종하려는 포석일 수도 있으니 아무리 호의라도 거절하고 사글세라도 얻어 신혼생활 시작하라고 말한다. 두칠이 종태에게 후배에 대해서 묻자 신문사 기자로 일하고 있다면서 결혼을 할 사이가 아니라고 한다."
  },
  "filename": "SCRIPT-fs_drama-42103-00017.json"
}