{
  "Meta": {
    "doc_id": "SCRIPT-fs_drama-42058",
    "doc_category": "SCRIPT",
    "doc_type": "fs_drama",
    "doc_name": "42058_DC_강이되어만나리058_2006.txt",
    "author": "KBS",
    "publisher": "KBS",
    "published_year": "2006",
    "doc_origin": "강이되어만나리058",
    "passage_id": "SCRIPT-fs_drama-42058-00037",
    "passage": "해설]정옥 서운 영채 앉는다.\n강여사]그래 예물이랑은 잘 샀냐?\n수영]예.\n정옥]돈이 부족하진 않았어?\n수영]아뇨 남았습니다. (가슴에서 영선이 준 봉투를 꺼내서 정옥이 앞에 놓는다 )\n정옥](본다)\n수영]전...영선이 하나면 됩니다. 혼수다 예물이다 신경 쓰지 마십시오.\n정옥]어떻게 신경을 안써?\n수영]저희 두 사람 덮을 이불이나 만들어 보내주세요. 그 이상은 필요 없습니다.\n정옥](강여사를 보고 )\n강여사]...참말로 고맙다 니가 고렇게 맘을 써 중게.\n서운]수영이만 고론 생각허고 있으먼 멋헌대요? 사돈마님이 똑같이 생각허세야제.\n수영]어머니껜 제가 설득할께요.\n해설]대장간 앞 (야외).\n서운 앞장서고 공서방 솜을 싼 커다란 짐덩어리 지고 뒤따라 온다 서운 대장간 앞 거의 다 와서 돌아서서.\n서운]공센 솜틀집 알지요?\n공서방]어딘지 잘 몰르는디요.\n서운]어쩌서 솜틀집을 모른대? 이쪽으로 쭉 가서 네거리 나오먼 왼쪽으로 내레가요 네려가다 보먼...(데리고 설명한다 )"
  },
  "Annotation": {
    "Summary1": "수영은 강여사 등에게 예물을 사고 남은 돈봉투를 꺼내고, 이불을 만들어달라고 하며 어머니를 설득하겠다고 한다.",
    "Summary2": "",
    "Summary3": "수영은 예물을 사고 돈이 남았다고 하며 봉투를 꺼낸다. 수영은 강여사 등에게 혼수 등을 신경쓰지 말라고 하며 이불을 만들어달라고 한다. 강여사는 고맙다고 하고, 수영은 어머니를 설득하겠다고 한다."
  },
  "filename": "SCRIPT-fs_drama-42058-00037.json"
}