{
  "Meta": {
    "doc_id": "SCRIPT-fs_drama-42060",
    "doc_category": "SCRIPT",
    "doc_type": "fs_drama",
    "doc_name": "42060_DC_강이되어만나리060_2006.txt",
    "author": "KBS",
    "publisher": "KBS",
    "published_year": "2006",
    "doc_origin": "강이되어만나리060",
    "passage_id": "SCRIPT-fs_drama-42060-00031",
    "passage": "해설]두칠의 시선에서 강치가 똘만이들에게 지시하고 있다.\n장씨]E 근디 저놈이 개과천선했네그려. 명진건설 사장 아들이 애국 청년단이란 걸 맨들어 갖고...깡패들을 다 선도 헤뿌렀대..\n두칠](돌아서서 하던 일한다.\n장씨]야... 그 아짐씨랑 어디까장 갔어?\n두칠](돌아본다)\n장씨]진도말여.\n두칠]진도라니?\n장씨].응큼헌 놈.시침 떼지 말어, 이 호박씨 까는 선수야.\n두칠]이사람아 그것이 아니랑게두칠 설명하려는데 문에서 이씨 들어온다.\n두칠]아이고 이 과장님 어쩐 일이세요?\n이씨](장씨를 힐끗 본다 )\n장씨](이씨에게 가벼운 목례하고 )이따 또 오께. (돌아서서 나간다.\n이씨]자네가 준 돈... 송사장헌티 돌레드?네.\n두칠]... 많이 언짢아 허셌것지요?\n이씨]아무래도.\n두칠]저도 맴이 펜치는 안고만이요. 이번에는 무신 일로?\n이씨]명진건설 조사장님이 자넬 좀 만나고 싶어 허셔서.\n두칠]저를요? 먼일로요?\n이씨]나도 모르것는디. 조사장님 회사로 한 번 찾아뵙는 것이 좋겄어.\n두칠](생각한다 )"
  },
  "Annotation": {
    "Summary1": "장씨는 두칠에게 아줌마와의 사이를 묻고 이씨는 송사장에게 돈을 돌려줬고 조사장이 두칠을 보기를 원한다고 전한다.",
    "Summary2": "",
    "Summary3": "두칠에게 장씨는 아줌마와의 관계에 대해 물으며 시치미 떼지 말라고 한다. 이 때 이씨가 들어 와 송사장에게 돈을 돌려줬다 하자 두칠은 본인의 마음도 편치 않다 한다. 이어 이씨는 조사장이 두칠을 보고 싶어 한다 한다."
  },
  "filename": "SCRIPT-fs_drama-42060-00031.json"
}