{
  "Meta": {
    "doc_id": "SCRIPT-fs_drama-42052",
    "doc_category": "SCRIPT",
    "doc_type": "fs_drama",
    "doc_name": "42052_DC_강이되어만나리052_2006.txt",
    "author": "KBS",
    "publisher": "KBS",
    "published_year": "2006",
    "doc_origin": "강이되어만나리052",
    "passage_id": "SCRIPT-fs_drama-42052-00008",
    "passage": "해설]버스 안 (야외).\n종태 버스에 앉아 흘러가는 봄 풍경을 물끄러미 내다 보고 있다.\n<NA>영선이 있어 살고 싶었던 고향은 이제 영선이 있어 돌아오고 싶지 않은 땅이 되었습니다. 혹독하게 젊음의 대가를 치르게 한 잔인한 고향땅 화산을, 종태는 가슴 저 편에 아프게 묻어 두려 합니다 . \n거실.\nE 초인종 오복자 안방에서 나오고 수희(가내복 ) 이층에서 내려오면서.\n수희]내가 나갈게.\n해설]현관으로 나간다 \n대문 앞(야외).\n수희 대문으로 오면 수영과 영선이 대문 앞에 서 있다.\n수영은 케이크과 과일 상자 들고 영선은 꽃다발을 들었다.\n수희](대문을 열면서 )오빠. (영선을 보고 )언니.\n영선]( 눈짓으로 아는 체 한다 )\n수영](케이크을 주면서)이것 좀 받아 \n해설]수희 케이크을 받아 들고 안으로 들어가고.\n수영](영선을 먼저 대문으로 들어가게 한다 )"
  },
  "Annotation": {
    "Summary1": "버스 안의 종태는 영선 때문에 고향땅을 잊으려 하고 수영은 수희에게 케이크를 준 뒤 영선을 대문으로 들어가게 한다.",
    "Summary2": "",
    "Summary3": "버스 안에 있는 종태는 이제는 영선이 있기에 돌아오고 싶지 않은 고향땅을 잊으려 한다. 한편 수영은 수희에게 케이크를 건네주고는 영선을 대문으로 먼저 들어가게 한다."
  },
  "filename": "SCRIPT-fs_drama-42052-00008.json"
}