{
  "Meta": {
    "doc_id": "SCRIPT-fs_drama-42069",
    "doc_category": "SCRIPT",
    "doc_type": "fs_drama",
    "doc_name": "42069_DC_강이되어만나리069_2006.txt",
    "author": "KBS",
    "publisher": "KBS",
    "published_year": "2006",
    "doc_origin": "강이되어만나리069",
    "passage_id": "SCRIPT-fs_drama-42069-00043",
    "passage": "해설]다른 테이블에 교복 차림의 남학생 여학생 네 사람 얘기하고 빵을 먹고 있다.\n수희 영채 마주 앉아 찐빵을 앞에 놓고.\n수희](먹으면서 ) 콩쿠르만 끝나면 나 학교에서 얼굴 볼일 없을 거야.\n영채](먹으면서)서울에서 학원 다니는 거 학교에서 허락해준대?\n수희]시험기간 때 내려와서 답안지만 메꾸래 .\n영채]사친회장 빽 진짜 쎄구나 ?\n수희](물 마시고)교장부터 우리 엄마한테 꼼짝 못 하잖아? (웃고 )사친회장은 우리 아버지가 아니라 우리 엄마야.\n영채]다행이다 .\n수희]뭐가?\n영채]니가 없으면 우리 언니가 까탈스런 시누이 시집 살인 면할 수 있잖아?\n수희]니네 언니한테 당부해. 우리 오빠한테 진짜 잘하라구. 잘못하면 그땐 내가 가만 안있거야.\n.\n해설]방안의 물건들이 거의 치워지고 정리가 되어 있다 영선 한복위에 앞치마 두르고, 걸레로 방바닥을 닦고 있다.\n아줌마]E 사모님...나와 보세요.\n영선](열려 있는 문 쪽을 본다)\n아줌마]E 새댁 새댁."
  },
  "Annotation": {
    "Summary1": "수희가 콩쿠르만 끝나면 학교에 안 올 거라 하자 영채는 본인의 언니가 시누이 시집살이는 면하겠다며 다행이라고 한다.",
    "Summary2": "",
    "Summary3": "수희는 영채에게 콩쿠르만 끝나면 학교에 안 올 거라고 한다. 영채는 다행이라며 수희가 없으면 본인 언니가 시누이 시집살이는 면하겠다고 한다. 영선은 방청소를 하고, 아줌마는 영선을 부른다."
  },
  "filename": "SCRIPT-fs_drama-42069-00043.json"
}