{
  "Meta": {
    "doc_id": "SCRIPT-fs_drama-42047",
    "doc_category": "SCRIPT",
    "doc_type": "fs_drama",
    "doc_name": "42047_DC_강이되어만나리047_2006.txt",
    "author": "KBS",
    "publisher": "KBS",
    "published_year": "2006",
    "doc_origin": "강이되어만나리047",
    "passage_id": "SCRIPT-fs_drama-42047-00020",
    "passage": "해설]아줌마 들어오면 오복자 거실에 선 채로.\n오복자]누구에요?\n아줌마]상무님 찾아 왔는데...나중에 온대요.\n오복자](잠시 의아하면서 부엌으로 간다 )\n해설]횟집. (밤. 야외).\n음식을 먹고 술잔을 서로 부딪치고 흥겨운 똘만이들 영복 이마에 머리띠를 하고 중국집 숟가락을 입에 대고 템포 빠른 노래(기타부기) 부르고 멍구 빈대 일어나 트위스트 추고 똘만이들도 따라 일어나 트위스트 춘다.\n수영 눈치 채지 못하게 자리에서 일어난다 \n수영의?차 (밤 야외).\n수영 운전하고 달려온다 \n방.\n영복 거칠게 들어와서 허리에 손을 대고 씩씩대고 문 쪽 돌아보면서.\n영복]저런 사람이 아버지야? 꼰대, 돈을 갚으라구? 절대 안 갚지. 내가 왜 갚아? \n해설]마당 (아침 절).\n서운 빨래를 짜서 줄에다 널고 있다.\n강여사 문 열고 나오면서.\n강여사]서운아.\n서운](돌아보고)왜요 할머니?\n강여사]강서방 어디 갔냐?\n서운]밭에요. .\n강여사]가서 강서방 조깨 불러와."
  },
  "Annotation": {
    "Summary1": "수영은 똘마니들 노는 자리를 뜨고 영복은 아버지 돈은 절대 안갚는다 하고 강여사는 서운에게 강서방을 불러오라고 한다.",
    "Summary2": "",
    "Summary3": "수영은 조용히 똘만이들이 노는 횟집에서 나온다. 영복은 들어와 씩씩대며 수영에게 저런 사람이 아버지냐며 돈은 절대 안 갚는다고 한다. 빨래를 너는 서운에게 강여사는 강서방을 불러오라 한다."
  },
  "filename": "SCRIPT-fs_drama-42047-00020.json"
}