{
  "Meta": {
    "doc_id": "SCRIPT-fs_drama-42064",
    "doc_category": "SCRIPT",
    "doc_type": "fs_drama",
    "doc_name": "42064_DC_강이되어만나리064_2006.txt",
    "author": "KBS",
    "publisher": "KBS",
    "published_year": "2006",
    "doc_origin": "강이되어만나리064",
    "passage_id": "SCRIPT-fs_drama-42064-00010",
    "passage": "해설]잔치가 끝난 뒤 우물가에 평상 놓여 있고 사용하고 씻은 그릇들이 평상위에 수북하게 쌓여 있다. 서운 고무 다라이 들고 부엌에서 나와서 그릇들을 담으면 공서방 옆에 있다가 다라이 들고 부엌으로 간다 \n(밤).\n정옥 커다란 이불보에 새로 만든 이불을 싸고 있다.\n영채 정옥을 거들고 있다 마루(밤).\n정옥 이불덩어리 영채와 함께 들고 나온 다이미 영선의 짐덩이 서너 개 마루에 놓여 있다.\n영채 걸레를 들고 방으로 들어가고 정옥 안방 쪽으로 간다.\n영선E 제가 수영 씨한테 시집간다면 맨정신으로 가는 게 아니에요.\n정옥](스톱모션이 된다)\n해설](47회 씬22).\n정옥]맨정신이 아니면?\n영선](울먹거리면서 )송영선이는 이세상에 없다. 송영선이는 죽었다.\n정옥](다가 앉으면서 )영선아.\n영선](히스테리)수영 씨한테 시집가요 간다구요. 온식구들 숙원인데, 죽는 셈치면 이보다 더한 일인들 못하겠어요?"
  },
  "Annotation": {
    "Summary1": "영선은 정옥에게 수영에게 시집가면 자신은 죽었다 생각하고 살 것이라며 말하고 온 식구의 소원인데 못하겠냐며 말한다.",
    "Summary2": "",
    "Summary3": "영선은 수영과 결혼하면 제정신은 아닐 거라고 말한다. 정옥이 되묻자 영선은 자신은 죽은 거라 생각할 거라 하지만 온 식구의 소원인데 이보다 더한 일 못하겠냐며 시집가겠다고 말한다."
  },
  "filename": "SCRIPT-fs_drama-42064-00010.json"
}