{
  "Meta": {
    "doc_id": "SCRIPT-fs_drama-42073",
    "doc_category": "SCRIPT",
    "doc_type": "fs_drama",
    "doc_name": "42073_DC_강이되어만나리073_2006.txt",
    "author": "KBS",
    "publisher": "KBS",
    "published_year": "2006",
    "doc_origin": "강이되어만나리073",
    "passage_id": "SCRIPT-fs_drama-42073-00036",
    "passage": "해설]시내 서민금고 앞 (야외 새벽).\n강치를 비롯한 영복 멍구 빈대 가슴에 애국 청년단 전단을 달고 청소하고 있는데 거리에 현수막에 걸리고 있다 축. 박종태 사범시험 수석 합격..화산고등학교 총 동창회 멍구 현수막을 보고 강치에게 와서 손짓한다 강치 영복 빈대 선 채로 현수막을 본다.\n마당 (새벽).\n두칠 마당으로 나와서 세수대야에 물을 받고 있는데 .\n종태](E )아버지.\n두칠](돌아보고 )아이구 종태야. (옆으로 다가가서 종태를 보고 멈춰 선다)\n종태](마당에 엎드려서 큰절을 한 뒤 일어선다 )\n두칠](달려가서 종태를 끌어안는다)\n종태](두칠을 끌어안는다)\n두칠](끌어안고 목이 메어서 )고맙다, 고맙다. 종태야. .\n종태]죄송해요. 아버지 너무 오래 기다리시게 해서.\n두칠]아녀.. 아녀. (종태의 얼굴을 떨어뜨려서 얼굴을 만지면서 )내가 이 애비라는 사실이...감사허고...이보다 큰 영광은 없어.\n종태](눈물 글썽해서 본다)\n두칠](다시 종태를 끌어안는다 )"
  },
  "Annotation": {
    "Summary1": "강치 등은 종태의 사범 시험 합격 소식을 보게 되고 종태는 두칠에게 오래 기다리게 해 미안하다며 큰절을 올린다.",
    "Summary2": "",
    "Summary3": "강치와 영복 등은 시내를 청소하다가 '박종태 사범 시험 합격'이라는 현수막을 본다. 종태는 마당에서 두칠에게 큰절을 하며 오래 기다리게 해서 미안하다 하자 두칠은 종태의 아버지라서 고맙다고 한다."
  },
  "filename": "SCRIPT-fs_drama-42073-00036.json"
}