{
  "Meta": {
    "doc_id": "SCRIPT-fs_drama-42066",
    "doc_category": "SCRIPT",
    "doc_type": "fs_drama",
    "doc_name": "42066_DC_강이되어만나리066_2006.txt",
    "author": "KBS",
    "publisher": "KBS",
    "published_year": "2006",
    "doc_origin": "강이되어만나리066",
    "passage_id": "SCRIPT-fs_drama-42066-00005",
    "passage": "해설]마당.\n이씨 자전거 대문 앞에 세워놓고 안으로 들어온다 정옥 부엌에서 나오면서.\n정옥]이 과장님. 웬일이세요?\n이씨]예...디릴 말씀이 있어서..\n정옥](안방에 대고 )어머님..\n강여사](문 열고 내다 본다 )\n정옥]이 과장 왔어요.\n이씨]안녕하세요.할머니.\n강여사]아이고..들어오게. \n해설] 물으셔서..\n강여사]테레비 냉장고는 혼수품목에서 제외 시켰네.\n이씨](본다)\n강여사]화산 바닥에서..혼수로 테레비 냉장고까장 헤가는 신부 있단 말 안직 못 들어 봤어.\n이씨]허긴, 워낙 고 가다 봉개로 ...\n강여사]메느리 데 꼬 감서 사둔집 지둥 뿌리 뽑을 작정 아니먼 태레비 냉장고까장 혼수로 바랄 순 없는 것 아닝가?\n이씨]...\n강여사]그러고... 아무리 보배운데 없어도... 혼수 품목까지 적어 사둔집에 보내는 처사는 받아 드릴 수가 없었네. 돈도 돈이지만도 그 짝에서 바래는 대로는 헐 수 없다는 것이 내 생각이여.\n정옥](고개 숙이고 있고)\n이씨](난처한 채 컵을 들어 차를 마신다 )"
  },
  "Annotation": {
    "Summary1": "강여사는 이씨에게 티브이와 냉장고를 혼수에서 뺐다며 혼수 품목을 적어 사돈집에 보내는 것을 받아들일 수 없다 말한다.",
    "Summary2": "",
    "Summary3": "정옥이 이씨 왔다고 강여사에게 전하자 강여사는 이씨를 맞이한다. 강여사는 티브이와 냉장고는 혼수품목에서 제외했다며, 돈도 문제지만 혼수 품목까지 적어 사돈집에 보내는 것은 수용할 수 없다고 말한다."
  },
  "filename": "SCRIPT-fs_drama-42066-00005.json"
}