{
  "Meta": {
    "doc_id": "SCRIPT-fs_drama-42050",
    "doc_category": "SCRIPT",
    "doc_type": "fs_drama",
    "doc_name": "42050_DC_강이되어만나리050_2006.txt",
    "author": "KBS",
    "publisher": "KBS",
    "published_year": "2006",
    "doc_origin": "강이되어만나리050",
    "passage_id": "SCRIPT-fs_drama-42050-00022",
    "passage": "해설]마당 (새벽).\n공서방 마당을 쓸고 있다 서운 마당에서 쌀을 씻고 있다.(조리로 마지막 쌀을 일어 찌꺼기 버린다)\n정옥 방에서 나오면 서운 씻을 쌀을 들고 방으로 들어간다 \n부엌 (새벽).\n서운 밥솥에 쌀을 묻고 물을 잡는다 정옥 부엌으로 들어와서.\n정옥]도대체 자네 어쩌려구 그래? 어머님 앞에서 영복엄마한테 꼭 그랬어야 했어?\n서운]안 그럴라고 허는디도 속에 얄미운 맘이 들어 있는 개비어라우. 기회만 있으먼 나도 몰르게 감정이 폭발헌당게요.\n정옥]생각해보면 그 사람도 불쌍한 사람이야.\n서운](짜증 내면서 )그런 말 좀 허지 마쑈. 세상에 불쌍헌 사람이 그렇게도 없다요?\n정옥]남의 첩실 노릇하는 게 어디 쉬운 일이겠어?\n서운](O.L)아이고 되?어요. 성님 하늘에서 네레온 천산 중 앙게로 고만 허시라고요.(솥뚜겅을 닫고 돌아선다 )\n정옥](본다)"
  },
  "Annotation": {
    "Summary1": "정옥은 서운에게 어머니 앞에서 영복 엄마에게 그렇게 했어야 했냐며 첩실 노릇을 하는 영복 엄마도 딱한 사람이라고 한다.",
    "Summary2": "",
    "Summary3": "정옥은 밥을 짓고 있는 서운에게 어머니 앞에서 영복 엄마한테 꼭 그랬어야 했냐고 말하고, 남의 첩실 노릇을 하는 게 쉬운 일이겠냐며 영복 엄마도 불쌍한 사람이라고 말한다."
  },
  "filename": "SCRIPT-fs_drama-42050-00022.json"
}