{
  "Meta": {
    "doc_id": "SCRIPT-fs_drama-42077",
    "doc_category": "SCRIPT",
    "doc_type": "fs_drama",
    "doc_name": "42077_DC_강이되어만나리077_2006.txt",
    "author": "KBS",
    "publisher": "KBS",
    "published_year": "2006",
    "doc_origin": "강이되어만나리077",
    "passage_id": "SCRIPT-fs_drama-42077-00004",
    "passage": "해설]거리에 붙어 있는 종태의 사시 합격 현수막수희 있는 껏 멋을 내고 합격 현수막을 기분좋게 바라보고 서 있다가 다시 걷는다. \n사장실.\n지난번 건물에서 보다 훨씬 세련되게 꾸며져 있는 조상진 사장실 조상진과 이씨 찻잔 놓고 마주 앉아 있고, 이씨는 봉투를 손에 들고 있다.\n조상진]우리 수희가?\n이씨]예...영화동에 올라갔더니 마침 시장사람들 잔뜩 모아놓고 잔치를 벌이고 있드라고요...근디 거그 수희양이.\n조상진]수희가 거기서 뭘 하고 있어?\n이씨]마당에서 음식을 날르고 있드랑게요.\n조상진]...(조금 심각해지는데 )\n해설]노크 .\n조상진]네...\n해설]문이 열리고 수희가 얼굴을 들이밀면서.\n수희]아버지..\n이씨](일어나면서 )아이구...(조금 당황하면서 주머니에 봉투를 집어넣는다).\n수희]안녕하세요?\n이씨]그려.. 사장님 그럼 저는 서울 잘..댕게 오겄습니다.\n조상진]잘 다녀오게..\n이씨](수희에게 눈인사 한 뒤 급히 나간다)\n수희]아버지 점심시간 언제에요?\n조상진]왜?\n수희]저 맛있는 것 좀 사주세요."
  },
  "Annotation": {
    "Summary1": "수희는 종태의 사시 합격 현수막을 기분 좋게 바라보고 이씨는 조상진에게 수희가 사람들을 모아 놓고 잔치를 벌인다 한다.",
    "Summary2": "",
    "Summary3": "수희는 거리에 붙어있는 종태의 사시 합격 현수막을 기분 좋게 바라본다. 사장실에서 이씨는 조상진에게 수희가 시장 사람들을 모아 잔치를 벌인다고 말한다. 이씨는 수희가 들어오자 당황하며 봉투를 집어넣는다."
  },
  "filename": "SCRIPT-fs_drama-42077-00004.json"
}