{
  "Meta": {
    "doc_id": "SCRIPT-fs_drama-42071",
    "doc_category": "SCRIPT",
    "doc_type": "fs_drama",
    "doc_name": "42071_DC_강이되어만나리071_2006.txt",
    "author": "KBS",
    "publisher": "KBS",
    "published_year": "2006",
    "doc_origin": "강이되어만나리071",
    "passage_id": "SCRIPT-fs_drama-42071-00022",
    "passage": "해설]사장실.\n조상진 서류를 들여다 보고 있다 노크와 함께 수영 문 열고 들어온다.\n조상진](돌아보고 )어... 너...어제 신문 봤냐?\n수영]아뇨.\n조상진](책상위에서 읽기 좋게 신문 접은 채 건네주면서 )읽어봐.\n수영](소파로 와서 앉아서 기사를 들여다 본다)\n조상진](앞으로 와서 앉으면서)내년부터는 재무부에 인가신청만 내면 서민금골 낼 수 있게 됐어.\n수영]선인가 후 감독. 특별한 인가 요건 없이 내주게 돼 있네요.\n조상진]그래.\n수영]사채업을 양성화시키기 위한 장려차원인가요?\n조상진]그런 거지..\n수영](신문을 접어 놓는다)\n조상진]일단 내년 초에 자본금 1천만원으로 무진회사 설립을 추진할 생각이다..\n수영](끄덕인 뒤 )좋은 생각이세요. 근데 중앙동 빌딩은 어떻게 됐어요?\n조상진]이 애비가 한다고 마음먹어 안되는 일 봤냐? 어제 계약 끝났어.\n수영]잘 됐군요.\n조상진]...근데 니 표정이 왜 그래?\n수영]왜요?\n조상진]걱정거리 생겻냐?\n수영]...사실은... .\n조상진]얘기해봐.\n수영]...어머니 때문에요.\n조상진]혼수 문제로 또 너한테 뭐라고 해?\n수영]저한텐 어떻게 하셔도 상관 없는데요... 영선이한테 심하게 하실까봐..\n조상진](O.L)늬 엄마란 사람, 감정을 속에다 담아두는 사람이 아니라.."
  },
  "Annotation": {
    "Summary1": "조상진은 회사 설립과 빌딩 계약 이야기를 하다가 수영의 표정을 보고 걱정거리가 있냐 묻고 수영은 어머니 때문이라 한다.",
    "Summary2": "",
    "Summary3": "수영이 사장실로 들어오자 조상진은 어제 신문을 건네주며 내년엔 무진회사를 설립할 계획이고 중앙동 빌딩도 계약을 완료했다고 말한다. 수영의 표정을 본 조상진은 걱정거리가 있느냐 묻고 수영은 어머니가 영선에게 심하게 대할까 봐 걱정이라고 한다."
  },
  "filename": "SCRIPT-fs_drama-42071-00022.json"
}