{
  "Meta": {
    "doc_id": "SCRIPT-fs_drama-42052",
    "doc_category": "SCRIPT",
    "doc_type": "fs_drama",
    "doc_name": "42052_DC_강이되어만나리052_2006.txt",
    "author": "KBS",
    "publisher": "KBS",
    "published_year": "2006",
    "doc_origin": "강이되어만나리052",
    "passage_id": "SCRIPT-fs_drama-42052-00033",
    "passage": "해설]<NA>영선이 수영을 따라가 저녁 시간을 보내고 온 것만으로도 큰 발전인지 모릅니다. 너무 한꺼번에 많은 걸 기대하지 말자고, 모든 것은 차차 시간이 해결해 줄 것이라고, 정옥은 애써 자신의 불안과 염려를 내려놓습니다. \n(밤).\n영선 방문 열고 들어온다 영채 책상앞에 앉아 있다가 돌아본다 영선 입은 채로 방바닥에 앉는다.\n영채]언니.\n영선]...\n영채](옆으로 와서 앉으면서 )언짢은 일 있었어?\n영선]...오늘이 며칠이니?\n영채]5월 7일.\n영선]...나한테 운명을 거스를 용기가 있었으면 어떻게든 대학도 갔겠지?\n해설]아버지이랑 싸워 이겨서? .\n영채](본다).\n해설] 방 (밤).\n이부자리에 옥란 누워 있고. 송준호 옆자리에 누워 있다가 벌떡 일어나 앉아 머리맡에 놓인 혼수리스트를 펴본다.\n옥란](돌아보면서 )뭘 자꾸 봐요? 그대로 해줄 것도 아니면서?\n송준호]이 예펜네가 얼마나 우릴 우습게 봤으면 이런 걸 보내냔 말여? 생각헐 수록 괘씸헤 죽것 다니까.\n옥란](본다)\n송준호 ]막말로 내가 영선이 빈 몸으로 보내도 즈그들은 감지덕지 해야 되야."
  },
  "Annotation": {
    "Summary1": "영선은 영채에게 운명을 거스를 용기에 대해 말하고, 송준호는 영선을 빈 몸으로 보내도 그 여자가 감사해야 한다고 한다.",
    "Summary2": "",
    "Summary3": "영선은 영채에게 자신이 운명을 거스를 용기가 있었으면 어떻게든 대학도 갔을 거라고 한다. 한편 송준호는 혼수리스트를 보다가 그 여자가 괘씸하다며, 영선을 빈 몸으로 보내도 고마워 해야 한다고 말한다."
  },
  "filename": "SCRIPT-fs_drama-42052-00033.json"
}