{
  "Meta": {
    "doc_id": "SCRIPT-fs_drama-42058",
    "doc_category": "SCRIPT",
    "doc_type": "fs_drama",
    "doc_name": "42058_DC_강이되어만나리058_2006.txt",
    "author": "KBS",
    "publisher": "KBS",
    "published_year": "2006",
    "doc_origin": "강이되어만나리058",
    "passage_id": "SCRIPT-fs_drama-42058-00029",
    "passage": "해설](밤).\n정옥 재봉틀에 이불 호청을 박고 있고(영선 혼수를 위한) 서운 옆에 앉아 만들어서 20켤레 정도 쌓아 떼어 광목버선의 코를 잡아 빼고 있다 문 열리고 영채 손에 종이 한 장을 들고 들어와서 옆에 앉는다.\n정옥](돌아본 뒤 영채 손에 든 종이를 )그게 뭐야?\n영채]각서.\n정옥]각서?\n서운]긍게 누구헌티 니가 각서를 받어?\n영채]읽어 볼게. (읽는다 )나 송영복은 동생 송영채에게 고등학교를 졸업할 때까지 일체의 학비를 다 댈 것이며, 대학 진학시입학금과 등록금도 보조해줄 것은 약속한다. 만약 약속을 위반할 시는 그에 대한 응분의 책임을 진다.\n서운]으미 으미. 그거 진짜로 영복이가 썼냐?\n영채]응, (보여주면서 ) 여기 도장도 찍었잖아?\n정옥](엄하게 )어떻게 된 거야?\n영채]내가 영복오빠한테 써달라고 했어. 진짜 이렇게 해준대.\n정옥]왜 그런 짓을 했냐구?\n영채]영복오빠 당구장 하잖아?\n정옥]영복이 당구장하는 거이이이랑 너이이이랑 무슨 상관이 있어서?\n영채]아버지 돈으로 차려줬잖아. 그러니까 내 학비 좀 대라는 거지.\n서운]성님 그건 영채 말이 맞지요. 지가 벌어서 당구장 채린것도 아니고 아부지 돈으로 채?응게...\n정옥](O.L)왜 시키지도 않은 짓을 하고 다녀?\n영채]나이이이랑 영복오빠가 알아서 할 일이야. 엄만 모른 척해두 돼.\n정옥]어떻게 모른 척을 해? 니가 누구 딸인데?\n서운]아이고 영복이가 머 넘이다요? 오빠가 돈 벌어 동생 학비 좀 대준다는디 멋이 어쩌서요?\n정옥]어린 게 너무 영악해도 정나미 떨어지는 거야. 영복이한테 학비 대라고 한 것도 어이가 없는데 각서까지 받아 와? .\n영채]이렇게라도 해야 속이 풀릴 것 같애서 그랬단말야.\n정옥]무슨 속이?\n영채](화가 나서)아버지 나한텐 공납금도 제대로 안주시면서, 몇10만원씩 들여 영복오빠 당구장 내 주신거...용서가 안돼. 그래서 그랬단말야, 속이 뒤틀려서(벌떡 일어나서 나가고 )\n서운](영채 뒷모습 본뒤 다시.정옥을 보면서)나는 영채가 이해되네요..\n정옥]자네는 가만히 있어.\n서운](입을 삐죽이는데)"
  },
  "Annotation": {
    "Summary1": "영채는 영복이 자신에게 학비 지원을 약속하는 각서를 읽고, 아버지가 영복에게 당구장을 내준 게 화가 난다며 나간다.",
    "Summary2": "",
    "Summary3": "영채 손에 들린 종이가 뭐냐고 묻는 서운에게 영채는 영복이 자신에게 고등학교 학비 및 대학 입학금과 등록금 지원을 약속하는 내용의 각서를 읽어준다. 정옥이 어찌 된 일인지 묻자 영채는 영복이 아버지 돈으로 당구장을 차려 자신의 학비를 대라고 했다며 정옥에게 모른척하라 한다. 정옥이 어이없어하자 서운은 영채 말에 동의하고 영채는 공납금도 잘 주지 않는 아버지가 영복에게 당구장을 내준 게 화가 난다며 나간다."
  },
  "filename": "SCRIPT-fs_drama-42058-00029.json"
}