{
  "Meta": {
    "doc_id": "SCRIPT-fs_drama-42076",
    "doc_category": "SCRIPT",
    "doc_type": "fs_drama",
    "doc_name": "42076_DC_강이되어만나리076_2006.txt",
    "author": "KBS",
    "publisher": "KBS",
    "published_year": "2006",
    "doc_origin": "강이되어만나리076",
    "passage_id": "SCRIPT-fs_drama-42076-00023",
    "passage": "해설]거실 (밤).\n영선 계단을 내려오는데.\n오복자]E...결혼하면 다 너처럼 되냐? 에펜네한테 빠지면 너같이 돼?\n해설] 이젠 하나밖에 없는 동생도 눈에 안 보여? 영선 멈춰 선다.\n오복자]E 늬 아버지랑 나... 수희 손가락 한 번 안 대고 키운 애야, 오래비가 뭔데 부모도 안때려 키운 동생을 때려? \n해설](밤).\n영선 방으로 들어와서 침대에 앉는다.배를 만지는 영선.\n수희 방 (밤).\n침대가 놓여 있고 호화롭게 꾸며진 수희방 침대와 책장 책상 오디오세트 TV까지 갖추어져 있다 영채 가방(트렁크)을 들고 들어오고, 아줌마(조상진집에 살던) 따라 들어온다.\n영채]수희, 언제 온댔어요?\n아줌마]( 하품을 막으면서 )몰라. 오고 싶을 때 오겠지 머..\n영채]며칠 신세 져야 할지도 몰라요.\n아줌마]며칠씩이나?\n영채]가정교사 자리 구할 때까지요.\n아줌마]수희 물건 손대지 말어, 수희가 싫어허니까.\n영채]걱정 마세요. 손 안대요.\n아줌마]이부자리 갖다 주께..\n영채](침대 가리키면서 )침대에서 자면 되는데.\n아줌마]이부자리 빨아서 깔아 놨어. 우리 수희 오면 고실고실허게 자라고(돌아서서 나간다 )\n영채]..."
  },
  "Annotation": {
    "Summary1": "영선은 오복자가 수희의 오빠를 나무라는 소리를 듣고, 아줌마는 수희 방 물건에 손대지 말라며 이부자리를 갖다준다.",
    "Summary2": "",
    "Summary3": "영선은 오복자가 수희를 때린 수희의 오빠를 나무라는 소리를 듣는다. 영선은 호화롭게 꾸민 수희의 방에 가방을 들고 들어와 수희가 언제 오는지 묻자, 아줌마는 모른다며 수희 물건에 손대지 말라고 하고는 이부자리를 갖다준다."
  },
  "filename": "SCRIPT-fs_drama-42076-00023.json"
}