{
  "Meta": {
    "doc_id": "SCRIPT-fs_drama-42061",
    "doc_category": "SCRIPT",
    "doc_type": "fs_drama",
    "doc_name": "42061_DC_강이되어만나리061_2006.txt",
    "author": "KBS",
    "publisher": "KBS",
    "published_year": "2006",
    "doc_origin": "강이되어만나리061",
    "passage_id": "SCRIPT-fs_drama-42061-00021",
    "passage": "해설]거실 (밤).\n오복자 수영(밖에서 돌아온 ) 수희 앉아서.\n수희]왜 그렇게 늙은 아저씰 시켜? 오빠 똘만이들 많은데 ?\n수영]그게 격식이래. 옛날엔 나이 지긋한 사람이 함진 애비했대.\n수희]지금이 옛날이야? 다들 친구들이 지고 가는데 뭣땜에 굳이 종태오빠 아버지한테 그런 일 시키냐구?\n수영]아버지가 그렇게 결정하셨어.\n수희]오빠가 안된다구 해..\n오복자]수희 너 왜 그래?\n수히]내가 뭘?\n오복자]이게 니가 흥분할 일이냐고?\n수희]내가 언제 흥분했는데?\n오복자]지금도 흥분하고 있잖아?\n수희]이해가 안된단 말야 난.\n오복자]어른들 하시는 일에 나서는 거 아냐. 아버지가 어련히 알아서 하시겠냐?\n수희](여전히 기분이 나쁜데)\n수영]함은 준비 다되셨어요?\n오복자]내일 싸기만 하면 돼.\n수영](일어서면서 )주무세요.\n오복자]그래.\n수영](이층으로 올라간다 )\n수희]말두 안돼. 왜 하필 종태 오빠 아버지냐구?(벌떡 일어나서 이층으로 간다.\n오복자](어이 없어서 본다 )"
  },
  "Annotation": {
    "Summary1": "종태의 부친이 함진아비가 된 게 불만인 수희를 수영이 아버지 결정이라 달래고, 오복자는 흥분하는 수희를 이상해한다.",
    "Summary2": "",
    "Summary3": "수희는 종태의 부친에게 함진아비가 된 것이 불만이고 수영은 아버지 결정이라고 달랜다. 오복자는 흥분한 수희를 이상히 여기며 어른들이 하는 일에 나서지 말라 타이르지만 수희는 여전히 기분이 나쁘다."
  },
  "filename": "SCRIPT-fs_drama-42061-00021.json"
}