{
  "Meta": {
    "doc_id": "SCRIPT-fs_drama-42068",
    "doc_category": "SCRIPT",
    "doc_type": "fs_drama",
    "doc_name": "42068_DC_강이되어만나리068_2006.txt",
    "author": "KBS",
    "publisher": "KBS",
    "published_year": "2006",
    "doc_origin": "강이되어만나리068",
    "passage_id": "SCRIPT-fs_drama-42068-00039",
    "passage": "해설]영복 조심스럽게 문을 열고 부엌을 들여다 본다 깨끗하게 정리된 부엌, 순금의 모습 보이지 않는다 (아침).\n영복 문을 조심스럽게 열어본다 순금의 모습 보이지 않고 옷가지 몇 개가 방바닥에 널려 있다 \n거실(아침).\n영복 거실로 나오면서.\n영복]순금아 순금아...\n해설]안방 문을 열어보면 안방도 사람 흔적 없다.\n.\n영복 방으로 들어와 두 손을 허리에 대고 한숨을 내쉰 뒤.\n영복]미치겟네. \n해설]자신의 머리를 주먹으로 때리면서.\n영복]미친놈...미친놈 그 불쌍한 걸 어쩌자고 (가슴을 치면서 )내가 죽일 놈이야.내가.\n해설]교정 (야외).\n두칠 생선 꾸러미를 놓고 벤치에 앉아 있고, 명주 종태를 데리고 온 다두칠 일어선다.\n명주]말씀 나누세요 아버님..\n두칠]고맙네.\n명주]아니에요. (종태 팔을 때리면서 )이따 봐 선배...\n종태]그래.\n명주](돌아서서 간다 )\n종태]앉으세요 .\n두칠](앉는다)\n종태]뭐하러 오세요. 잘 있는데?\n두칠]..잘 있다고 정육점으로 전화 한번 너주먼 큰일 나냐?"
  },
  "Annotation": {
    "Summary1": "순금이 보이지 않자 영복이 자책하는 한편 명주에 의해 종태와 만나게 된 두칠은 안부 전화라도 해주면 안 되냐고 묻는다.",
    "Summary2": "",
    "Summary3": "영복이 순금을 찾으려 집을 뒤져보지만 안 보이자 자신의 머리를 주먹질하며 자책한다. 한편 명주는 종태를 두칠에게 데려오고 자신은 자리를 피해준다. 두칠은 잘 지낸다고 전화라도 해주면 안 되냐며 묻는다."
  },
  "filename": "SCRIPT-fs_drama-42068-00039.json"
}