{
  "Meta": {
    "doc_id": "SCRIPT-fs_drama-42078",
    "doc_category": "SCRIPT",
    "doc_type": "fs_drama",
    "doc_name": "42078_DC_강이되어만나리078_2006.txt",
    "author": "KBS",
    "publisher": "KBS",
    "published_year": "2006",
    "doc_origin": "강이되어만나리078",
    "passage_id": "SCRIPT-fs_drama-42078-00047",
    "passage": "해설]방 (밤).\n오복자 문 열고 들어와 불을 켠다 런링 팬티 바람으로 이불을 말아 끌어 안고 깊은 잠에 빠져 있는 수영.\n오복자 옆으로 와서.\n오복자]수영아..수영아.\n수영](잠에 취해 있다 )\n오복자](몸을 흔들어 깨우면서 )일어나봐, 니 처 해산 기미 있대.\n수영](오복자 손을 뿌리치고 돌아눕는다)\n오복자](등을 때리면서 정신 좀 차려봐. 수영아.\n수영](이불을 둘러 써버린다 )\n오복자]얘가 정말...수영아 수영아 ...\n해설]별짓을 다해도 수영 일어날 줄을 모른다 수희 눈을 부비면서 잠옷 바람으로 들어와서.\n수희]무슨 일인데 이렇게 시끄러 한밤중에?\n오복자]늬 오래비가 정신을 못 차려. 니 새언니 애 낳게 생겼다는 데..\n수희]새언니가 애기를? 벌써?\n조상진](들어오면서 )수영이 못 일어나? (수영에게 오면서)수영아.\n오복자](수영을 때리면서 )미친놈, 그러게 뭐하러 예펜넬 대평리로 데려가? 촌구석으로?"
  },
  "Annotation": {
    "Summary1": "오복자는 수영의 아내가 해산 기미가 있다며 수영을 깨우고, 뭐하러 아내를 대평리로 데려갔다며 수영을 때린다.",
    "Summary2": "",
    "Summary3": "오복자가 자고 있는 수영에게 수영의 아내가 해산 기미가 있다며 깨우지만 깨지 않자, 수희와 조상진까지 합세하여 깨운다. 오복자는 뭐하러 아내를 대평리로 데려갔냐며 수영을 때린다."
  },
  "filename": "SCRIPT-fs_drama-42078-00047.json"
}