{
  "Meta": {
    "doc_id": "SCRIPT-fs_drama-42078",
    "doc_category": "SCRIPT",
    "doc_type": "fs_drama",
    "doc_name": "42078_DC_강이되어만나리078_2006.txt",
    "author": "KBS",
    "publisher": "KBS",
    "published_year": "2006",
    "doc_origin": "강이되어만나리078",
    "passage_id": "SCRIPT-fs_drama-42078-00031",
    "passage": "해설](밤 ).\n영복 옷을 벗어 바닥에 패대기를 친다.\n옥란]왜 그래 너?\n영복](돌아보고 )아냐 아무것도.\n옥란]첨 보는 사람한테 무슨 태도야 그게? 인살하면 받아줘야지.\n영복]쟤 우리 집 어떻게 왔어?\n옥란]엄마 친구가 소개했어..\n영복](앉으면서 ) 내보내 낼 당장.\n옥란]무슨 소리야?\n영복](양말 벗으면서 화내며 )내 보내란 말 몰라?\n옥란](앉으면서 )글세 왜 내보내냐구?\n영복]어떤 앤지도 모르는 앨 집에 들여 노면 어떡해 ?\n옥란]넌 알어?\n영복](정직하게 말하려다가 스스로 놀래서 )내가 어떻게 알어?\n옥란]알지도 못하면서 내보내라는 건 무슨 경우야?\n영복]첫인상이 드럽게 생겼잖아? 문 열어주는데 기절한 뻔했단 말야.\n옥란]무슨 소리야, 첫 인상만 좋구만, 말도 안되는 트집을 잡고 있어(나가려면)\n영복](옥란 붙잡고 )근본도 모르는 앨 집에 들여놨다가 집에 있는 물건 몽땅 훔쳐 달아나면 어쩌려구?\n옥란]걱정 마. 주민 등록증 내가 맡아놨으니까. (돌아서서 나간다 )\n영복](가슴을 두들기면서 )아이구 미치겠네. 내가 이러다 내명대로 못살지. (문 쪽을 보면서 )아유 저 앙큼발칙한 기집애."
  },
  "Annotation": {
    "Summary1": "옥란이 영복을 꾸짖자 영복은 당장 내보내라며 어떤 애인지도 모르면서 집에 들어놓으면 어떡하냐며 각종 트집을 잡는다.",
    "Summary2": "",
    "Summary3": "옥란이 영복에게 처음 보는 사람에게 무슨 태도냐며 꾸짖자 영복은 쟤가 우리 집에 어떻게 왔냐며 당장 내보내라고 한다. 영복은 옥란에게 어떤 애인지도 모르면서 집에 들여놓으면 어떡하냐며 첫인상이 더럽다는 둥 온갖 트집을 잡는다."
  },
  "filename": "SCRIPT-fs_drama-42078-00031.json"
}