{
  "Meta": {
    "doc_id": "SCRIPT-fs_drama-42076",
    "doc_category": "SCRIPT",
    "doc_type": "fs_drama",
    "doc_name": "42076_DC_강이되어만나리076_2006.txt",
    "author": "KBS",
    "publisher": "KBS",
    "published_year": "2006",
    "doc_origin": "강이되어만나리076",
    "passage_id": "SCRIPT-fs_drama-42076-00018",
    "passage": "해설]부엌 (밤 ).\n수영 부엌으로 들어와서 냉장고 열고 물병 꺼내 컵에 물을 따라서 식탁으로 와서 앉는다.\n물을 마시는 수영수희 잠옷 바람으로 들어와서 수영 앞에 앉으면서.\n수희]오빠한테 실망했어. 왜 그래, 못나게?\n수영]무슨 소리야?\n수희]일부러 종태 오빠 피한 거잖아? 그럴 필요까지 있었냐구?\n수영](컵을 내려놓고)내 말 잘 들어.\n수희](O.L)오빠가 무슨 얘기할지 다 알어. 종태오빠이랑 만나지 말란 얘기잖아?\n수영]알았으면 됐어. (일어선다)\n수희](따라 일어서면서 ) 왜 내가 다른 사람 땜에 내 인생을 포기해야 돼?\n수영]누가 너한테 인생을 포기하래?\n수희]그런 뜻이잖아? 오빠가 나한테 종태 오빠 만나지 말라는 건.\n수영](화가 나서 소리 지른다)니가 그 자식 (밖을 의식하고 소리 죽여) 만나선 안되기 때문에 그런거야. 그 자식이 무슨 의도로 너한테 접근하고 있는지 알기땜에.\n수희]무슨 의도로 접근하는데?\n수영]오늘 그 자식이 우리 집 왜 왔겠니 ?\n수희]그거야 아버지가 초대햇으니까..\n수영]...(감정을 참으면서)..내가 얘기했었지? 종태 나쁜 놈이라구. 니가 만나선 안될 놈이라구.\n수희]나쁜 사람은 오빠야. 오빠가 종태 오빠한테서 언니 뺏았잖아?\n수영](그대로 수희의 뺨을 때린다 ).\n수희](순간적으로 고개 숙인 채 뺨을 만지고 얼굴을 똑바로 들고 낮게)왜 때려?\n수영](당황하고 미안해서 )미안해 수희야.\n수희](소리치른다)아직까지 나 아버지한테도 맞아 본적 없어. 오빠가 왜 날 때리냐구?"
  },
  "Annotation": {
    "Summary1": "수희는 종태가 의도적으로 접근한 나쁜 사람이니 만나지 말라는 수영에게 나쁜 사람은 수영이라고 말한다.",
    "Summary2": "",
    "Summary3": "수희는 종태를 만나지 말라는 수영에게 왜 다른 사람 때문에 자신의 인생을 포기해야 되는지 묻는다. 수영은 종태가 나쁜 사람이며 의도를 가지고 수희에게 접근한 것이니 만나선 안 된다고 답한다. 그러자 수희가 나쁜 사람은 종태에게서 언니를 뺏은 수영이라고 대꾸하고, 수영은 수희의 뺨을 때린다."
  },
  "filename": "SCRIPT-fs_drama-42076-00018.json"
}