{
  "Meta": {
    "doc_id": "SCRIPT-fs_drama-42047",
    "doc_category": "SCRIPT",
    "doc_type": "fs_drama",
    "doc_name": "42047_DC_강이되어만나리047_2006.txt",
    "author": "KBS",
    "publisher": "KBS",
    "published_year": "2006",
    "doc_origin": "강이되어만나리047",
    "passage_id": "SCRIPT-fs_drama-42047-00037",
    "passage": "해설]강여사 이씨 앉아 있고, 정옥 작은 상에 식혜를 한 그릇 올려 들고 들어와 앞에 놓는다.\n정옥]촌에 오셔야 마땅하게 대접할 것도 없고... 식혜에요.\n이씨]제가 무신... 손님이가니요?\n강여사]들어봐.\n이씨]예..(식 헤 마시고 )맛있네요.\n정옥](문 열고 나가고 )\n강여사]우리 송사장이 두칠이헌티 이사가라고?담서?\n이씨]네.\n강여사]갔는가?\n이씨]안직은...\n강여사]송사장이 왜 두칠이더러 이사가라고?는지는 알고 잇는가?\n이씨]깊은 내막은 모르지만... 박서방 아들 종태가..\n강여사].O.L).두칠이 아들놈이랑 우리 영선이가 절대 서로 딴 맘이 있어서 그런 건 아녀. 가들이 한 울타리 안에서 컷잖은가?그러다 봉게 나이가 들어도 넘같지 않은 모양이제. 근디 넘의말 허기 좋아허는 사람들은 어디 예사로 보겄냐고 ?\n이씨](끄덕이면서 )그럴 수 있지요.\n강여사]쓸데없이 사람들 입줄에 오르내릴 깨미 두칠이를 이사 보낼라고 허는 것인게 달리 생각 말게.\n이씨]저는 입이 무건 사람이고만이요.\n강여사]나도 그렇게 봤기 땜에 허는 말이여. (잠시 바라보고 시간두어)자네 상진이집 알제?\n이씨]조상진 사장님이요?\n강여사]그려.\n이씨]아다마다요.\n강여사]가서...두 내외 좀 내가 보잔다고 전하게.\n이씨](본다)\n오복자](E)뭣땜에 우릴 보자구 해요?"
  },
  "Annotation": {
    "Summary1": "강여사는 이씨에게 송사장이 두칠을 이사하게 한 것은 남의 입방아에 오르기 싫어서라며 조사장 내외를 보고 싶다고 한다.",
    "Summary2": "",
    "Summary3": "정옥은 이씨에게 식혜를 대접하고 강여사는 송사장이 두칠에게 이사 가라 했느냐 묻는다. 이씨가 그렇다 하자 강여사는 송사장이 두칠에게 이사 요구한 이유가 사람들 입방아에 오르기 싫기 때문임을 설명한다. 강여사는 이씨에게 조상진 내외 더러 보자한다고 전하라 한다."
  },
  "filename": "SCRIPT-fs_drama-42047-00037.json"
}