{
  "Meta": {
    "doc_id": "SCRIPT-fs_drama-42048",
    "doc_category": "SCRIPT",
    "doc_type": "fs_drama",
    "doc_name": "42048_DC_강이되어만나리048_2006.txt",
    "author": "KBS",
    "publisher": "KBS",
    "published_year": "2006",
    "doc_origin": "강이되어만나리048",
    "passage_id": "SCRIPT-fs_drama-42048-00036",
    "passage": "해설]이럴 거면...왜 날 사랑했어? 끝까지 날 책임도 못질거면서?\n종태](차겁게 )내가 주젤 몰랐던 거지. .\n영선](본다)\n종태]내 한 몸 지켜내는 것도 버거운 놈이 사랑이라니...분수에 넘치는 호사였고, 사치였어..\n영선](눈물이 뺨으로 흘러 내린다 )\n종태]내가 얼마나 겁쟁인지 알게 된다면... 이쯤에서 널 놔준 나한테 감사하게 될 거야..\n영선](눈물 닦으면서 )어떻게 그런 말을 해?\n종태]나같은 건 기억에서 지워버려. 니 기억 속에 난 없는 사람이야.(일어선다)\n영선](일어나 종태의 가슴에 얼굴을 묻으면서 )이렇게 헤어질 순 없어.\n종태]...(영선의 몸을 떼어내고 )이생에서 우리 다시 만날 일은 없도록 하자. 꿈에서도 만나지 마. (돌아선다 )\n영선](그대로 주저 앉는다 )\n종태](영선을 뒤에 남기고 무섭게 감정을 참으면서 걸어간다)"
  },
  "Annotation": {
    "Summary1": "종태가 분수에 넘치는 사랑을 했다며 영선에게 헤어지자고 하자 영선은 울고 종태는 다시 만나지 말자고 돌아서 걸어간다.",
    "Summary2": "",
    "Summary3": "종태가 제 주제를 모르고 분수에 넘치는 사랑을 했다면서 영선을 보내준다고 하자 영선이 운다. 영선은 헤어질 수 없다고 하지만 종태는 다시 만나지 말자며 돌아서 걸어간다."
  },
  "filename": "SCRIPT-fs_drama-42048-00036.json"
}