{
  "Meta": {
    "doc_id": "SCRIPT-fs_drama-42050",
    "doc_category": "SCRIPT",
    "doc_type": "fs_drama",
    "doc_name": "42050_DC_강이되어만나리050_2006.txt",
    "author": "KBS",
    "publisher": "KBS",
    "published_year": "2006",
    "doc_origin": "강이되어만나리050",
    "passage_id": "SCRIPT-fs_drama-42050-00004",
    "passage": "해설]방.\n강여사 누워 있고, 옥란 강여사 다리를 주물러 주면서.\n옥란]아버님이 정말 그러셨어요?\n강여사]그려, 멀 먹고?단 말을 못?당게. 오밤중에도 말 떨어지자마자 갓 쓰고 나오셨어. 장에 가신다고 .\n옥란]아버님은 평생 어머님한테 폭 빠져 사신 거 같애요.\n강여사]바람도 내림이라는디.. 영복애빈 누굴 닮았는지.\n옥란]애비도 엄밀하게 따지면 바람둥인 아니에요 어머님.\n강여사]그려. 너 알고부텀은 기방 출입도 안했응게.\n옥란]저 알기 전엔 형님이 전부 아니었어요?\n강여사]전부는...애비 인물이 웬만?어야 여자들이 가만 안 놔두제.\n옥란](기분이 나쁜 것을 숨기고)그럼 형님이랑 저 말고 여자가 또 있었단 말에요?\n강여사]총각때는 영화배우 빰 쳤어. 가만히 있고?아도 여자들이 가만 안 놔두는디 어쩌겄냐? 이세상이 열여자 싫단 남자 있간디?\n옥란](말하려는데 )"
  },
  "Annotation": {
    "Summary1": "옥란은 강여사에게 아비가 총각 때부터 인기가 많았다는 말을 듣는다.",
    "Summary2": "",
    "Summary3": "아비가 총각 때 인기가 많았다는 말을 강여사에게 들은 옥란은 형님과 본인 말고 다른 여자가 또 있었냐고 묻는다. 그러자 강여사는 주변에서 여자들이 가만두지 않았다고 말한다."
  },
  "filename": "SCRIPT-fs_drama-42050-00004.json"
}