{
  "Meta": {
    "doc_id": "SCRIPT-fs_drama-42068",
    "doc_category": "SCRIPT",
    "doc_type": "fs_drama",
    "doc_name": "42068_DC_강이되어만나리068_2006.txt",
    "author": "KBS",
    "publisher": "KBS",
    "published_year": "2006",
    "doc_origin": "강이되어만나리068",
    "passage_id": "SCRIPT-fs_drama-42068-00014",
    "passage": "해설]방 (밤).\n수영 맨바닥에 손으로 턱을 만지작 거린 채 앉아 있다 방 (밤).\n침대가 들여져 있고 영선의 혼수가 풀지 않은 채로 침대위에 가득 쌓여 있다.\n수희 문을 연채로 방안을 들여다 보고 있다 거실 (밤).\n수희 계단 내려온다 조상진 거실에 앉아 신문을 읽고. 오복자 딸기를 포크에 찍어 조상진에게 주면서.\n오복자]오죽하면 내가 병이 났다 둘러댔겠냐고? 다들 예단랑 혼수 구경 온다는데..보여 줄게 있어야지..\n수희](앞에 와서 앉으면서 )오빠 내일 올 텐데 방은 저대로 놔두는 거야?\n오복자]몰라. 신경 쓰고 싶지도 않아.(딸기 먹는다)\n조상진](신문을 내려놓고 )이봐.\n오복자](본다)\n조상진]이왕지사 일이 이렇게 됐으니... 여기서 그냥 덮어 버리는 게 어때?\n오복자]뭘 덮어요?\n조상진]혼수니 예단이니... 떠벌려봐야 송준호가 다시 해줄 것도 아니고.."
  },
  "Annotation": {
    "Summary1": "수희가 영선의 혼수를 저렇게 둘 거냐고 묻자 오복자는 신경 쓰기 싫다고 하고 조상진은 그냥 덮는 게 어떠냐고 한다.",
    "Summary2": "",
    "Summary3": "영선의 혼수가 쌓여 있는 방을 보다 저렇게 둘 거냐고 묻는 수희에게 오복자는 신경 쓰기 싫다 한다. 조상진은 송준호가 혼수를 다시 해줄 것도 아니니 그냥 덮는 게 어떠냐 한다."
  },
  "filename": "SCRIPT-fs_drama-42068-00014.json"
}