{
  "Meta": {
    "doc_id": "SCRIPT-fs_drama-42078",
    "doc_category": "SCRIPT",
    "doc_type": "fs_drama",
    "doc_name": "42078_DC_강이되어만나리078_2006.txt",
    "author": "KBS",
    "publisher": "KBS",
    "published_year": "2006",
    "doc_origin": "강이되어만나리078",
    "passage_id": "SCRIPT-fs_drama-42078-00041",
    "passage": "해설](밤).\n깜깜한 국도를 공서방 자건거로 달리고 있다 \n(밤).\n땀에 젖은 영선 배를 움켜쥔 채 모로 누어서 신음을 하고 있고 강여사 정옥 서운 옆에 앉아서.\n정옥](영선의 손을 잡고 )영선아 영선아 \n해설]영선 계속 신음하고 .\n서운]대체 이것이 먼일이대요. 산달도 멀었는디?\n강여사]공서방 간지 얼매나 되?제?\n정옥]아직 30분 안?어요.\n서운]왜 해필 대평리로 와서 이런 일이 생게? 벵원가기도 에럽게?\n해설]이것이 다... 영선이 시어머니 탓이랑게. 식모도 서울로 보내불고 배부른 메느리헌티 집안일을 몽땅 시케묵었으니 요론 일 안셍게?\n영선이가 언제 우리 집에서 손에 물방울 한 번 묻쳐 봤냐고요?\n정옥]그만해 시끄러.\n서운](화가 나서 )내 말이 틀렸냐고요? 일도 헤본 사람이 허는 것이제.. 핵교 나와 직장댕기다 시집갔는디 먼 집안 일을 헤봤겄어요?\n강여사](소리 지른다 )시끄럽다는 디 먼 소리가 그리 많어?\n서운](소리 지른다). 먼 일 생기먼 우리 집에서 다 덤태기 쓰게 셍겟잖여요?\n정옥]나가 자넨. 나가 있어.\n서운]아이고 참말로 환장 헤 죽겄네(일어나서 나간다)"
  },
  "Annotation": {
    "Summary1": "배 아파하는 영선을 보고 서운은 집안 일을 시킨 영선의 시어머니 탓이라 하고 정옥과 강여사는 서운에게 그만 하라고 한다.",
    "Summary2": "",
    "Summary3": "공서방이 자전거로 깜깜한 국도를 달리고 있다. 영선은 배를 움켜 쥐고 신음하고 서운은 이런 일이 생긴 것은 집안일을 모두 영선에게 시킨 영선의 시어머니 탓이라 한다. 정옥과 강여사는 서운의 투덜거림에 그만 하라고 한다."
  },
  "filename": "SCRIPT-fs_drama-42078-00041.json"
}