{
  "Meta": {
    "doc_id": "SCRIPT-fs_drama-42071",
    "doc_category": "SCRIPT",
    "doc_type": "fs_drama",
    "doc_name": "42071_DC_강이되어만나리071_2006.txt",
    "author": "KBS",
    "publisher": "KBS",
    "published_year": "2006",
    "doc_origin": "강이되어만나리071",
    "passage_id": "SCRIPT-fs_drama-42071-00003",
    "passage": "해설](야외).\n두칠 서운 국밥을 앞에 놓고 서운 입맛이 없어 먹지 못하고 그런 서운을 두칠 안쓰럽게 보고 있다가.\n두칠]그레도 먹어야 되야. ?숟갈 더 떠.\n서운](글썽해서)가시내가 웬만큼 이뻐야 내가 걱정을 안 허지요. 멋헐라고 인물은 지 에밀 닮았는지 몰라. 박센 눈에도 우리 순금이 이쁘지요 이?\n두칠]이뿌제.\n서운]서울역에는 촌에서 무작정 상경허는 처녀들 나꿔채 가는 놈들이 있다는디... 박센도 들어봤소?\n두칠]글씨.\n서운]...어뜬 놈이 우리 순금이 인물 보고 눈독 디려서 으슥헌 디고 끌고가 어 찧게 해 부렀으먼 어쩌가...벨벨 생각 다 나서 어젯밤 한숨도 못 잤당게요 통금 해제 싸이렌 듣고 집에서 나와 미친년 맹키 ...\n두칠](O.L)나쁜 쪽으로는 상상허지 말어..\n서운]상상을 안 헐라고 헤도...자꼬 그런 쪽으만 생각된당게요.\n두칠]순금이가 효녀 아닝개비. 자네 애태우는 남 알 텡게...곧 펜지 헐거여.\n서운](믿고 싶어서 )...참말로 그러겄지요?\n두칠]그러제.\n서운]...(물을 마시고 마음을 진정한 뒤)종태는 어쩌고 있어요?\n두칠]맘 잡고 잘 있등만. 겉보기는 암시랑도 안헤.\n서운]앞으로 큰일 헐 사람잉게. 여자 땜이 인생 망치먼 안되지요.\n두칠]후배라는 아가씨가 선배 선배험서 따라댕기는디...얼굴도 참허고..여자가 서울 대핵교 들어갔으먼 얼매나 공부를 잘?겄는가? 남자도 들어가기 어려운 디가 서울 대핵교 아녀?\n서운]그 아가씨랑 종태가 어떤 사인디요?\n두칠]암만헤도 우리 종탤 좋아허지 싶어. 나헌티도 단번에 아버님 아버님 했쌌는 디 기분이 나쁘든 안 허드랑게..\n서운]잘되?네. 영선이는 대학 문전도 못 가봤는디... 서울 대핵교 나온 메느리 얻으먼 박센도 성공 이제.\n두칠](기분 좋은 것을 감추지 않고 )고시 합격이 먼첨이여. 고시에 붙어야 여자고 멋이고 있제."
  },
  "Annotation": {
    "Summary1": "순금이 잘못될까 서운이 걱정을 하자 두칠은 서운을 안심시키고, 두칠은 종태가 맘을 잡았다며 고시 합격이 먼저라 한다.",
    "Summary2": "",
    "Summary3": "서운은 순금이가 서울 가서 나쁜 사람들에게 끌려가 잘못될까 걱정하고 두칠은 순금이 효녀라 서운이 애태울 일은 안 하고 곧 편지도 할 거라며 안심 시킨다. 서운은 두칠에게 종태의 안부를 묻는데, 두칠은 종태가 마음잡고 잘 있다고 아가씨가 선배라며 따라다니고 두칠에게 아버지라 부르는데 기분이 나쁘지 않았다 한다. 두칠은 그래도 여자보다 고시 합격이 먼저라 한다."
  },
  "filename": "SCRIPT-fs_drama-42071-00003.json"
}