{
  "Meta": {
    "doc_id": "SCRIPT-fs_drama-42074",
    "doc_category": "SCRIPT",
    "doc_type": "fs_drama",
    "doc_name": "42074_DC_강이되어만나리074_2006.txt",
    "author": "KBS",
    "publisher": "KBS",
    "published_year": "2006",
    "doc_origin": "강이되어만나리074",
    "passage_id": "SCRIPT-fs_drama-42074-00008",
    "passage": "해설]대장간 앞 시장통 (야외).\n시장통에도 현수막이 걸려 있다 축. 화산의 희망, 화산의 미래 박종태군 사법고시 수석 합격... 화산 시장 상인 일동 두칠 종태를 대동하고 다니면서 시장사람들에게 종태를 인사시킨다 장씨가 더 신이 나서 두칠을 제치고 앞에서서 설친다.\n내실.\n멍구 빈대 들어오면서.\n멍구]하이 껄쩍지근해 죽겠네. .\n빈대]고시 합격하면 어떻게 되는데? 금방 판사되고 검사되냐?\n멍구]몰라 나도. (앉는다)\n빈대]부둣가에서 붙잡았을 때... 내가 짓밟았거든 내 얼굴 기억할까?\n멍구]당연히 기억하지 임마. .\n빈대](걱정스런 표정한뒤 )넌 그 때 뭐했어?\n멍구]난 형수님 빼돌렸지. 박종태 끌고 가고 때린 건 나이랑 아무 상관 없어.\n빈대]그래서 지금 너만 빠졌다고 좋아하냐?\n멍구]좋아 하긴 누가 임마?\n빈대]의리 없는 놈.\n해설]문 열리고 영복 들어오면서.\n영복]야. 니네 청소 안 해?\n빈대]심난해서 지금 청소고 뭐고 암 생각 없어요.\n영복]뭐가 심난한데?\n멍구]박종태요...고시 붙었는데 우릴 가만 두겠어요?\n영복]가만 안두면?\n빈대]형님이 일차로 끌려 갈지도 몰라요.\n영복]끌려가긴 어디로 끌려가 ? (멍구 빈대 머리를 쥐어 박으면서 )가서 청소나 해. 짜식들아 빨리."
  },
  "Annotation": {
    "Summary1": "빈대가 박종태를 짓밟은 적이 있는데 고시에 합격한 박종태가 자신의 얼굴을 기억하고 가만 안 있을 거라며 걱정한다.",
    "Summary2": "",
    "Summary3": "빈대가 멍구에게 고시에 합격하면 바로 판검사가 되냐면서 부둣가에서 박종태를 짓밟았는데 자신을 기억할 거라며 걱정한다. 문이 열리고 영복이 들어오자 빈대가 박종태가 고시에 붙어서 빈대와 영복을 가만 안 둘 거라며 마음이 심난하다고 말한다."
  },
  "filename": "SCRIPT-fs_drama-42074-00008.json"
}