{
  "Meta": {
    "doc_id": "SCRIPT-fs_drama-42059",
    "doc_category": "SCRIPT",
    "doc_type": "fs_drama",
    "doc_name": "42059_DC_강이되어만나리059_2006.txt",
    "author": "KBS",
    "publisher": "KBS",
    "published_year": "2006",
    "doc_origin": "강이되어만나리059",
    "passage_id": "SCRIPT-fs_drama-42059-00036",
    "passage": "해설]문 쪽에서 수영이 들어와서 두 사람을 발견하고 다가온다.\n정옥](수영을 발견하고 )수영이 왔다.\n영선](찻잔 내려놓는다 )\n정옥](자리에서 일어선다.\n수영]앉으세요 어머니.\n정옥](앉으면서 )바쁜 사람 불러낸 거 아닌지 몰라.\n수영](앞에 앉으면서 ) 바빠두 이보다 더 중요한 일은 없죠.\n정옥]영선랑 가구를 좀 봤는데... 수영이 방이 어떤 구존지 잘 몰라서...장롱은 점만 찍어놨어. 영선이 데려가서 방구경 좀 시켜줘..\n수영]저희... 장 새거 필요 없는데요. 방에 장 있어요.\n정옥]그래두 그게 아닌 거야..\n수영]알았습니다 어머니. 집에 영선이 데려갔다가 이따 대평리로 갈께요.\n정옥]너한테 여러 가지로 할 말 없다.\n수영]왜요?\n정옥]예물 값두 고스란히 다 돌려줬잖아?\n수영]언짢으셨다면 죄송합니다.\n정옥]언짢다니 고맙구 미안해.\n해설]레지 옆으로 오면.\n정옥]차 마셔.\n수영]나두 커피.\n레지](돌아간다)"
  },
  "Annotation": {
    "Summary1": "정옥은 수영에게 장롱은 골라놨으니 영선에게 방을 보여주라 하며 예물 값을 돌려줘서 고맙고 미안하다고 말한다.",
    "Summary2": "",
    "Summary3": "수영이 오자 정옥은 수영의 방 구조를 몰라 장롱은 골라놓기만 했다며 영선에게 방 구경을 시켜주라고 한다. 또 예물 값을 고스란히 돌려준 수영에게 정옥은 고맙고 미안하다고 말한다."
  },
  "filename": "SCRIPT-fs_drama-42059-00036.json"
}