{
  "Meta": {
    "doc_id": "SCRIPT-fs_drama-42076",
    "doc_category": "SCRIPT",
    "doc_type": "fs_drama",
    "doc_name": "42076_DC_강이되어만나리076_2006.txt",
    "author": "KBS",
    "publisher": "KBS",
    "published_year": "2006",
    "doc_origin": "강이되어만나리076",
    "passage_id": "SCRIPT-fs_drama-42076-00004",
    "passage": "해설]방.\n영선 수화기 들고 다이얼 돌리다가 수화기 다시 내려놓는다.\n<NA>언젠가 어디에선가 죽지 않았음으로 이승에서 다시 만나지리라 예상은 하고 있었습니다. 그러나 종태가 무슨 생각으로 이 자리에 나타났는지 그의 생각을 종잡을 수 없어 영선은 마음이 편치가 않습니다.\n영선 다시 수화기 집어 든다.\n대표 이사실 (수영 사장실).\n부감으로 수영 의자를 돌려서 앉아 있다 노크와 함께 여직원 문 열고 들어오면서.\n여직원]사장님...댁에서 전화에요.\n수영]...(천천히 수화기 들고 )여보세요여직원 문 닫고 나가고.\n영선]F 집에 안 오세요? 아버님이 기다리세요.\n수영]...오늘 집에 일찍 못 가. 갑자기 일이 생겼어 (수화기 내려 놓는다 )\n해설]방.\n영선 수화기 내려 놓는다. 마음이 불편하다.\n노크와 함께 문 열리고 수희 들어온다.\n영선](돌아보면)\n수희] ..오빠 연락 안돼요?\n영선]...갑자기 일이 생겼대요.\n수히] 갑자기 무슨 일?\n영선]...\n수희](탁자앞에 앉으면서 ) 아침에도 좀 이상했어. 어떻게든지 종태오빠 초대 안 하려구 애쓴 거 누가 모를 줄 알구?"
  },
  "Annotation": {
    "Summary1": "영선은 수영이 일찍 못 간다는 말에 불편한 마음이 들었고, 수희는 영선에게 종태를 초대 안 하려 애쓰는 걸 안다고 했다.",
    "Summary2": "",
    "Summary3": "영선은 종태가 무슨 생각인지 몰라 마음이 편치 않았다. 영선은 수영에게 전화를 걸었고, 일찍 못 간다는 말에 불편한 마음이었다. 영선의 방에 수희가 들어와 아침에 이상했다며 종태를 초대 안 하려 애쓰는 걸 안다고 했다."
  },
  "filename": "SCRIPT-fs_drama-42076-00004.json"
}