{
  "Meta": {
    "doc_id": "SCRIPT-fs_drama-42106",
    "doc_category": "SCRIPT",
    "doc_type": "fs_drama",
    "doc_name": "42106_DC_강이되어만나리106_2006.txt",
    "author": "KBS",
    "publisher": "KBS",
    "published_year": "2006",
    "doc_origin": "강이되어만나리106",
    "passage_id": "SCRIPT-fs_drama-42106-00015",
    "passage": "해설]오재동 손짓을 하면 비서가 의자를 갖다 놓는다. 수영 앞에 앉고 강치는 가방을 내려논 채 비서와 함께 서 있다.\n오재동]결혼 생활은 행복하지?\n강치]네 덕분에요.\n오재동]...내 행보가 궁금해 찾아 왔나?\n수영]...아닙니다 의원님 병문안 드리려구.\n오재동]조금 전에 다녀간 친구 봤나? (웃고 )날 눈치없는 늙은이 취급 말게. 내가 이러고 누워 있으니까 하루에도 몇 사람씩 찾아 오네.(웃고) 아직 일년 반이나 남아 있는데도 빨리 내자릴 내노라고 재촉하는 건지...\n수영](허리를 굽히면서 )의원님께서 다음번에도 출마하신다면 제 모든 걸 걸고 의원님을 적극 돕겠습니다.\n오재동](바라보고 비서에게 일어나키라는 시늉).\n비서.수영 ](오재동 일어나킨다 )\n오재동](잠시 눈을 감고 있다가 )자네, 올해 몇 살인가 ?\n수영]스물 여덞입니다.\n오재동]수물 여덟이라... 너무 이르지 않나, 지역구에 도전하기엔?\n수영]후년엔 서른살이 됩니다.\n오재동]서른살도 너무 일러..\n수영]현재 야당을 대표하는 중진의원님 한 분은 25살에 지역구에 당선되셨습니다..\n오재동]그분은학창시절부터 정치권에 한 발을 넣고, 국무총리 비서관도 지냈어.\n수영]제 젊음이 약점이 될 순 없다고 봅니다. 오히려 중앙 정부의 무관심을 환기시켜 낙후된 화산을 발전시키고 과거의 영화를 되찾으려면 젊음이라는 강력한 엔진이 필요한 때라구 생각합니다.\n오재동]내가 늙어서 그동안 일을 잘못했단 말로 들려.\n수영]죄송합니다 그런 뜻은 아니었습니다.\n오재동](바라보고 있다가 )내가 자릴 양보하면 당선 가능성은 있다구 생각되나?\n수영]제 입으로 말씀 드리긴 부끄럽지만 나름대로 텃밭은 가꿨놨습니다. 의원님 지지만 받을 수 있다면...누가 상대가 되든 승산은 충분히 있다고 생각합니다 ..\n오재동]선거는 젊음과 패기로만 치러낼 수 있는 게 아냐. 나야 자네 주례를 선 인연도 있고 부친하고의 친분 때문이라도 자넬 믿고 싶지만...당에선 모험보다 확실한 승리가 보장되는 후볼 원할 걸세.\n수영]제가 어떤 분을 만나 뵈어야 하는지 가르쳐 주십시오.\n오재동](본다 )"
  },
  "Annotation": {
    "Summary1": "오재동이 수영에게 자신이 양보하면 당선 가능성이 있냐고 묻자 수영은 오재동의 지지만 있다면 승산이 있다고 답한다.",
    "Summary2": "",
    "Summary3": "오재동이 강치에게 자신의 행보가 궁금해 찾아왔냐고 한다. 병문안 왔다고 하는 수영에게 오재동은 눈치 없는 늙은이 취급 말라고 하고, 수영은 오재동이 재출마 한다면 적극 돕겠다고 한다. 오재동은 수영이 지역구에 도전하기엔 너무 이르다고 하지만 수영은 자신의 젊음이 약점이 될 수 없다고 한다. 오재동이 자리를 양보하면 당선 가능성 있냐고 묻자 수영은 오재동의 지지만 있다면 누가 상대가 되든 승산이 있다고 대답한다."
  },
  "filename": "SCRIPT-fs_drama-42106-00015.json"
}