{
  "Meta": {
    "doc_id": "SCRIPT-fs_drama-42079",
    "doc_category": "SCRIPT",
    "doc_type": "fs_drama",
    "doc_name": "42079_DC_강이되어만나리079_2006.txt",
    "author": "KBS",
    "publisher": "KBS",
    "published_year": "2006",
    "doc_origin": "강이되어만나리079",
    "passage_id": "SCRIPT-fs_drama-42079-00012",
    "passage": "해설]택시 안(야외. 밤).\n택시 운전사 운전하고 있고., 수영 두 손으로 얼굴을 문지른다.\n정신이 나지 않은 채 창문을 열고 바람을 쐬면서.\n수영]아저씨. 조금만 더 빨리요. \n해설]택시 속력을 낸다 \n마당(밤).\n아직은 깜깜한 마당 송준호 마당에 불이 켜져 있고 대문에서 공서방이 자전거 대문 앞에 세우고 들어온다.\n공서방 마당으로 들어와서.\n공서방]순금 엄니 순금 엄니 \n해설]E 자동차 소리.\n서운]성님, 자동차 소리 아니어라우? 왔는개비네 조서방...(급히 신발신고 마당으로 )\n정옥](벌떡 일어나 방으로 간다 )\n해설]정옥방(밤).\n정옥 문 열고 들어오면 거의 기진한 영선 온 몸이 땀에 젖은 채 눈을 감고 있고 강여사 옆에서 영선의 손을 잡고 있다.\n정옥 영선의 옆으로 오면서.\n정옥]영선아... 정신 차려봐. 조서방 왔다. 눈 좀 떠봐.\n해설]마당(밤).\n수영 대문에서 뛰어 들어오고 서운 쫓아서 들어온다 공서방도 들어온다 수영 정신없이 마루로 올라간다"
  },
  "Annotation": {
    "Summary1": "수영이 오는 듯한 소리를 듣고 정옥은 기력 없는 영선의 옆에 다가가 눈 좀 떠보라고 말하고, 도착한 수영은 뛰어 들어온다.",
    "Summary2": "",
    "Summary3": "택시를 탄 수영은 기사에게 빨리 가 달라고 재촉한다. 한편 수영이 오는 것 같은 소리를 들은 정옥은 기진맥진한 영선에게 다가가 수영이 왔으니 정신 차려보라 하고, 도착한 수영은 뛰어 들어온다."
  },
  "filename": "SCRIPT-fs_drama-42079-00012.json"
}