{
  "Meta": {
    "doc_id": "SCRIPT-fs_drama-42077",
    "doc_category": "SCRIPT",
    "doc_type": "fs_drama",
    "doc_name": "42077_DC_강이되어만나리077_2006.txt",
    "author": "KBS",
    "publisher": "KBS",
    "published_year": "2006",
    "doc_origin": "강이되어만나리077",
    "passage_id": "SCRIPT-fs_drama-42077-00005",
    "passage": "해설]방 .\n조상진 수희 마주 앉아 음식 앞에 놓고 먹고 있다 조상진 열심히 먹고 있는 수희를 보고.\n조상진]수희야?\n수희]네?\n조상진]왜 밥만 먹구 있어? 아버지한테 할 말 있어서 온 거 아냐?\n수희]죄송했어요. 새벽에. 오빠이이랑 시끄럽게 해서.\n조상진]왜 그랬어 오빠이이랑?\n수희]...오빠가...\n조상진]얘기해봐.\n수희]...정직하게 말씀 드려두 돼요?\n조상진]그럼..\n수희]제가 좋아하는 사람이 있는데요...오빠가 그사람이이이랑 교제하는 거 반대해요.\n조상진]그게 누군데?\n수희]...종...태 오빠요.\n조상진](본다)\n수희]저...종태 오빠 좋아한지 오래됐거든요. 종태오빠가 제 첫사이이랑이에요 국민학교 6학년때 종태오빠 첨 우리 집에왔을 때부터...오빠 좋아하기 시작해서 지금까지 한 번도 맘이 변해 본적 없어요.\n조상진](본다)\n수희]제가 대학 들어가고 싶었던 건 종태오빠 때문이구요... 중.고등학교 때 남자애들이 사귀자고 막 편지 보내두 무시할 수 있었던도 오빠 때문이었어요.\n조상진]그래서...종태두 널 좋아하냐?\n수희]...아직도 제가 어린앤줄 알아요. 애 취급해서 속상해 죽겠어요..\n조상진]애 맞잖아?\n수희]아버지까지 왜 그러세요? 저 어린애 아니란 말에요. 종태오빠도 이젠 달라질 거에요. 아버지가 좀 도와주시면. .\n조상진](물컵을 들어 마시고 )늬 오래빈 어째서 니가 종태이이랑 교제하는 거 반대한대?\n수희]...오빠이이랑 종태오빠... 아버지 생각하시는 것 만큼 안 친해요."
  },
  "Annotation": {
    "Summary1": "수희는 조상진에게 오빠가 자기와 종태의 교제를 반대하고 오빠와 종태는 조상진이 생각하는 것만큼 친한 건 아니라 한다.",
    "Summary2": "",
    "Summary3": "수희는 종태와 사귀는 것을 오빠가 반대해서 싸웠다고 말하며 종태가 집에 처음 왔을 때부터 종태를 좋아했다고 말한다. 이에 조상진은 종태도 수희를 좋아하는지 묻고서 수희의 오빠가 수희와 종태의 교제를 반대하는 것을 의아해한다. 이에 수희는 두 사람은 조상진이 생각하는 것만큼 친하지 않다고 말한다."
  },
  "filename": "SCRIPT-fs_drama-42077-00005.json"
}