{
  "Meta": {
    "doc_id": "SCRIPT-fs_drama-42114",
    "doc_category": "SCRIPT",
    "doc_type": "fs_drama",
    "doc_name": "42114_DC_강이되어만나리114_2006.txt",
    "author": "KBS",
    "publisher": "KBS",
    "published_year": "2006",
    "doc_origin": "강이되어만나리114",
    "passage_id": "SCRIPT-fs_drama-42114-00022",
    "passage": "해설] 씬10 갯벌 (야외)\n갯벌에 십여명 인부들이 작업를 하고 있고.\n이씨 백합(대합]적당히 자란 )를 그릇에 담아 들고 둑으로 나와서 송준호 앞으로 가져오면서.\n이씨]인자 제법 많이 컸는디요.\n송준호](들여다 보면서 )아직 팔기에는 조깨 이르것제?\n이씨]겨울되먼은 충분허지요.\n송준호 ]이만허먼 실허게 잘 자란 것 아닝가 \n해설]이씨=그렇지요.\n송준호](수건를 꺼내 땀를 닦으면서 )근디 먼 날씨가 요?게 덥디야?\n이씨]오늘 34도래요.\n송준호](하늘를 보고 )비나 조깨 왔으먼 좋겄는디.\n이씨]곧 장마 올텐디요 뭐 (하늘를 본다 )\n해설]기숙사 (저녁 무렵).\n종태 기숙사 문 열고 들어오면두 칠이 방에 앉아 있다.\n종태]아버지.\n민석 ](두칠 옆에 앉아 있다가 일어서면서 )어디 있었어요? 도서관에도 없든데.\n종태]지도 교수님 면담좀 하느라고. 근데 무슨 일이세요?\n두칠]너 조깨 만날 일이 있어서.\n민석]그럼 말씀 나누세요..\n두칠]나땜이 일부로 그럴 필요 없는디 ?\n민석]아닙니다. 도서관 가야 돼요. (인사하고 나간다 )"
  },
  "Annotation": {
    "Summary1": "이씨는 송준호에게 대합이 커서 겨울에 팔기 충분하다고 하고, 종태는 자신을 만나러 온 두칠에게 무슨 일인지 묻는다.",
    "Summary2": "",
    "Summary3": "송준호는 대합이 제법 컸다며 겨울 되면 팔기에 충분하다는 이씨에게 날이 더워 비가 오면 좋겠다고 한다. 한편, 종태는 자신을 만나러 온 두칠에게 무슨 일인지 묻고, 민석은 도서관에 간다며 인사하고 나간다."
  },
  "filename": "SCRIPT-fs_drama-42114-00022.json"
}