{
  "Meta": {
    "doc_id": "SCRIPT-fs_drama-42113",
    "doc_category": "SCRIPT",
    "doc_type": "fs_drama",
    "doc_name": "42113_DC_강이되어만나리113_2006.txt",
    "author": "KBS",
    "publisher": "KBS",
    "published_year": "2006",
    "doc_origin": "강이되어만나리113",
    "passage_id": "SCRIPT-fs_drama-42113-00036",
    "passage": "해설]당구장 사람들 바글거리고 순임 손님과 당구를 친다 멍구 빈대 지켜보다가.\n빈대]야 저러다 사고 나는 거 아니냐?\n멍구]무슨 사고?\n빈대]애 떨어지는 거 아니냐고?\n멍구]떨어질 애면 진작에 떨어?어. 광팔이형랑 만갑이형 이단 옆차기로 날릴 때.\n빈대]그럼..혹시 애 뱄다는게 가짜 아냐?\n멍구](머리 쥐어박으면서 )금방 탄로날 거짓말을 뭐하러 해 임마?\n해설]내실.\n빈대 내실로 들어와 침대에 눕고 멍구 따라 들어와서 옆에 눕는다 순임 문 열고 들어와서.\n순임]안마담 김마담.\n멍구. 빈대]네.\n순임]커피 원하는 손님 계셔. 나가서 커피 좀 끓여서 대령해.\n멍구]알았어요. 근데 누나.\n순임]왜?\n멍구]누나 뱃속에 진짜로 애기 들었어요? \n해설]순임=호호.. 왜 그런 의심을 하는데?\n빈대]도대체 애밴 여자 같질 않아서요.\n순임]기다려 배부른 모습 곧 보여 줄 테니까. \n해설]영복 들어오면서.\n영복]왜 다들 여기 모여 있어?\n멍구]에...지금 나가요.."
  },
  "Annotation": {
    "Summary1": "빈대와 멍구는 순임의 임신이 거짓말이 아닐까 의심하는데 순임은 곧 배부른 모습을 보게 될 것이라고 말한다.",
    "Summary2": "",
    "Summary3": "빈대는 멍구에게 순임이 임신한 게 거짓말이 아니냐고 한다. 순임은 누워있던 둘에게 커피를 내오라 하고 아기를 가진 것 같지 않다는 멍구의 말에 왜 의심을 하나며 곧 배부른 걸 보게 될 것이라 말한다."
  },
  "filename": "SCRIPT-fs_drama-42113-00036.json"
}