{
  "Meta": {
    "doc_id": "SCRIPT-fs_drama-42061",
    "doc_category": "SCRIPT",
    "doc_type": "fs_drama",
    "doc_name": "42061_DC_강이되어만나리061_2006.txt",
    "author": "KBS",
    "publisher": "KBS",
    "published_year": "2006",
    "doc_origin": "강이되어만나리061",
    "passage_id": "SCRIPT-fs_drama-42061-00001",
    "passage": "해설]여직원 찻잔 두 개를 조상진과 두칠 앞에 놓고 뒤로 물러서서 나간다.\n조상진](찻잔을 가리키면서 )들지 (찻잔 들어 마시고 )\n두칠]...아 예.\n조상진]괜찮아.들어 어서..\n두칠](두 손으로 찻잔 들어 어려워하면서 한 모금 마신다 )\n조상진](찻잔 내려놓고 )종태는 지금 어디 있는가?\n두칠](찻잔 내려놓으면서 영선과 종태 관계를 따져 물을 걸로 각오하고 )예...서울 있고만이요. 공부허니라고 화산에는 통.. 내레올 틈이 없는 개비에요.\n조상진](찻잔 내려놓고 )종태랑 우리 수영이 둘도 없는 친구 아닌가?\n두칠](두려운 채)그렇다마다요.\n조상진]종태한테는 나도 할 만큼 했다고 생각하는데.\n두칠]아이고..머리털 뽑아 신을 삼아 드레도 모자래지요. 눈감을 때까장 사장님 은혜는...\n조상진](O.L) 은혜랄 건 없지만 종태가 고시 붙어 장차 판검사 되면...그땐 수영일 잊지 말라고 허게.\n두칠]수영이를 어?게 잊겄습니까? 개고리 올챙이적 생각허먼 안되지요.\n조상진]내가 오늘 자넬 부른 건...부탁이 있어서네.\n두칠](뜻밖이라 )저같은 놈헌티... 무신?\n조상진]거절하진 말게.\n두칠]먼 부탁인지 모르지만...사장님이 이놈헌티 모처럼 부탁 허시는 일을 어찌 감히 지가... 무신 일인디요?\n조상진]자네한테 함진애비 좀 해달라고.\n두칠]함진... 애비요?\n조상진]요샌 혼인이란 것도 격식이 무너져 함진애비마저도 신랑 친구들이 대충 하는 모양이지만.. 옛날엔 다 나이 지긋한 사람들이 함을 안졌는가?\n두칠]...그렇기는?지만...\n조상진] 자네도 송준호 사장 성미 알거야. 그 사람 유일한 자랑거리가 양반 뼈다귀 아닌가? 혼인만큼은 나도 그 사람이 원하는 격식에 맞춰줄 생각이네..\n두칠]사장님.. 지가 듣기로..함은 다복헌 사람이 진다고 허든디요...\n조상진]그런데?\n두칠]저는 예펜네랑 해로도 못했고요.\n조상진](O.L)대신 종태같은 수잴 아들로 뒀잖은가? 종태가 보통 아들인가? 화산이 낳은 수재 아닌가?"
  },
  "Annotation": {
    "Summary1": "함진아비를 해달라는 조상진에게 두칠이 함은 다복한 사람이 진다 하자 조상진은 종태가 보통 아들이 아닌 수재라 한다.",
    "Summary2": "",
    "Summary3": "조상진이 두칠에 종태 근황을 묻자 두칠은 서울서 공부한다고 한다. 조상진은 수영과 종태가 친한 친구고 자신도 종태에 할 만큼 했다 하자 두칠은 조상진의 은혜는 잊을 수 없다 한다. 조상진이 두칠에 함진아비를 해달라며 혼인만큼은 송준호가 원하는 격식에 맞춰 할 생각이라 한다. 이에 두칠은 함은 다복한 사람이 진다며 자기는 부인이랑 해로도 못했다 하자 조상진이 종태는 보통 아들이 아닌 수재라 한다."
  },
  "filename": "SCRIPT-fs_drama-42061-00001.json"
}