{
  "Meta": {
    "doc_id": "SCRIPT-fs_drama-42051",
    "doc_category": "SCRIPT",
    "doc_type": "fs_drama",
    "doc_name": "42051_DC_강이되어만나리051_2006.txt",
    "author": "KBS",
    "publisher": "KBS",
    "published_year": "2006",
    "doc_origin": "강이되어만나리051",
    "passage_id": "SCRIPT-fs_drama-42051-00040",
    "passage": "해설]방.\n옥란 들어오면 강여사 버선을 벗고 있다 옥란 옆으로 가서 .\n옥란]어머님.\n강여사]다 멋허는 예펜네 들이여?\n옥란](앉으면서 )친목 계원들인데요...오늘 제가 내는 날이었어요. 밖에 나가면 돈 많이 들거 같애서요...\n강여사]친목을 할려거든 제대로 된 것들랑 허든지. 앉아 있는 것들 중에 제대로 된 예펜넨 하나도 없었어.\n옥란]아니에요 어머님. 고등학교 선생 부인, 파출소 주임 부인, 시청 과장부인...다 얌전한 여자들이에요..\n강여사]얌전한 여자들이대낮부터 술 마시고 사교춤까지 춰?\n옥란]술은 곗날이라... 밥만 먹기 심심해 내논 거구요. 사교춤은...제가 좀 배우고 싶다니까 가르쳐 준거에요.\n강여사]춤 배워서 뭣에 쓸라고?\n옥란]혹시 알아요 어머님. 애비 사업 성공하면 높은 사람 초대해 춤출 일 생길지. 서양에선 다 그러잖아요?\n강여사]여그가 서양이냐? 서양이여?\n옥란]...(더 말하려다 생각 바꿔서 아양 떨면서 )죄송해요 어머님. 어머님 오실 줄 알았으면 그 친구들 집으로 오라고 안 했을 텐데..\n강여사]하나를 보먼 열을 아는 법이여. 니가 출신이 화류계라는 걸 꼭 그렇게 티를 내야 쓰겄냐?\n옥란](상처받으면서 본다)"
  },
  "Annotation": {
    "Summary1": "친목 계원들이 못마땅한 강여사는 옥란에게 화류계 출신이라는 걸 티 내야겠냐고 말하고 옥란은 상처를 받는다.",
    "Summary2": "",
    "Summary3": "강여사가 대낮에 술을 마시고 사교춤을 추는 옥란의 친목 계원들을 못마땅해 하자, 옥란은 자신이 사교춤을 배우고 싶다고 말해 가르쳐 준 것이라 말한다. 강여사가 옥란에게 화류계 출신이라는 걸 티를 내야겠냐 말하자, 옥란은 상처를 받는다."
  },
  "filename": "SCRIPT-fs_drama-42051-00040.json"
}