{
  "Meta": {
    "doc_id": "SCRIPT-fs_drama-42073",
    "doc_category": "SCRIPT",
    "doc_type": "fs_drama",
    "doc_name": "42073_DC_강이되어만나리073_2006.txt",
    "author": "KBS",
    "publisher": "KBS",
    "published_year": "2006",
    "doc_origin": "강이되어만나리073",
    "passage_id": "SCRIPT-fs_drama-42073-00022",
    "passage": "해설]레지 커피잔 두 개 가져다가 앞에 놔준다.\n종태](커피에 설탕 넣으면서)수습딱지 언제 떼?\n명주]다음 달에요.\n종태]힘들겠다?\n명주](블랙커피 마시면서)죽을 지경이죠., 뭐. 집에 못 들어간 지 사흘째야..\n종태]그래도 넌 기자가 천직인 거 같애.\n명주]나도 그렇게 생각해요. (들여다보고)천부적인 기자 감각으로 선배 기분 왜 그런지 알아 맞춰봐요? 고시 합격 함께 기뻐해줄 애인이 없어서야.\n종태](픽 웃는다)\n명주]웃을 일 아니라니까. (커피 마시고) 내가 좋은 여자 소개 시켜줄 수도 있는데.. 잠깐, 이젠 뚜쟁이들 몰려들어 그럴 필요두 없나? .\n종태](잔 내려놓고 )오늘 나 화산 내려가. ..다녀와서 한 잔 살게.\n명주]오케이.. 한섭이한테두 연락해 둘게 (야외).\n해설]방.\n다른 가구 변동없고, 한쪽에 테이블과 의자 두 개 놓여 있다 영선 부른 배를 안고 침대위에 옆으로 누워 있다E 전화벨 영선 힘들게 일어나 수화기 들고.\n영선]여보세요.\n수영]나야..."
  },
  "Annotation": {
    "Summary1": "명주는 자기보고 기자가 천직 같다고 하는 종태에게 여자를 소개해주겠다고 하지만 종태는 화산에 내려간다고 한다.",
    "Summary2": "",
    "Summary3": "종태는 명주에게 수습이 언제 끝나냐고 하며 기자가 네 천직 같다고 한다. 명주는 종태에게 고시 합격을 기뻐해 줄 애인이 없다며 좋은 여자 소개해주겠다고 하지만, 종태는 오늘 화산 내려간다고 말한다."
  },
  "filename": "SCRIPT-fs_drama-42073-00022.json"
}