{
  "Meta": {
    "doc_id": "SCRIPT-fs_drama-42070",
    "doc_category": "SCRIPT",
    "doc_type": "fs_drama",
    "doc_name": "42070_DC_강이되어만나리070_2006.txt",
    "author": "KBS",
    "publisher": "KBS",
    "published_year": "2006",
    "doc_origin": "강이되어만나리070",
    "passage_id": "SCRIPT-fs_drama-42070-00017",
    "passage": "해설]부엌.\n옥란 소매를 걷고 쌀을 문질러 씻으면서.\n옥란]속상해 속상해. 기집애란 기집애들은 다 서울 공장으로 가버려 사람 구하기도 어려운 때 도망을 가면 어쩌자는 거야? \n해설]E 초인종옥란 돌아보면서.\n옥란]혹시 순금이 년?\n해설]옥란 손을 마른 행주에 닦고 급히 나간다.\n나쁜 데루나 안 빠지면 다행이지.\n서운]나쁜데라니 어떤 데가 나쁜 덴디요?\n옥란]서울역에 무작정 상경한 시골처녀만 꼬여 데려가는 사람들 있는 거 얘기 못 들엇어? 그 사람들이 촌뜨기들 데려가서 뭐에 쓰겠어?\n해설]술집이나 사창가로 팔아 먹으려구 그런거야.\n서운](두 손으로 얼굴 감싸고 울면서 )순금아... \n해설]앞 (야외 오후).\n서운 울면서 대장간 앞으로 온 다대장간 문이 닫혀 있다 서운 눈물 닦으면서 서 있는데.\n장씨](옆으로 오면서 )아짐씨.\n서운](돌아본다)\n장씨]박가... 어젯밤에 서울 갔는디...\n서운]서울이요?\n장씨]종태 만나러 갔다요. 꿈자리가 뒤숭숭헤서.\n서운](한숨을 쉬고 돌아선다)\n장씨]그냥 가요?"
  },
  "Annotation": {
    "Summary1": "옥란은 도망간 순금이 나쁜 곳에 안 빠지면 다행이라고 하고 장씨는 서운에게 박씨가 서울에 종태 만나러 갔다고 한다.",
    "Summary2": "",
    "Summary3": "옥란은 사람 구하기도 힘든데 도망을 가면 어떻게 하라는 거냐며 순금이 나쁜 곳으로 안 빠지면 다행이라고 한다. 한편, 장씨는 서운에게 박가의 꿈자리가 뒤숭숭해서 종태 만나러 서울에 갔다고 한다."
  },
  "filename": "SCRIPT-fs_drama-42070-00017.json"
}