{
  "Meta": {
    "doc_id": "SCRIPT-fs_drama-42101",
    "doc_category": "SCRIPT",
    "doc_type": "fs_drama",
    "doc_name": "42101_DC_강이되어만나리101_2006.txt",
    "author": "KBS",
    "publisher": "KBS",
    "published_year": "2006",
    "doc_origin": "강이되어만나리101",
    "passage_id": "SCRIPT-fs_drama-42101-00030",
    "passage": "해설]현관에서 수희가 가방 들고 들어오고 뒤따라 오복자 들어오면서.\n오복자]방학도 얼마 안 남았는데...뭐하러 또 내려와 방학에나 내려오지 .\n수희](화 가서 나서 쏘면서 )방학은 방학이고... (가방을 바닥에 내려놓고 ) 서울에 그냥 있을 수가 없었단 말야.\n오복자]어째서?\n수희]나중에 얘기하께 \n해설]이층에서 영선 앞치마를 두르면서 내려온다.\n수희]새언니.\n영선]어머 아가씨...\n수희]언닌 얼굴 좋아지셨네요.\n영선]고마워요. 영채도 잘 있죠?\n수희]소식 못 들으셨어요?\n영선]무슨..?\n수희]영채 전공시헙치다 넘어져서요. 인대가 파열됐어요.\n오복자]인대가 파열되는 게 뭔데?\n수희]발을 다쳤어 발레 계속 할 수 있을지 어쩔지 모르게 됐단 말야.\n영선](놀라서 본다 )\n해설]<NA>어쩌면 철없이 밀고 들어오는 수희를 피하는 방법으로 \n(저녁 무렵).\n영선 문 열고 들어와서 침대로 와서 앉는다 <NA>(연결하여) 혼담에 응했다 백번 이해를 한다해도 수희를 통해 전해 들은 종태의 소식은 영선의 마음을 한없이 쓸쓸하게 씁쓸하게 만들어 놓습니다."
  },
  "Annotation": {
    "Summary1": "수희는 또 내려왔다고 구박하는 오복자에게 서울에 있을 수 없었다고 하고 영선에게는 인대가 파열된 영채 소식을 전한다.",
    "Summary2": "",
    "Summary3": "오복자가 방학이 코앞인데 뭐 하러 왔냐고 하자 수희는 서울에 있을 수 없었다며 그 이유는 나중에 얘기하겠다고 한다. 그리고 이층에서 내려온 영선에게 수희는 영채의 인대가 파열돼서 발레를 계속 못할 수도 있다고 전한다."
  },
  "filename": "SCRIPT-fs_drama-42101-00030.json"
}