{
  "Meta": {
    "doc_id": "SCRIPT-fs_drama-42059",
    "doc_category": "SCRIPT",
    "doc_type": "fs_drama",
    "doc_name": "42059_DC_강이되어만나리059_2006.txt",
    "author": "KBS",
    "publisher": "KBS",
    "published_year": "2006",
    "doc_origin": "강이되어만나리059",
    "passage_id": "SCRIPT-fs_drama-42059-00017",
    "passage": "해설]건설현장 (야외).\n지방 관청 분위기의.\n수영 작업복에 작업모를 쓰고 직원들 몇 사람 데리고 건설현장을 둘러보면서 현장감독에세 지시를 내리기도 하고 묻기도 한다.\n사장실.\n조상진 서류를 들여다 보고 있는데E 노크.\n조상진]네...\n해설]문이 열리고 강치 들어온다.\n조상진](돌아보고 )어 서오게.\n강치](인사하고 )\n해설](야외).\n송준호 승용차 바닷가를 달려 오고 있다 \n안 (야외).\n기사가 운전하고 옥란 송준호 뒷좌석에 타고 앉아서 옥란 밖을 내다보고 있다.\n송준호](같이 밖을 내다보면서) 기분 좀 어뗘?\n옥란]밖으로 나오길 잘 했어요..\n송준호]내가 뭐랬어? 기분이 깔아 앉을 때는 무조건 배깥으로 나와야 헌 다니까.\n해설](야외 ).\n현재 재활용 가구점 정도? 정옥과 영선 가구점에서 가구를 보고 있다 가구앞에서 꼼꼼하게 안을 살펴보고 가격을 물어보는 정옥, 영선에게 맘에 드냐 묻는다 영선 건성으로 고개 끄덕인다"
  },
  "Annotation": {
    "Summary1": "수영은 건설 현장에, 조상진은 사무실에 있고 송준호와 옥란은 기분 전환을 위해 바닷가를 달리는 차를 타고 있다.",
    "Summary2": "",
    "Summary3": "수영은 건설 현장을 직원들과 둘러보고 조상진은 사장실에서 서류를 보고 있는데 강치가 들어온다. 바닷가를 달리는 차에서 송준호는 옥란에게 기분 가라앉을 땐 밖에 나와야 한다고 한다."
  },
  "filename": "SCRIPT-fs_drama-42059-00017.json"
}