{
  "Meta": {
    "doc_id": "SCRIPT-fs_drama-42063",
    "doc_category": "SCRIPT",
    "doc_type": "fs_drama",
    "doc_name": "42063_DC_강이되어만나리063_2006.txt",
    "author": "KBS",
    "publisher": "KBS",
    "published_year": "2006",
    "doc_origin": "강이되어만나리063",
    "passage_id": "SCRIPT-fs_drama-42063-00033",
    "passage": "해설]조상진 오복자(한복) 고단한 얼굴로 옷도 갈아입지 않은 채 앉아 있고.\n아줌마 쟁반에 물컵 두 개 가져와서 두 사람 앞에 놔준 뒤 부엌으로 들어간다.\n오복자](물겁들고)송준호씨 오늘 무슨 생각했을까?\n조상진](물컵 들어 마신 뒤)장님 아니니 확실하게 보고 느꼈겠지. 이젠 저이랑 나 게임이 안된다는 거.\n오복자]오늘 화산시내 기관장이란 기관장은 다 왔죠?\n조상진](물컵 내려놓고 )화산 기관장들 뿐이야? 전주 이리에서도 다 왔어.\n해설]E 초인종아줌마 부엌에서 나와 현관으로 나가고.\n오복자](물 마신 뒤 )하객들이 우리쪽에만 줄을 늘어서 있었으니 남 보기에 얼마나 민망했을까?\n조상진]표정 보니까 잔뜩 주눅이 들어 있드라구.\n오복자]예식장 들어온 사람 거의 우리 쪽 하객 아니었어요?\n조상진]그렇다고 보면 틀림없어 \n해설]현관에서 아줌마와 부엌으로 이씨(양복차림의) 뒤따라 들어오면서 인사한다.\n조상진]어 자네 어쩐 일인가?\n이씨]대평리에서 사장님 내외분 모셔오다는디요.\n조상진]누가 .\n이씨]할머니께서요.\n오복자]우릴 왜요?\n이씨]잔치 음식 같이 나눠 잡숫자 그러시는 거 같어요.\n조상진]그럼 가지 뭐.\n수희](계단에서 내려오면서)아버지 저두 가요.\n오복자]넌 집에 있어.\n수히]싫어 갈래."
  },
  "Annotation": {
    "Summary1": "조상진은 송준호가 오늘 조상진과 게임이 안 된다는 것을 느꼈을 것이라고 하며 하객도 거의 우리 쪽이었다고 말한다.",
    "Summary2": "",
    "Summary3": "오복자는 조상진에게 송준호가 오늘 무슨 생각을 했을지 묻고, 조상진은 이제 자신과는 게임이 안 된다는 걸 느꼈을 거라 한다. 오복자가 거의 우리 쪽 하객 아니었냐 묻자 조상진은 그렇다고 한다. 이때 이씨가 들어와 대평리에서 둘을 데리고 오라 했다고 한다."
  },
  "filename": "SCRIPT-fs_drama-42063-00033.json"
}