{
  "Meta": {
    "doc_id": "SCRIPT-fs_drama-42059",
    "doc_category": "SCRIPT",
    "doc_type": "fs_drama",
    "doc_name": "42059_DC_강이되어만나리059_2006.txt",
    "author": "KBS",
    "publisher": "KBS",
    "published_year": "2006",
    "doc_origin": "강이되어만나리059",
    "passage_id": "SCRIPT-fs_drama-42059-00014",
    "passage": "해설]조상진 소파로 앉고 강치도 앉는다.\n조상진](앉아서)그래...진전은 좀 있는가?\n강치]네 .\n조상진]어떻게 됐어?\n강치]일층은 제과점, 3층 치과, 4층 기원, 5층은 주산 부기학원이 세들기로 돼 있는데요 제과점하고 기원 주인은 찾아냈거든요, 오늘 오전중으로 해약할 겁니다.\n조상진]치과랑 부기학원은?\n강치]그쪽도 수소문하고 있는 중이니까 곧 알아낼 수 있을 것 같애요.\n조상진]어려운 점은 없었나?\n강치]해약에 따른 손핸 이쪽에서 부담해준다고 했더니...별 무린 없었습니다.\n조상진](끄덕이면서 )건물 주인 반응은?\n강치]갑자기 두 층이나 해약을 한다니까 당황하죠. 고리에 급전까지 끌어쓴 거 같드라구요 .\n조상진](끄덕이고 )그랬겟지. 사채는 어디서 얼마나 썼는지 알아봐.\n강치]알겟습니다 .\n조상진]이상한 낌새 눈치 채게 하면 절대 안돼.\n강치]조심하겠습니다.\n조상진]일단 지켜보고 다른 세입자가 나타나 계약을 새로 하는지 살펴봐.\n강치]애들 풀어서 면밀하게 동탤 살피고 있습니다.\n조상진](만족한 듯 턱을 만지작 거린다 )"
  },
  "Annotation": {
    "Summary1": "조상진은 강치에게 건물 해약 건에 대해 묻고 이상한 기미를 알아차리게 해선 안 된다며 지켜보라고 한다.",
    "Summary2": "",
    "Summary3": "조상진은 강치에게 건물 해약 건의 진행 상황을 묻고 강치는 별 무리 없었다고 한다. 조상진은 강치에게 건물 주인의 반응을 묻고 이상한 낌새를 눈치채게 해선 안 된다며 지켜보라고 하고 강치는 알겠다고 답한다."
  },
  "filename": "SCRIPT-fs_drama-42059-00014.json"
}