{
  "Meta": {
    "doc_id": "SCRIPT-fs_drama-42063",
    "doc_category": "SCRIPT",
    "doc_type": "fs_drama",
    "doc_name": "42063_DC_강이되어만나리063_2006.txt",
    "author": "KBS",
    "publisher": "KBS",
    "published_year": "2006",
    "doc_origin": "강이되어만나리063",
    "passage_id": "SCRIPT-fs_drama-42063-00013",
    "passage": "해설]로비 (야외 ).\n화산의 기관장들이 보낸 화환들(도지사. 시장. 경찰서장. 세무서장. 상공회의소장. 우체국장.대한은행 지점장. 애국부인회.화산고등학교 동창회장. 수협 노합장. 농협 조합장...)등 등이 늘어서 있고 검은 양복을 입은 청년들이 가득 서있는 가운데 강치 영복 멍구 빈대의 모습이 보이고 송준호 흥이 나지 않은 표정으로 정옥(조촐한 한복)과 어색한 채 사이를 두어 서서 손님들을 맞이하고, 웃음을 귀에 까지 건 조상진과 오복자(귀에다 주먹만 한 진주 귀걸이를 달고) 수영(턱시도가 아닌 까만 예복)을 가운데 세운 채 화기애애하고 활기찬당당한 모습으로 하객을 맞이하고 있다. 연신 웃음을 터뜨리며 하객들과 과장된 액션으로 인사를 나누는 조상진의 모습과 혼인자체가 자랑스럽지 않은 송준호 모습이 대조되고 신랑 측으로 줄지어 선 하객들과 한산한 신부 측 하객이 두 집안의 분위기를 한눈에 느낄 수 있다. M 결혼 행진곡"
  },
  "Annotation": {
    "Summary1": "과한 몸짓의 조상진과 송준호의 혼인을 마음에 들어하지 않는 모습이 대조되고 하객 차이에서 집안 분위기가 느껴진다.",
    "Summary2": "",
    "Summary3": "많은 화환들이 있고 조상진은 과장된 몸짓으로 인사를 나누는 반면 송준호의 혼인이 탐탁치 않은 모습이 대조되고 신랑측의 많은 하객과 신부측의 한산한 하객에서 두 집안의 분위기가 보인다."
  },
  "filename": "SCRIPT-fs_drama-42063-00013.json"
}