{
  "Meta": {
    "doc_id": "SCRIPT-fs_drama-42059",
    "doc_category": "SCRIPT",
    "doc_type": "fs_drama",
    "doc_name": "42059_DC_강이되어만나리059_2006.txt",
    "author": "KBS",
    "publisher": "KBS",
    "published_year": "2006",
    "doc_origin": "강이되어만나리059",
    "passage_id": "SCRIPT-fs_drama-42059-00027",
    "passage": "해설]현관 앞 (야외).\n수희 책가방 들고 나오고 영채 따라 나오면서.\n영채]학굘 그만 다녀?\n수히]그래.. 이번 달까지만 다니구 서울가서 학원 다닐지 몰라.\n영채]학교에서 그래두 된대?\n수희]우리 아버지가 사친회장이잖아? .\n영채]아버지가 사친회장이면 출석일수 모자라두 졸업시켜준대?\n수희]우리 아버지가 강당 공짜로 지어줬어. 가는 게 있으면 오는 것도 있어야지. 교장이 그 정도 편리두 안 봐주겠냐?\n영채]...(어이가 없는 채 말 못한다 )\n수희]너 요즘 종태오빠 소식 들었어?\n영채]내가 어디서 들어?\n수희]니네 언니랑 연락하고 지내는 거 아니지?\n영채]미쳤니?\n해설]조상진 승용차 교문을 들어와서 학교 현관 쪽으로 온 다수희 승용차 쪽으로 가면서.\n수희]갔다 올게. (승용차 문을 열고 타고승용차 교문을 빠져 나간다.\n영채](보고 있다가 현관으로 들어간다 )\n해설]마당.\n강여사 마루에 앉아서 돋보기 끼고 콩나물 콩을 상위에 놓고 쭉정이를 골라내고 있다 서운 보따리 머리에 이고 들어오고 공서방 이불솜을 지게에 지고 들어오고 서운 뒤따라 들어온다.\n서운]할머니.\n강여사](돌아보고 )에미는 ?\n서운]영선이랑 헐일이 더 남았다고요."
  },
  "Annotation": {
    "Summary1": "수희는 영채에게 이달까지만 학교를 다니고 서울의 학원에 갈 거라고 말하고 종태의 소식을 묻는데 영채는 모른다고 한다.",
    "Summary2": "",
    "Summary3": "이달까지만 학교를 다니고 서울의 학원에 갈 수도 있다는 수희의 말에 영채가 가능한지 묻자, 아버지가 사친회장이니 될 거라 한다. 수희는 종태의 소식을 묻고 모른다고 하는 영채에게 그녀 언니와 연락하는 거 아니냐고 하자 영채가 펄쩍 뛴다."
  },
  "filename": "SCRIPT-fs_drama-42059-00027.json"
}