{
  "Meta": {
    "doc_id": "SCRIPT-fs_drama-42069",
    "doc_category": "SCRIPT",
    "doc_type": "fs_drama",
    "doc_name": "42069_DC_강이되어만나리069_2006.txt",
    "author": "KBS",
    "publisher": "KBS",
    "published_year": "2006",
    "doc_origin": "강이되어만나리069",
    "passage_id": "SCRIPT-fs_drama-42069-00037",
    "passage": "해설]방.\n강여사 옥란 서운 앉아서.\n서운](놀래서 )그것이 먼소리여? 긍게 우리 순금이가 도망을 갔다고?\n옥란]지 옷 챙기고 그것도 모자라 작년에 맞춰 두 번밖에 안입은 내 투피스랑 내 핸드백 구두까지 훔쳐 달아났다니까.\n서운](놀랜 채)그럴 리가 없어, 우리 순금이가..얼매나 착헌 디 에미도 몰르게 도망을 치겄어요? .\n옥란]그럼 내가 와서 지금 거짓말을 한단 말야?\n서운](눈물이 가득 고인 채로 )믿을 수가 없어요. 믿을 수가.\n강여사]서울로 가면 월급을 얼매 받는다 드라...그런 말에 귀가 솔깃 헌 것이여. 그 년이.\n서운]아니요 할머니...(눈물을 흘리면서 )우리 순금이는 돈이 멋인지도 몰른당게요 돈 맛을 알었으먼 지금까장 월급 한 푼도 못 받고 월명동에 붙어 있었겄라우? (눈물을 손등으로 닦고 치마를 뒤집어 코를 닦는다)\n옥란]제 옷까지 훔쳐 도망간 거 보면 그것이 바람 났는지도 몰라요.\n서운](울면서 )먼 소리다요 ? 바람이라니?\n옥란]요새 부쩍 내 화장품이 푹푹 줄어들어 그렇잖아도 내가 순금이 눈여겨 볼 생각이었어. 아무래도 사내 놈 알고 지내는 거 같애서.\n서운]애민 소리 마쑈. 순진허고 순진헌 내 딸헌티 사내 놈이라니?\n강여사]모전 여전이여. 서운이 너도 순금이 나이에 바람 안났냐?"
  },
  "Annotation": {
    "Summary1": "옥란은 순금이 옥란의 화장품을 쓰는 것 같아 남자와 바람이 났는지 지켜보려 했는데 옥란의 옷을 훔쳐 도망을 갔다고 한다.",
    "Summary2": "",
    "Summary3": "서운은 순금이 옥란의 옷까지 훔쳐서 도망을 갔다는 옥란의 말을 믿지 못하고 눈물을 글썽인다. 이어 옥란은 순금이 옥란의 화장품을 쓰는 것 같아 남자와 바람이 났는지를 지켜보려 했다고 말하고 이에 강여사는 서운도 순금의 나이에 바람이 났었다 말한다."
  },
  "filename": "SCRIPT-fs_drama-42069-00037.json"
}