{
  "Meta": {
    "doc_id": "SCRIPT-fs_drama-42076",
    "doc_category": "SCRIPT",
    "doc_type": "fs_drama",
    "doc_name": "42076_DC_강이되어만나리076_2006.txt",
    "author": "KBS",
    "publisher": "KBS",
    "published_year": "2006",
    "doc_origin": "강이되어만나리076",
    "passage_id": "SCRIPT-fs_drama-42076-00001",
    "passage": "해설]수희 수저를 놓고 있고 오복자 술주전자와 잔을 챙기고 있다 조상진 두칠과 종태를 데리고 부엌으로 들어오고 영선 석유곤로 앞에서 일어선다 종태 영선을 본다 영선 시선을 비킨 채로.\n조상진]어... 아가.\n영선](본다.\n조상진]...종태 모르냐?\n오복자]왜 몰라요? 종태 어렸을 때 대평리 집에서 함께 살았는데?\n조상진]젊은 사람들 답지않게 뭘 그렇게 내욀하고 그래 ? 아는 척좀 하면 어때서?\n수희](영선과 종태 번갈아 보고 있다)\n영선](고개 숙이고)\n종태](정중하게 고개 숙인다 )\n두칠](몸 둘 바 모르겠고 )\n오복자]여보 앉으세요.\n조상진]어 그래... 두칠이 앉지..\n두칠]예...\n조상진]종태도 앉어.\n수희](종태의 의자를 와서 빼준다 )\n종태](앉는다)\n조상진]아가.\n영선](본다)\n조상진]수영인 왜 안 오냐? 가서 전화 좀 해봐.\n영선](고개 숙여 보인뒤 나간다 )\n조상진]당신도 좀 앉어.\n오복자](앉으면서 최대한 다정하려고 애쓰면서 )종태 우리 집에 몇 년 만이냐? 이런 일이나 있으니까 얼굴 보네. 생전 얼굴 못 볼 줄 알았어.\n종태]죄송합니다.\n수희](냉큼 종태옆으로 와서 앉으면서 오복자 힐끗 본 뒤 )엄마도 오빠 고시 패스한 거 너무 기뻐하셨어. 우리 엄마 오빨 친아들처럼 생각하시거든.\n오복자](수희 힐끗 본뒤) 너이랑 인연이 어디 한두해냐? 우리집 있을 때 섭섭한 거 있었드래도 마음풀어.\n종태]섭섭한 거 없습니다.\n조상진]두칠이 자네 수영이 함진애비 해준거 정말 고맙네. 그때 경황없어.사례도 제대로 못했어.\n종태]...(표정이 굳는다)\n두칠]E 아이고 사례라뇨? 당치도 않습니다.\n조상진](술잔을 들고 )자...(두칠에게 )아들 훌륭하게 키워낸아버지부터.."
  },
  "Annotation": {
    "Summary1": "조상진은 영선에게 종태를 모르냐고 물은 뒤 두칠과 종태 등을 자리에 앉히고는 두칠에게 고맙다고 한다.",
    "Summary2": "",
    "Summary3": "조상진은 영선에게 종태를 모르냐고 물은 뒤 젊은 사람들 답지 않게 내외를 한다고 말한다. 조상진은 두칠과 종태에게 앉으라고 하고 오복자도 앉으라고 한다. 수희가 종태에게 오복자가 종태의 고시 패스 소식에 기뻐했다고 말하자, 오복자는 종태에게 섭섭한 게 있으면 풀라고 한다. 조상진은 두칠에게 수영의 함진애비를 해줘서 고맙다고 한다."
  },
  "filename": "SCRIPT-fs_drama-42076-00001.json"
}