{
  "Meta": {
    "doc_id": "SCRIPT-fs_drama-42105",
    "doc_category": "SCRIPT",
    "doc_type": "fs_drama",
    "doc_name": "42105_DC_강이되어만나리105_2006.txt",
    "author": "KBS",
    "publisher": "KBS",
    "published_year": "2006",
    "doc_origin": "강이되어만나리105",
    "passage_id": "SCRIPT-fs_drama-42105-00009",
    "passage": "해설](밤 ).\n종태 도서관에 앉아서 공부하고 있다.\n명주]E 이번에 이런 일 터진 건 하느님이 선밸 아껴 서에요 선배 제대로된 법조인 만들려구 종태 동작을 멈춘 채 생각한다 양식부(밤. 야외 ).\n해설]수영 영선 저녁 먹고 있다 수영이 먹은 스테이크 접시 비어 있고, 영선의 접시 남아 있다. 영선 음식을 다 먹고 내프킨으로 입을 닦고 있다.\n수영]남길 거야?\n영선]네.\n수영](영선의 그릇을 가져가서 고기를 썰어 먹는다 )\n영선]당신 배고팠나봐요..\n수영]좀 그랫어.\n영선]근데 왜 나와요? 집에서 먹지.\n수영](멈추고 보면서) 당신은 그런 게 문제야. 쓸데없이 타인한테 배려가 많은 거.\n영선](본다)\n수영]서울 왔으니까 좋은 데가서 밥 먹자,이쁜 옷도 좀 사달라, 이기적인 여자가 얻어 내는 것도 많은 법이야.\n영선]내가 철딱서니 없는 여자엿으면 좋겠어요?\n수영](먹으면서)항상 철딱서니 없으면 그것도 피곤하지, 근데 당신처럼 철이 지나치게 들어 있으면..."
  },
  "Annotation": {
    "Summary1": "영선은 수영에게 철딱서니 없는 여자가 좋냐고 하니 수영은 당신처럼 지나치게 철이 들면 이라며 말끝을 흐린다.",
    "Summary2": "",
    "Summary3": "종태는 \"이런 일 터진 건 하나님이 선배를 아껴서다\"라고 명주가 했던 말을 떠올린다. 영선은 수영에게 철딱서니 없는 여자가 좋냐고 하니 수영은 당신처럼 지나치게 철 들면 이라며 말끝을 흐린다."
  },
  "filename": "SCRIPT-fs_drama-42105-00009.json"
}