{
  "Meta": {
    "doc_id": "SCRIPT-fs_drama-42074",
    "doc_category": "SCRIPT",
    "doc_type": "fs_drama",
    "doc_name": "42074_DC_강이되어만나리074_2006.txt",
    "author": "KBS",
    "publisher": "KBS",
    "published_year": "2006",
    "doc_origin": "강이되어만나리074",
    "passage_id": "SCRIPT-fs_drama-42074-00030",
    "passage": "해설]진찰실.\n수영 서 있고 포장 속에서 의사(50대 남자 나온다)\n수영]어때요 원장님? 우리 애기 건강한가요?\n의사](책상에 앉아서 챠트를 들여다 보고 ) 태아가 아래 쪽으로 많이 내려와 있네. 산모가 오래 서 계시나 ?\n수영](본다)\n해설]영선 포장에서 옷매무새 고치고 나오면영선에게 앉으라는 시늉하고 영선 자리에 앉으면.\n의사]오늘부턴 힘든 일 하시면 절대 안돼요. 산도가 2센치쯤 열려 있어서 잘못하단 조산할 가능성이 있어요.\n수영](놀라서)조산이요?\n의사](수영보면서)자네, 부인한테 무리한 일 시키는 거 아냐?\n수영]네?\n의사]. 출산때까지 가만히 누워 있게 해. 그러는 게 좋겠어.\n해설](야외).\n종태 걸어오다가 걸음을 멈춘다조산부인과 라는 간판이 붙은 병원 앞에 수영의?차가 서 있고수영이 배가 부른 영선을 부축해서 나오고 있다종태 순간적으로 몸을 숨겨 영선의 모습을 지켜보고 있다.\n수영 차문을 열어 영선을 태우고 자신도 탄 채 차를 출발시켜 종태쪽으로 와서 앞으로 지나간다. 종태 얼어 붙은 듯 그 자리에 서 있다."
  },
  "Annotation": {
    "Summary1": "의사는 영선에게 태아가 많이 내려와 있으니 힘든 일 하지 말라하고 수영에게는 출산 때까지 누워 있게 하라고 한다.",
    "Summary2": "",
    "Summary3": "의사는 태아가 많이 내려와 있다고 한다. 의사는 영선에게 조산 가능성이 있으니 힘든 일 하지 말라고 하고 수영에게는 출산 때까지 누워 있게 하라고 한다. 한편 종태는 산부인과에서 나오는 수영과 영선을 본다."
  },
  "filename": "SCRIPT-fs_drama-42074-00030.json"
}