{
  "Meta": {
    "doc_id": "SCRIPT-fs_drama-42075",
    "doc_category": "SCRIPT",
    "doc_type": "fs_drama",
    "doc_name": "42075_DC_강이되어만나리075_2006.txt",
    "author": "KBS",
    "publisher": "KBS",
    "published_year": "2006",
    "doc_origin": "강이되어만나리075",
    "passage_id": "SCRIPT-fs_drama-42075-00018",
    "passage": "해설]수영 수희를 끌고 수희방으로 들어와 문을 닫고.\n수영](낮게)어쩌자는 거야 너?\n수희](낮게)오빠야 말루 왜 그래? 오빠가 이러면 아버지 엄마까지 새언니이랑 종태오빠 관계 알게 돼. 그렇게 되길 바래?\n수영]너 이러려구 화산 내려왔어?\n수희]그냥...자연스럽게 행동해 오빤. 아버지 하시자는 대로 그냥 따라가.\n수영]너...그동안 서울에서도 종태이랑 계속 만나구 있었냐?\n수희](눈물 글썽이면서 ) 오빠한테 몇 번을 얘기해야 돼? 난 종태오빠 포기 못해.\n해설]수영 들어온다 영선 수영의 윗저고리 들고 있다 .\n수영](윗저고리 받아서 입으면서 )당신...오늘 대평리 가 있어.\n영선](본다)\n수영](돌아서서 문 쪽으로 간다)\n해설]거실.\n수영 이층에서 내려 오면 조상진 출근 차림인 채 현관으로 나가고 오복자 수히가 배웅하고 있다 영선 이층에서 내려온다.\n수영]어머니.\n오복자](돌아본다 )\n수영]영선이 대평리로 보낼 겁니다.\n오복자]대평리는 왜?\n수영]말씀 드렸잖아요 11,000,000,000,000원장님이...\n조상진](O,L)오늘 저녁 손님 치루고 내일 보내. 하루 늦게 보낸다고 어떻게 안돼.\n수영]아버지.\n조상진](화가 나서 )너..사내 새끼가 쪼잔하게 왜 그래? 한다한다 하니까..너무 심해. 이 세상에 너만 마누라 있어?\n수영]제가 이 사람 땜에 이러는 거 아니잖아요? 아버지 손주가.\n조상진](O.L 화가 나서 )유난 떨지 말어, 글세조상진 현관 나가고 수영도 화가 난 채 나간다.\n오복자](영선쪽 돌아보면서 )정말 넌 재주도 좋다. 어떻게 했길래 수영이 잴 저렇게 바보 칠푼일 만들어 놓냐 ?"
  },
  "Annotation": {
    "Summary1": "수희는 수영에게 아버지 말대로 하라며 종태를 포기하지 못한다고 하는데 수영은 영선에게 대평리에 가라고 한다.",
    "Summary2": "",
    "Summary3": "수영이 수희를 방으로 끌고 오자, 수희는 수영에게 수영이 이렇게 하면 모두 종태와 새언니의 관계를 알게 된다고 하며 아버지가 하라는 대로 하라고 한다. 수희는 계속 종태를 만나고 있었냐고 묻는 수영에게 종태를 포기하지 못한다고 한다. 이후 수영은 영선이 들고 온 윗저고리를 입으면서 영선에게 대평리에 가 있으라고 한다."
  },
  "filename": "SCRIPT-fs_drama-42075-00018.json"
}