{
  "Meta": {
    "doc_id": "SCRIPT-fs_drama-42072",
    "doc_category": "SCRIPT",
    "doc_type": "fs_drama",
    "doc_name": "42072_DC_강이되어만나리072_2006.txt",
    "author": "KBS",
    "publisher": "KBS",
    "published_year": "2006",
    "doc_origin": "강이되어만나리072",
    "passage_id": "SCRIPT-fs_drama-42072-00024",
    "passage": "해설]와이퍼 아웃되고 \n거실.\n오복자 화가 머리끝까지 나서 수화기를 꽝 내려놓고.\n오복자]아줌마 .\n아줌마](부엌에서 나온다)\n오복자]올라가서 새애 좀 내려오라고 하세요.\n아줌마](이층으로 가고 )\n오복자](팔짱을 끼고 숨을 몰아쉰다)\n해설]방.\n영선 새로 떼어 전화기를 물끄러미 바라보다 수건으로 닦는다 노크와 함께 문 열리고.\n아줌마]사모님이 내려 오시래요.\n해설]아줌마 문 닫고 가고.\n영선](돌아본 채 잠시 스톱 모션이 된다 )\n해설]거실.\n오복자 소파에 독이 오른 채로 팔짱을 끼고 앉아 있다 영선 이층에서 내려와 오복자의 꽃꽃한 뒷모습 오복자 앞에 와서 앉는다.\n오복자]...누구 생각이야, 니방에 전화 매단 건?\n영선]...(본다)\n오복자]...니가 원한 거야?\n영선]아니에요 어머니.\n오복자]무슨 비밀 얘기가 그렇게 많아서 방에다 전화까지 매달아?\n해설]하루 종일 일안하고 너한테 전화질만 하겠다니?\n영선]저두...아까... 좀 당황했는데요...\n오복자](O.L)돈이 썩어 나냐구? 일 이층에 전화 매달고 사는 사람...화산 시내에 또 있는지 눈 씻고 찾아봐. 우리 집 돈 지가 벌었다니? ? 아버지랑 내가 피땀 흘려 번 돈이야, .\n영선]...\n오복자]전화국 사람 돌려 보냇다구 했더니 뭐? 에미한테 한다는 소리가 유치하다구?\n영선]... 마음 상하셨으면 푸세요 어머니. 수영 씨가 말을 잘못한 거 같애요.\n오복자]수영이 이렇게 된 게 누구 탓인 줄 알어?\n영선](본다)"
  },
  "Annotation": {
    "Summary1": "화가 난 오복자가 영선을 불러 영선의 방에 전화를 단 건 누구 생각이냐며 수영이 이렇게 된 게 누구 때문인 줄 아냐고 한다.",
    "Summary2": "",
    "Summary3": "화가 난 오복자는 아줌마에게 영선을 내려오라 하라고 한다. 영선이 내려오자 오복자는 영선의 방에 전화를 단 건 누구 생각이냐며 비밀이 그렇게 많은지 묻는다. 이어 오복자는 전화국 사람 돌려 보냈다는 자신에게 수영이 유치하다고 했다며 수영이 이렇게 된 게 누구 탓인 줄 아냐고 한다."
  },
  "filename": "SCRIPT-fs_drama-42072-00024.json"
}