{
  "Meta": {
    "doc_id": "SCRIPT-fs_drama-42068",
    "doc_category": "SCRIPT",
    "doc_type": "fs_drama",
    "doc_name": "42068_DC_강이되어만나리068_2006.txt",
    "author": "KBS",
    "publisher": "KBS",
    "published_year": "2006",
    "doc_origin": "강이되어만나리068",
    "passage_id": "SCRIPT-fs_drama-42068-00015",
    "passage": "해설]혼수 예단 트집 잡아 며느리 내칠 수도 없는 일 아냐? 그러니까...그냥 체념하고..\n오복자](O.L)체념할 일이 따로 있죠. 난 체념 못해요.\n조상진]이러다가 당신 진짜로 병이나.\n오복자]이미 병 났어요. 마음의 병이 심각해서 어떤 걸로도 치료가 안될 지경이야.\n수희]진짜 큰 일 났네, 우리 엄마 .\n오복자](O.L)예단이니 혼수 자체만 문제라면 간단해요. 막말로 진짜 가난해서 아무것도 못해왔다면 이나도 이해한다니까. 근데 이건...얘기가 달라송준호씨가 뼛속 깊이 우릴 무시하고 우습게 생각한다는 데 문제가 있는 거라구요.\n조상진]그건 당신보다 내가 더 절실하게 느끼는 거지만 우리한테 중요한 게 뭐야? 수영이잖아?\n오복자](O.L)당신 아들 수영이요? 여자한테 홀랑 빠져 이제 에미도 안중에 없어요.\n수희]진짜 걱정이야. 오빠가 사사건건 영선언니 편들고 눈꼴시게 굴면 어떡해? 속 뒤집어져서?\n오복자](화가 진정이 안된다)"
  },
  "Annotation": {
    "Summary1": "오복자는 예단이 문제가 아니라 송준호가 우리를 무시한다며 수영은 영선에게 빠져 자신은 안중에도 없다고 한다.",
    "Summary2": "",
    "Summary3": "오복자는 예단과 혼수가 아니라 송준호가 우리를 무시하고 있는 게 문제라 한다. 조상진이 수영이 제일 중요하지 않냐 하자 오복자는 수영이 영선에게 빠져 자신은 안중에 없다 한다."
  },
  "filename": "SCRIPT-fs_drama-42068-00015.json"
}