{
  "Meta": {
    "doc_id": "SCRIPT-fs_drama-42050",
    "doc_category": "SCRIPT",
    "doc_type": "fs_drama",
    "doc_name": "42050_DC_강이되어만나리050_2006.txt",
    "author": "KBS",
    "publisher": "KBS",
    "published_year": "2006",
    "doc_origin": "강이되어만나리050",
    "passage_id": "SCRIPT-fs_drama-42050-00033",
    "passage": "해설]방.\n강여사 이씨 정옥 앉아 있고, 이씨 가슴에서 봉투를 꺼내 두 사람 앞에 내놓는다.\n정옥](강여사를 본 뒤 다시 이씨를 보면서 )뭐에요 이게?\n이씨]조사장님 사모님께서...\n정옥](봉투에서 내용물을 꺼내서 들여다 본다 )\n해설]가는 붓으로 씌여진..혼수품목이라는 제목아래 세로로.\n냉장고 ]태래비시고모내외 시이모 내외 시외삼촌 내외 각각 남자(양복 한 벌.여자 한복 한 벌 )\n신랑예물]시계. 반지. 만년필 \n해설]정옥 씌여진 혼수 품목을 일독하고 심장이 짓눌리면서 강여사를 본 뒤 강여사 앞으로 놓고 돋보기 찾아서 건네준다.\n강여사](돋보기 쓰고 내용물을 읽어본다)\n해설]서운 작은 상에 술주전자(정종)와 잔 간단한 다와 상을 차려 들어오면서.\n서운](상을 놓고 앉으면서 )중신애비 애쓰시네요. 한 잔 드시쑈.\n이씨]...예.\n서운](술을 따르다가 종이를 들여다 보면서 )그것이 뭣이대요?\n정옥](종이를 접는다 )\n서운](술을 다 따르며 )멋이간디 (이씨에게 )우리 성님 얼굴이 저렇게 흙빛이 되야요?\n이씨](헛기침)"
  },
  "Annotation": {
    "Summary1": "이씨가 혼수 품목이 들어 있는 종이를 건네고, 이를 읽은 정옥은 심장이 짓눌린 채 강여사에게 건네준다.",
    "Summary2": "",
    "Summary3": "이씨가 정옥과 강여사 앞에 조사장 사모가 줬다며 봉투를 꺼낸다. 봉투를 열어보자 혼수 품목이 들어있고 이를 본 정옥은 심장이 짓눌리고, 이를 강 여사에게 돋보기와 함께 건네준다. 마침 서운이 상을 차려 가져온다."
  },
  "filename": "SCRIPT-fs_drama-42050-00033.json"
}