{
  "Meta": {
    "doc_id": "SCRIPT-fs_drama-42067",
    "doc_category": "SCRIPT",
    "doc_type": "fs_drama",
    "doc_name": "42067_DC_강이되어만나리067_2006.txt",
    "author": "KBS",
    "publisher": "KBS",
    "published_year": "2006",
    "doc_origin": "강이되어만나리067",
    "passage_id": "SCRIPT-fs_drama-42067-00034",
    "passage": "해설]교정 (야외 ).\n종태 명주 벤치에 앉아서.\n명주]아예 입주 하래요?\n종태]응.\n명주]사모님이 선배되게 맘에 들었나부네?\n종태]...날 보니까 자기 남편 생각난대. .\n명주]그럼 그 말이 사실인가?\n종태]무슨 말?\n명주]서창수 부장검사... 처가에서 키웠단 소문 있어요.\n종태]처가에서? .\n명주]서창수검사도 가난한 농부 아들이래요.. 고학해서 학교 다니느라 지지리 고생한 모양이야. 사모님 만나 결혼한 뒤 포목상으로 거부가 된 장인어른 막강한 재력이 서창수검살 청렴한 검찰의 표상으로 만들었고. 그덕에 출세 가돌 달리게 됐다 ...뭐 그런 얘기죠.\n종태]...\n명주]혹시 그 집에 딸 없어요?\n종태]몰라. .\n명주]있는지 알아봐요. 혹시 선배가 사윗감으로 점찍혔는지 모르니까.\n종태]소설 쓰냐 ?\n명주]이래 봬두 나 신문기자 지망생이야 .\n종태](웃고 명주 머리를 쥐어 박으면서) 그런 식으로 기사 썼다간 모가지야."
  },
  "Annotation": {
    "Summary1": "명주는 사모님이 종태를 맘에 들어하는 것 같다 하고 명주는 종태에게 서창수 검사가 처가에서 자랐다는 소문이 있다 한다.",
    "Summary2": "",
    "Summary3": "명주는 사모님이 종태를 맘에 들어하는 것 같다 하자 종태는 사모님이 자신을 보고 남편 생각이 났다 말했다고 한다. 명주는 종태에게 서창수 부장검사가 처가에서 자랐다는 소문이 있다 한다."
  },
  "filename": "SCRIPT-fs_drama-42067-00034.json"
}