{
  "Meta": {
    "doc_id": "SCRIPT-fs_drama-42064",
    "doc_category": "SCRIPT",
    "doc_type": "fs_drama",
    "doc_name": "42064_DC_강이되어만나리064_2006.txt",
    "author": "KBS",
    "publisher": "KBS",
    "published_year": "2006",
    "doc_origin": "강이되어만나리064",
    "passage_id": "SCRIPT-fs_drama-42064-00041",
    "passage": "해설]수희 책가방 들고 호떡이 든 봉지를 한 손에 들고.\n수히]안녕하세요 아저씨?\n두칠]어...그려.\n장씨]야 나 가께.\n두칠]그려. .\n장씨](대장간을 나가고 )\n수희](호떡이 든 봉지 내밀면서 )아저씨 이거 드세요.\n두칠](받으면서 )멋이여 이것이?\n수희]호떡이요. 저쪽에서 샀어요 아저씨 드리려구.\n두칠]멀 이런 걸...어쨌든 고마워. 사왔응게 잘 먹으께.\n수희]우리 오빠 결혼식에 함 져다 주신거...종태오빠가 알아요?\n두칠]화산 오도 안 헷는디 어찌 알겄어.? (호떡봉지 적당한데 놓고 연장들을 치운다)\n수희]어제 왔어요 종태오빠.\n두칠]종태가 어딜 와?\n수희]예식장에요.\n두칠](본다)\n수희]영화동 가봤더니 오빠 없어서 일루 왔는데... 집에도 안 들르고 그냥 갔나부죠?\n두칠]...예식장엘 왔드란 말이제, 종태가?\n수히]잠깐 서 있다가 그냥 나갔어요.\n두칠](깔개에 털석 앉는다 )\n수희]얼마 전 제가 서울가서 종태 오빠 만났거든요.\n두칠](본다)\n수희]종태오빠 걱정 마세요. 예식장엔 왔지만...,영선언니 다 잊었어요.\n두칠](놀래서 ) 수희도 알어... ?\n수희]종태오빠이랑 영선 언니 사귄 거요? (웃고)걱정 마세요, 우리 아버지 엄마한텐 얘기 안 했으니까. .\n두칠]그러먼...수영이는? 수영이도 다 아는가?\n수희]영선언닌 우리 오빠 첫사이랑이래요. 아저씨도 모르셨죠?\n두칠](본다)\n수희]복잡하게 생각하지 마세요 아저씨. 종태 오빠 연분은 따로 있으니까요.\n두칠](본다)"
  },
  "Annotation": {
    "Summary1": "종태가 결혼식에 왔었다는 말에 두칠이 놀라자 수희는 종태가 영선을 잊었고 종태의 인연도 따로 있으니 걱정 말라고 한다.",
    "Summary2": "",
    "Summary3": "수희가 주는 호떡을 받은 두칠은 종태가 결혼식에 왔었다는 수희의 말을 듣고 자리에 주저앉는다. 종태가 영선을 깨끗이 잊었다고 하는 것을 듣고 두칠이 놀라자 수희는 부모는 모르니 걱정하지 말라고 한다. 수영에게 영선은 첫사랑이고 종태의 인연도 따로 있으니 심각하게 생각하지 말라고 수희가 말한다."
  },
  "filename": "SCRIPT-fs_drama-42064-00041.json"
}