{
  "Meta": {
    "doc_id": "SCRIPT-fs_drama-42050",
    "doc_category": "SCRIPT",
    "doc_type": "fs_drama",
    "doc_name": "42050_DC_강이되어만나리050_2006.txt",
    "author": "KBS",
    "publisher": "KBS",
    "published_year": "2006",
    "doc_origin": "강이되어만나리050",
    "passage_id": "SCRIPT-fs_drama-42050-00023",
    "passage": "해설]방 (새벽).\n송준호 옥란 멀찍이 누워서 자고 있다.\n송준호 팔을 뻗어 옥란을 끌어 당기면 옥란 송준호 팔을 뿌리친다.\n송준호](눈을 뜨고 )이봐.\n옥란](자리에서 일어나 앉는다)\n송준호](일어나면서 )자네 나헌티 계속 왜이려? 내가 멀 잘못?다고?\n옥란]당신 나 유혹할 때 뭐라구 했죠? 당신 가슴에 불을 붙인 사람은 나밖에 없다구요?\n송준호]언젯적 이 애기를 허고 있는 거여 시방?\n옥란]기방엔 첨이라구요? 무토막 잘라떼어 것같은 마나님 얼굴 바라보면 지루해서 하품밖에 안났는데 날 만나고 여자 좋은 거 알았다구요? .\n송준호]그건 사실이었어.진심이었다니까.\n옥란]남원기생 부용인 그럼 누구죠? .\n송준호](당황하면서 )부용이 이름은... 어디서 들었어?\n옥란]어머님한테 다 들었어요 당신 화려한 여자 관계 다.\n송준호]내가 자네 만난 뒤로 딴 여자 헌티 눈길 한 번 준 적 있엇는가?"
  },
  "Annotation": {
    "Summary1": "옥란은 송준호의 화려한 여자관계를 들었다고 하고 송준호는 옥란을 만난 후로 다른 여자에게 눈길 한번 준 적 없다고 한다.",
    "Summary2": "",
    "Summary3": "옥란은 송준호가 옥란뿐이라고 했는데 어머니가 송준호의 화려한 여자관계를 얘기해줬다며 부용의 이름을 댄다. 송준호는 옥란을 만나고 자기가 딴 여자에게 눈길 준 적 있냐고 한다."
  },
  "filename": "SCRIPT-fs_drama-42050-00023.json"
}