{
  "Meta": {
    "doc_id": "SCRIPT-fs_drama-42065",
    "doc_category": "SCRIPT",
    "doc_type": "fs_drama",
    "doc_name": "42065_DC_강이되어만나리065_2006.txt",
    "author": "KBS",
    "publisher": "KBS",
    "published_year": "2006",
    "doc_origin": "강이되어만나리065",
    "passage_id": "SCRIPT-fs_drama-42065-00035",
    "passage": "해설]강치 옆으로 오면서.\n강치]뭐야, 왜 그래?\n멍구]영복이형 맞았어요.\n강치]누구한테?\n빈대]여자한테요.\n강치](어이가 없어서 )뭐? \n해설]내실.\n영복 간이 침대에 앉아 있고, 멍구 영복입에다 물컵을 대주고 있다 영복 물을 마신다. 빈대 손을 주무르고 있다.\n강치 어이 없는 얼굴로 팔짱을 끼고 서서 보다가.\n강치]송영복. 죽어라 고추 떼다 내버려, 임마.\n영복]그 기집애가 폼만 잡는지 알았죠. 진짜 태권도 하는 년인지 어떻게 알았겠어요?\n강치]내가 뭐랬어? 여자하고 싸우지 말 랬잖아? 때려도 망신이고 맞아도 망신이라고?\n영복]에이 씨.\n멍구 빈대](낄낄 웃는다)\n영복]웃지마 자식들아. \n해설]마당.\n공서방 이불짐(영선 혼수)를 어깨에 메고 마당을 나가고 서운(외출복) 작은 보따리들 들고 나간다. 큰 보따리 한 개가 더 있다 옥란 정옥도 자잘한 보따리들 들고 나가고 강여사도 적당한 짐 하나 들고 나가면 서운 들어와 받아 들고 나가고 공서방 이불짐 다시 들고 나간다."
  },
  "Annotation": {
    "Summary1": "강치가 여자한테 맞아 간이침대에 앉아 있는 영복을 놀리자 영복은 태권도를 할 수 있는 여자인 줄 몰랐다고 한다.",
    "Summary2": "",
    "Summary3": "강치는 여자한테 영복이 맞았다는 말을 듣고 어이없어 한다. 강치는 간이침대에 앉아 있는 영복에게 남자 맞냐며 비아냥거리고, 영복은 그 여자가 태권도를 할 줄은 몰랐다고 한다."
  },
  "filename": "SCRIPT-fs_drama-42065-00035.json"
}