{
  "Meta": {
    "doc_id": "SCRIPT-fs_drama-42046",
    "doc_category": "SCRIPT",
    "doc_type": "fs_drama",
    "doc_name": "42046_DC_강이되어만나리046_2006.txt",
    "author": "KBS",
    "publisher": "KBS",
    "published_year": "2006",
    "doc_origin": "강이되어만나리046",
    "passage_id": "SCRIPT-fs_drama-42046-00032",
    "passage": "해설] 영복 영 채의 친구들을 손짓으로 부른다.\n영복]야...니들 이리 와봐.\n해설](야외).\nㅡ영복 영 채끌고 안으로 들어오고 영 채 친구들 따라서 들어온다 강치 멍구 빈대 돌아보고.\n영복](영 채를 데려와서)내 동생이야. 예쁘지? 나이랑 똑 닮았지?\n강치]닮긴 임마. 니동생 얼굴 구겨지잖아 기분 나빠서.\n영 채](눈을 아래로 깔고 도도한 표정하고 있다)\n해설]영복 영 채를 데리고 가서 구석 구석 구경시킨다 영 채 친구들 당구장 들어와 흥미롭게 구경하고.\n멍구](친구하나에게 큐를 주면서 )한 번 쳐 볼래요?\n해설]친구들 수줍은 듯 몸을 꼰다.\n멍구]가르쳐 줄께요.\n강치](멍구 때리면서 )살살이, 요건 여자만 보면 찝쩍대.\n멍구]아야.. (머리 만지면서 아픈 시늉)\n빈대](고소하고 )\n영 채친구들](재밌어하면서 킬킬 거린다 )\n해설]내실.\n영복 영 채 데리고 들어오면서.\n영복]여기가 내실이거든. 손님들 오면 얘기도 하고, 가끔 잠도 자고.\n영 채]이거 차리는데 돈 많이 들었겠네?\n영복]글세... .\n영 채]한두푼 든 건 아닌 거 같은데?\n영복]한... 40만원 쯤 들었나?\n영 채](놀라움 감추고 )그돈 누가 줬는데?\n영복]아버지 졸랐지 뭐. 어렵게 얻어냈어. 돈 벌어 갚기로 하고."
  },
  "Annotation": {
    "Summary1": "영복은 당구장에서 강치 등에게 영채를 동생이라며 소개하고, 영채에게 당구장 차릴 돈은 아버지에게 꿨다고 한다.",
    "Summary2": "",
    "Summary3": "영복은 영채 친구들과 영채를 데리고 들어온다. 그는 강치 등에게 영채를 동생이라고 소개한 후 영채에게 당구장을 구경시켜준다. 멍구는 영채 친구에게 큐를 주며 가르쳐준다고 한다. 이후 그는 영채에게 당구장 차릴 돈을 아빠에게 빌렸다고 한다."
  },
  "filename": "SCRIPT-fs_drama-42046-00032.json"
}