{
  "Meta": {
    "doc_id": "SCRIPT-fs_drama-42067",
    "doc_category": "SCRIPT",
    "doc_type": "fs_drama",
    "doc_name": "42067_DC_강이되어만나리067_2006.txt",
    "author": "KBS",
    "publisher": "KBS",
    "published_year": "2006",
    "doc_origin": "강이되어만나리067",
    "passage_id": "SCRIPT-fs_drama-42067-00028",
    "passage": "해설]사장실.\n조상진 문 열고 들어오면 이씨 소파에 앉아 있다가 일어선다.\n조상진]어...왔는가?\n이씨](허리 굽혀 인사한다)\n조상진](앉으라는 시늉을 하고 앉는다)\n이씨](앉으면서 )허사장이 몸이 달았고만이요.\n조상진]몸이 닳아?\n이씨]공사대금이 목을 조르는디다가 급전 얻어 쓴 것 땜이... 먼 일인지 5층까장 세가 하나도 안 나간 모냥이드라고요.\n조상진](표정 관리하면서 )그래서... 융자 안고 2천에 끊어 준다든가?\n이씨]2천이먼... 손해만 본다고요.. 2백만 더 얹어 주시먼.\n조상진](O.L)십원 한 장도 더는 안돼.\n이씨]...사정이 딱허게 되?응게 사장님께서 양보를 조깨 허시지요...\n조상진]양보? 딴 데가서 알아보라고 해. 나는 한푼도 더 못쓰니까.\n이씨](너무한다 싶은 표정인데)\n조상진]대평리에선 뭐라든가? 집에 갔다 논 혼수가 전부라구 하던가?"
  },
  "Annotation": {
    "Summary1": "이씨는 허사장이 조급하다며 2천에 2백을 더 주는 것을 제안하지만 조상진은 한 푼도 더 못 준다고 한다.",
    "Summary2": "",
    "Summary3": "이 씨는 조상진에게 허사장이 조급해한다며, 공사대금과 급전을 빌려 쓴 것 때문에 그러니 2천에 2백을 더 주는 게 어떠냐고 말한다. 조상진은 더는 양보해 줄 수 없다고 답한다."
  },
  "filename": "SCRIPT-fs_drama-42067-00028.json"
}