{
  "Meta": {
    "doc_id": "SCRIPT-fs_drama-42069",
    "doc_category": "SCRIPT",
    "doc_type": "fs_drama",
    "doc_name": "42069_DC_강이되어만나리069_2006.txt",
    "author": "KBS",
    "publisher": "KBS",
    "published_year": "2006",
    "doc_origin": "강이되어만나리069",
    "passage_id": "SCRIPT-fs_drama-42069-00031",
    "passage": "해설]이씨 고개를 들이밀고.\n이씨]접니다 사장님.\n조상진](힐끗 본뒤 계속 서류 검토).\n이씨](돌아보고 )허사장님 들어오시지요.\n해설]이씨 허사장(50대 남자)를 데리고 들어온다.\n조상진](계속해서 서류 보고 있고)\n이씨]저기... 사장님.\n조상진](돌아본다)\n이씨]..(남자의 팔을 잡으면서)).허봉섭 사장입니다.\n조상진](일어나면서 거만하게 )아...허사장...(손을 내민다)\n남자](악수한다)\n조상진]우리가 만난 적이 있던가요.\n남자]없습니다..허지만 조사장님 모르먼 화산 사람 아니지요..\n조상진]하하하...그래요? (자리에 앉으라는 시늉을 하고 자신도 소파에 앉는다)\n해설]이씨, 남자 소파에 앉는다.\n조상진]건물을 팔기로 결심하셨다구요?\n남자]...(몸시 괴로워하면서 )..도저히 제 힘으론 뒷감당이 안되야서요...\n조상진]딱한 얘긴 들었습니다. 나도 지금 당장 그 건물이 필요한 건 아닌데... 우리 이성구씨 간곡한 부탁도 있고 해서요...\n이씨](속으로 혀를 내누르는 )\n조상진]이 과장 .\n이씨]예.\n조상진]계약서 쓸 준빈 해왔나?\n이씨]아 예... 그러믄요...(손가방에서 서류등을 꺼낸다)"
  },
  "Annotation": {
    "Summary1": "조상진은 건물을 감당하기 힘들어하는 허봉섭에게 이성구의 부탁이 있어 자신이 그 건물을 매입하기로 했다고 한다.",
    "Summary2": "",
    "Summary3": "서류를 보다 허봉섭에게 거만하게 인사를 건넨 조상진은 자신의 힘으로는 건물을 감당하기 힘들다며 괴로워하는 허봉섭에게 이성구의 부탁으로 건물을 자신이 매입하기로 했다고 한다. 이후 조상진은 이과장에게 계약서를 쓸 준비를 하게 한다."
  },
  "filename": "SCRIPT-fs_drama-42069-00031.json"
}