{
  "Meta": {
    "doc_id": "SCRIPT-fs_drama-42067",
    "doc_category": "SCRIPT",
    "doc_type": "fs_drama",
    "doc_name": "42067_DC_강이되어만나리067_2006.txt",
    "author": "KBS",
    "publisher": "KBS",
    "published_year": "2006",
    "doc_origin": "강이되어만나리067",
    "passage_id": "SCRIPT-fs_drama-42067-00024",
    "passage": "해설](수화기를 꽝 내려놓고 일어선다. 감정을 못삭여 씩씩 댄다 )\n(야외).\n손님이 바글바글한 당구장. 영복 신사복을 빼입고 손님들 관리에 바쁘다 악수도 하고, 인사도 하고. 잘 도와달라 부탁도 하고, 변죽이 좋아 형님 아우하면서 수완을 부린다.\n순임. 한쪽 테이블에 커피를 들고와서 주고 있다 영복, 순임 쪽으로 가서 의식적으로 순임을 무시하고 다른 사람과 악수하고 인사한다. 순임, 영복과 눈을 맞추려 해보지만 영복, 순임 완전 무시치고 다른 쪽으로 간다.\n순임](커피 마시고 있는 30대 남자에게 )저 자식 뭐하는 놈이에요?\n남자]누구?\n순임](가리키면서 )신사복 입고 설치는 놈이요.\n남자]그 친구가 여그 사장이잖여?\n순임]...사장..이요? (영복을 본다)>영복 테이블에서 시범으로 당구를 쳐 보이고 있다.\n남자]저친구 아부지가 송부자라고... 만석군이여."
  },
  "Annotation": {
    "Summary1": "당구장에서 순임이 영복을 보며 누구냐고 묻자 남자는 영복이 이 곳의 사장이며 그의 아버지가 송부자라고 한다.",
    "Summary2": "",
    "Summary3": "당구장에서 영복은 신사복을 입고 손님관리를 하느라 바쁘다. 순임이 영복을 가리키며 남자에게 누구냐고 묻자 남자는 영복이 이 곳의 사장이며 그의 아버지가 송부자라고 한다."
  },
  "filename": "SCRIPT-fs_drama-42067-00024.json"
}