{
  "Meta": {
    "doc_id": "SCRIPT-fs_drama-42075",
    "doc_category": "SCRIPT",
    "doc_type": "fs_drama",
    "doc_name": "42075_DC_강이되어만나리075_2006.txt",
    "author": "KBS",
    "publisher": "KBS",
    "published_year": "2006",
    "doc_origin": "강이되어만나리075",
    "passage_id": "SCRIPT-fs_drama-42075-00027",
    "passage": "해설]방.\n옥란 들어오면 송준호 잠옷 바람으로 주판을 놓고 영수증등을 펼쳐놓고 주판알을 굴리고 있다.\n옥란]여보.\n송준호](돌아보고)누구여?\n옥란]박서방이이랑... 종태 왔어요 당신한테 인사하러 왔대요.\n송준호]...(께름칙해서)인사?\n옥란]고시 패스했다구 왔는데...그냥 돌려 보낼 순 없잖아요?\n송준호]...(편치 않다)\n해설]거실.\n두칠 조금 불안한 채 거실에 앉아 있고, 종태 단정하게 앉아 있다 옥란 쟁반에 찻잔 두 개 들고 나와 두 사람 앞에 놓고. 앉으면서.\n옥란]집에 일하는 사람이 없어서요..\n두칠]순금이는 안직도 소식이 없다고 허든디..\n해설]종태 찻잔 들어 마시고.\n옥란]순금 엄마이랑 자주 만나세요?\n두칠](종태를 의식하고 당황하면서)자주 만나기는요...\n옥란]호호 두 사람 아주 잘 어울려요.\n두칠](어쩔 줄 모르고 )\n옥란](찻잔 가리키면서 )드세요.\n두칠]...예 (찻잔을 들어 마신다 )\n옥란]그 어려운...시험을 어떻게...붙는 것도 대단한데 수석까지 했어?\n종태](담담하게 )운이 좋았어요."
  },
  "Annotation": {
    "Summary1": "두칠과 종태는 송준호에게 합격 인사를 하러 오고, 두칠은 종태를 의식해서 옥란에게 순금 엄마와 자주 안 만난다고 한다.",
    "Summary2": "",
    "Summary3": "옥란은 두칠과 종태가 고시에 합격해서 인사하러 왔다고 송준호에게 말한다. 두칠은 순금 엄마와 자주 만나냐는 옥란에게 종태를 의식하고 그렇지 않다고 하고, 종태는 옥란에게 운이 좋아서 수석 합격을 했다고 말한다."
  },
  "filename": "SCRIPT-fs_drama-42075-00027.json"
}