{
  "Meta": {
    "doc_id": "SCRIPT-fs_drama-42061",
    "doc_category": "SCRIPT",
    "doc_type": "fs_drama",
    "doc_name": "42061_DC_강이되어만나리061_2006.txt",
    "author": "KBS",
    "publisher": "KBS",
    "published_year": "2006",
    "doc_origin": "강이되어만나리061",
    "passage_id": "SCRIPT-fs_drama-42061-00023",
    "passage": "해설] 막걸리집 (밤).\n(밤).\n수영 가내복으로 갈아입고 있다.\n노크와 함께 수히 들어오면서.\n수희]난 아버지보다 오빠가 더 이해 안돼.\n수영]정말 너 이상하구나?\n수희](문 쪽을 힐끗 본 뒤 낮게)종태 오빠이랑 영선언니 사귄 거 다 알면서 어떻게 종태오빠 아버지한테 함을 지게 하냔 말야?\n수영]아버지께서 결정하신 일이야.\n수희]오빠 이렇게 잔인한 사람인지 몰랐어.\n수영](어이 없어서 ) 어째서 내가 잔인해?\n수희]종태오빠 생각하면 이럴 순 없어.\n수영]종태 아버지가 기꺼이 함을 지겠다 나섰다잖아?\n수희]( 돌아서서 문을 꽝 닫고 나간다 )\n수영]...\n해설](야외. 낮).\n영채 책가방 들고 걸어오고 있다 뒷쪽에서 송준호 승용차 달려오면 영채 비켜서고 승용차 앞으로 가다가 저만큼에 멈춰 선다영채 그 자리에 멈춰서 있으면 승용차 빽으로 영채에게 온다 기사가 내려서서 영채쪽으로 와서 책가방을 받아주고 뒷좌석 문을 열어준다.\n영채 할 수 없이 차에 올라탄다"
  },
  "Annotation": {
    "Summary1": "수희는 종태의 아버지에게 함을 지게 한 수영에게 이렇게 잔인한 줄 몰랐다고 하고 영채는 할 수 없이 송준호의 차에 탄다.",
    "Summary2": "",
    "Summary3": "수희는 수영에게 종태와 영선이 사귄 거 알면서 종태의 아버지에게 함을 지게 하냐고 이렇게 잔인한 줄 몰랐다고 한다. 영채는 송준호의 차에서 기사가 내려 문을 열어주자 할 수 없이 차에 탄다."
  },
  "filename": "SCRIPT-fs_drama-42061-00023.json"
}