{
  "Meta": {
    "doc_id": "SCRIPT-fs_drama-42052",
    "doc_category": "SCRIPT",
    "doc_type": "fs_drama",
    "doc_name": "42052_DC_강이되어만나리052_2006.txt",
    "author": "KBS",
    "publisher": "KBS",
    "published_year": "2006",
    "doc_origin": "강이되어만나리052",
    "passage_id": "SCRIPT-fs_drama-42052-00016",
    "passage": "해설]소도시에서 꽤 고급하게 꾸민 중국집 방 조상진 오복자 수영 영선 수희 요리를 놓고 저녁을 먹고 있다.\n조상진과 수영의 앞에는 맥주잔과 맥주가 놓여 있다.\n분위기가 어색하고 입맛이 없는 영선은 먹는 둥 마는 둥 하고 수영은 그런 영선을 배려하여 음식을 권하기도 한다.\n그런 수영을 바라보는 오복자 눈길이 곱지 못하고.\n수희]언니 중국 음식 싫어해요?\n영선]아냐...\n수희]왜 통 못 먹어요?\n영선]먹고 있어.\n조상진]중국 음식 싫어하면 다른 데로 가는 건데...\n영선]아니에요. .\n오복자]설마 너 얌전 떠느라 못 먹는 건 아니지? .\n영선](본다)\n오복자]참고로 말하는데 난 얌전한 여자 별로 안 좋아한다. 내앞에서 얌전 떨 필요 없어.\n조상진]이사람아 우리식구이랑 첨 만나 식사하는 자리야. 어려워서 그러는 거지..\n오복자]어려울 게 뭐가 있어? 우리가 서로 모르는 사이도 아닌데?\n수영]모르는 사이 아니라두 지금 이 자린 어렵죠.\n오복자 ](영선을 보면서 )먹는 것도 시원시원, 말하는 것도 시원시원...난 그런 성격이 좋거든. 얌전 빼고 내숭 떨고 그런 성격 난 젤 싫어."
  },
  "Annotation": {
    "Summary1": "오복자는 통 먹지 못하는 영선에게 얌전 떠느라 못 먹는 거냐며 자신은 시원한 성격이 좋지 얌전 빼는 것은 싫다고 말했다.",
    "Summary2": "",
    "Summary3": "영선이 중국집에서 통 먹지를 못하자 수희는 이유를 물었고 오복자는 얌전 떠느라 못 먹는 거냐고 말했다. 오복자는 자기 앞에서 얌전 떨 필요 없다며 자신은 시원시원한 성격을 좋아하지 얌전 빼는 성격은 싫다고 말했다."
  },
  "filename": "SCRIPT-fs_drama-42052-00016.json"
}