{
  "Meta": {
    "doc_id": "SCRIPT-fs_drama-42105",
    "doc_category": "SCRIPT",
    "doc_type": "fs_drama",
    "doc_name": "42105_DC_강이되어만나리105_2006.txt",
    "author": "KBS",
    "publisher": "KBS",
    "published_year": "2006",
    "doc_origin": "강이되어만나리105",
    "passage_id": "SCRIPT-fs_drama-42105-00007",
    "passage": "해설]<NA>왜 마담뚜의 청을 거절하지 않앗는지 종태 스스로도 변명할 생각이 없습니다.\n(밤 야외.\n종태 걸어온다 \n<NA>어쩌면 저 깊은 내면에 숨겨진 자신의 추한 허영과 야망이었을 수도 있었고, 더 근본적으로는수영으로부터 자유롭지 못한, 그래서 수영을 뛰어 넘고 싶었던 속된 경쟁심의 발로 일수도 있음을 솔직히 인정하기 때문입니다. \n종태 터덜 터덜 걸어와서 벤치에 주저 앉는다.\n.\n종태 문 열고 들어오면 민석 책상앞에 앉아 있다가 돌아보면서.\n민석](접은 종이 편지 들어 보이면서 )선배 이거요.\n종태]뭐야?\n민석]경비 아저씨가 주든데요. 누가 선배 기다리다 그냥 갔나봐요.\n종태](쪽지 편지 펴서 눈으로 읽은 뒤 다시 접는다 )\n민석]누구에요?\n종태]...중매쟁이.\n민석]선 보는 거 내일이죠?\n종태]무기 연기하재.\n민석]왜요?\n종태]내일 조간 챙겨 봐 . (책을 챙겨 들고 나간다 )\n민석](고개 갸웃한다 )"
  },
  "Annotation": {
    "Summary1": "마담뚜의 요구를 거부하지 못한 자신을 반추하다가 들어온 종태는 민석이 준 쪽지를 읽고 선자리가 연기됐다고 말한다.",
    "Summary2": "",
    "Summary3": "종태가 마담뚜의 청을 거절 못한 자기 모습을 되돌아보며 걷다가 들어오자 민석이 쪽지를 건네준다. 쪽지를 본 종태는 선보는 거 무기한 연기됐다며 민석에게 내일 조간을 챙겨보라 한다."
  },
  "filename": "SCRIPT-fs_drama-42105-00007.json"
}