{
  "Meta": {
    "doc_id": "SCRIPT-fs_drama-42068",
    "doc_category": "SCRIPT",
    "doc_type": "fs_drama",
    "doc_name": "42068_DC_강이되어만나리068_2006.txt",
    "author": "KBS",
    "publisher": "KBS",
    "published_year": "2006",
    "doc_origin": "강이되어만나리068",
    "passage_id": "SCRIPT-fs_drama-42068-00008",
    "passage": "해설](밤).\n영선 들어오면 영채 옷을 갈아입고 있다가 돌아보고.\n영채]언니 (하면서 다가와 영선을 끌어안는다 )\n영선](역시 끌어안는다)\n영채](떨어뜨려 보면서 )별일 없었던 거지?\n영선]걱정했니?\n영채](영선을 앉히고 자신도 앉으면서). 엄만 언니 보따리 싸서 돌아올까봐 잠두 못 주무셨어.\n영선](씁쓸하게 웃는다 )\n영채]수영오빠...아니 형부가 잘 해줬어?\n영선]...(문득 책쪽을 돌아보고 )잠깐. (일어나서 책장앞으로 가서 수영이 빼낸 책을 뽑는다)\n영채]왜 그래?\n영선](책장을 넘기면 종태의 사진이 나온다 )\n영채](옆으로 오면서 )뭐야? (사진을 뺏아서 본 뒤 사진을 과감하게 찢는다).\n영선]뭐해?\n영채]이런 거 계속 놔둬서 문제 만들고 싶어? 그렇잖아도 종태 씨 결혼식 온 것땜에 엄마가 얼마나 맘 졸였는데?\n영선]너 지금 뭐랬어? 누가 왔다구?\n영채](자신의 실수임을 깨닫고 )말안하려 했는데...그래 종태 씨 왔었어"
  },
  "Annotation": {
    "Summary1": "영채는 영선이 돌아올까 봐 엄마가 제대로 자지도 못했다 하고 영선은 수영이 빼냈던 책을 보다 종태의 사진을 발견한다.",
    "Summary2": "",
    "Summary3": "영채가 영선에게 별일 없었는지 물은 후 엄마가 영선이 돌아올까 봐 잠도 못잤다 한다. 이어 영선은 수영이 빼냈던 책에서 종태의 사진을 발견하고, 영채는 종태가 결혼식에 왔던 것을 실수로 말한다."
  },
  "filename": "SCRIPT-fs_drama-42068-00008.json"
}