{
  "Meta": {
    "doc_id": "SCRIPT-fs_drama-42051",
    "doc_category": "SCRIPT",
    "doc_type": "fs_drama",
    "doc_name": "42051_DC_강이되어만나리051_2006.txt",
    "author": "KBS",
    "publisher": "KBS",
    "published_year": "2006",
    "doc_origin": "강이되어만나리051",
    "passage_id": "SCRIPT-fs_drama-42051-00012",
    "passage": "해설]안방에서 정옥 나오다가 영채를 본다.\n정옥]영채 너 거기서 뭐해?\n서운]야가 먼일 있는개비여요.\n정옥]올라와 봐.\n.\n해설]집 외경)(새벽. 야외 인써어트).\n수희 잠옷 바람으로 하품하면서 계단을 내려와 부엌으로 간다.\n방 (아침).\n송준호 옥란 밥상을 놓고 앉아서 아침을 먹고 있다.\n순금(앞치마 차림) 문 열고 들어오면서.\n순금]오빠 없어요.\n옥란]없어?\n순금]새벽에 나갔나 봐요. (찬장앞으로 가서 그릇정리).\n옥란]웬일이라니, 어제두 새벽에 나가더니. 여보,해가 서쪽에서 뜨겠어요.\n해설] 당신 아들 영복이 달라진 거 같애.\n송준호]될성부른 나무는 떡잎부텀 알아보는 것이여. 달라져봐도 기대헐 것 없다고..\n옥란]영복이가 사업 성공해서 당신 말년 호강시켜 줄지 누가 알아요?\n송준호]..애비 망신만 안 시키먼 성공이여.\n옥란](삐죽인다)\n해설](야외 아침).\n가슴에 애국 청년회 전단을 두른 강치 영복 멍구 빈대 똘만이 10여명 부둣가를 청소하고 있다.?차를 세워놓고 수영 한쪽에 서 있다. 한 손에는 썬그래스를 들고 지나가는 시민들 호의적인 눈길로 청년들을 바라보며 간다.\n수영 시민들 반응을 살핀다"
  },
  "Annotation": {
    "Summary1": "새벽의 집을 나간 영복의 변화에 옥란은 좋고 송준호는 회의적인데 수영은 애국청년회 활동에 대한 시민들 반응을 살폈다.",
    "Summary2": "",
    "Summary3": "송준호와 옥란이 아침을 먹는데 순금은 영복이 새벽에 나갔는지 없다고 하자 옥란은 영복이가 달라졌다며 좋아했지만 송준호는 회의적 이었다. 한편 수영은 영복 등이 속한 애국청년회의 부둣가 청소 활동에 대한 시민들의 반응을 살폈다."
  },
  "filename": "SCRIPT-fs_drama-42051-00012.json"
}