{
  "Meta": {
    "doc_id": "SCRIPT-fs_drama-42076",
    "doc_category": "SCRIPT",
    "doc_type": "fs_drama",
    "doc_name": "42076_DC_강이되어만나리076_2006.txt",
    "author": "KBS",
    "publisher": "KBS",
    "published_year": "2006",
    "doc_origin": "강이되어만나리076",
    "passage_id": "SCRIPT-fs_drama-42076-00029",
    "passage": "해설]방.\n밥상을 한쪽에 밀쳐놓고 수영 강여사한테 큰절을 올리고 영선 정옥 서운 서 있다. 수영 인사하고 앉으면 정옥 영선 서운 앉는다.\n강여사]아침은 먹고 왔는가?\n수영]예... 출근하는 길에 데려 올려구요.\n해설]가방을 보고.\n강여사]저건 먼 가방이여?\n수영]집사람 좀 맡기려고요 할머니.\n정옥](앉으면서 )어머니께서 허락 하신거야?\n수영]그럼요.\n서운 ](앉으면서 영선 배를 보면서 )배가 솔찮이 부르다 이? (고개 갸웃거리면서 )배 모냥은 아들 같은디...안 그래요 할머니?\n강여사]첫애긴개 아들이든 딸이든 건강허먼 되야.\n서운]조서방은 아들 지달리고 있을 텐디요?\n수영](웃고)전 딸이 좋은데요...하는 짓이 아들 같애요.\n정옥]아들 같애?\n수영]네, 발로 엄말 뻥뻥차구요... 보통 기운이 좋은 게 아니에요.\n정옥](좋아서 )아들 낳아야지. 아들 낳아야 돼 .\n수영]장모님 너무 젊으셔서...할머니 소리 들으시긴 좀 억울하실 거 같은데.. 괜찮으세요?\n정옥](웃으면서 )억울해, 억울해 죽겠어.(하다가 영선을 보면)"
  },
  "Annotation": {
    "Summary1": "수영은 서운과 정옥 등 영선의 가족들과 함께 영선 배 속의 아이가 아들인지 딸인지 이야기하면서 함께 웃는다.",
    "Summary2": "",
    "Summary3": "수영이 출근길에 영선을 친정에 맡기러 왔다고 한다. 서운이 영선의 배가 아들 배 같다고 하자 수영은 자기는 딸이 좋은데 아들 같다고 한다. 벌써 할머니 소리 듣기 억울하지 않냐는 수영의 말에 정옥이 억울하다며 웃는다."
  },
  "filename": "SCRIPT-fs_drama-42076-00029.json"
}