{
  "Meta": {
    "doc_id": "SCRIPT-fs_drama-42076",
    "doc_category": "SCRIPT",
    "doc_type": "fs_drama",
    "doc_name": "42076_DC_강이되어만나리076_2006.txt",
    "author": "KBS",
    "publisher": "KBS",
    "published_year": "2006",
    "doc_origin": "강이되어만나리076",
    "passage_id": "SCRIPT-fs_drama-42076-00019",
    "passage": "해설]방 (밤).\n수영 문 열고 들어온다 영선 침대에 모로 누운 채 깊은 잠이 들어있다 수영 윗옷을 벗어 침대에 던져 놓고 넥타이 반쯤 풀고 영선 옆에 앉아 잠들어 있는 영선을 들여다 본다.\n영선의 손을 끌어다가 잡는 수영.\n영선 몸을 뒤척이면서 눈을 뜬다.\n수영]자...(이불을 끌어다 덮어주는데)\n영선]언제 왔어요? (일어나 앉는다)\n수영]뭐하러 일어나?\n영선](머리칼 추슬르면서 )저녁은요?\n수영]먹었어. (영선 몸을 침대로 눕히면서 )자...어서.\n영선](다시 눕는다)\n수영](이불을 덮어준 뒤 일어나 나간다 )\n영선](눈을 뜨고 나가는 수영을 본다)\n해설]오복자 잠옷 바람으로 부엌으로 들어오면서.\n오복자]왜 그래 무슨 일이야?\n수희](울면서 )오빠가 날 때리잖아? 그것도 뺨을?\n오복자]무슨 황당한 짓이야 이게?\n수히](엉엉 울면서 부엌을 나가고 )\n수영](속이 터져서 식탁에 두 손을 짚은 채 있고)\n오복자](소리 지른다 )멋 땜에 수흴 때려?수희가 뭘 얼마나 잘못해서 그것도 여자 애 뺨을?\n조상진](잠옷 바람으로 들어오면서 )밤중에 웬 소란이야? 왜 그래?\n수영]죄송합니다.."
  },
  "Annotation": {
    "Summary1": "수영은 잠든 영선의 손을 잡은 뒤 나가고 부엌에서 수영에게 뺨을 맞은 수희가 울며 나가자 오복자가 왜 때렸냐며 소리친다.",
    "Summary2": "",
    "Summary3": "수영이 잠든 영선을 바라보다 손을 잡는데 영선이 눈을 뜨자 더 자라면서 방을 나간다. 부엌에서 수희가 수영이 자기 뺨을 때렸다면서 울며 나가고 오복자는 수영에게 왜 때렸냐며 소리치는데 조상진이 무슨 소란이냐며 들어온다."
  },
  "filename": "SCRIPT-fs_drama-42076-00019.json"
}