{
  "Meta": {
    "doc_id": "SCRIPT-fs_drama-42067",
    "doc_category": "SCRIPT",
    "doc_type": "fs_drama",
    "doc_name": "42067_DC_강이되어만나리067_2006.txt",
    "author": "KBS",
    "publisher": "KBS",
    "published_year": "2006",
    "doc_origin": "강이되어만나리067",
    "passage_id": "SCRIPT-fs_drama-42067-00022",
    "passage": "해설]영선 부엌으로 들어온다.\n서운](돌아보고 )아이고 영선아...배 고프냐?\n영선]아니에요. (정옥 옆에 앉으면서 )집에 별일 없었어요?\n정옥]무슨 별일?\n영선]어머니 표정이 어두우신 거 같애서요.\n서운]니가 잘 본거여.\n정옥](꾸중하듯이 돌아본다 )\n서운]아녀 암것도. (헛기침하고 ) 딸자석 부잣집에다 시집 잘 보내놓고 먼 벨일이 있겄냐? (도마쪽으로 간다)\n영선](서운을 보고 다시 정옥을 본다 )\n정옥]잘 지내고 온 거지?\n영선]...네.\n서운](돌아보고 )야들 오늘 화정동으로 가요?\n정옥]낼 갈거야. 이바지 떡쌀 담가논거 못 봤어?\n서운]...말씀을 헤주세야 내가 알제. \n해설]소문은 들었지만 대단하드라, 수영이 어머니 성질. .\n수영]...(본다).\n해설]거실.\n영선의 혼수는 치워져 있고 오복자 수화기 들고 거실에 앉아서.\n오복자](기운이 없는 척 )내가 몸살이 나서 누워 있다니까... 그래 혼사 치르고 병났어. 꼼짝도 못해. 우리 며느리가그렇게 이뻐? 고마워. 내가 최고 비싼데 가서 한턱 낼게. 혼수랑 예단? 말해 뭐하겠어? 잘해왔지 그럼. 만석군 송부잣집이잖아? 그런 댁에서 우리 아들 사위 삼아 가는데 아무렇게나 해보냈겠어? 기다려 집으로 초대할테니까. 그래 끊어"
  },
  "Annotation": {
    "Summary1": "표정이 어두워 보이는 정옥에게 영선은 별 일 없었냐 물어보고 서운은 솔직히 말하려다 정옥의 눈치를 보고 말을 돌린다.",
    "Summary2": "",
    "Summary3": "영선은 정옥의 표정이 어두워 보인다며 집에 별 일 없었냐고 물어본다. 그 말에 서운은 별 일 있었다는 듯 답하다 정옥의 눈치를 보고 이내 아무것도 아니라고 둘러댄다. 한편, 오복자는 전화를 하며 며느리를 칭찬하는 상대의 말에 으스대면서 이야기를 한다."
  },
  "filename": "SCRIPT-fs_drama-42067-00022.json"
}