{
  "Meta": {
    "doc_id": "SCRIPT-fs_drama-42047",
    "doc_category": "SCRIPT",
    "doc_type": "fs_drama",
    "doc_name": "42047_DC_강이되어만나리047_2006.txt",
    "author": "KBS",
    "publisher": "KBS",
    "published_year": "2006",
    "doc_origin": "강이되어만나리047",
    "passage_id": "SCRIPT-fs_drama-42047-00018",
    "passage": "해설]방 (아침).\n아침상을 놓고 송준호 영복 옥란 밥을 먹고 순금 국을 국그릇에 퍼서 세 사람 앞에 놔준다. 송준호 영복 싸운 사람처럼 말없이 먹는다.\n옥란](두 사람 둘러보고 )꼭 싸운 사람들 같애. 부자간에 좀 다정하게 식사하면 큰일 나요?\n송준호]너 얼마만에 애비 얼굴 보는지 알기나 해?\n영복](웃고)아버지, 저 보고 싶으셨어요?\n송준호]잠은 집에 와서 자얄거 아녀? 어디서 자빠져 자고 집에도 안 들어와?\n영복]저 집에 꼬박 꼬박 들어왔는데요?\n송준호]언제 꼬박 꼬박 들어와?\n영복]...이틀인가 사흘 ...안 들어 온 게 단데 ?\n송준호](O.L)이틀 사흘은 안 들어 와도 좋다는 거여?\n옥란]아이구 당구장 늦게 끝나 잘수밖에 없엇대요 통금 걸려서.\n송준호]너 돈 잘번 담서?\n영복]네...손님이 그런대로 듭니다..\n송준호]꿔간 돈이나 빨리 갚어..\n영복](황당한 듯 본다)\n옥란]당신도... 당구장 시작한지 얼마나?다구 돈 갚으래요?\n송준호]나도 급허게 필요헌 돈이여.\n영복](벌레 씹은 얼굴이 되어 있고 )\n옥란](속이 상한다 )"
  },
  "Annotation": {
    "Summary1": "송준호는 영복에게 잠은 집에서 자라 말하며 급하게 필요하니 꿔간 돈을 갚으라고 말한다.",
    "Summary2": "",
    "Summary3": "송준호가 아들 영복에게 잠은 집에서 자라 말하자 옥란은 당구장이 늦게 끝나 통금에 걸려서 못 들어왔다고 알려준다. 당구장에 손님이 그럭저럭 있다는 영복의 말에 송준호는 급하게 필요하니 꿔간 돈을 갚으라고 한다."
  },
  "filename": "SCRIPT-fs_drama-42047-00018.json"
}