{
  "Meta": {
    "doc_id": "SCRIPT-fs_drama-42114",
    "doc_category": "SCRIPT",
    "doc_type": "fs_drama",
    "doc_name": "42114_DC_강이되어만나리114_2006.txt",
    "author": "KBS",
    "publisher": "KBS",
    "published_year": "2006",
    "doc_origin": "강이되어만나리114",
    "passage_id": "SCRIPT-fs_drama-42114-00014",
    "passage": "해설]부엌.\n순금 라면을 끓이고 있다. 석유 곤로위에서 끓고 있는 라면에 \n달걀을 깨넣고 있는데 \n문 열리면서 영채가방과 책을 들고 들어온다.\n순금](돌아보고 )점심 먹었어?\n영채]생각없어 (방으로 들어간다 )\n.\n해설]우물가에 서운이 따온 깻잎이 한 소쿠리 담겨 있고.\n머리 수건 쓴 서운 우물가에서 물을 길어 다리에 물을 퍼부으면서.\n서운]으메 더운 것...숨이 다 꽉꽉 맥히네 \n해설]공서방 이불껍데기와 옷감들이 든 보따리를 안고 들어온다.\n서운](돌아보면서 )그것이 멋이다요?\n공서방](대꾸 없이 보따리를 마루에다 놓는다)\n서운]내 말 안 들리요?\n공서방](대문을 가리키면서 )봐요, 대문에 누가 오시는지?\n해설]대문에서 옥란이 들어오고 공서방 대문으로.\n옥란]수고하셨어요?\n공서방]아닙니다...(고개 숙인 뒤 대문으로 나간다 )\n서운]어서 오쑈.\n옥란]아유 무슨 날씨가 이렇게 푹푹 쪄?\n서운]그렁게요..\n강여사](베 잠방이 입고 부채 들고 나오면서 )내일이 초복 아니냐? 더울 때 되?제.\n옥란]어머님.\n강여사]그려 (보따리 가리키면서 )이것이 멋이여?\n옥란]영복이 혼수요.. (둘러보면서 )형님은요?\n서운]밭에요.\n옥란]이 더운데 뭐하러 밭엘 나가요?\n서운]서울떡은 더웁다고 밥 안먹어요? 밥 먹을라먼 넘새는 가 꽈야지요.\n옥란](얄미운 듯 보고 )"
  },
  "Annotation": {
    "Summary1": "공서방이 영복의 혼수인 이불 껍데기와 옷감들이 든 보따리를 안고 오고 이어 대문으로 옥란이 들고온다.",
    "Summary2": "",
    "Summary3": "공서방이 이불 껍데기와 옷감들이 든 보따리를 안고 들어오자 서운이 뭔지 묻고 공서방이 대문을 가리키니 대문으로 옥란이 들어온다. 강여사는 내일이 초복이니 더울 때가 됐다면서 보따리가 뭐냐고 묻자 옥란은 영복이 혼수라 대답한다."
  },
  "filename": "SCRIPT-fs_drama-42114-00014.json"
}