{
  "Meta": {
    "doc_id": "SCRIPT-fs_drama-42069",
    "doc_category": "SCRIPT",
    "doc_type": "fs_drama",
    "doc_name": "42069_DC_강이되어만나리069_2006.txt",
    "author": "KBS",
    "publisher": "KBS",
    "published_year": "2006",
    "doc_origin": "강이되어만나리069",
    "passage_id": "SCRIPT-fs_drama-42069-00019",
    "passage": "해설]서운 소쿠리 끼고 나오면 공서방은 멀어져 가고.\n영복]아줌마..\n서운]아이고...영복아 너 왜 인자 오냐? 어젯밤에 와서 식구들랑 같이 저녁 좀 묵제. 아부지랑 엄마도 가시고 매형 누나도 좀전에 다 가 부렀어.\n영복]아줌마...순금이 여기 안왔어요?\n서운]순금이를 왜 여그 와서 찾어?\n영복]자고 일어났더니 순금이가 없어서요.\n서운]...어디 점방에나 갔것제 머.\n영복]기다려도 안와서..\n서운]그러먼 엄마랑 아부지 안게실 때 모욕탕 간거 아녀? 걱정 말어, 지가 갈디가 어디 있겄어?(대문을 턱으로 가리키면서) 들어가 봐, 할머니랑 큰엄마 계싱개..\n해설](돌아서서 가고 )\n영복](막막한 채 서 있다 )\n해설]옥란 옷장문을 열어 젖힌다 옷장이 텅 비어 있다.\n옥란]아니...이년봐. 이년이 도망간 거 아냐?\n.\n해설]옥란 없어진 물건이 없나 여기 저기 뒤져본다 옷장을 열어 옷을 점검하면서 (순금이 입고 외출한 옷은 없다)\n옥란]어머...이년이 내 옷까지 훔쳐 갔잖아?"
  },
  "Annotation": {
    "Summary1": "영복이 사라진 순금을 찾자 서운은 영복을 안심시키고 옥란은 텅빈 옷장을 보고 순금이 자기 옷까지 훔쳐 갔다고 한다.",
    "Summary2": "",
    "Summary3": "영복은 서운에게 순금의 행방을 묻는다. 서운은 걱정하는 영복을 안심시키며 가족들이 있으니 들어가 보라고 한다. 옥란은 텅 빈 옷장을 보고 순금의 외출복이 없자 순금이 자기 옷까지 훔쳐 갔다고 한다."
  },
  "filename": "SCRIPT-fs_drama-42069-00019.json"
}