{
  "Meta": {
    "doc_id": "SCRIPT-fs_drama-42050",
    "doc_category": "SCRIPT",
    "doc_type": "fs_drama",
    "doc_name": "42050_DC_강이되어만나리050_2006.txt",
    "author": "KBS",
    "publisher": "KBS",
    "published_year": "2006",
    "doc_origin": "강이되어만나리050",
    "passage_id": "SCRIPT-fs_drama-42050-00013",
    "passage": "해설](저녁).\n정옥 문 열고 들어오면 옥란 등을 보인 채로 화가 나서 앉아 있다.\n정옥](바라보고 서 잇다가 천천히 옆으로 와서 앉으면서 )왜 그래, 어머님 앞에서? 아랫사람 하는 말 귓등으로 흘려버리지.\n옥란](돌아 앉으면서 )형님이 절 우습게 아니까 순금엄마까지 그런 거에요.\n정옥]누가 누굴 우습게 알았다구 그래?\n옥란]형님이 절 사람으로 대접해 준 적 있으세요? 절 벌레만큼도 생각 안하시잖아요?\n정옥]무슨 말을 그렇게 해?\n옥란](눈물 고이면서 )저란 여자 자존심도 없고 속창자도 없는 줄 아시지만요...저도 사람이에요. (울먹거리면서 ) 간쓸개 다 빼놓고 형님한테 달라붙어 간릉 떨고 아양 떨 때, 형님 절 벌레 보듯 하시잖아요? 그럴 때마다 제 기분 어떨지 생각이나 한번해보셨어요?\n정옥](본다)\n옥란]저두요, 살아 보려구 기를 쓰는 거에요. 송씨 가문 한 귀퉁이에 빌붙어 어떻게든 살아보려구요. .\n정옥](바라본다)\n옥란](두 손으로 얼굴을 감싸 안고 흐느낀다 )"
  },
  "Annotation": {
    "Summary1": "옥란은 정옥이 자신을 제대로 대우해주지 않아서 그런 것이라며 눈물을 흘리고, 살아보려고 노력하는 것이라고 한다.",
    "Summary2": "",
    "Summary3": "옥란은 어머니 앞에서 왜 그랬냐는 정옥에게 정옥이 자신을 제대로 대우해주지 않아서 순금엄마가 그런 것이라고 한다. 옥란은 눈물을 흘리며 살아보려고 애를 쓰는 것이라고 한탄한다."
  },
  "filename": "SCRIPT-fs_drama-42050-00013.json"
}