{
  "Meta": {
    "doc_id": "SCRIPT-fs_drama-42075",
    "doc_category": "SCRIPT",
    "doc_type": "fs_drama",
    "doc_name": "42075_DC_강이되어만나리075_2006.txt",
    "author": "KBS",
    "publisher": "KBS",
    "published_year": "2006",
    "doc_origin": "강이되어만나리075",
    "passage_id": "SCRIPT-fs_drama-42075-00005",
    "passage": "해설]어둑컴컴한 방 영선 눈을 뜬 채 있고. 수영 영선의 가슴에 한 팔을 얹은 채 잠이 들어 있다.\n영선 수영의 팔을 가만히 내려놓고 침대에서 일어난다.\n수영](눈을 뜨고 )여보.\n영선]자요... (침대에서 내려가려면)\n수영](영선을 잡고 )누워 있어.\n영선](돌아보고 )나가봐야죠.\n수영]의사선생님이 뭐라구 했어? 꼼짝 말고 누워 있으랬잖아?\n해설]영선을 억지로 끌어다가 침대에 눕히고 자리에서 일어난다.\n영선]어디가요?\n수영](대꾸 없이 나간다 )\n해설]거실 (새벽.\n아직 컴컴한 새벽 수영 잠옷 바람으로 내려와서 조상진 방 앞으로 간다 \n방 (새벽).\n조상진 오복자 깊은 잠에 빠져 있다.\n수영]E 어머니, 어머니.\n조상진](잠껼에 )누구냐?\n수영]E 네, 접니다 아버지.\n오복자](눈뜨고 )무슨 일이래요?\n조상진] (일어나 불을 켠다)\n해설]수영 문 열고 들어온다 .\n오복자](일어나 앉으면서 )왜 그래새벽부터?\n수영].. 제처..어제 아무 말 안 해요?\n오복자]무슨 말?\n수영]병원 갔다 온 얘기요..\n오복자]병원에서 뭐랬는데?\n수영]11,000,000,000,000원장님 말이...조산기미가 있대요.\n조상진]조산 기미? .\n수영]산도가 2센티 쯤 열려 있어 위험하다구요 ..출산때까지 방에 가만히 누워 있으랍니다.\n조상진]아이구...그럼 그렇게 해야지..\n오복자]너 지금 그 말하려구새벽부터 자는 사람 깨웠어?\n수영]애기가.. 어머니 손주가 위험하다니까요. .\n오복자](O.L)호들 깝 떨지 말어. 의사들 원래 엄포 잘 놓는 거 몰라?"
  },
  "Annotation": {
    "Summary1": "수영은 영선을 침대에 눕히고 조상진의 방으로 가서 영선이 조산 기미가 있다고 하지만 오복자는 호들갑 떨지 말라고 한다.",
    "Summary2": "",
    "Summary3": "수영은 침대에서 일어나려는 영선을 다시 눕히고 나간다. 아직 새벽이지만 수영은 조상진의 방 앞으로 가서 조상진과 오복자를 부른다. 방 안으로 들어간 수영은 영선이 조산 기미가 있어서 의사가 출산 때까지 가만히 누워있으라고 했다고 한다. 조상진은 그렇게 해야겠다고 하지만 오복자는 호들갑 떨지 말라고 한다."
  },
  "filename": "SCRIPT-fs_drama-42075-00005.json"
}