{
  "Meta": {
    "doc_id": "SCRIPT-fs_drama-42103",
    "doc_category": "SCRIPT",
    "doc_type": "fs_drama",
    "doc_name": "42103_DC_강이되어만나리103_2006.txt",
    "author": "KBS",
    "publisher": "KBS",
    "published_year": "2006",
    "doc_origin": "강이되어만나리103",
    "passage_id": "SCRIPT-fs_drama-42103-00002",
    "passage": "해설]카운터쪽에 40대 중년 남자가 전화기 붙들고 계속 얘기 중이고, 손님이 들어오면 웨이터가 맞이한다. 분주한 룸쌀롱 로비 한쪽에서 순금과 영채 선 채로.\n순금](놀랍고 반가와서 )우리 엄마가 서울에? 진짜야?\n영채]그래.. 도대체 낮엔 어딜 간 거야?\n순금](머리 보여주면서 )오늘 머리 파마했어..\n영채]미장원 쉰다고 거짓말하고 집으로 모셔 왔는데.. 니가 이쪽으로 직접 올지 몰랐단 말야..\n순금]어떡하지? 나 지금 못나가.\n영채]니네 엄마 더 이상 기다리게 못해. .\n순금](난처해서 뒷쪽 돌아보면서 자신없게)사장님한테 말은 해볼게.\n해설]개인 방 (밤 ).\n*****신용하 감독은 영채와 관계가 있습니다. 캐스팅 신중하게 해주세요. 다른 방과는 달리 고급하게 꾸며진 사장 전용 개인방 집기며 가구가 고급하다.\n진사장(룸쌀롱사장40대 여자)과 신용하(40대 영화감독) 남자1 남자2함께 앉아 술 마시고 있다 진사장 얼음에 술을 따라서 신용하에게 준다.\n남자1]장미 이친구 왜 안와요 ?\n진사장]누가 찾아 왔드라구요(온더락스 만들면서 )정감독은 어디 갔어요?\n남자1]전화한 대요.\n진사장](전화기 가리키면서 ) 전화 저기 있는데?\n남자2](새끼 손가락 가리키면서 )요새 정신 못 차려요. 시청자가 옆에 있으면 곤란한 가부죠 뭐."
  },
  "Annotation": {
    "Summary1": "순금은 자기 엄마가 왔다는 영채의 말에 사장에게 말해보겠다 하고 사장은 전용 방에서 진사장과 신용하 등과 술을 마신다.",
    "Summary2": "",
    "Summary3": "순금은 자기 엄마가 서울에 왔다는 영채의 말에 놀라며 지금 나가기 어렵지만, 사장에게 말은 해보겠다고 한다. 한편 사장은 사장 전용 개인 방에서 진사장과 신용하 등과 술을 마시고 있고, 진사장이 신용하에게 온더록스를 만들어 주며 정감독은 어디 갔는지 묻는다."
  },
  "filename": "SCRIPT-fs_drama-42103-00002.json"
}