{
  "Meta": {
    "doc_id": "SCRIPT-fs_drama-42060",
    "doc_category": "SCRIPT",
    "doc_type": "fs_drama",
    "doc_name": "42060_DC_강이되어만나리060_2006.txt",
    "author": "KBS",
    "publisher": "KBS",
    "published_year": "2006",
    "doc_origin": "강이되어만나리060",
    "passage_id": "SCRIPT-fs_drama-42060-00014",
    "passage": "해설]방 (밤).\n정옥 걸레로 방을 닦고 있다 문 열리고 옥란 핸드백을 들고 들어와 앞에 앉으면서.\n옥란]형님 저한테 유감 많으시죠?\n정옥]무슨 소리야?\n옥란]영복아부지가 형님한테 이혼하자구 말한 것 땜에요.\n정옥]...(걸레를 한쪽에 놓고 재봉틀쪽으로 온다)\n옥란]어머님은 내가 영복아버지한테 이혼해라 꼬드긴 걸로 오해하셨더라구요. 덕분에 어머님한테 저, 눈물이 쏙 빠질 만큼 혼난 거 알아요?\n정옥](앞에 놓인 영선의 빨간 치마와 연두 저고리 옷감을 펼친다 )\n옥란]이번에 저도 깨달았어요. 어머님이 날 이뻐해주시는 것 같아도 결정적일 땐 형님편이라는 거요.\n정옥]편이 어디 있겠어?\n옥란]어머님은 진짜 형님 편이라니까요..\n정옥](대꾸 없이 자를 꺼내 옷감을 재는데)\n옥란]형님은 형님이 불쌍한 여자다 생각되실지 몰라도 진짜 불쌍한 여잔 저에요.\n정옥](보지 않고) 어째서 자네가 불쌍한 여자야?\n옥란]형님은..명분 있게 사셨잖아요? 어딜 가든지 존경받고.\n정옥](어이가 없어서) 존경을 받아?\n옥란]남편이란 사람 평생을 소실한테 빠져 눈길 한 번 안 주는데도 눈하나 깜짝 않고 힘든 농사일 다 해내.. 시어머니 잘 모시고 자식들도 잘 키워.."
  },
  "Annotation": {
    "Summary1": "옥란은 정옥과 이혼하자고 한 영복아버지 때문에 혼이 났다며 정말 불쌍한 사람은 자기라고 하고 정옥은 어이가 없다.",
    "Summary2": "",
    "Summary3": "옥란은 정옥에게 영복아버지가 이혼하자는 것 때문에 자신에게 유감이 있지 않냐며 그 일 때문에 시어머니가 자신을 오해해서 혼이 났다 한다. 옥란은 정말 불쌍한 사람은 자기라며 정옥은 어디에서든 존경받았다고 하고, 정옥은 어이없어 한다."
  },
  "filename": "SCRIPT-fs_drama-42060-00014.json"
}