{
  "Meta": {
    "doc_id": "SCRIPT-fs_drama-42073",
    "doc_category": "SCRIPT",
    "doc_type": "fs_drama",
    "doc_name": "42073_DC_강이되어만나리073_2006.txt",
    "author": "KBS",
    "publisher": "KBS",
    "published_year": "2006",
    "doc_origin": "강이되어만나리073",
    "passage_id": "SCRIPT-fs_drama-42073-00025",
    "passage": "해설] 집안 일 다 하고.. 애 낳고 담 날 일어나 밥해 먹었어.\n수영]제 처 집안 일 시키려구 데려온 거 아니에요.\n오복자]그럼 가만히 모셔놓고 들여다 볼려구 데려 왔냐?\n수영]어머니.\n조상진](O.L)늬 엄마가 일하는 사람 구하기 싫어 안구하냐? 그런 건 아니잖아?\n오복자]얜 지 마누란 공주처럼 모셔놓고 내가 집안일 다했으면 좋겟나봐요. 늬 엄마 밥하고 청소하고 빨래하는 건 아무렇지도 않고 니 마누라 일 좀 하는 건 그렇게도 가슴 아프냐?\n수영]아줌마 서울로 올려 보내 사지 멀쩡한 수희한테 붙여놓고, 제 처 저렇게 집안 일 시키는 게 말이 돼요?\n오복자]뭐가 어째? 동생은 밥을 먹거나 말거나 상관 없다 그거야?\n조상진]어허...그만해 당신.\n오복자]얘, 싸가지 없게 말하는 거 당신 들었잖아요?\n조상진] 집도 아니고 회사야. 집안일로 다툴 데 아니잖아 ?\n오복자]내가 먼저 말 꺼냈어요? 얘가 시작했잖아?\n조상진]수영이 너도 말이 지나쳐. 늬 엄마가 설마 일부러 일하는 사람 안구해서 배까지 부른 며느리 힘들게 하겠냐?"
  },
  "Annotation": {
    "Summary1": "아줌마를 수희한테 보내고 자기 처는 집안일하는 게 맞냐는 수영에게 조상진은 일부러 수영 처를 힘들게 하겠냐고 한다.",
    "Summary2": "",
    "Summary3": "수영은 오복자에게 자기 처는 집안일하려고 온 게 아니라 한다. 수영은 아줌마를 수희한테 보내고 자기 처에게 집안일 시키는게 맞냐고 한다. 조상진은 수영에게 일부러 임신한 수영 처를 힘들게 하겠냐고 한다."
  },
  "filename": "SCRIPT-fs_drama-42073-00025.json"
}