{
  "Meta": {
    "doc_id": "SCRIPT-fs_drama-42074",
    "doc_category": "SCRIPT",
    "doc_type": "fs_drama",
    "doc_name": "42074_DC_강이되어만나리074_2006.txt",
    "author": "KBS",
    "publisher": "KBS",
    "published_year": "2006",
    "doc_origin": "강이되어만나리074",
    "passage_id": "SCRIPT-fs_drama-42074-00022",
    "passage": "해설]서울 법대 교복차림의 종태 웃으며 서 있다M (탐존즈 딜라일라)\n(현재).\n종태 자리에 앉아 자신과 영선이 앉아 얘기하고 있는 과거의 모습을 본다.\n(화면 합성으로 )\n<NA><NA>잔인하리만큼 필사적으로 기억의 저편으로 밀어내었던, 그래서 철저하게 지워져 있었던 그 여자는 화산 땅 곳곳에 완벽한 모습으로 살아 있습니다 \n주택가 (야외).\n영채 어느 집 대문에서 나온다.\n여자1]E 고향이 어디라구요?\n영채]전라북도 화산입니다.\n여자2]E 지방출신은...좀 그런데... 전화론 사투리 전혀 안 써서 몰랐네.\n해설]미안해요. 우리 애아빠가 지방 사람 싫어해서...\n영채 가방에서 신문을 꺼내 들여다 본다.\n서운]E 성님 펜지요. 펜지 왔어라우. \n해설]마당.\n서운 편지를 들고 대문에서 급히 오고 정옥 강여사 마루에서 시금치를 다듬고 있다가.\n정옥]누구야?\n서운]영채요. (편지 주고 마루에 앉으면서 한숨 쉬고 )우리 순금이는 죽었당게요.\n정옥]또 그런 소리.\n강여사]읽어봐, 뭐라?는지.\n정옥](편지를 꺼내서 읽는다)"
  },
  "Annotation": {
    "Summary1": "여자가 지방 출신이라 좀 그렇다고 하자 영채는 신문을 꺼내 보고, 서운에게 영채의 편지를 받아든 정옥이 편지를 읽는다.",
    "Summary2": "",
    "Summary3": "영채가 전라북도 화산의 지방출신이라는 이유로 여자는 좀 그렇다고 하자 영채는 신문을 들여다 본다. 서운이 편지를 들고와 영채의 편지라며 정옥에게 전달한다. 강여사가 읽어보라 하자 정옥이 편지를 읽는다."
  },
  "filename": "SCRIPT-fs_drama-42074-00022.json"
}