{
  "Meta": {
    "doc_id": "SCRIPT-fs_drama-42076",
    "doc_category": "SCRIPT",
    "doc_type": "fs_drama",
    "doc_name": "42076_DC_강이되어만나리076_2006.txt",
    "author": "KBS",
    "publisher": "KBS",
    "published_year": "2006",
    "doc_origin": "강이되어만나리076",
    "passage_id": "SCRIPT-fs_drama-42076-00015",
    "passage": "해설]마당 (밤).\n종태 들어오고 두칠 따라 들어온다 종태 마루로 와서 앉고 두칠도 종태 기색을 살피면서 옆으로 와서 앉는다.\n종태](앞을 보면서 )함진 애빈...무슨 생각으로 해주셨어요?\n두칠]...조사장님이.불러다가 간곡하게 부탁을 허셔서...\n종태]부탁해도 승낙하실 일이 있고 안하실 일이 있죠.\n두칠]그냥반이 부탁허는디 어?게 거절을 헌다냐? 너헌티 베풀어 주신 은헤를 생각허먼...머리털 뽑아 신을 삼아 디레도 모자란디.부탁을 안허세도 내가 자신헤서 허겄다고 나서야제.\n종태]...(O.L)아버지.\n두칠](본다)\n종태]아버진... 누구의 아랫사람도 아닙니다. 송준호 사장이든 조상진 사장이든...아버지랑 대등한 사람들이에요. 무슨 말씀인지 아시겠어요?\n두칠]대등허고 안 허고...그런 건 중요헌 것이 아녀. 사람이 사람 거죽만 둘러썼다고 다 사람이 아닝것이다. 사람 도리를 헐줄 알어야 사람이여."
  },
  "Annotation": {
    "Summary1": "두칠이 조상진의 함진아비 제안을 수락하자 종태는 두칠에게 왜 수락했냐고 묻지만 두칠은 사람의 도리를 거론한다.",
    "Summary2": "",
    "Summary3": "두칠은 조상진이 함진아비를 해달라 부탁하자 조상진의 은혜를 생각해서 수락한다. 이를 안 종태가 두칠에게 뭔 생각으로 수락했냐고 묻자 두칠은 거절할 수 없었다며 사람의 도리를 거론한다."
  },
  "filename": "SCRIPT-fs_drama-42076-00015.json"
}