{
  "Meta": {
    "doc_id": "SCRIPT-fs_drama-42064",
    "doc_category": "SCRIPT",
    "doc_type": "fs_drama",
    "doc_name": "42064_DC_강이되어만나리064_2006.txt",
    "author": "KBS",
    "publisher": "KBS",
    "published_year": "2006",
    "doc_origin": "강이되어만나리064",
    "passage_id": "SCRIPT-fs_drama-42064-00003",
    "passage": "해설]수영과 영선(가벼운 양장) 스테이크 앞에 놓고 나이프 들고 썰고 있다.\n왼손잡이인 영선 칼질이 서툴러 보인다.\n수영]... (바라보고 있다가) 왼손잡이였어?\n영선]...(칼을 놓고 )어렸을때부터 고치려 해봤는데... 못고 쳤어요..\n수영]왼손잡이가 어때서? \n해설]수영 열심히 양손으로 스테이크 썰어 영선의 접시와 바꾼다.\n영선](본다)\n수영].(영선의 접시 자신의 앞에 놓고 칼로 썰면서)우리 낼 뭐할까?\n해설](보면서)하고 싶은 거 있으면 얘기해 봐. .\n영선]특별히 하고 싶은 거 없어요.\n수영](먹으면서) 하루종일 호텔방에서 딩굴딩굴하는 것도 재밌겠다,\n영선]...드라이브해요, 가까운데.\n수영]난 뭘 해도 좋아. 영선이만 옆에 있으면.\n영선]...(음식을 먹지 못하고 있다)\n수영](영선을 보면서)왜 그래, 맛이 없어?\n영선]아뇨.\n수영]맛없으면 다른 거 시켜줄 게.\n영선]아니에요. 먹을께요.(먹는다)\n수영](바라보고 있다)\n영선]...(얼굴 만지면서)뭐 묻었어요?\n수영](맥주잔 들며)아냐... 벅차서 그래..가슴이 마당 (밤)."
  },
  "Annotation": {
    "Summary1": "수영은 스테이크를 써는 영선에게 왼손잡이였냐면서 접시를 바꿔 주고, 영선을 보며 가슴이 벅차다 말한다.",
    "Summary2": "",
    "Summary3": "영선이 서툴게 스테이크를 썰자 수영은 왼손잡이냐고 물으며 스테이크를 썰어 영선의 접시와 바꾼다. 수영이 내일 뭐할지 묻자 영선은 드라이브 하자고 하고, 수영은 음식을 먹는 영선을 바라보며 가슴이 벅차다고 말한다."
  },
  "filename": "SCRIPT-fs_drama-42064-00003.json"
}