{
  "Meta": {
    "doc_id": "SCRIPT-fs_drama-42059",
    "doc_category": "SCRIPT",
    "doc_type": "fs_drama",
    "doc_name": "42059_DC_강이되어만나리059_2006.txt",
    "author": "KBS",
    "publisher": "KBS",
    "published_year": "2006",
    "doc_origin": "강이되어만나리059",
    "passage_id": "SCRIPT-fs_drama-42059-00008",
    "passage": "해설]외경 (야외 인써어트).\n(밤).\n옥란 이부자리 펴놓고 잠옷바람친채 모로 누워 있다E 전화벨 옥란 꼼짝안하고 누워 있다.\n순금](E)네...월명동인데요..\n해설]거실.\n순금 앞치마 입고 걸레를 한 손에 든 채 수화기 귀에 대고.\n순금](방쪽을 돌아보고 )아니요. 아직 안 일어 나셨어요. 잠깐만이요. (수화기를 내려 놓고 방으로 들어간다 )\n해설]방.\n순금 문 열고 들어와서.\n순금]아줌마...사장님이 전화받으시래요.\n해설]옥란 자리에서 일어난다 \n거실.\n옥란 거실로 와서 수화기 들고.\n옥란]전화 바꿨어요...싫어요. 귀찮아. 아무 데도 가기 싫다니까요.\n해설]...몇 시까지요? (돌아서서 벽시계를 보고)알았어요. 오세요 그럼(수화기 놓고 방으로 들어간다)\n순금](걸레로 먼지를 닦고 있다)\n해설]방.\n옥란 화장대 앞으로 와서 앉아 화장수를 가제수건에 찍어 얼굴을 문지르고 로션병을 찾다가.\n옥란]순금아. (돌아보고 )순금아.\n순금](문 열고 들여다 본다)\n옥란]내 로션병 어디 있니?\n순금](당황한 채)로션이요?\n옥란]여기 있던 하얀병말야.\n순금]전 모르는데요.\n옥란]몰라? 여기 늘 있던 게 어디로 가?\n순금]잘...찾아보세요.\n옥란](똑바로 보면서 ) 니가 내 화장품 훔쳐간 거 아냐?\n순금](하얗게 쫄아서)아니에요 아줌마.\n옥란](화가 나서)그럼 로션이 발이 달렸단 얘기니?"
  },
  "Annotation": {
    "Summary1": "옥란은 남편의 전화를 받고 화장대에 앉고 로션 병이 보이지 않자 순금이 훔친 것 아니냐고 의심한다.",
    "Summary2": "",
    "Summary3": "옥란은 잠옷 바람으로 누워있다. 순금은 전화를 받고 옥란에게 사장님의 전화가 왔다고 전한다. 옥란은 사장님에게 아무 데도 가기 싫다 하고 알겠다며 오라 한다. 화장대에서 화장하려던 옥란은 로션 병이 보이지 않자 순금이 훔쳐 간 것이 아니냐며 순금에게 화를 내며 의심한다."
  },
  "filename": "SCRIPT-fs_drama-42059-00008.json"
}