{
  "Meta": {
    "doc_id": "SCRIPT-fs_drama-42077",
    "doc_category": "SCRIPT",
    "doc_type": "fs_drama",
    "doc_name": "42077_DC_강이되어만나리077_2006.txt",
    "author": "KBS",
    "publisher": "KBS",
    "published_year": "2006",
    "doc_origin": "강이되어만나리077",
    "passage_id": "SCRIPT-fs_drama-42077-00006",
    "passage": "해설]아버지가 종태 오빠 초대한다 햇을때부터 오빠 반대했던 거 기억나시죠?\n조상진](그랬던것 같다)\n수희]어제 보세요. 바쁘단 핑계대구 집에도 안왔잖아요? 종태 오빠 싫어서 안온 거에요. .\n조상진]종태랑 왜 그렇게 됐대?\n수희]그건...잘 모르겟어요.\n조상진]...친한 친구끼리 그렇게 된덴 이유가 있을텐데?\n수희]...이윤 잘 모르겟어요. 암튼 오빠가 종태오빨 어떻게 생각하고 있든...저하군 상관없는 일이죠. 오빠가 싫어하니까 종태오빠랑 결혼 할수 없다는건 말이 안된다구 생각해요.\n조상진]넌 이제 겨우 대학 1학년이야. 결혼을 얘기 하기엔 너무 빨라.\n수희]전 스무살인데요, 엄만 열아홉에 오빠 낳았잖아요?\n조상진]그때랑 달라.\n수희](O.L)아버지 그러셧잖아요? 여잔 좋은 신랑감 구하기 위해 대학교 가는 거라구. 좋은 신랑감이 옆에 있는데 공분 뭐하러 계속해요? 전 현모양처가 꿈이란 말에요.\n조상진](본다)"
  },
  "Annotation": {
    "Summary1": "수희는 조상진에게 오빠가 종태를 싫어해서 집에 오지 않았다며 오빠와 종태의 문제로 결혼을 못 할 수는 없다고 말한다.",
    "Summary2": "",
    "Summary3": "수희가 조상진에게 오빠가 종태를 싫어해서 집에 안 온 거라 하자 조상진이 그 계기를 묻는다. 수희는 모른다고 하며 오빠와 종태 사이가 좋지 않아 자기가 종태와 결혼 못하는 건 말이 안 된다고 한다."
  },
  "filename": "SCRIPT-fs_drama-42077-00006.json"
}