{
  "Meta": {
    "doc_id": "SCRIPT-fs_drama-42079",
    "doc_category": "SCRIPT",
    "doc_type": "fs_drama",
    "doc_name": "42079_DC_강이되어만나리079_2006.txt",
    "author": "KBS",
    "publisher": "KBS",
    "published_year": "2006",
    "doc_origin": "강이되어만나리079",
    "passage_id": "SCRIPT-fs_drama-42079-00003",
    "passage": "해설]E 영선의 신음소리 (비명이 가깝다)\n서운]E (거의 울면서)어?게 헌대요 성님?우리 영선이?\n해설]방 (밤).\n영선 고통스럽게 비명을 지르고 강여사 정옥 서운 둘러 앉아서.\n강여사](영선의 몸을 만지면서 안타깝게 )아가, 영선아.\n정옥](거의 정신이 없는 채 )영선아 영선아. 조금만 참아 응? 곧 조서방 올 꺼야.\n서운]멋헌대요 참말로 조서방은? 공서방 간지가 언젠디 어쩌서 안직도 못오고냐고요 ? 시내가 여그서 ?백리?천리도 아닌디? (스스로 놀래서)으미 어쩌까?\n강여사]왜 그려?\n서운]혹시 공서방이 깜깜헌디 자건거 타고 가다 사고라도 당헌거 아니까요?\n강여사]먼 사고?\n서운]꼬랑에 쳐백혀 불었거나. 차사고라도 당헌거 아니냐고요?\n강여사]방정맞은 소리 말어. 이년아.\n서운]아닌디 왜 안직 안 오냐고요 ? \n해설]마당 (밤).\nE 영선의 비명소리 정옥 간이 타는 마음으로 문 열고 나와서 시계를 본다. 괘종시계 004시가 조금 안돼 있다.\n<NA> 하느님, 부처님, 제발 무사하게 오늘 밤이 넘어갈 수 있게 도와주십시오제딸 영선이에게 나쁜 일이 일어나서는 안됩니다. 벌을 줄 일이 있으시면 저한테 주십시오. 정옥은 같은 말을 수백번 수천번 되뇌입니다. 정옥 기둥을 붙잡고 서서 기둥에,이마를 댄다. E 통금해제 싸이렌 (멀리서 흐미하게)\n정옥 신발을 신고 대문으로 간다."
  },
  "Annotation": {
    "Summary1": "고통에 신음하는 영선을 보면서 정옥은 제발 영선이 무사히 오늘 밤을 넘길 수 있게 도와 달라며 기도한다.",
    "Summary2": "",
    "Summary3": "영선이 고통스럽게 비명을 지르자 정옥은 조금만 참으라며 곧 조서방이 올 거라고 말한다. 정옥은 제발 영선이 오늘 밤을 무사히 넘어갈 수 있게 도와달라고 기도하며 벌 줄 일이 있으면 자기한테 주고 영선이에게는 나쁜 일이 일어나지 않도록 해 달라고 한다."
  },
  "filename": "SCRIPT-fs_drama-42079-00003.json"
}