{
  "Meta": {
    "doc_id": "SCRIPT-fs_drama-42051",
    "doc_category": "SCRIPT",
    "doc_type": "fs_drama",
    "doc_name": "42051_DC_강이되어만나리051_2006.txt",
    "author": "KBS",
    "publisher": "KBS",
    "published_year": "2006",
    "doc_origin": "강이되어만나리051",
    "passage_id": "SCRIPT-fs_drama-42051-00047",
    "passage": "해설]영선 인사한 뒤 차쪽으로 걸어가면 수영 차문을 열어 영선을 태우고, 정옥에게 와서.\n수영]좀 늦더라두 기다리지 마세요. 제가 잘 데리고 있다 올께요.\n정옥]그래.. 수영 운전석으로 올라타서 운전한다 \n해설]정옥 선 채로 수영의 차를 보고 있다<NA>며칠사이 웃음과 말을 잃어버린 영선은 모든 걸 체념한 것처럼도 보이고 자포자기 한 것처럼도 보입니다. 꼭 물가에 어린아이를 내놓는 기분으로 영선을 내보내는 정옥의 마음은 착잡하기만 합니다. \n수영의?차 (야외).\n수영 운전하고 영선 옆자리에 타고 있다.\n수영](운전하다가 옆자리를 본다)\n영선](창밖을 망연히 바라보고 있다)\n해설](야외).\n두칠 가방 들고 내려오고 종태 따라온다.\n종태 급히 내려가 두칠에게서 가방을 뺏으려면 두칠 종태 먼저 돌려세워 내려가라고 한 뒤 따라온다.\n두칠 멈춰 선 채로 내려가는 아버지의 뒷모습을 바라보고 있다가 터덜터덜 언덕을 내려오는 종태"
  },
  "Annotation": {
    "Summary1": "영선을 내보내는 정옥은 심란한 마음으로 바라보고, 수영의 차를 타고 가는 영선은 아무 것도 않고 창밖만 보고 있다.",
    "Summary2": "",
    "Summary3": "정옥은 모든 걸 체념한 듯 보이는 영선이 수영의 차를 타고 가는 모습을 착잡한 심정으로 바라보고, 영선은 창밖만 바라보고 있다. 한편, 가방을 들고 내려가는 두칠의 뒤를 종태가 뒤따른다."
  },
  "filename": "SCRIPT-fs_drama-42051-00047.json"
}