{
  "Meta": {
    "doc_id": "SCRIPT-fs_drama-42046",
    "doc_category": "SCRIPT",
    "doc_type": "fs_drama",
    "doc_name": "42046_DC_강이되어만나리046_2006.txt",
    "author": "KBS",
    "publisher": "KBS",
    "published_year": "2006",
    "doc_origin": "강이되어만나리046",
    "passage_id": "SCRIPT-fs_drama-42046-00018",
    "passage": "해설]수영 문을 열고 나간다.\n수희](수영 돌아보고 옆으로 와서 )오빠 선그래스 좀 벗어봐.\n수영]왜.\n수희]오빠 얼굴에서 눈이 젤 이쁘단 말야.\n수영](픽 웃으면서 선그래스 벗는다 )\n수희](수영의 팔짱을 끼고 걸으면서 ) 물어보고 싶은게 있는데...\n수영]얘기 해.\n수희]오빤 알구 있었지? 종태오빠이랑 영선 언니 관계?\n수영](멈춘다)\n수희](멈추면서 )결혼 약속한 사이라는 것두 알았어?\n수영]어디서 들은 얘기야?\n수희]오빠가 영선언니 뺏은 거 맞지?\n수영]내꺼 다시 찾아 온 거야.\n수희]찾아와 ?\n수영](걸으면서 )영선인 내 첫사이랑이었어.\n수희](따라가면서 ) 종태오빠가 몰랐단 말야. 오빠 첫사이랑인거 ?\n수영](걸으면서 )어디서 무슨 얘길 들었는지 모르지만... 오늘 이후 그 얘긴 입다물어. (멈추면서 )아버지 어머니한테 쓸데 없는 얘기하지 마. 약속할 거지?\n수희](멈춘 채 )종태오빠 만나는 거 허락해주면.\n수영](거칠게 화내면서 )안돼. 하늘이 두 쪽 나두, 절대"
  },
  "Annotation": {
    "Summary1": "종태와 영선이 결혼할 사이인 걸 알았냐고 묻는 수희에게 수영은 부모님에게는 쓸데없는 얘기 하지 말라며 주의를 준다.",
    "Summary2": "",
    "Summary3": "수희는 수영에게 종태와 영선이 결혼을 약속한 사이인 것을 알았는지 묻고, 수영은 어디서 들었냐고 되묻는다. 수영은 수희에게 아버지와 어머니에게 쓸데없는 얘기하지 말라고 주의를 시킨다."
  },
  "filename": "SCRIPT-fs_drama-42046-00018.json"
}