{
  "Meta": {
    "doc_id": "SCRIPT-fs_drama-42047",
    "doc_category": "SCRIPT",
    "doc_type": "fs_drama",
    "doc_name": "42047_DC_강이되어만나리047_2006.txt",
    "author": "KBS",
    "publisher": "KBS",
    "published_year": "2006",
    "doc_origin": "강이되어만나리047",
    "passage_id": "SCRIPT-fs_drama-42047-00038",
    "passage": "해설]마당.\n서운 급히 마당으로 들어와서.\n서운]박센. 박센 \n해설]아무 기척없으면 마루로 급히 가서 방문들을 열어보고 안심한다.\n부엌.\n서운 부엌으로 들어와서 가져온 찬합을 꺼내 놓는다 찬장에 올려진 냄비와 걸려 있는 솥 시꺼멓게 그을려 있다 서운 그을린 냄비들을 꺼내고 솥도 꺼낸다 \n부엌.\n서운 다라이에 냄비와 솥을 담아 들고 들어와서 부뚜막에 하나씩 올려 놓는다 반짝 반짝 윤이 나게 닦은 냄비와 솥을 서운 흐믓하게 바라보고 걷은 소매를 내린다 기침소리와 함께 두칠이 들어오는 기척 \n마당.\n공서방과 이씨 마당으로 들어온다 공서방 안방 쪽으로 가서.\n공서방]할머니. 나와보세요.\n강여사](문 열고 나오면서 )아이고 이 과장 어서 오게.\n이씨]안녕허셌지요?\n강여사]그려.\n정옥](부엌에서 나오면서 )오셨어요?\n강여사]들어와 방.\n해설]거실 (저녁).\n조상진 오복자 이씨 앉아서.\n이씨]그냥 그렇게만 말씀하시든데요.\n오복자](조상진보면서 )갈 거에요?\n조상진]가봐야지. 노인 양반 말씀하신 건데.(이씨에게)내일은 내가 일이 좀 있고 모레가 좋겠구만. 모레 점심때 지나구 찾아 뵙는다고 전해주게.\n이씨]점심을 같이 허시자고 그러시든디요.\n조상진]점심을? 그럼 그렇게 하지 뭐..\n이씨](일어서면서 )그렇게 알고 가보겄습니다."
  },
  "Annotation": {
    "Summary1": "강여사가 이씨를 맞이하며 인사를 나누고, 이씨의 말을 전해 들은 조상진은 모레 점심 이후에 가겠다고 전해 달라고 한다.",
    "Summary2": "",
    "Summary3": "서운이 윤이 나게 닦은 냄비와 솥을 흐뭇하게 바라보고 있는데 두칠과 공서방, 이씨가 들어온다. 강여사와 정옥이 이씨를 맞이하며 인사를 나눈다. 한편 이씨의 말을 전해 들은 조상진은 모레 점심 때 지나서 가겠다고 전해달라고 말한다."
  },
  "filename": "SCRIPT-fs_drama-42047-00038.json"
}