{
  "Meta": {
    "doc_id": "SCRIPT-fs_drama-42050",
    "doc_category": "SCRIPT",
    "doc_type": "fs_drama",
    "doc_name": "42050_DC_강이되어만나리050_2006.txt",
    "author": "KBS",
    "publisher": "KBS",
    "published_year": "2006",
    "doc_origin": "강이되어만나리050",
    "passage_id": "SCRIPT-fs_drama-42050-00002",
    "passage": "해설]마당 (저녁 무렵).\n공서방 마당을 치우고 있다.\n순금 우물가에서 상추를 씻고 있다가 돌아보고서 운 부엌에서 파를 몇 뿌리 들고 나온다. E 안방에서 들리는 강여사와 옥란의 웃음소리서운 입을 삐죽이는데 대문에서 영채 교복에다가 보조 가방(일요일이라)들고 들어온다.\n순금]언니,\n영채]어...순금아 .\n서운]연습 많이?냐?\n영채]응. .\n서운](씻은 파 들고 부엌으로 들어간다 )\n영채]넌 왜 아직도 여기 있어 ?\n순금](안방 쪽 가리키면서 )아줌마이랑 같이 가려구. 사장님이 차 보내주신대..\n영채](부엌 쪽으로 간다 )\n해설]부엌(저녁 무렵).\n정옥 아궁이 앞에서 불을 때고, 서운 그릇에 반찬들을 담고 있다 영채 들어오면서.\n영채]배고파 아줌마.\n서운]쪼금만 지달려.\n영채] 수희네 아버지이랑 엄마 다녀 가셨어?\n정옥]그래.\n영채]언니 기분 어땠어? 괜찮았어?\n정옥]몰라, 괜찮은지 ..\n서운]가봐 언니헌티..\n영채](부엌을 나간다)"
  },
  "Annotation": {
    "Summary1": "영채가 순금에게 왜 아직 있냐 묻고 서운에게 수희 부모님이 다녀갔는지, 언니 기분은 어떤지 묻자 서운은 가보라 한다.",
    "Summary2": "",
    "Summary3": "영채가 순금에게 왜 아직 여기 있냐고 묻자 순금은 아줌마랑 같이 가려 한다는 답을 한다. 한편 영채가 수희네 아버지와 엄마가 다녀갔냐며 언니의 기분은 어떤지 묻자, 서운은 가보라고 한다."
  },
  "filename": "SCRIPT-fs_drama-42050-00002.json"
}