{
  "Meta": {
    "doc_id": "SCRIPT-fs_drama-42058",
    "doc_category": "SCRIPT",
    "doc_type": "fs_drama",
    "doc_name": "42058_DC_강이되어만나리058_2006.txt",
    "author": "KBS",
    "publisher": "KBS",
    "published_year": "2006",
    "doc_origin": "강이되어만나리058",
    "passage_id": "SCRIPT-fs_drama-42058-00034",
    "passage": "해설]E 자동차 클랙션 소리.\n서운]차소리 아니어라우? 영선이 왔나 벼요. (자리에서 일어난다 )\n해설]대문 앞 (밤. 야외).\n정옥 서운이 대문으로 나오면 수영의?차에서 영선 내려서 있고, 수영 (예물이 포함된 )짐을 내리고 있다. (식구들 줄 선물까지) 영선 정옥과 서운을 보고 옆으로 와서 인사하고 수영도 인사한다.\n정옥](수영의 등을 토닥여 주고 )애 썼지?\n수영]아닙니다.\n정옥]들어가서 할머니께 인사하고 가.\n수영]예..\n해설]서운 수영에게 짐을 받는다 정옥 수영을 앞장 세우고 영선의 어깨를 감싸안아 안으로 들어간다 방 (밤).\n수영 강여사에게 큰절을 하고 정옥 서운 옆에 서 있다 수영 절을 하고 앉으면,\n강여사]차까지 몰고 가서 고단?을텐디?\n수영](웃고 )한참 땐데요 머. \n해설]문 열리고 영채 들어온다.\n강여사]영선이는 .\n영채]옷 갈아 입어요..\n강여사](돌아보고 )앉아 다들."
  },
  "Annotation": {
    "Summary1": "수영은 정옥에게 고생했다는 말을 들은 뒤 강여사에게 큰절을 하고 강여사는 영채가 들어오자 다들 앉으라고 한다.",
    "Summary2": "",
    "Summary3": "수영이 영선과 함께 차에서 내리자 정옥은 수영에게 애썼다고 말한 뒤 강여사에게 인사하라고 한다. 수영에게 큰절을 받은 강여사는 영채가 들어오자 다들 앉으라고 한다."
  },
  "filename": "SCRIPT-fs_drama-42058-00034.json"
}