{
  "Meta": {
    "doc_id": "SCRIPT-fs_drama-42073",
    "doc_category": "SCRIPT",
    "doc_type": "fs_drama",
    "doc_name": "42073_DC_강이되어만나리073_2006.txt",
    "author": "KBS",
    "publisher": "KBS",
    "published_year": "2006",
    "doc_origin": "강이되어만나리073",
    "passage_id": "SCRIPT-fs_drama-42073-00007",
    "passage": "해설]M 영채의 발레 연습곡 흐르고 화면에 1968년 자막이 찍힌다. 여자대학 캠퍼스 활기찬 모습들 수희 작은 핸드백에 책을 몇 권 팔에 안고(하복이 아닌 5월 초 쯤의 복장, 미니스커트에 멋을 잔뜩 낸 차림으로 긴 파마 머리 나부끼면서 신문 한 장 손에 말아 쥐고 급히 캠퍼스를 가로 질러 가고 있다.\n무용 연습실(야외).\n연습실에 영채 녹음기에서 흘러나오는 음악에 맞춰서 혼자 연습을 하고 있다.\n수희 문 열리고 들아와서 영채를 바라본 뒤.\n수희](눈 흘기고 )어유 저 연습벌레 (녹음기로 가서 녹음기를 꺼버린다)\n해설]대학생이 된 영채 돌아선다.\n수희]... (숨을 고르면서 )빅뉴스가 있어.\n영채](수건을 찾아 닦으면서)뭔데?\n수희](기사가 실린 면을 펴서 내민다 )\n해설]앞 (야외).\n장씨 신문을 들고 달려 오고 있다.\n거실.\nE 전화벨 배가 부른 영선 (8개월쯤..배부른 분장 제대로 부탁합니다 )부엌에서 나오는데 성장을 한 오복자가 먼저 나와서 수화기 들고.\n오복자]네...화정동...(앉으면서 )수희냐?\n수희]F 엄마, 소식 못 들었지?\n오복자]무슨 소식?\n수희]. 빅뉴스야 빅뉴스.\n오복자]빅뉴스가 뭐하는 건데?\n수희]F있지? 종태 오빠가 고시 붙었어. 그것두 수석으로.\n오복자]고시에 붙어? 종태가?"
  },
  "Annotation": {
    "Summary1": "수희는 무용 연습을 하고 있는 영채에게 빅뉴스를 알리고 오복자에게도 종태가 수석으로 고시를 붙었다고 전화한다.",
    "Summary2": "",
    "Summary3": "수희는 대학 무용 연습실에서 녹음기를 틀어놓고 혼자 연습을 하고 있는 영채에게 다가가서 기사를 펼쳐 보이며 빅뉴스가 있다고 한다. 한편, 오복자는 수희에게 전화를 받고 나서 종태가 수석으로 고시에 붙었음을 알게 된다."
  },
  "filename": "SCRIPT-fs_drama-42073-00007.json"
}