{
  "Meta": {
    "doc_id": "SCRIPT-fs_drama-42066",
    "doc_category": "SCRIPT",
    "doc_type": "fs_drama",
    "doc_name": "42066_DC_강이되어만나리066_2006.txt",
    "author": "KBS",
    "publisher": "KBS",
    "published_year": "2006",
    "doc_origin": "강이되어만나리066",
    "passage_id": "SCRIPT-fs_drama-42066-00001",
    "passage": "해설]영선의 혼수(이불짐등 모두)가 거실에 쌓여 있고,\n오복자 폭발할 것 같은 표정으로 소파에 팔짱을 끼고 앉아 있다 현관문이 열리고 아줌마 들어오고 뒤따라 이씨가 들어온다 아줌마 오복자 힐끗 본뒤 이씨에게 앉으라는 시늉을 하고 부엌으로 들어간다.\n이씨 혼수짐을 둘러본 뒤 잔뜩 또아리를 틀고 있는 오복자에게 주눅이 들린 채로.\n이씨]사모님.\n오복자](팔짱을 낀 채 턱으로 소파를 가리키면서 )앉으세요.\n이씨](앉으면서 )며느님 혼수짐잉 개비지요?\n오복자]이 과장님.\n이씨]예?\n오복자]중매라는 게 잘하면 술이 석잔, 잘 못하면 뺨이 석댄 거 아시죠?\n이씨](얼어서 )제가 멀 잘못?나요?\n오복자]지난번에 혼수 품목 적은 거...대평리에 갖다 줬어요?\n이씨]예...예..\n오복자]분명해요?\n이씨]그러믄요.\n오복자]근데...혼수가 이따위로 와요?\n이씨]어?게...왔는디요?\n오복자]이층에 가서 한 번 들여다 보실래요? 장롱랑 화장대는 어찌나 꼴량한지, 싸구려 티 줄줄 나는 게 누가 볼까 무섭고요, (거실 가리키면서 )여기 보세요. 혼수가 이게 다랍니다..\n이씨]...(머리 긁적거리면서) 혼수 품목은 확실허게 전 헷는디... 송사장님 댁이 전같지 않어서...\n오복자]가전 제품은 어떻게 됐어요? 태레비 냉장고 말이에요.\n이씨](본다)\n오복자](짐 가리키면서)보세요. 가져온 거라고는 싸구려 장롱짝하고 이불 보따리가 다 잖아요? 거지가 시집와도 이보단 낫죠.\n이씨](어쩔 줄을 모른다 )\n오복자]대평리 가서 전하세요 이거 고대로 싸서 돌려 보내겠다고.\n이씨]아이고...사모님 아무리 화가 나셔도 그러시먼은 안 되시지요. .\n오복자]자기네들이 양반이면 다에요? 사람을 이런 식으로 모욕하고 무시해도 되냐구요 ? 나요. 자존심 상해 이대론 못 넘어가요. (벌떡 일어나서 방으로 들어가고 )\n이씨](난처해서 죽을 지경이다 )"
  },
  "Annotation": {
    "Summary1": "영선의 혼수가 불만인 오복자가 혼수 품목을 전했냐며 묻고 누가 볼까 무섭다며 돌려 보내겠다고 하자 이씨는 난처하다.",
    "Summary2": "",
    "Summary3": "영선의 혼수가 거실에 쌓여 있고 폭발할 듯한 오복자가 주눅이 든 이씨에게 중매가 잘하면 술이 석 잔, 잘 못하면 뺨이 석 대라며 혼수 품목을 전해 주었냐고 묻고 혼수가 이따위로 왔다며 누가 볼까 무섭다고 한다. 송사장집이 예전 같지 않다는 이씨에게 가전 제품은 어떻게 됐냐며 혼수를 돌려 보내겠다고 한다. 자존심이 상해서 이대로는 못 넘어가겠다는 오복자 말에 이씨는 난처하다."
  },
  "filename": "SCRIPT-fs_drama-42066-00001.json"
}