{
  "Meta": {
    "doc_id": "SCRIPT-fs_drama-42062",
    "doc_category": "SCRIPT",
    "doc_type": "fs_drama",
    "doc_name": "42062_DC_강이되어만나리062_2006.txt",
    "author": "KBS",
    "publisher": "KBS",
    "published_year": "2006",
    "doc_origin": "강이되어만나리062",
    "passage_id": "SCRIPT-fs_drama-42062-00038",
    "passage": "해설]방 (밤).\n정옥 이부자리에 누워 뒤척이면서 잠을 들지 못한다.\n마당 (밤).\n정옥 마루로 나와서 아랫방을 내려다 본다 불이 꺼져 있는 영선방 사랑채에는 불이 밝혀 있고 댓돌에 송준호와 옥란의 신발이 나란히 놓여 있다.\nE 키득 거리는 옥란과 송준호의 속삭임과 웃음 소리 (밤).\n잠옷 바람의 송준호와 옥란 이부자리 위에 앉아서 옥란 송준호 등을 긁어주고 있다 .\n송준호]거기는 아녀, 아니라니까.\n옥란]그럼 어디? .\n송준호]펭안도 펭안도.\n옥란]여기?\n송준호]이사람아 거기는 함경도잖여? .펭안도 말여옥란 등을 때리면서.\n옥란]아유...몰라요. 당신이 긁어 .\n송준호](돌아앉아 옥란을 끌어 안는다)\n해설]마당 (밤 ).\nE 송준호와 옥란의 웃음소리 정옥 사랑채 바라보다가 마루에서 일어나는데 아랫방 문 열리고 영선이 나온다.\n정옥](영선을 본다)"
  },
  "Annotation": {
    "Summary1": "사랑채에서 옥란이 송준호의 등을 긁고 송준호는 옥란을 껴안는데, 정옥이 마루에서 사랑채를 쳐다 본다.",
    "Summary2": "",
    "Summary3": "정옥은 잠이 안 와 마루로 나온다. 사랑채에서 옥란이 송준호의 등을 긁어 주고 송준호가 옥란을 끌어안는다. 정옥은 웃음소리가 나는 사랑채를 보다 영선과 마주친다."
  },
  "filename": "SCRIPT-fs_drama-42062-00038.json"
}