{
  "Meta": {
    "doc_id": "SCRIPT-fs_drama-42065",
    "doc_category": "SCRIPT",
    "doc_type": "fs_drama",
    "doc_name": "42065_DC_강이되어만나리065_2006.txt",
    "author": "KBS",
    "publisher": "KBS",
    "published_year": "2006",
    "doc_origin": "강이되어만나리065",
    "passage_id": "SCRIPT-fs_drama-42065-00015",
    "passage": "해설]철판에 불고기를 구워서 수영 영선의 보조 접시에 놓아준다.\n영선]놔두세요 내가 먹을께요.\n수영]자꾸 사양하면... 나중엔 정말 안 하게 돼. 내가 썰렁하고 맛대가리 없는 남편이면 좋겠어?\n영선]...(본다)\n수영](불고기를 집어서 영선 입에 대주면서 )아 해봐.\n영선](당황하면서 )싫어요.\n수영]거절한다구? .\n영선](접시 가리키면서 )여기 놔요.\n수영]나도 싫어.\n영선](어이가 없어서 )이러지 마요. .\n수영]입 벌리는 게 뭐가 어려워서? 아 해봐. 빨리.\n영선]...(진땀이 나는 )\n수영].좋아. 안받아 먹으면 밤새도록 이러고 있지 뭐..\n영선]왜 쓸데 없는 고집을 부려요?\n수영]고집 부리지 않게 해주면 되잖아? 아... 빨리...\n영선](어쩔 수 없이 입을 벌리고 )\n수영](고기를 영선 입에 넣어준 뒤 웃고 두 손 높이 올리면서 )성공이다. .\n영선](어이 없어서 픽 웃는다)\n수영]어, 웃었어? (카운터쪽을 보고 )아주머니, 우리 색시가 웃었어요..\n아주머니](오면서 )고기 더 드려요?\n수영]우리 색시가 웃 엇다니까요."
  },
  "Annotation": {
    "Summary1": "수영은 불고기를 영선 입에 넣어주려고 고집을 피우다 결국 성공하고 영선은 어이가 없어서 웃는다.",
    "Summary2": "",
    "Summary3": "수영이 불고기를 영선의 보조 접시에 놓아준 후 이번에는 불고기를 영선의 입에 직접 넣어주려고 계속 고집을 피운다. 수영은 고기를 영선의 입에 넣어 준 뒤 두 손 높이 올리면서 성공이라 하자 영선은 어이가 없어서 웃는다."
  },
  "filename": "SCRIPT-fs_drama-42065-00015.json"
}