{
  "Meta": {
    "doc_id": "SCRIPT-fs_drama-42104",
    "doc_category": "SCRIPT",
    "doc_type": "fs_drama",
    "doc_name": "42104_DC_강이되어만나리104_2006.txt",
    "author": "KBS",
    "publisher": "KBS",
    "published_year": "2006",
    "doc_origin": "강이되어만나리104",
    "passage_id": "SCRIPT-fs_drama-42104-00026",
    "passage": "해설]회장실.\n조상진 수화기 귀에 대고.\n조상진]...f 술 깨거든 차근차근 물어보자구. 알았어. 전화 끊어 손님이랑 얘기 중이야 (수화기 내려놓고 이씨쪽으로 와서 앉으면서)\n조상진]두칠이한테... 중매는 좀 넣어 봤는가?\n이씨]안직 구체적으로는...혹시 부담시러서 이사 안허겄다 헐깨미요..\n조상진](고개 끄덕이고)서울에서 돌아오면 이사시키고 본격적으로 혼담을 건네 보자고.\n이씨]예.. \n해설]수희 등 보인 채 옆으로 누워 있다 오복자 문 열고 들어와 팔짱을 끼고 수희를 바라본다 속이 상해있는 오복자.\n방(서울).\n아줌마 가방(트렁크)들고 들어오고 뒤따라 수영과 영선 들어온다.\n아줌마](가방을 놓고 )어쩐 일이세요?\n수영]서울에 일이 있어서요.\n아줌마](영선에게 )애기 그렇게 되고...많이 힘드셨죠?\n영선]지금은 괜찮아요.\n아줌마]쉬세요 저녁 곧 지어 드릴께요 (나가고 )\n수영]힘들지?\n영선]운전하고 온 사람도 있는데요 뭐.\n수영](옷장으로 가서 문을 연다 )\n영선]뭐해요?"
  },
  "Annotation": {
    "Summary1": "조상진은 이씨에게 두칠이 서울에서 오면 이사시키고 혼담을 건네자 말하고 아줌마는 영선에게 많이 힘들었겠다고 한다.",
    "Summary2": "",
    "Summary3": "이씨에게 조상진은 두칠에게 중매를 넣어봤냐고 하며 서울에서 오면 이사시키고 혼담을 건네보자고 한다. 트렁크를 들고 들어온 아줌마는 영선에게 아기 일로 많이 힘들었겠다고 위로하며 저녁 준비하러 간다."
  },
  "filename": "SCRIPT-fs_drama-42104-00026.json"
}