{
  "Meta": {
    "doc_id": "SCRIPT-fs_drama-42074",
    "doc_category": "SCRIPT",
    "doc_type": "fs_drama",
    "doc_name": "42074_DC_강이되어만나리074_2006.txt",
    "author": "KBS",
    "publisher": "KBS",
    "published_year": "2006",
    "doc_origin": "강이되어만나리074",
    "passage_id": "SCRIPT-fs_drama-42074-00034",
    "passage": "해설]두칠은 부엌으로 들어가고.\n종태]뭐에요 그게?\n장씨]시장 사람들이 잔치 헤야 쓴다고 난리랑게. 저녁에 싹 초대허기로?어.\n종태]누가 음식을 만들죠?\n장씨]걱정 붙들어 매. 시장 아짐씨들? 오기로?고. 우리 마누라도 올 것잉개 .\n종태]폐를 끼쳐서 어떡해요?\n장씨]페라니 먼 그런 섭헌 말을 허는가? 자네가 누군디 ? 우리 시장사람들 희망이여 .\n수희](팔을 걷어 부치고 부엌으로 가면서 )아저씨 저두 도와드릴께요.\n종태](어이가 없어서 돌아본다 )\n해설](야외).\n영복 당구장으로 들어오면 손님들 한쪽에 몰려서 구경하면서 탄성을 지르고 있다. 영복 무슨 일인가 싶은 얼굴로 사람들 틈을 비집고 들어간다.\n미니스커트 차림의 순임 멍구 빈대와 게임을 하고 있다.\n순임 큐를 쥐고 폼을 잡으면서 고난도의 묘기를 보이는 순임서 있던 사람들 탄성을 지르고 순임 표정 변화없다영복 서서 보다가 돌아서서 방으로 가려는데.\n순임]E 자기야.\n영복](멈춰 섰다가 그대로 간다)\n순임](멍구 빈대에게 )됐어요 나 그만해. 두 사람 잘해보라구..\n영복](방 쪽으로 간다 )"
  },
  "Annotation": {
    "Summary1": "종태는 음식을 준비하게 하는 게 시장 사람들에게 폐를 끼치는 건 아닌지 걱정하고, 당구를 치던 순임은 영복을 따라간다.",
    "Summary2": "",
    "Summary3": "장씨가 종태에게 잔치 음식을 시장 사람들이 준비할 거라 하자 종태는 폐를 끼치는 건 아닌지 걱정한다. 장씨는 걱정 말라 하고 수희도 돕겠다 나선다. 한편 순임은 당구를 치다가 당구장에 들어선 영복을 따라간다."
  },
  "filename": "SCRIPT-fs_drama-42074-00034.json"
}