{
  "Meta": {
    "doc_id": "SCRIPT-fs_drama-42049",
    "doc_category": "SCRIPT",
    "doc_type": "fs_drama",
    "doc_name": "42049_DC_강이되어만나리049_2006.txt",
    "author": "KBS",
    "publisher": "KBS",
    "published_year": "2006",
    "doc_origin": "강이되어만나리049",
    "passage_id": "SCRIPT-fs_drama-42049-00031",
    "passage": "해설]아랫방 문이 열리고 정옥 나오고 영선이 나온다.\n문이 열리고 서운과 순금 조기찌개 냄비, 산적, 잡채 등이 올려진 큰상을 들고 들어온다.. 이씨 일어나서 상을 들고 ..옥란도 거드는 시늉을 한다 .\n조상진 오복자도 일어나 있다.\n조상진](일어난 채 )아이구 무슨 상을 이렇게... 간단하게 차리시지.\n강여사]귀한 손님들을 모셨잖여? 앉어봐 어여. \n해설]마당.\n두칠 마당으로 들어서서 토방에 놓여 있는 종태의 신발을 본다 두칠 건넌방으로 간다.\n건넌방.\n두칠 문을 열면 종태 츄리닝 바람으로 이부자리에 누워 있고. 머리맡에 상보자기 덮인 작은 상이 놓여 있다. 두칠 상보자기 열어보면 손도 안 댄 채 그대로다. 두칠 한숨 깨물면서 상보자기 다시 덮은 뒤 종태 옆에 앉으면서.\n두칠]종태야.\n종태](눈을 뜬다 )\n두칠]어쩔라고 이려? 인자는 곡기까장 끊고 굶어서 죽을 생각이여?\n종태](돌아눕는다)\n두칠]여자 하나 땜시 니 인생을 망칠 작정이냐고 ?\n종태](눈을 뜬 채 죽은 듯 돌아누워 있다)\n두칠]나는 암것도 아니냐? 애비는 너헌티 암것도 아녀?(목이 메어서)"
  },
  "Annotation": {
    "Summary1": "밥에 손도 대지 않은 채 죽은 듯이 누워있는 종태에게 두칠은 목멘 소리로 자신은 아무것도 아니냐고 묻는다.",
    "Summary2": "",
    "Summary3": "두칠은 건넌방에서 밥에 손도 대지 않고 누워있는 종태에게 곡기까지 끊고 여자 때문에 인생을 망칠 작정이냐고 말한다. 종태는 죽은 듯이 돌아 누워버리고, 두칠은 종태에게 자신은 아무것도 아니냐며 목이 멘 채 묻는다."
  },
  "filename": "SCRIPT-fs_drama-42049-00031.json"
}