{
  "Meta": {
    "doc_id": "SCRIPT-fs_drama-42064",
    "doc_category": "SCRIPT",
    "doc_type": "fs_drama",
    "doc_name": "42064_DC_강이되어만나리064_2006.txt",
    "author": "KBS",
    "publisher": "KBS",
    "published_year": "2006",
    "doc_origin": "강이되어만나리064",
    "passage_id": "SCRIPT-fs_drama-42064-00030",
    "passage": "해설](영복 잔을 들어 마시던 커피 바닥에 쏟아 버리고 잔을 보자기에 싸면서)너같은 놈한텐 커피 안 팔아..\n영복]이게 죽으려구 환장했나? (손을 올려 내려치려면)\n해설]멍구 빈대 달겨들어 말리고 \n(야외).\n순임 잔고 보온병을 들고 당구장으로 나와서 문 쪽으로 가고 영복 따라 나오면서.\n영복]야. 너 거기 서지 못해? \n해설]멍구 빈대 나와서 영복을 붙잡는다.\n순임](돌아서면서 ) 나이랑 한판 붙어보자고? \n해설]손님들도 멈춘 채 구경한다.\n순임]붙고 싶으면 밑으로 내려와, 상대해 줄 테니까 \n해설]순임 문으로 나가고 엇갈리면서 강치가 들어온다.\n영복]무슨 저런 년이 다 있어? (멍구 빈대 뿌리치고 쫓아나가려는데)\n강치](막으면서 )왜 그래?\n영복]저 레지년이아침부터 사람 열받게 하잖아?\n강치](영복 머리 때리면서 )여자하고 싸워?자 너만 개망신이야 임마.\n영복]으이 씨...(당구대를 발로 찬다 )"
  },
  "Annotation": {
    "Summary1": "순임이 영복의 커피를 버리고 잔을 챙기자 영복은 때리려 하고 쫓아 나온 영복에게 순임은 본인과 싸우려는 것인지 묻는다.",
    "Summary2": "",
    "Summary3": "순임이 영복의 커피를 버리고 잔을 챙기자 영복이 때리려 하고 멍구와 빈대는 말린다. 영복이 따라 나오자 순임은 자기랑 싸우자는 것이냐고 하고, 쫓아가는 영복을 강치가 막는다."
  },
  "filename": "SCRIPT-fs_drama-42064-00030.json"
}