{
  "Meta": {
    "doc_id": "SCRIPT-fs_drama-42078",
    "doc_category": "SCRIPT",
    "doc_type": "fs_drama",
    "doc_name": "42078_DC_강이되어만나리078_2006.txt",
    "author": "KBS",
    "publisher": "KBS",
    "published_year": "2006",
    "doc_origin": "강이되어만나리078",
    "passage_id": "SCRIPT-fs_drama-42078-00003",
    "passage": "해설]수영 종태 마주 본채 앉아 있고, 강치 영복 멍구 빈대 둘러 서 있다.\n수영]얘들아 .\n일동]네.\n수영]작년 이맘 때 이분한테 무례하게 햇던 거 사과해야지. 가까이 와서... 강치가 대표로 사과 해.\n강치](무릎을 꿇고 앉으면서)작년엔 저희가 무례했습니다. 진심으로 사과드립니다.\n종태](수영에게 ) 이런 쑈가 왜 필요하지?\n수영]우리 애들 좀 안심시켜 줘... 니가 사법고시 합격했다는 소식듣고부터 좌불 안석이야. (손을 내밀고 )축하한다.\n종태](바라볼 뿐 그 손을 잡지 않는다 )\n수영](손을 내리고 )영복아.\n영복]네.. .\n수영]종업원한테 술 좀 먼저 올리라구 해.\n영복](나가고 )\n수영]늬들은 나가 있어.\n해설]강치 일어서서.\n강치]그럼...말씀 나누십시오. (고개를 숙인 뒤 돌아서서 나가고 )\n해설]멍구 빈대 따라 나간다.\n종업원 술주전자(정종)와 정종잔을 들고 들어와서 두 사람 앞에 잔을 놓고 주전자 놓는다.\n수영]뜨겁게 데웠어요?\n종업원]네, 늘 드시는 대로.."
  },
  "Annotation": {
    "Summary1": "강치가 종태에게 사과하자 수영은 아이들이 종태의 사법고시 합격 소식을 듣고 불안해 한다고 종태에게 말한다.",
    "Summary2": "",
    "Summary3": "강치가 수영이 시킨대로 강태에게 무례했다며 사과한다. 종태가 이런 쇼를 왜 하냐고 묻자 수영은 아이들이 종태가 사법고시 합격했다는 말을 듣고 불안해 하니 안심 시켜 달라고 한다."
  },
  "filename": "SCRIPT-fs_drama-42078-00003.json"
}