{
  "Meta": {
    "doc_id": "SCRIPT-fs_drama-42072",
    "doc_category": "SCRIPT",
    "doc_type": "fs_drama",
    "doc_name": "42072_DC_강이되어만나리072_2006.txt",
    "author": "KBS",
    "publisher": "KBS",
    "published_year": "2006",
    "doc_origin": "강이되어만나리072",
    "passage_id": "SCRIPT-fs_drama-42072-00010",
    "passage": "해설]마당.\n서운 우물가에서 빨래를 빨고 있고, 공서방 적당한 일하고 있다.\n강여사 정옥 마루에 앉아 시금치를 다듬고 있는데대문에서 옥란 과자 상자 들고 들어오면서.\n옥란]어머님.\n서운](힐끗 돌아본 뒤 앉아서 빨래만 빨고 있고)\n강여사]어서 오너라.\n옥란]형님..\n정옥]그래, 어서와.\n옥란](마루쪽으로 와서 서운쪽 돌아보고 )순금 엄마, 나한테 무슨 유감 있어?\n서운](무시하고 빨래만 한다)\n옥란]내가 잘못해서 순금이 도망간 거 아니잖아?\n서운]긍게...누가 뭐라고?어요?\n강여사]사람이 집에 왔으면 눈이라도 마주쳐야제, 고?게 얼굴도 안쳐다보먼 찾아 온 사람이 얼마나 무렴허겄어?\n서운](손을 놓고 앞만 본채) 딸자식 하나 있는 거 시방 살아 있는지 죽었는지 소식도 몰라요. 누구 치다 보고 왔냐 갔냐 인사헐 정신 없어요 나. ( 손을 옷에 닦으면서 부엌으로 들어간다)\n옥란]어머머...나한테 말하는 것 좀 봐.\n정옥]이해해. 지금 저 사람, 속이 말이 아냐.\n옥란](앉으면서 )나두 순금이 땜에 화나요. 그 기집애 도망갈 줄 알았으면 미리 일하는 앨 구해 놓든지 했잖아요?\n정옥]어떻게 사람이 그래?\n옥란]네?\n정옥]아무리 자네 딸 아니라지만 애가 없어졌잖아? 지금 일하는 애 없는 것만 속상해 할 일이냐구?\n옥란]왜 형님까지 저한테 이러세요?\n정옥](말하려느데)\n강여사]E 아이고 그만혀. 순금이 그 가시내 땜에 집안에 분란 생기겄다."
  },
  "Annotation": {
    "Summary1": "자신 때문에 순금이 도망간 것도 아닌데 유감이 있냐는 옥란에게 서운은 딸의 생사도 몰라서 인사할 정신도 없다고 한다.",
    "Summary2": "",
    "Summary3": "옥란은 서운이 무시하자 자신이 잘못해 순금이 도망간 것도 아닌데 무슨 유감이 있냐 한다. 서운은 딸의 생사도 모른다며 누구에게 인사할 정신이 없다고 부엌으로 들어간다. 순금이 도망갈 줄 알았다면 미리 일하는 사람을 구해 놓았을 것이란 옥란에게 정옥은 어떻게 사람이 그러는지 한다."
  },
  "filename": "SCRIPT-fs_drama-42072-00010.json"
}