{
  "Meta": {
    "doc_id": "SCRIPT-fs_drama-42078",
    "doc_category": "SCRIPT",
    "doc_type": "fs_drama",
    "doc_name": "42078_DC_강이되어만나리078_2006.txt",
    "author": "KBS",
    "publisher": "KBS",
    "published_year": "2006",
    "doc_origin": "강이되어만나리078",
    "passage_id": "SCRIPT-fs_drama-42078-00007",
    "passage": "해설]문 열리고 멍구 들여다 보면서.\n멍구]네 사장님..\n수영]종업원한테 술 좀 더 가져오구 밥 두 달라구 해 .\n멍구]네...(문을 닫는다 )\n수영]...어제 무슨 생각으로 우리 집엘 왔지? .\n종태]우리 아버지한테 귀에 못이 박히게 듣고 자란 말이 ‘벼는 익을수록 고개 숙인다’ 야. 혹시나 늬 부모님한테 고시 합격하고오만 방자해졌단 말 들을까봐, 아니 순진하고 착하신 우리 아버지 마음 불편하게 해드리고 싶지 않아서... 그 정도면 대답이되겠냐?\n해설]종업원 술주전자 쟁반에 받쳐서 들고 들어와 놓고 나간 다수영 주전자 들고 종태의 잔과 자신의 잔에 술을 따른 다음.\n수영]할 말은 많은데... 더 이상 하지 않겠다. 다만 한 가지 부탁이 있어.수희 데리고 장난치지마..\n종태](O.L) 나도 부탁이야. 니 동생 수히, 단속 좀 잘해.. \n해설] 천방지축에다 그렇게 말귀도 못 알아 듣는 애는 세상에 첨봤어. 정말 성가시고 귀찮아.\n수영]진심으로 하는 소리야?\n종태]처음부터 수흰 내 관심밖이야.니가 지은 죄땜에 전전긍긍하는 기분은 아는데..설령 복술 한 대도 난 수흴 이용하진 않아.\n수영](본다)\n종태]니가 나한테 어떻게 했는지는 잊을 거야, 허지만 불쌍한 우리 아버지.. 니 결혼식에 함진 애비로 부려 먹은 건 평생 잊을 수 없을 것 같다.\n수영]그건...\n종태](O.L)변명을 듣지 않겟어 (일어서서 문으로 간다)"
  },
  "Annotation": {
    "Summary1": "종태는 수영에게 수희에게는 관심이 없고 자신의 아버지를 함진아비로 부려먹은 일을 잊지 않겠다고 한다.",
    "Summary2": "",
    "Summary3": "어제 집에 왜 왔었냐고 묻는 수영에게 종태는 자신의 아버지 마음 편하게 해드리고 싶어서 그랬다고 대답한다. 그리고 수영의 부탁에 자신은 수희에게는 관심이 없고 자신의 아버지를 함진아비로 부려먹은 걸 잊지 않겠다고 한다. 수영이 변명하려 하자 종태는 듣지 않고 일어선다."
  },
  "filename": "SCRIPT-fs_drama-42078-00007.json"
}