{
  "Meta": {
    "doc_id": "SCRIPT-fs_drama-42077",
    "doc_category": "SCRIPT",
    "doc_type": "fs_drama",
    "doc_name": "42077_DC_강이되어만나리077_2006.txt",
    "author": "KBS",
    "publisher": "KBS",
    "published_year": "2006",
    "doc_origin": "강이되어만나리077",
    "passage_id": "SCRIPT-fs_drama-42077-00029",
    "passage": "해설]수희 방.\n수희 방으로 들어오고 오복자 따라 들어온다.\n수희]엄마 꼼짝 없이 집에 갇혔네?\n오복자]그래 지금 집시키는 개새끼 신세다.\n수희](윗옷 벗으면서 )새언니 언제까지 대평리 있을 거래?\n오복자]내가 아냐? 늬 오래비한테 물어봐..\n수희]별로 궁금한 것두 아냐 (침대에 드러 눕는다 )\n오복자](옆에 앉으면서 )너 아버지랑 점심 먹엇다며?\n수희]어떻게 알았어?\n오복자]아버지랑 통화했으니까 알지.\n수희](일어나 앉으면서 )뭐래 아버지가?\n오복자]...너 시집 보낼까 물으시드라. 니가 뭐랬는데 늬 아버지 그러셔?\n수희](본다)\n오복자]뭐랬어 아버지한테?\n수희]시집가구 싶다구..\n오복자]뭐?\n수희]난 학교 다니기 지겹단 말야..\n오복자]입학한지 몇 달이나?다구 학교가 다니기 싫어?\n수희]솔직히 무용해서 뭐해? 무용가 될 생각 전혀 없는데?\n오복자]누가 너한테 무용가 되래. 졸업장만 따란 말야. 졸업장만.\n수희]글세 졸업장 따서 뭐에 쓰 먹냐구?\n오복자]신랑감 구하는데 써먹지 뭐에 쓰겠어?\n수희]졸업장 필요 없이도 신랑감 구할 수 있으면 대학 그만 다녀두 되는 거 아냐?\n오복자]신랑감도 신랑감 나름이야. 대학 졸업장도 없이 얼마나 알량한 신랑감 데려오려구? .\n수희]엄마가 원하는 건 사짜 붙은 신랑감이라면서?\n오복자]그래.\n수희]그러니까 내가 사짜 붙은 신랑감 구해 온다구.\n오복자수희]엄만 왜 먼 데서 생각해? 그런 사람 바로 옆에다 두고?\n오복자]옆이라니... (생각해보고 )너 설마...종탤 두고 하는 말은 아니지.?\n수희]...종태오빠 맞어.\n오복자]돌았어 너?\n수희]어째서? 종태오빠 사짜 붙을 거잖아? 판사 검사 변호사..\n오복자](등짝을 때리면서 )불알 두 쪽 밖에 암것도 없는 놈, 그런 놈한테 시집가 신세 고단할 일 있어?\n수희]종태오빠 출세할거잖아?그리구 우리 집 돈 많은데 무슨 걱정이야?"
  },
  "Annotation": {
    "Summary1": "시집가고 싶다며 신랑을 데려오겠단 수희에게 오복자는 그 사람이 종태냐고 묻고 종태는 '불알 두 쪽 뿐인 놈'이라 한다.",
    "Summary2": "",
    "Summary3": "수희가 새언니는 언제까지 대평리에 있냐고 묻자 오복자는 오빠에게 물어보라 한다. 아버지가 수희 시집보낼까 물었다는 오복자의 말에 수희는 학교 다니기가 지겨워서 시집을 가고 싶다며 사짜 붙은 신랑감을 구해온다고 말한다. 오복자는 수희가 생각하는 사람이 종태냐고 물으며 종태는 '불알 두 쪽 밖에 없는 놈'이라고 말하는데 수희는 우리 집에 돈 많은데 웬 걱정이냐고 한다."
  },
  "filename": "SCRIPT-fs_drama-42077-00029.json"
}