{
  "Meta": {
    "doc_id": "SCRIPT-fs_drama-42051",
    "doc_category": "SCRIPT",
    "doc_type": "fs_drama",
    "doc_name": "42051_DC_강이되어만나리051_2006.txt",
    "author": "KBS",
    "publisher": "KBS",
    "published_year": "2006",
    "doc_origin": "강이되어만나리051",
    "passage_id": "SCRIPT-fs_drama-42051-00015",
    "passage": "해설]사장실.\n조상진 서류를 들여다 보고 있다 여직원 문 열고 들어와서.\n여직원]사장님 전화받아보세요.\n조상진]어딘가?\n여직원]경찰 서장님 방이래요.\n조상진](수화기 들고 )전화 바꿨습니다 조상진입니다. 아이구 서장님.. 웬일이십니까? 많이 바쁘시죠? 저야 늘 좋죠. 다서장님께서 밀어주시는 덕분 아닙니까? (긴장하면서)제 자식 놈이 왜요? (맘놓으면서 )아이구 과찬이십니다. 서장님처조카사위가 될 뻔했었는데...그놈이 복이 없었던 게지요. 예? ‘애국 청년회’요? 첨 들어봅니다만.. 그게 제 자식 놈이이랑연관이 있단 말씀이시죠? 감사합니다 그렇게 봐주시니..\n해설]노크와 함께 수영이 들어온다.\n조상진 ](눈짓으로 들어오라는 시늉한 뒤 )하하하...그렇게 하지요. 언제든지 시간만 내주십시오.. 예..\n해설]수화기 놓고 소파에 앉아 있는 수영의 앞으로 가면서.\n조상진]애국 청년회가 뭐냐?\n수영]...네...제가 만든 조직입니다.\n조상진]경찰서장이 무지 좋아하는데? 화산 건달들 니가 다 대청소한 거 같다구.\n수영]앞으로 정계 진출할 때까지, 또 진출해서도 저한테 필요한 조직입니다 .\n조상진](끄덕이고 )\n수영]그래선데요 아버지. 조식 관리하려면 자금이 좀 필요합니다..\n조상진]필요하겠지. 니 이름으로 관리하고 있는 통장 있던가?\n수영]네.\n조상진]임의대로 사용해. 내 결재 필요없다.\n수영]감사합니다.\n조상진]그리고...오늘 영선이 집으로 좀 데려와.\n수영]왜요?\n조상진]식구들 한자리에 앉아 저녁이나 먹게. 결혼 전에 늬 엄마이랑 친해두는 것도 나쁘지 않잖아?\n수영]알겠습니다."
  },
  "Annotation": {
    "Summary1": "수영이 만든 조직 애국 청년회는 경찰 서장에게 좋은 평가를 받고 아버지인 조상진에게 금전적인 지원도 받게 됐다.",
    "Summary2": "",
    "Summary3": "경찰 서장은 전화로 조상진에게 애국 청년회를 칭찬한다. 조상진은 아들 수영에게 애국 청년회에 대해 묻는다. 수영은 정계 진출 전 후로 자신에게 필요한 조직이라고 설명하고 조직 관리를 위해 자금이 필요하다고 덧붙인다. 조상진은 수영 명의의 통장을 임의대로 쓰도록 하고 수영에게 저녁식사를 위해 영선을 집으로 데려오라 한다."
  },
  "filename": "SCRIPT-fs_drama-42051-00015.json"
}