{
  "Meta": {
    "doc_id": "SCRIPT-fs_drama-42069",
    "doc_category": "SCRIPT",
    "doc_type": "fs_drama",
    "doc_name": "42069_DC_강이되어만나리069_2006.txt",
    "author": "KBS",
    "publisher": "KBS",
    "published_year": "2006",
    "doc_origin": "강이되어만나리069",
    "passage_id": "SCRIPT-fs_drama-42069-00007",
    "passage": "해설]방.\n오복자 등 보인 채 누워 있다 수영 문 열고 들어와서 앉으면서.\n수영](낮게 화난 채) 일어나세요. 어머니.\n오복자](그대로 있다)\n수영](조금 언성 높여)우리한테 왜 이러시는지 말씀하세요.\n오복자]...아무 말도 하고 싶지 않아.\n수영]다른 날도 아니고...결혼식 끝난 뒤 처음으로 얼굴 대면하는 날입니다 \n해설]영선이... 우리 집 식구로서 집에다 첫 발 들여놓는 날이라구요.\n수영]근데 환영은 못해줄 망정...어떻게 방을 저 지경으로 해놀 수가 있죠? 제 방이 무슨 창곱니까?\n오복자](돌아보면서) 그따위 걸 혼수라고 해온 며느리 짐 챙겨주고 싶은 맘 없었어 그랬다 왜?\n수영](낮게)뭐라구요?\n오복자](벌떡 일어나 앉으면서)너도 눈 제대로 달렸으면 봤을 거 아냐?\n해설]싸구려티 줄줄 나는 알량꼴량한 장롱에다 화장대..\n수영](본다)\n오복자]감히 우릴 무시하고 그딴 걸 혼수라고 보내? 성질대로 했으면 도끼로 팍팍 쪼개서 불쏘시개 해 버리고 싶어.\n수영](어이가 없어서)결국 혼수 땜에 이러고 계신다 그거죠?\n오복자]그럼 내가 뭣땜에 병이 나? 오늘 이모랑 고모, 작은 아버지 내외니들 보러 온다는 것도 못오게 했어. 그뿐인 줄 알어? 우리 친구들 혼수랑 예단 구경 온다 난린 데 구경시킬게 있어야 시켜주지."
  },
  "Annotation": {
    "Summary1": "영선이 결혼 후 처음 집에 오는 날인데 오복자는 등을 보인 채 누워 있고 혼수가 싸구려라며 영선이 짐을 수영의 방에 두었다.",
    "Summary2": "",
    "Summary3": "영선이 결혼하고 처음 집에 오는 날인데 오복자는 등을 보인 채 누워 있다. 수영은 방이 창고냐고 물으니 오복자는 싸구려 혼수를 해 온 영선의 짐을 챙겨 주고 싶지 않아서 그랬다고 한다. 오복자는 친척들도 못 오게 했고 친구들에게도 구경시켜 줄 게 없다고 한다."
  },
  "filename": "SCRIPT-fs_drama-42069-00007.json"
}