{
  "Meta": {
    "doc_id": "SCRIPT-fs_drama-42079",
    "doc_category": "SCRIPT",
    "doc_type": "fs_drama",
    "doc_name": "42079_DC_강이되어만나리079_2006.txt",
    "author": "KBS",
    "publisher": "KBS",
    "published_year": "2006",
    "doc_origin": "강이되어만나리079",
    "passage_id": "SCRIPT-fs_drama-42079-00015",
    "passage": "해설]방(밤).\n정옥 강여사 영선에게 붙어서 영선을 부르고 있는 데 수영 문 열고 들어오고 서운도 들어온다 정옥 강여사 돌아본다.\n수영]할머니...\n강여사]눈 빠져 죽을 뻔했어. 왜 이렇게 늦어?\n수영]죄송합니다..\n정옥](영선을 흔들면서 )영선아...정신 좀 차려봐.\n수영](옆으로 와서 )여보... (영선을 끌어 안으면서 )여보... 눈 좀 떠봐 여보.\n정옥]조서방 서둘러. 빨리 병원으로 데려가야 돼.\n해설]마당(밤).\n수영 영선을 번쩍 안아 들고 방에서 나오고정옥 강여사 뒤따라 나오고 서운 영선의 보따리를 들고 나와서 정옥에게 준다 수영 영선을 안고 대문으로 가고 서운 정옥 강여사 뒤따라 나간다 \n택시안 (밤).\n아직도 어두운 길을 택시 달린다 정옥 앞자리에 앉아 간이 타는 심정으로 뒷좌석을 보고 있고 뒷자리에 수영 무릎에 영선을 눕히고 끌어안은 채.\n수영](영선을 끌어안고 )여보...미안해. 일찍 못 와서 미안해. (자신에게 타이르듯)별일 없을 거야. 나쁜 일은 절대 없을 거야 ..(기사에게 )아저씨 부탁합니다. 조금만 더 빨리 가주세요. 빨리요 전경 (야외 인써어트. 새벽 006시무렵)."
  },
  "Annotation": {
    "Summary1": "수영은 영선을 택시에 태워 병원으로 가면서 영선에게 늦게 와서 미안하다며 자신에게 타이르듯 별일 없을 거라고 한다.",
    "Summary2": "",
    "Summary3": "수영이 들어오자 강여사는 왜 이렇게 늦었냐고 하고 정옥은 빨리 병원으로 데려가야 한다고 한다. 이에 수영은 영선을 택시에 태워 병원으로 이동하면서 영선에게 일찍 못 와서 미안하다며 자신에게 타이르듯 별일 없을 거라고 한다."
  },
  "filename": "SCRIPT-fs_drama-42079-00015.json"
}