{
  "Meta": {
    "doc_id": "SCRIPT-fs_drama-42077",
    "doc_category": "SCRIPT",
    "doc_type": "fs_drama",
    "doc_name": "42077_DC_강이되어만나리077_2006.txt",
    "author": "KBS",
    "publisher": "KBS",
    "published_year": "2006",
    "doc_origin": "강이되어만나리077",
    "passage_id": "SCRIPT-fs_drama-42077-00010",
    "passage": "해설](야외).\n공서방 자전거에 한약을 열첩 정도 묶어서 매달고 달려온다 \n마당.\n서운 기저귀와 배냇저고리 등을 마당에 널고 있다. 빨랫줄 가득히 기저귀 널려 있다.\n공서방 끈으로 묶은 한약을 들고 마당으로 들어온다.\n서운](돌아보고 )공센 빨리 갔다 오셌네. (안에 대고 )성님 공센 왔어라우.\n정옥](정옥 방에서 나오면서 )오셨어요?\n공서방](한약을 가져다 주면서 )생강 두 쪽에다 대추 2개썩 너서 대리고요..\n해설]식후에 멕이라고요.\n강여사 정옥 방에서 나오면서.\n강여사]진맥은 따로 필요 없다고 허든가?\n공서방]예...약 먹고 벵원의사가 말헌대로 가만히 눠 있는 것이 좋겄다고요..\n정옥]수고했어요. 공서방.\n공서방](인사하고 돌아서서 간다 )\n강여사]서운아 .\n서운]얘.\n강여사]약부터 대려.\n서운]알았어요. \n해설]정옥 약을 한첩 빼서 서운에게 주고 서운 약을 들고 부엌으로 간다.\n강여사]무심한 사람들... 조산 기미 있다는디 약 한첩을 안멕이고 그냥 보내?\n정옥]심각하게 생각 안해서 그랬겟죠..\n강여사] (무슨 말을 더 하려다가 그만 두고 강여사 방으로 들어간다 )"
  },
  "Annotation": {
    "Summary1": "강여사는 공서방이 가져온 한약을 서운에게 달여오라 하며 조산기가 있는데 약 한 첩 안 먹였다며 무심한 사람들이라 한다.",
    "Summary2": "",
    "Summary3": "한약을 들고 온 공서방은 강여사가 진맥은 필요 없냐 묻자 약 먹고 가만히 누워있으면 된다고 한다. 강여사는 서운에게 약을 달여 오라 하고, 정옥에게 조산 기미가 있는데 약 한 첩 안 먹이고 보낸다며 무심한 사람들이라 한다."
  },
  "filename": "SCRIPT-fs_drama-42077-00010.json"
}