{
  "Meta": {
    "doc_id": "SCRIPT-fs_drama-42071",
    "doc_category": "SCRIPT",
    "doc_type": "fs_drama",
    "doc_name": "42071_DC_강이되어만나리071_2006.txt",
    "author": "KBS",
    "publisher": "KBS",
    "published_year": "2006",
    "doc_origin": "강이되어만나리071",
    "passage_id": "SCRIPT-fs_drama-42071-00002",
    "passage": "해설]내실.\n영복 간이침대에 눈을 뜬 채 엎드려 있다<후랫쉬>머리칼이 흐트러지고 옷매무새 엉망이 된 순금 두 손으로 얼굴을 가리고 운다.\n영복 간이 침대에서 벌떡 일어나 앉는데 문이 열리면서 강치 들어온다.\n영복]에잇 씨...노크 좀 허슈.\n강치]노큰 무슨 노크 임마.(의자 끌어다 앉으면서)오늘 목요일인거 잊었냐?\n영복]목요일이 뭔데?\n강치]아침 청소하는 날이잖아?\n영복]그놈의 청소는 왜 맨날 하는 건데?\n강치]형님이 명령하신 일이잖아?\n영복]그러니까 왜 하냐구 청소를?\n강치]우리 애국 청년회가.\n영복](O.L) 애국은 무슨 얼어 죽을 애국 ?\n강치]너 삐딱선 탔어? 왜 그래?\n영복](침대에 눕는다)\n강치]불만 있으면 형님한테 직접 얘기해.뭐, 니네 매형이니까 얘기하기도 좋겠네. (일어서다가 돌아서서 ) 근데...무슨 일이야? 무슨 일이냐고?\n영복]...기집앨 건드렸어..\n강치]그래서, 일이 꼬였냐?\n영복]그런 건 아닌데.기분이 영 찜찜해.\n강치]누군데? 리라?\n영복](일어나 앉으면서 ) 순진한 애야. 아무것도 모르는...\n강치]으유, (머리통 때리면서 )그래도 양심은 있냐? 고민하게?"
  },
  "Annotation": {
    "Summary1": "강치가 청소하는 날이라 하자 영복은 왜 하냐며 삐딱하게 말하고 무슨 일이냐 묻는 강치에게 여자를 건드렸다고 말한다.",
    "Summary2": "",
    "Summary3": "영복이 흐트러진 채 울고 있는 순금의 모습을 떠올린다. 강치가 들어와 청소하는 날이라 하자 영복은 청소를 왜 하냐 하고 강치는 왜 삐딱하게 구냐며 불만 있으면 형님에게 말하라 한다. 영복은 여자를 건드렸다며 맘이 편치 않다 한다."
  },
  "filename": "SCRIPT-fs_drama-42071-00002.json"
}