{
  "Meta": {
    "doc_id": "SCRIPT-fs_drama-42069",
    "doc_category": "SCRIPT",
    "doc_type": "fs_drama",
    "doc_name": "42069_DC_강이되어만나리069_2006.txt",
    "author": "KBS",
    "publisher": "KBS",
    "published_year": "2006",
    "doc_origin": "강이되어만나리069",
    "passage_id": "SCRIPT-fs_drama-42069-00017",
    "passage": "해설]식당.\n두칠과 종태 국밥 다 먹은 그릇을 앞에 놓고 두칠 물컵을 들어 마신 뒤.\n두칠]...수영이 겔혼식에 왔다 갔담서?\n종태]...\n두칠]멋헐라고 와?\n종태]...누구한테 들으셨어요?\n두칠]수영이 동생 수희..\n종태](물컵을 들어 마신다)\n두칠]수희 가가...대장간에 와서 요상헌 소릴 허드라고.\n종태]...무슨 소릴했는데요?\n두칠]니 연분이 따로 있다고 ... 곧 나헌티 데 꼬 와 인사시킬 것이라고.\n종태]걔말..신경 쓰지 마세요.\n두칠]아까...그 후배 고향이 청주랬제? 아부지는 머허는 사람이여?\n종태]걘 그냥 후배에요. 아부지.\n두칠]여자가 서울대학까장 들어 왔으먼 고향에서 난리가 났겄는디?\n종태]걘 그냥 후배라니까요.\n두칠]긍게 누가 뭐라고 허냐?\n종태]저... 아버지가 원하셨던 대로...지금은 어떤 생각도 머리에 없습니다. 고시 밖에는.\n두칠]그려...고시만 붙으먼... 서울에 있는 멩문대가에서도 서로 사우 삼을라고 줄을 섰단 말 들었어.\n종태]...(본다)\n두칠]가정교사로 들어간 디는 어디여?\n종태]연희동이라구...여기서 좀 멀어요.\n두칠]멋허는 집인디?\n종태]...검사에요. 부장검사.\n두칠](눈이 번쩍 뜨이는 듯)부장 검사? 부장 검사먼 높은 사람 아녀? 어떻게 고런 집으로 들어갔어?\n종태]...교수님 소개로요.\n두칠]그냥방헌티 잘 보여라. 앞으로 너헌티 큰 빽이 될 듯 싶응게..\n종태]아버지.\n두칠](O.L)내가 무식헤도 고정도는 알어. 고시 붙어도 줄이 있고 빽이 있어야만 출세헌담서?\n."
  },
  "Annotation": {
    "Summary1": "두칠은 종태가 수영의 결혼식에 다녀간 일을 달갑지 않아 했고 출세를 위해 가정교사 중인 부장검사의 집에 잘하라고 했다.",
    "Summary2": "",
    "Summary3": "두칠은 종태가 수영의 결혼식에 다녀간 것을 마뜩잖아했고 다녀간 여 후배를 언급하자 종태는 지금 고시에 전념 중이라고 했다. 두칠은 종태에게 고시만 붙으면 서울 명문가와 혼담도 가능하다고 들었다고 했고 종태가 연희동 부장검사의 집에서 가정교사를 한다고 하자 두칠은 출세를 위해서 그에게 잘 보이라고 했다."
  },
  "filename": "SCRIPT-fs_drama-42069-00017.json"
}