{
  "Meta": {
    "doc_id": "SCRIPT-fs_drama-42078",
    "doc_category": "SCRIPT",
    "doc_type": "fs_drama",
    "doc_name": "42078_DC_강이되어만나리078_2006.txt",
    "author": "KBS",
    "publisher": "KBS",
    "published_year": "2006",
    "doc_origin": "강이되어만나리078",
    "passage_id": "SCRIPT-fs_drama-42078-00017",
    "passage": "해설](서울).\n침대 밑에 허접한 이부자리 깔려 있고 영채 메모지에 적은 전화번호를 놓고 전화한다.\n영채]여보세요... 전 단지보고 전화하는 건데요...거기 뭐하는 데에요?\n해설]...식당이요? 무슨 식당이요?전 학생이라 저녁에만 시간이 나는데요..\n괜찮다구요? 아줌마 문 열고 들여다 본다. 마땅치 않은 표정이다..\n영채](힐끗 본 뒤 ) 정말 광고대로 숙식 제공에 월 3만원이 보장되나요? 위치가 어디에요? (메모하면서 ) 파고다 공원에서네... 낙원동쪽으로요.. 두 번째 골목이요? 네, 제가 내일은 수업 땜에 안되구요. 목요일에 찾아갈게요 몇 시쯤이 좋아요? 그럴께요 (수화기 놓고 돌아보면서) 왜요 아줌마?\n아줌마]먼 전화를 그렇게 오래 써? 전화비 많이 나오면... 수희는 내가 쓴 줄 알 텐데.\n영채]...그만 쓸게요.\n아줌마](문 닫고 가고)\n영채](씁쓸하다 )"
  },
  "Annotation": {
    "Summary1": "영채가 전단지를 보고 전화해 급여와 위치를 묻고, 아줌마는 전화비가 많이 나온다고 영채를 타박한다.",
    "Summary2": "",
    "Summary3": "영채가 전단지를 보고 전화해 뭐하는 곳인지를 묻고, 급여와 위치를 물어본 뒤 목요일에 찾아가겠다고 한다. 아줌마는 전화비가 많이 나온다고 영채를 타박한다."
  },
  "filename": "SCRIPT-fs_drama-42078-00017.json"
}