{
  "Meta": {
    "doc_id": "SCRIPT-fs_drama-42068",
    "doc_category": "SCRIPT",
    "doc_type": "fs_drama",
    "doc_name": "42068_DC_강이되어만나리068_2006.txt",
    "author": "KBS",
    "publisher": "KBS",
    "published_year": "2006",
    "doc_origin": "강이되어만나리068",
    "passage_id": "SCRIPT-fs_drama-42068-00018",
    "passage": "해설]마차 (밤 야외).\n손님 두어 명 앉아 술 마시고 영복 순임과 나란히 앉아 소주 마신다..\n영복](마신 뒤 )본명이 뭐야 너?\n순임]리라.\n영복]임마. 리라는 예명이고 호적에 올라 있는 본명 말야.\n순임]그게 리라라니까.\n영복]너 복순이지?\n순임]뭐?\n영복]말숙이? .\n순임]송영복이는 뭐 얼마나 세련된 이름이냐?\n영복]내이름 어떻게 알았어?\n순임]사장이면 사장답게 굴어. 건달 떨거지처럼 구니까 내가 착각했잖아?\n영복]어쭈 주제넘게 충고까지? (잔 들어 마신 뒤 )고향이 어디야 ?\n순임]서울.\n영복]꽁까지 마. 섬에서 왔지?\n순임]뭘 보니까?\n영복]니 얼굴에 촌년이라고 씌여 있어.\n순임]서울에서도 종로구..종로구에서도 유서깊은 가회동... 거기가 내 탯자리란다(술잔 들어 마신다)\n영복]근데... 어쩌다가 여기까지 흘러왔어?\n순임](잔 내려 놓고 )그 얘길 어떻게 다하겠냐? (한숨 쉬고) 복잡하고 구구절절한 사연이 있지 (술병 들어 따라주면서 )마셔"
  },
  "Annotation": {
    "Summary1": "영복은 순임의 본명과 고향을 묻고, 순임은 자신은 서울에서 왔고 여기까지 온 건 복잡한 사연이 있다고 한다.",
    "Summary2": "",
    "Summary3": "술을 마시던 영복이 순임에게 본명을 묻고, 순임이 리라라고 말해주지만 믿지 않는다. 고향을 묻는 영복에게 순임은 서울 종로구가 고향이며 여기까지 온 건 복잡한 사연이 있다면서 술을 따라준다."
  },
  "filename": "SCRIPT-fs_drama-42068-00018.json"
}