{
  "Meta": {
    "doc_id": "SCRIPT-fs_drama-42076",
    "doc_category": "SCRIPT",
    "doc_type": "fs_drama",
    "doc_name": "42076_DC_강이되어만나리076_2006.txt",
    "author": "KBS",
    "publisher": "KBS",
    "published_year": "2006",
    "doc_origin": "강이되어만나리076",
    "passage_id": "SCRIPT-fs_drama-42076-00013",
    "passage": "해설]순임 침대에 앉아 있고, 영복 화가 나서 허리에 두 손을 댄 채 씩씩대고 있다가.\n영복]화가 나서 내가 하루종일 일이 안돼. 너 누구 인생 망치자는 수작이야?\n순임]...\n영복](옆으로 앉으면서 )임신을 해? 그것두 내 애를 뱄다구?\n순임](일어난다)\n영복]앉아 기집애야.\n순임](조용히) 소리 지르지마 밖에 사람들 있어. 소리 지르면 너만 손핸 거 몰라?\n영복](억지로 앉히고 다시 앉으면서 소리 죽여서 )너 우리 집안이 어떤 집안이지 알어?\n순임]어떤 집안인데?\n영복]우리 9대조 할아버지는 좌의정을 지냈고, 6대조 할아버지는 판서 벼슬을 지낸 분이야.\n순임]그래서?\n영복]난 그런 뼈대 있는 집안 자손이란 말야.\n순임]그러니까?\n영복]머리통 있으면 생각을 해봐. 뼈대 있는 가문 4대 독자가 어디서 굴러 온지도 모르는 기집애이랑 어떻게 엮일 수 있겟어? 니가 임신 아니라 별 방법을 다 동원해도 어림 없는 일이야. 주제 넘게 날 넘보지 말란 말야.\n순임](일어나 문 쪽으로 간다)\n영복](일어나서 팔을 나꿔챈다)\n순임](돌아보고 )근무 중이야. 이거 놔.\n영복]너 꽁깐거지? 임신했다는 거 뻥이지 ？.\n순임](똑바로 보고 )뻥이면 좋겠지만... 사실이야.\n영복]그게 내 새끼란 증거 있어?\n순임]얘기 햇잖아? 자기가 내 첫 남자라구.\n영복]귀신을 속여 기집애야. 나한테 그따위 어설픈 뻥이 통할 줄 알어?\n순임]증명해 보여줄께. 뱃속에 든 애가 자기 애라는 거.\n영복]어떻게 증명할 건데?\n순임]낳아 보면 알거 아냐.\n영복](경악해서 )뭐?\n순임](나가면 )\n영복](쫓아가 머리채를 붙잡고 )이게 지금 어디서 누굴 협박해?\n순임](팔꿈치로 영복의 가슴을 치른 뒤 태권도로 돌려 차기 해버린다)"
  },
  "Annotation": {
    "Summary1": "영복은 순임이 임신했다고 하자 거짓말 아니냐고 몰아붙이고 순임은 낳아서 증명해 보이겠다고 해 영복을 경악하게 한다.",
    "Summary2": "",
    "Summary3": "영복은 순임이 임신했다고 하자 누구 인생 망치려는 수작이냐며 화가 나서 씩씩댄다. 영복은 순임에게 뼈대 있는 집안의 4대 독자인 자기가 순임같이 근본도 모르는 사람과 엮일 수 있겠느냐며 주제넘게 자기를 넘보지 말라고 한다. 영복이 순임에게 임신했다는 말 다 거짓말 아니냐고 몰아붙이자 순임은 낳아서 증명할 거라고 해 영복은 경악한다."
  },
  "filename": "SCRIPT-fs_drama-42076-00013.json"
}