{
  "Meta": {
    "doc_id": "SCRIPT-fs_drama-42048",
    "doc_category": "SCRIPT",
    "doc_type": "fs_drama",
    "doc_name": "42048_DC_강이되어만나리048_2006.txt",
    "author": "KBS",
    "publisher": "KBS",
    "published_year": "2006",
    "doc_origin": "강이되어만나리048",
    "passage_id": "SCRIPT-fs_drama-42048-00017",
    "passage": "해설]창가(야외).\n영채 운동장을 내려다 보고 있다. <NA>수영오빠가 서울에서 돌아오기 전 언니가 종태 씨를 정리하고 \n(야외).\n영채 산동네 걸어 올라 오고 있다.\n<NA>결혼 준비에 전념할 수 있도록 하는 것만이 어쩌면 동생으로서 할 수 있는 최선이라고, 영채는 종태를 만나러 가는 자신을 합리화시킵니다.\n마당.\n영채 들어서면 종태 마당에서 세수하고 수건으로 얼굴을 닦고 있다가 본다.\n영채](고개를 숙여 보인다)\n해설]종태 마루로 가서 앉는다.\n영채](옆으로 가서 앉는다)\n해설]두 사람 앞만 본채 잠시 침묵한 뒤에.\n영채]언니가... 만나구 싶대요.\n종태]...언니한테 전해..더이상 만나야 할 이유 없다구.\n영채](돌아보고 )생각했던 것보다 훨씬 이기적이네요.\n종태](본다)\n영채]언니한테 미련남지 않게 확실하게 해주세요. 편한 마음으로 딴 남자한테 시집갈 수 있게. 사랑했으니까 그 정돈할 수 있잖아요?"
  },
  "Annotation": {
    "Summary1": "언니를 더 이상 만날 이유가 없다는 종태에게 영채는 이기적이라며 언니가 미련 가지지 않게 확실히 해 달라고 말한다.",
    "Summary2": "",
    "Summary3": "영채가 종태에게 언니가 만나고 싶다고 했다고 하자 종태는 더 이상 만나야 할 이유가 없다고 한다. 영채는 종태가 생각보다 훨씬 이기적이라며 언니가 미련 남지 않게 확실히 해 달라고 한다."
  },
  "filename": "SCRIPT-fs_drama-42048-00017.json"
}