{
  "Meta": {
    "doc_id": "SCRIPT-fs_drama-42063",
    "doc_category": "SCRIPT",
    "doc_type": "fs_drama",
    "doc_name": "42063_DC_강이되어만나리063_2006.txt",
    "author": "KBS",
    "publisher": "KBS",
    "published_year": "2006",
    "doc_origin": "강이되어만나리063",
    "passage_id": "SCRIPT-fs_drama-42063-00026",
    "passage": "해설](야외).\n종태 허탈한 채 계단을 내려 오고 있다..\n수희](E )종태 오빠.\n종태](듣지 못한 듯 그대로 내려간다)\n수희](뛰어 내려와 종태팔을 붙잡고 )그냥 가면 어떡해?\n종태](본다)\n수희](팔을 잡고) 우리 부모님한테도 인사하구...오빠한테두 축하한다구 해.\n해설]영채 계단으로 오면서.\n영채]야 조수희.. 어디가. 가족사진 ..\n해설](하다가 영채 수희와 종태를 본다 )\n종태](수희의 손을 빼낸 뒤 계단을 내려가고 )\n수희](영채 돌아보고)잠깐 (종태 따라가면서 ) 오빠수희 계단을 내려가고 \n해설]영채 수희 뒷모습을 본다 \n(야외 ).\n종태 걸어오고 뒤쪽에서 수희가 달려와 종태의 팔을 잡는다.\n수희]이대로 그냥 가는 거 아니지?\n종태]...(팔을 빼내고 간다)\n수희]나 좀 기다려 줘. 사진 찍고 금방 올게. .\n종태](대꾸 없이 걸어간다)\n수희]오빠 001시간 뒤에 오란다 제과점으로 갈게."
  },
  "Annotation": {
    "Summary1": "수희는 종태를 붙잡고 부모님과 오빠에게 인사하라 하지만, 종태는 대답 없이 가고 수희는 한 시간 뒤에 만나자고 한다.",
    "Summary2": "",
    "Summary3": "수희는 종태를 붙잡고 부모님과 오빠한테 인사하라 하고, 수희를 부르러 온 영채가 둘의 모습을 본다. 종태는 잡힌 팔을 빼고 말없이 가고, 수희는 종태에게 한 시간 뒤에 만나자고 한다."
  },
  "filename": "SCRIPT-fs_drama-42063-00026.json"
}