{
  "Meta": {
    "doc_id": "SCRIPT-fs_drama-42074",
    "doc_category": "SCRIPT",
    "doc_type": "fs_drama",
    "doc_name": "42074_DC_강이되어만나리074_2006.txt",
    "author": "KBS",
    "publisher": "KBS",
    "published_year": "2006",
    "doc_origin": "강이되어만나리074",
    "passage_id": "SCRIPT-fs_drama-42074-00018",
    "passage": "해설](회상).\n(1회 씬7)\nM 톰존스 딜라일라 다방레지가 찻잔을 두 개 들고 와서 두 사람 앞에 놓고 크림을 잔에 부어 준 뒤 돌아간다 영선 스푼으로 설탕을 퍼서 종태의 잔에 두 개 넣어 저어준 뒤 마시라는 시늉하고 자신의 잔에 설탕 넣은 뒤.\n영선]아깐 꿈인가 했어. 종태 씨가 내 앞에 서 있을 거라군 상상도 못했거든..\n종태](잔 들어 한 모금 마신 뒤 잔 내려 놓고)실망 많이 했지, 나한테?\n영선]무슨 소리야?\n종태]미안 하다. .\n영선](잔을 내려 놓고)그게 무슨.. 사과할 일이라구?\n종태]합격해서 니 앞에 당당하게 나타나구 싶었는데...\n영선].(웃고)종태씬 사법고실 우습게 생각했나부지? 단번에 철썩 붙을 만큼?\n종태]단번에 붙은 사람도 많아.\n영선]이번에 시험 떨어진 건 하느님이 종태 씨 사랑하셔서야. 단번에 붙으면 교만해질까봐.\n종태]위로하려구 애쓰지 마.\n영선]위로가 아냐. 종태 씨처럼 실패가 뭔지 모르는 사람한텐 시험에 떨어져 보는 경험도 필요해. 단 한번 실패도 경험 못해 본사람이 어떻게 어려운 사람 입장이나 처질 이해하겠어? 종태 씨 장차 훌륭한 법관 만들기 위해 단련시키는 거야."
  },
  "Annotation": {
    "Summary1": "사법고시 합격 전에 나타나 미안해하는 종태에게 영선은 신이 종태를 훌륭한 법관으로 만들려고 단련시키는 거라 한다.",
    "Summary2": "",
    "Summary3": "종태가 자기 앞에 서 있을 거라고는 상상도 못했다는 영선에게 종태는 합격해서 당당히 나타나고 싶었는데 미안하다고 한다. 영선은 사법고시를 우습게 생각했냐며 신이 종태를 훌륭한 법관으로 만들려고 단련시키는 거라 한다."
  },
  "filename": "SCRIPT-fs_drama-42074-00018.json"
}