{
  "Meta": {
    "doc_id": "SCRIPT-fs_drama-42103",
    "doc_category": "SCRIPT",
    "doc_type": "fs_drama",
    "doc_name": "42103_DC_강이되어만나리103_2006.txt",
    "author": "KBS",
    "publisher": "KBS",
    "published_year": "2006",
    "doc_origin": "강이되어만나리103",
    "passage_id": "SCRIPT-fs_drama-42103-00031",
    "passage": "해설](야외 아침 ).\n멍구 빈대 청소하고 있다.\n문 열리고 순임 커피잔이 들어있는 박스와 설탕이 담긴 종이봉투를 안고 들어오면서.\n순임]굿모닝 .\n 빈대](돌아보고 )리라 누나..\n순임]오늘도 손님이 없네.\n멍구]그게 뭐에요 ?\n순임]짜샤.. 와서 좀 받어 무거워 죽겠어 .\n멍구](받는다 )\n순임](탁자를 가리키고 )여기 놔.\n멍구](탁자 위에 놓고 )\n순임]사장 왔냐?\n멍구]집에 안가셧어요.\n순임]안 갔어?\n빈대]요새 맨날 집에 안 가세요. \n해설]내실.\n순임 들어오면 영복 담요 둘둘 말아 끌어안고 자고 있다 순임 봉투를 내려놓고 옆으로 가서 자고 있는 영복의 입에 키스한다.\n영복 ](놀래서 눈을 뜨고 )뭐야?\n순임]잠만 자구 잇으먼 어떡해? 장살 해야지.\n영복]( 자리에서 일어나면서 )장살 어떻게 해? 손님도 안 오는데?\n순임]그렇다구 이시간까지 잠만 자냐? .\n영복]왜 왔어 ?\n순임](애교 떨면서 )사랑하는 우리 자기 보구 싶어서.\n영복]애교 떨지마 징그려.\n순임]좋으면서 뭘 그래?\n영복](어이 없어서 웃고 봉지 가리키면서 )뭐냐 이게?\n순임]응...커피랑 설탕.\n영복]뭐하려구?\n순임]쓸데가 있어. 근데 왜 여기서 자? 집에 가야지.\n영복]집에 가면 누가 반긴다구?\n순임]어이구 불쌍한 우리 자기... (영복을 끌어안는데 )"
  },
  "Annotation": {
    "Summary1": "순임은 커피잔과 설탕을 가지고 들어와 사장을 찾고, 자고 있는 영복에게 보고 싶어서 왔다고 말한다.",
    "Summary2": "",
    "Summary3": "순임은 커피잔과 설탕을 가지고 들어와 사장을 찾고, 멍구와 빈대는 사장이 요즘 집에 안 간다고 말한다. 순임은 방 안에서 자고 있는 영복의 입에 키스하고 보고 싶어서 왔다고 한다. 영복은 봉지를 가리키며 뭐냐 묻고, 순임은 커피랑 설탕이라며 쓸 데가 있다 한다."
  },
  "filename": "SCRIPT-fs_drama-42103-00031.json"
}