{
  "Meta": {
    "doc_id": "SCRIPT-fs_drama-42072",
    "doc_category": "SCRIPT",
    "doc_type": "fs_drama",
    "doc_name": "42072_DC_강이되어만나리072_2006.txt",
    "author": "KBS",
    "publisher": "KBS",
    "published_year": "2006",
    "doc_origin": "강이되어만나리072",
    "passage_id": "SCRIPT-fs_drama-42072-00002",
    "passage": "해설]방 (새벽).\n정옥 이부자리에 앉아 머리를 매만지고 있다.\n문 열리고 영채 들어오면서.\n영채]엄마.\n정옥](돌아보며서 )일어 났어?\n영채](옆으로 와서 앉으면서 )오늘 무슨 날인 줄 알어?\n정옥]무슨 날이야?\n영채]알아맞춰 봐.\n정옥](생각이 안난다)\n영채]엄만 내 생일도 잊어 먹었어?\n정옥](놀래서 )니 생일이야?\n영채]엄마 정말 왜 그래? 진짜 내 생일도 잊어 먹었어? 오늘... 콩쿠르 날이잖아?\n정옥]미안해. 엄마가 정신이 없어.\n영채](정옥의 손을 끌어다가 자신의 가슴에다 대고)심장 뛰는 거 느껴져?\n정옥]지금부터 심장이 뛰면 어떡해?\n영채]콩쿠르...콩짜만 생각해도 심장이 뛴다니까.\n정옥](머리를 만져주면서)부담없이 해. 실력만큼..\n영채]1등하면... 내가 가고 싶은 대학 들어갈 수 있단말야.\n정옥]그런거 의식하면 더 안되는 거야..\n영채](심호흡 하면서 일어서면)\n정옥]어디서 하니?\n영채]전주여고 강당.\n정옥]몇시야?\n영채]왜, 엄마 오게? 절대 오지마. 엄마 오면 나 더 못해. 알았지?\n정옥]알았어.\n영채].(나가려다 돌아보고)참 엄마, 언니 걱정은 안해두 되겠어어제 수희 얘기 들어보니까... 형부가 몸바쳐서 언니한테 잘 하는거 같애."
  },
  "Annotation": {
    "Summary1": "영채는 정옥이 콩쿠르에 오면 더 못하니 절대 오지 말라고 하고 형부가 언니에게 잘 하니까 걱정 안 해도 될 것 같다고 한다.",
    "Summary2": "",
    "Summary3": "영채는 정옥에게 오늘이 무슨 날인지 아냐고 물어보고, 정옥이 모르자 영채는 그것도 모르냐며 콩쿠르 날이라 긴장된다고 한다. 영채는 정옥이 오면 더 못 한다며 오지 말라고 당부하고 나가면서 형부가 언니에게 잘 하니까 걱정 안 해도 될 것 같다고 한다."
  },
  "filename": "SCRIPT-fs_drama-42072-00002.json"
}