{
  "Meta": {
    "doc_id": "SCRIPT-fs_drama-42075",
    "doc_category": "SCRIPT",
    "doc_type": "fs_drama",
    "doc_name": "42075_DC_강이되어만나리075_2006.txt",
    "author": "KBS",
    "publisher": "KBS",
    "published_year": "2006",
    "doc_origin": "강이되어만나리075",
    "passage_id": "SCRIPT-fs_drama-42075-00014",
    "passage": "해설]어디서 하던 버릇 나한테 하려구 들어?\n순임]하던 버릇이라니?\n영복]어떤 놈 새낄 배고 와서 나한테 덤탱이 씌우냐고?\n순임](똑바로 보고 )자기가 내 첫 남자야,\n영복]첫 남자 ? ( 배꼽을 쥐고 웃다가 갑자기 화가 치밀어서)꽁까지 마, 기집애야. (순임의 이마를 손가락으로 밀면서 )입술에 침이나 바르고 거짓말하란 말야..\n순임](똑바로 보면서 낮게)믿고 싶지 않으면 믿지마. 허지만... 닭모가지 비튼다고 아침 안되냐?\n영복](본다)\n순임](일어나서 방을 나간다 )\n영복](심정이 복잡해서 야전 침대에 푹 주져 앉는다 )\n해설]식당 (아침).\n조상진과 수영 (출근 차림 와이셔츠에 넥타이 매고 )수희 식탁에 앉아 있고, 오복자 국을 퍼담으면 영선 쟁반을 들고 서 있다.\n오복자]넌 가서 앉으라니까.\n영선]괜찮아요 어머니.\n오복자](톡 쏘면서) 무슨 원망 듣게 하려구 ?수영이한테?\n수영](오복자쪽 본다).\n오복자](마지막 국을 퍼서 쟁반위에 올리고 영선에게서 쟁반을 뺏아 들고 식탁으로 와서 식구들 앞에 국을 놓는다 )"
  },
  "Annotation": {
    "Summary1": "순임의 임신에 화가 난 영복에게 순임은 영복이 첫 남자라 하고 오복자는 영선에 수영이가 원망하니 앉으라 한다.",
    "Summary2": "",
    "Summary3": "순임의 임신에 화가 난 영복에 순임은 영복이 첫 남자라며 나가고 영복은 맘이 복잡하다. 식당에서 국을 담던 오복자는 영선이 쟁반을 들고 있자 영선에게 수영이 원망하니 앉아있으라고 한다."
  },
  "filename": "SCRIPT-fs_drama-42075-00014.json"
}