{
  "Meta": {
    "doc_id": "SCRIPT-fs_drama-42101",
    "doc_category": "SCRIPT",
    "doc_type": "fs_drama",
    "doc_name": "42101_DC_강이되어만나리101_2006.txt",
    "author": "KBS",
    "publisher": "KBS",
    "published_year": "2006",
    "doc_origin": "강이되어만나리101",
    "passage_id": "SCRIPT-fs_drama-42101-00015",
    "passage": "해설]그런 인물을 가까이에 두고 내사람으로 부릴 수 있어야만 너도 성공하는 거야.\n.\n한산한 당구장 멍구 빈대 당구치고 있다 영복 멍구 빈대쪽으로 와서.\n영복]야.. 요새 오늘 당구장 왜 이렇게 손님이 없냐?\n멍구]현대 당구장 개업했잖아요?\n영복]야 거긴 역전앞이야. 여기서 거기가 어딘데? .\n멍구]멀어두 가죠.. 서비스랑 시설이 좋으면.\n영복]거기 한 번 갔다 와 볼래 ?\n빈대]벌써 갔다 왓어요.\n영복]서비스랑 시설이 좋았어 ?\n멍구]끝내줬어요.\n영복](한숨 쉬면서 )골치 아프네 (내실로 가는데)\n해설]E 전화벨.\n영복](수화기 들고 )네 시대당구장...(하다가 전화기 귀에서 떨어뜨린 뒤 다시 )엄니..나 귀안 먹엇어. 집에 누가 와? \n해설]옥란 현관에서 들어오고 뒤따라 영복 들어온다 순임 마루에 꿇어 앉아 있다 영복 꿇어 앉는 순임의 모습에 연민과 함께 화가 나서.\n영복]여기서 뭐해 너?\n옥란]소죽은 귀신처럼 몇 시간째 저러고 있다. 늬 엄마 심장이 터져 죽을 거 같애. 재 꼴 보기 싫어서. 눈에 안뜨게 좀 해봐 .\n영복]...(옆으로 와서 바라보고는 )일어나."
  },
  "Annotation": {
    "Summary1": "멍구는 영복에게 현대 당구장 때문에 손님이 없다 하고, 옥란은 영복에게 꿇어 앉아 있는 순임을 안보이게 해달라고 한다.",
    "Summary2": "",
    "Summary3": "영복이 당구장에 손님 없냐고 묻자 멍구는 현대 당구장이 개업해서 그렇다며 거기 서비스와 시설이 좋았다고 한다. 옥란의 집에 온 영복은 마루에 꿇어 앉은 순임을 보고, 옥란은 순임이 보기 싫다며 안 보이게 해달라고 한다."
  },
  "filename": "SCRIPT-fs_drama-42101-00015.json"
}