{
  "Meta": {
    "doc_id": "SCRIPT-fs_drama-42066",
    "doc_category": "SCRIPT",
    "doc_type": "fs_drama",
    "doc_name": "42066_DC_강이되어만나리066_2006.txt",
    "author": "KBS",
    "publisher": "KBS",
    "published_year": "2006",
    "doc_origin": "강이되어만나리066",
    "passage_id": "SCRIPT-fs_drama-42066-00036",
    "passage": "해설](돌아서서 간다 )\n영복](벌떡 일어나 순임의 손목을 움켜 쥔다.\n순임]뭐하는 거야, 이거 놔.\n해설]영복 순임을 끌고 밖으로 나가고 마담이 소리지르로 손님들 돌아본다.\n계단(야외 밤 ).\n영복 순임을 끌고 계단을 올라온다.\n순임]놔, 이 새끼야..\n영복]옥상으로 가. 너 오늘 진짜 임자 만났어. \n해설]마담과 주방장 옷을 입은 남자 따라 나오면서.\n남자]이봐 뭐야, 너?\n영복](돌아보면서 )참견마요.남녀 관계니까 .\n순임]아니에요, 아저씨. 이자식 거짓말하는 거야. 혼내줘요.\n남자](쫓아 올라오면 )\n해설]영복 순임을 끌어당겨 한 팔로 순임의 손을 움직이지 못하게 하고 한 팔로 끌어안은 채 입에다 키스를 해서 입을 막아버린다.\n남자 무안한 채 마담을 끌고 내려가고 영복 입술을 떼면 순임 손을 빼서 영복을 뺨을 때리려 한 다영복 순임의 손목을 비틀어 잡고.\n영복]너 또 겁대가리 없이 까불래?\n순임](기가 막혀서 본다)"
  },
  "Annotation": {
    "Summary1": "순임을 끌고 가는 영복을 주방장이 막자 영복은 참견하지 말라 말하며 순임에게 키스한다.",
    "Summary2": "",
    "Summary3": "영복이 순임을 끌고 옥상으로 올라간다. 마담과 주방장이 따라나오자 참견 말라며 그들을 일별하고 순임이 주방장에게 도움을 요청한다. 주방장이 올라오자 영복이 순임에게 키스한다."
  },
  "filename": "SCRIPT-fs_drama-42066-00036.json"
}