{
  "Meta": {
    "doc_id": "SCRIPT-fs_drama-42079",
    "doc_category": "SCRIPT",
    "doc_type": "fs_drama",
    "doc_name": "42079_DC_강이되어만나리079_2006.txt",
    "author": "KBS",
    "publisher": "KBS",
    "published_year": "2006",
    "doc_origin": "강이되어만나리079",
    "passage_id": "SCRIPT-fs_drama-42079-00006",
    "passage": "해설]거실 (밤).\n잠옷 바람으로 앉아 있고 오복자 찻잔을 두 개 가져와서 탁자에 놓고 앞에 앉는다.\n조상진](찻잔을 들어 마신 뒤 )별일 없겟지?\n오복자]별일이 왜 없어요? 애를 낳게 생겼다는 데?(찻잔 들어 훌훌 마신다)\n조상진]산모랑 애만 무사하면...\n오복자](O.L)무사해봤자 팔삭동이에요..어떻게 며느리라고 하나 있는 게 애하나 제대로 달도 못 채워 낳냐구요?\n조상진]... 그렇게 말하면 안되고.\n오복자](O.L)뭐가 안돼요? 생각할수록 화가 나서 미치겠는데? 우리 손주가 팔푼인데도 당신은 괜찮단 말에요?\n조상진]...(기분은 편치 않은 채 찻잔을 들어 마신다)\n오복자](팔짱을 끼면서) 속상해 진짜..\n조상진](찻잔 내려놓고 )수흰...아무 말 안 해, 당신한테?\n오복자](찻잔 들면서 )무슨 말이요?\n조상진]...시집 보내달라고.\n오복자]시집이요? (찻잔 내려놓고 )수희가 당신한테 시집보내달래요?\n조상진](본다)\n오복자]철딱서니 없는 년. 아니 대학교 입학한지 얼마나 됐다구 시집을 보내달래? 거기다 시집을 뭐 혼자 가나? .\n조상진]마땅한 신랑감이 있나부지.\n오복자]신랑깜이 있긴 어디 있어요? 괜히 하는 소리지.\n조상진](찻잔 들어 마신 뒤 )종탠 어때? 수희 신랑감으로?\n오복자]미쳤어요?\n조상진]당신 사짜 들어가는 사람한테 수희 시집보낸다며? 종태 고시패스했잖아, 그것두 수석으로 ?\n오복자]고시 패스만하면 다에요? 종태가 누구 아들인데? 대장쟁이 박두칠 아들이에요.\n조상진]당신도 누구 닮아가네? 송준호 흉보더니 그 사람랑 뭐가 달라?\n오복자]송준호씨처럼 양반 상놈 가리느라 그러나?? 이왕이면 우리 사돈이 돈두 있고 지위도 있어 폼이 나면 좋겠다 싶어 그러는 거지.\n조상진]당신 말도 맞지만...\n오복자](O.L)종태가 수석으로 고시 패스했다는 것 빼고 보잘게 뭐가 있냐구요? 만약 수희랑 결혼 시켜봐. 사돈이 대장쟁이라는 거 창피하지도 않아요?"
  },
  "Annotation": {
    "Summary1": "오복자는 며느리가 달을 못 채워 애를 낳는다며 마음상해하고, 종태의 사돈이 대장장이라 수희 신랑감으로 싫다고 한다.",
    "Summary2": "",
    "Summary3": "오복자와 차를 마시던 조상진은 며느리와 애가 걱정이 되지만 오복자는 며느리가 달도 채우지 못하고 애를 낳는다며 속상해한다. 조상진은 수희가 시집보내달라고 오복자에게 말하지 않았냐고 물어보자 오복자는 수희가 철이 없어서 그런다며 투덜거린다. 조상진은 수희 신랑감으로 종태가 어떠냐고 묻자 오복자는 사돈이 지위도 있고 폼이 나면 좋겠는데 대장장이라 싫다고 한다."
  },
  "filename": "SCRIPT-fs_drama-42079-00006.json"
}