{
  "Meta": {
    "doc_id": "SCRIPT-fs_drama-42114",
    "doc_category": "SCRIPT",
    "doc_type": "fs_drama",
    "doc_name": "42114_DC_강이되어만나리114_2006.txt",
    "author": "KBS",
    "publisher": "KBS",
    "published_year": "2006",
    "doc_origin": "강이되어만나리114",
    "passage_id": "SCRIPT-fs_drama-42114-00017",
    "passage": "해설](야외 _).\n수건을 쓴 정옥 텃밭에서 적당한 일을 하고 공서방도 적당한 일하고 있다 서운 텃밭으로 오면서.\n서운]성님 인자 그만 허쑈. 더위 잡숫겄네요.\n정옥](힐끗 돌아보고 하던 일 계속한다 )\n서운]일어나요 고만, 낼 아침 선선 헐 때 또 허게.\n정옥](호미를 놓고 )무슨 날씨가 이렇게 더워?\n서운]그렁게요 날씨도 더운디 영복이 혼수옷까장 헐라먼 성님 죽어 나시겄쇼 .\n정옥]영복이 혼수 옷?\n서운]먼 생각이까? 바느질쟁이헌티 주제 멋 헐라고 영복이 혼인날 입을 옷들을 다 성님헌티?기냐고요?\n정옥]옷감 끊어 왓어?\n서운]그렇당게요.\n정옥](다시 밭을 맨다.\n서운]꼬매 주실라요?\n정옥]그게 뭐 어렵다고 거절해?\n서운=]속이 ‘뻔허당게요.\n정옥](돌아보고 )무슨 소리야?\n서운]아들 있다고 유세허는 것이지요 영복이가 송씨 가문 4대 독잔 개로 당연히 바느질 정돈해줘야 쓴다...머 그런 거 아니겄어요?\n정옥]머리도 좋아 자넨...난 그런 생각 꿈에도 안 했는데.\n서운]긍게로 성님이 맨날 당허고 살지요.\n정옥](무슨 말인가 하려다가 만다 )"
  },
  "Annotation": {
    "Summary1": "텃밭에서 일하는 정옥에게 더위 먹는다고 그만하라 한 서운은 영복이 혼수 옷 헤줄 거냐며 아들 있다고 유세하는 거라 한다.",
    "Summary2": "",
    "Summary3": "텃밭에서 일하는 정옥에게 서운이 다가와 더위 먹겠다며 그만하라 한다. 서운은 더운데 영복이 혼수 옷까지 하려면 힘들겠다며 꿰매 줄 거냐 묻고 정옥은 뭐 어렵다고 거절하냐고 하자 아들 있다고 유세하는 거라 한다."
  },
  "filename": "SCRIPT-fs_drama-42114-00017.json"
}