{
  "Meta": {
    "doc_id": "SCRIPT-fs_drama-42068",
    "doc_category": "SCRIPT",
    "doc_type": "fs_drama",
    "doc_name": "42068_DC_강이되어만나리068_2006.txt",
    "author": "KBS",
    "publisher": "KBS",
    "published_year": "2006",
    "doc_origin": "강이되어만나리068",
    "passage_id": "SCRIPT-fs_drama-42068-00019",
    "passage": "해설]방 (밤).\n순금 옥란의 옷을 옷걸이에 걸어놓고 고무줄을 찾아 머리를 묵고 가제 수건을 집어 거울을 들여다 보면서 빨간 입술을 지운다. (완전히 지워지지 않음)\n문득 발이 아픈 듯 방바닥에 주저앉아 발을 만지고 발뒷꿈치를 돌아본다.\n살이 벗겨진 뒷꿈치 장롱을 열고 약상자를 꺼내고 빨간약고 솜을 찾아 뒷꿈치에 약을 바른다.\n마당 (밤).\n옥란 마당에 서 있고, 강여사 마루에, 서운 영채 마당에, 수영과 영선도 나와 서 있다송준호 대문에서 들어오면서.\n송준호]최기사 이자식이... 차를 끌고 가서 왜 여태 안 오는 거여? (시계를 보고 )통금 시간 다되야 가는디?\n서운]사장님도 참말로..넘의 집에 오셨라우. 여그서 주무시먼 되제. 멋헐라고 밤중에 가실라고 그랬싸요?\n옥란]그래요 여보, 자고 갑시다.\n송준호]...서운이 가서 잠자리 좀 헤봐 .\n서운]알았어요. (사랑쪽으로 가고 )\n강여사](수영과 영선을 보면서 )그만 들어가서 자, 고단허겄다.\n수영]그럼...주무세요 할머니.\n강여사]오냐. .\n수영]장인어른 ...\n송준호]그려 들어가 자..\n옥란](손 흔들면서 )잘자.\n수영](고개 숙인다.\n옥란](송준호 팔을 잡으면서 )들어 가요. 여보.\n영채](보다가 돌아선다 )"
  },
  "Annotation": {
    "Summary1": "순금이 립스틱을 지우고 발뒤꿈치에 약을 바르고, 최기사를 기다리던 송준호는 서운과 옥란의 말에 자고 가기로 한다.",
    "Summary2": "",
    "Summary3": "순금이 옥란의 옷을 걸어두고 립스틱을 지우고 아픈 발뒤꿈치에 약을 바른다. 송준호가 최기사를 기다리자 서운과 옥란은 송준호에게 자고 가라 하고 그러기로 한다. 강여사는 수영과 영선에게 들어가서 자라고 하고 옥란도 송준호에게 들어가자 한다."
  },
  "filename": "SCRIPT-fs_drama-42068-00019.json"
}