{
  "Meta": {
    "doc_id": "SCRIPT-fs_drama-42058",
    "doc_category": "SCRIPT",
    "doc_type": "fs_drama",
    "doc_name": "42058_DC_강이되어만나리058_2006.txt",
    "author": "KBS",
    "publisher": "KBS",
    "published_year": "2006",
    "doc_origin": "강이되어만나리058",
    "passage_id": "SCRIPT-fs_drama-42058-00015",
    "passage": "해설]홀 ( 야외).\n영복 멍구 빈대 짜장면을 먹고 있다.\n멍구](열심히 먹다가 )형님.\n영복]왜?\n멍구]형님 동생이요... 아까 당구장 왜 왔어요?\n영복]동생이 오빠 당구장 온게 뭐 이상하냐?\n멍구]그레도 쫌 ...궁금해서요.\n영복]어쩌서 궁금해?\n빈대]멍구가 형님 동생 짝사랑한대요.\n멍구]짝사랑은 니가하지 임마. 난 짝사랑 아냐..\n빈대]짝사랑 아니면 뭐야?\n멍구]아까 영채씨 나보고 생끗 웃는 거 못?어? 그건 나한테 관심 있다는 증거..\n영복](멍구의 뒷통수를 갈긴다 )\n멍구]아야.\n빈대](낄낄 웃고 )쌤통이다.\n영복](빈대도 한 대 갈기고 )\n빈대]아 (비명)\n영복](양손으로 멍구 빈대 뺨을 한꺼번에 꼬집으면서 )니들 잘 들어.. 어떤 놈이든지 내동생한테 수상한 눈길만 보내봐. 내가 용서 안 해. 알아 들어?\n해설](밤. 야외).\n수영의?차 달려온다 \n수영의?차안(밤. 야외).\n수영 운전하고 옆자리에 영선 타고 있다 수영 핸들을 잡은 채 하품을 하고 조금 있다가 다시 크게 하품한다.\n영선](돌아보면서 )좀 쉬엇다 가요.\n수영]한시라도 집에 빨리 가고 싶은 거 아냐?\n영선]쉬어요 좀.\n수영](방향지시등을 켜고 한쪽으로 적당한 곳에 차를 세운다 )\n영선](차창을 열고 나가려면)잠시 눈 좀 붙여요..\n수영](붙잡고 )어디가?\n영선]바람 좀 쐴께요.\n수영]같이 나가.\n영선]왜요?\n수영]납치라도 당하면 어떻게 해? 결혼식 앞두고 색시 잃어버리면?\n영선]멀미 날 것 같애서 그래요. (문을 열고 나간다 )"
  },
  "Annotation": {
    "Summary1": "영복은 동생 영채에게 관심 갖는 멍구와 빈대에게 경고를 하고, 영선은 하품하며 운전하던 수영에게 쉬었다 가자고 한다.",
    "Summary2": "",
    "Summary3": "영복은 동생 영채에게 관심을 보이는 멍구와 빈대에게 이상한 눈길을 보내지 말라고 경고한다. 한편, 운전하며 하품하는 수영에게 영선은 쉬었다가 가자고 한다. 영선은 수영에게 눈을 붙이라고 한 뒤 바람을 쐬고 오겠다고 하는데 수영은 걱정되니 같이 나가자고 한다."
  },
  "filename": "SCRIPT-fs_drama-42058-00015.json"
}