{
  "Meta": {
    "doc_id": "SCRIPT-fs_drama-42066",
    "doc_category": "SCRIPT",
    "doc_type": "fs_drama",
    "doc_name": "42066_DC_강이되어만나리066_2006.txt",
    "author": "KBS",
    "publisher": "KBS",
    "published_year": "2006",
    "doc_origin": "강이되어만나리066",
    "passage_id": "SCRIPT-fs_drama-42066-00012",
    "passage": "해설](야외).\n유원지 계곡 수영 영선 계곡의 바위에 앉아서 수영 양말을 벗고 맨발로, 영선은 양말 신은 채.\n수영]어느 날은...내 침대 옆에 12살된 베트콩 소녀가 복부에 총을 맞고 실려 왔는데.. 눈이 어찌나 맑고 예쁜지... 그 아이 눈은 나한테 계속 말하고 잇었어. 아저씨 살고 싶어요, 살려 주세요.\n영선](눈에 눈물이 글썽한 채 본다 )\n수영]그전까지 총 들고 나가 베트콩 소탕하는 일이... 어려운 일 아니었는 데그 애가 죽고 나선 많이 힘들었어..\n영선]집에서 반대 많이 했다든데...월남가는 거 자원했다면서요? .\n수영]... 강한 남자가 되고 싶었거든.\n영선]...자신을 약하다고 생각했던 모양이죠?\n수영]내가 얼마나 소심하고 수줍었는지 얘기했잖아? 오죽하면 영선이한테 내 맘도 고백 못 한 채 군댈 갔겠어?\n영선](본다)\n수영]남들은 다 웃겠지. 주먹 쓰는 놈이 소심하고 수줍었다면. 근데 사실이야. 소심하고 수줍은 거 감추고 남자다운 척 하려다보니.. 주먹을 쓰게 된 거지. .\n영선](본다)"
  },
  "Annotation": {
    "Summary1": "수영은 영선에게 베트콩 소녀가 총 맞고 왔던 것을 말하며 힘들었다고 한 후 그녀에게 고백도 못 한 채 군대에 갔었다고 한다.",
    "Summary2": "",
    "Summary3": "수영은 영선에게 베트콩 소녀가 복부에 총 맞고 실려 왔던 일화를 말하며 이후 힘들었다고 한다. 수영은 그녀에게 고백도 못 하고 군대에 갔었다며 집안 반대에도 월남에 자원한 이유는 강해지고 싶어서라고 한다."
  },
  "filename": "SCRIPT-fs_drama-42066-00012.json"
}