{
  "Meta": {
    "doc_id": "SCRIPT-fs_drama-42073",
    "doc_category": "SCRIPT",
    "doc_type": "fs_drama",
    "doc_name": "42073_DC_강이되어만나리073_2006.txt",
    "author": "KBS",
    "publisher": "KBS",
    "published_year": "2006",
    "doc_origin": "강이되어만나리073",
    "passage_id": "SCRIPT-fs_drama-42073-00004",
    "passage": "해설]눈앞에 보이는 기사(7면 하단에 세로로..기사 제목)최고득점 박종태씨 (줄바꾸어) 사법시험 최종합격이라는 부제와 함께 종태의 사진이 함께 실려 있다.\n영채]뭐야 이게?\n수희](신문을 채가서 읽기 시작한다)총무처는 28일, 제 9회 사법시험 최종 합격자 25명을 발표했다. 최고 득점자는 서울대학교법대 대학원 재학 중인 박종태씨(전북 화산시 영화동 산 28번지. 사진) 최고령자는 36세 장용식씨, 최연소자는 21세고성준씨. 합격자 명단...(합격자 이름은 한자로)\n영채](신문을 뺏아서 들여다 보고 )종태 씨가 진짜 수석이란 말야?\n수희]그래, 합격도 감사한데 수석이라니까 ..\n영채](신문의 사진을 들여다 본다)\n수희]내가 뭐랬니? 종태 오빤 합격한댔지? (신문을 뺏아 끌어안고 감격해서 )고마워 오빠..(신문에 난 사진에다 키스를 한다 )"
  },
  "Annotation": {
    "Summary1": "수희는 사법고시 수석 합격한 종태의 기사가 실린 신문을 읽은 뒤, 신문 속 종태의 사진에다가 키스한다.",
    "Summary2": "",
    "Summary3": "수희가 종태의 사법고시 수석 합격 소식이 실린 신문 기사를 읽고 있는데 영채가 신문을 빼앗아 사진을 들여다본다. 수희는 영채에게서 다시 신문을 빼앗아 종태 사진에 키스한다."
  },
  "filename": "SCRIPT-fs_drama-42073-00004.json"
}