{
  "Meta": {
    "doc_id": "SCRIPT-fs_drama-42046",
    "doc_category": "SCRIPT",
    "doc_type": "fs_drama",
    "doc_name": "42046_DC_강이되어만나리046_2006.txt",
    "author": "KBS",
    "publisher": "KBS",
    "published_year": "2006",
    "doc_origin": "강이되어만나리046",
    "passage_id": "SCRIPT-fs_drama-42046-00027",
    "passage": "해설]소문을 잠재울 라먼 혼사를 서두는 수?이 없당게요.\n조상진](기분이 찜찜한 채 찻잔 들어 마신다 ) \n해설] 시내(야외. 해 떨어지기 전 ).\n영채 친구 두 사람과 함께 책가방을 들고 시내를 걸어오고 있다 당구장 계단을 내려온 옥란과 영복. 영복 옥란에게 잘가라는 인사하고 있는데 영채와 친구들 옆으로 걸어온다.\n영복]어...,영채야...\n영채](멈춰 선다 )\n옥란]학교 끝났구나?\n영채](인사하고 당구장을 올려다 본다)\n해설]친구들 저만큼에 가서 기다리고.\n영복]영채 너, 오빠가 당구장 개업한 거 모르지?\n영채]개업? (옥란을 본다)\n옥란](웃고 )오빠가 당구장 사장이란다..\n영복](영채 손을 잡고 )따라 와봐. 보여 줄 테니까.\n영채](손을 빼면서)친구들 기다려.\n영복]친구들두 데려가지 뭐 (옥란에게 )엄니 가요. .\n옥란]알았어. 영채야 나중에 봐.\n영채](돌아서서 인사하고 )"
  },
  "Annotation": {
    "Summary1": "영복은 영채에게 당구장을 개업했으니 보여 주겠다고 하면서 영채를 기다리는 친구들도 데려가자고 한다.",
    "Summary2": "",
    "Summary3": "영복은 옥란과 당구장을 나오다 영채를 만나 당구장을 개업했다고 말한다. 보여 줄 테니 따라오라는 영복에게 영채가 친구들이 기다린다고 하자 영복은 친구들도 데려가자고 한다."
  },
  "filename": "SCRIPT-fs_drama-42046-00027.json"
}