{
  "Meta": {
    "doc_id": "SCRIPT-fs_drama-42063",
    "doc_category": "SCRIPT",
    "doc_type": "fs_drama",
    "doc_name": "42063_DC_강이되어만나리063_2006.txt",
    "author": "KBS",
    "publisher": "KBS",
    "published_year": "2006",
    "doc_origin": "강이되어만나리063",
    "passage_id": "SCRIPT-fs_drama-42063-00040",
    "passage": "해설]방.\n잘 차려진 큰상을 놓고 강여사 오복자 옥란 수희 영채 둘러 앉아서 음식을 먹으면서.\n강여사]영선이가 핵교 졸업헌 뒤에 직장 댕기니라 살림 배울 시간이 없었어. (오복자에게)당분간은 자네가 데꼬 갈쳐야 헐것이네..\n오복자]아이구 아무리 안배?다해도 양반집 따님 솜씨 어디로 가겠어요?\n해설]사이랑채.\n송준호(한복차림) 조상진 이씨 상을 받고 앉아서 송준호 술주전자 들어 조상진 잔에 따라주고 조상진은 주전자 받아 송준호 잔에 따라준다음 이씨 잔에도 따른다.\n이씨](잔을 받고 두 사람 눈치 살피면서 )참말로 두 분이 요?게 술잔을 주거니 받거니 허시는 걸 봉게로 제 기분이 얼매나 좋은지 모르겄어요.\n해설]송준호 말없이 술을 마시고 잔을 주면 조상진 받아 마시고 다시 잔을 준뒤 술을 따른다.\n이씨](양쪽을 번갈아 본 뒤 )먼 말씀을 조깨 나누시먼서 술잔을 돌리시지요.\n조상진]혼인 성사될 때까지 자네가 애 많이 썼네.\n이씨]제가 멀요..\n송준호](앞에 놓인 술잔 들어 마시고 )\n조상진]옛날엔 이방도 운동장처럼 넓었는데 말야. 자네 이방에서 나이랑 씨름한 거 기억나나?\n송준호](본다)\n조상진](하하 웃으면서 )자넨... 지고도 깨끗하게 승복할 줄을 몰랐어. 진 게임도 이겼다고 징징 울면서 우겼지. 자네가 얼마나 울보였는진 기억 나지?"
  },
  "Annotation": {
    "Summary1": "송준호 일행이 서로 잔을 주고받는데 조상진이 송준호에 씨름한 걸 기억하냐며 송준호가 승복을 모르는 울보였다 한다.",
    "Summary2": "",
    "Summary3": "송준호와 조상진, 이씨가 서로 잔을 따라 주고 받고 하는데 이씨가 둘에게 말 좀 하며 술잔을 돌리라 하자 조상진이 혼인 성사되기까지 애 썼다며 이씨를 치하한다. 조상진이 송준호에 같이 씨름한 걸 기억하냐며 송준호가 지고도 승복할 줄 모르는 울보였다 말한다."
  },
  "filename": "SCRIPT-fs_drama-42063-00040.json"
}