{
  "Meta": {
    "doc_id": "SCRIPT-fs_drama-42052",
    "doc_category": "SCRIPT",
    "doc_type": "fs_drama",
    "doc_name": "42052_DC_강이되어만나리052_2006.txt",
    "author": "KBS",
    "publisher": "KBS",
    "published_year": "2006",
    "doc_origin": "강이되어만나리052",
    "passage_id": "SCRIPT-fs_drama-42052-00002",
    "passage": "해설]시내 (야외).\n수영의?차 시내로 들어와 달린다. 앞만 보고 달리는 수영영선의 눈에 두칠과 종태의 모습이 지나간다 두칠 가방을 들고 앞서 가고 종태 뒤따라 간다 영선 형언할 수 없는 감정으로 차창에 두 손을 댄 채 두 사람을 향한 시선 떨어질 줄 모르고 종태 스쳐가는 수영의?차를 향해 걸음을 멈춘 채 본다?차의 안과 밖에서 서로 눈이 마주쳐 있는 종태와 영선의 모습에서 스톱 모션되면서 \n터미널 안.\n소도시 버스 터미널 두칠 매표소에서 표를 사면서 종태를 돌아본다 종태 가방을 무릎에 얹은 채 시름 없이 앉아 있다두칠 차표를 들고 와서 종태에게 건네주고 옆에 앉는다 종태 손에 들려 있는 차표를 내려다 본다.\n두칠]서울 도착허거들랑... 정육점 장씨헌티로 전화한번 너. 알았제?\n종태](시선 떨군 채 미미하게 끄덕인다 )\n두칠](종태 턱을 치키면서 )애비 좀 치다 봐 .\n종태](본다)\n두칠]너는...니 한 몸이 아녀. 니가 어찌 되먼 애비도 이세상 사람 아닝게.."
  },
  "Annotation": {
    "Summary1": "영선은 창밖의 종태와 눈이 마주치고 두칠은 종태에게 서울 도착하면 전화하라면서 종태가 없으면 자신도 살 수 없다 한다.",
    "Summary2": "",
    "Summary3": "수영의 차 안에서 영선이 창 밖의 두칠과 종태를 보다 종태와 눈이 마주친다. 버스터미널에서 두칠이 종태에게 서울 도착하면 전화하라고 하며 종태가 없으면 자신도 살 수 없다고 말한다."
  },
  "filename": "SCRIPT-fs_drama-42052-00002.json"
}