{
  "Meta": {
    "doc_id": "SCRIPT-fs_drama-42114",
    "doc_category": "SCRIPT",
    "doc_type": "fs_drama",
    "doc_name": "42114_DC_강이되어만나리114_2006.txt",
    "author": "KBS",
    "publisher": "KBS",
    "published_year": "2006",
    "doc_origin": "강이되어만나리114",
    "passage_id": "SCRIPT-fs_drama-42114-00019",
    "passage": "해설]영복 빈대 삐죽이는데.\n순임=](들어오면서 소리지는다 ). 다들 여기서 뭐해? 장사 안 하겠다는 거야?\n멍구]저기...형님이 허리가 불편하셔서요.\n순임]내 말 따라서 해봐 고객은 왕이다 .\n멍구 빈대](히죽거린다)\n순임]내 말 안 들려? 고객은 왕이다.\n멍구. 빈대]고객은 왕이다.\n순임](문 가리키면서 )나가. 나가서 오신 손님들 왕처럼 모셔. 얼른.\n멍구빈대](문으로 나가고 )\n순임](영복을 보고 )일어나.\n영복]허리 아프다니까.\n순임](일어 나키면서 )꾀병 부리지 마.\n영복]꾀병 아냐 기집애야 .\n순임]짜샤 앞으로 정확히 8개월 후면 애기아빠야.\n영복]짜샤?\n순임]말했지? 니가 욕하면 똑같이 욕 날라간다구.\n영복](가슴을 친다 )\n순임]똘이 생각하면 허리 아플 겨를이 어디 있어? 난 우리 똘이 생각하면 없던 힘도 솟아나고 아프다가도 금방 난다.\n영복]그래 너 잘났어.\n순임]일어나 나이랑 한판 붙게.\n영복]뭐?\n순임]허리 아픈 덴 운돈이 최고야 (손을 잡고 )한판 붙어서 자기가 이기면 해달라는 거 다해줄게.\n영복]좋아 내가 이기면 너... 꼬박꼬박 존댓말 써. 토 달지 말고. 알았어?\n순임]알았어."
  },
  "Annotation": {
    "Summary1": "순임은 멍구와 빈대에게 '고객은 왕이다'를 따라 하게 하고 영복에게 곧 아기 아빠가 되는데 꾀병 부리지 말라고 한다.",
    "Summary2": "",
    "Summary3": "순임은 장사 안 한다는 거냐며 멍구와 빈대에게 '고객은 왕이다'를 따라 하게 한다. 순임은 영복에게 꾀병 부리지 말라며 곧 아빠가 되는데 똘이 생각하면 허리 아플 틈이 있느냐고 한다. 순임과 영복은 한 판 붙자고 하며 조건을 건다."
  },
  "filename": "SCRIPT-fs_drama-42114-00019.json"
}