{
  "Meta": {
    "doc_id": "SCRIPT-fs_drama-42106",
    "doc_category": "SCRIPT",
    "doc_type": "fs_drama",
    "doc_name": "42106_DC_강이되어만나리106_2006.txt",
    "author": "KBS",
    "publisher": "KBS",
    "published_year": "2006",
    "doc_origin": "강이되어만나리106",
    "passage_id": "SCRIPT-fs_drama-42106-00006",
    "passage": "해설]회장실.\n조상진 전화하고 있다.\n조상진](수화기 귀에 대고) 하하하 하청 맡겟다는 사람들이 줄을 서서요.\n해설]워낙 큰 공사다 보니까 신중할 수밖에 없네요. 기다려 보세요 백사장. 조만간 곧 소식 드릴 테니까. \nE 노크 조상진 돌아보면 여직원 문 열고 들어선다.\n조상진](전화기 막고 )무슨 일인가?\n여직원]이성구 씨 오셨습니다.\n조상진]들여보내 \n해설]이씨 들어서면서 인사.\n조상진](앉으라는 시늉하면서 )아이고 미안합니다 백사장. 손님이 오셔서요.. \n해설]그래요 연락드리께요.(수화기 놓고 일어서면서 )난리가 났고 만 난리가 낫어.\n이씨](엉거주춤 일어서면서 )왜요 회장님?\n조상진]우리한테 하청 좀 달라고 (앉는다 )\n이씨](따라앉으면서 )행복헌 고민이시네요.\n조상진]하하하.그래 행복한 고민이지 행복한 고민이야 \n해설]여직원 찻잔 두 개 쟁반에 받쳐 들고 와서 앞에 놓는다.\n이씨]고맙네 미쓰김.\n여직원](웃으면서 인사하고 돌아간다 )\n두칠]들게.\n이씨]예 (차를 마신다 )\n조상진]박두칠이 만나 봤는가?\n이씨]예.\n조상진](찻잔 들고 )언제 이사한대?\n이씨]그것이 조깨... 요상허게 되?고만이요.\n조상진]요상허게 되다니?\n이씨]갑자기 이사를 못허겄다고 허네요.\n조상진](찻잔 놓고 )이살 못한다고? 어째서?\n이씨]서울 가서 종태헌티 먼 이 애기를 들었는지..생각헤봉게로.."
  },
  "Annotation": {
    "Summary1": "조상진이 백사장에게 하청을 맡으려는 사람이 많다고 말하는데 이성구가 들어와서 박두칠이 이사를 거부한다고 전한다.",
    "Summary2": "",
    "Summary3": "조상진이 하청을 맡겠다는 사람이 많아서 조만간 연락한다고 백사장에게 말하는데 이성구가 들어온다. 이성구는 박두칠을 만났는데 갑자기 이사를 못하겠다고 한다고 전한다. 조상진은 마시려던 찻잔을 놓고 왜 그러냐고 묻는데 이상구는 종태에게 무슨 이야기를 들은 것 같다고 한다."
  },
  "filename": "SCRIPT-fs_drama-42106-00006.json"
}