{
  "Meta": {
    "doc_id": "SCRIPT-fs_drama-42101",
    "doc_category": "SCRIPT",
    "doc_type": "fs_drama",
    "doc_name": "42101_DC_강이되어만나리101_2006.txt",
    "author": "KBS",
    "publisher": "KBS",
    "published_year": "2006",
    "doc_origin": "강이되어만나리101",
    "passage_id": "SCRIPT-fs_drama-42101-00025",
    "passage": "해설]영복 일어나 나간다.\n옥란]어디가? \n해설]거실.\n영복 문 열고 나와서 순임의 손을 쥐고 그대로 현관으로 나간다...\n옥란 문 열고 나오면서.\n옥란]어디가 너? \n해설]영복은 그대로 순임 손끌고 나가버리고 순임 끌려나가면서 뒤쪽을 돌아본다.\n옥란](소파로 와서 펄썩 주져 앉는다 )\n해설]<NA>그래도 옥란은 영복이 순임과 자신 중에서 누구를 선택해야 한다면 당연히 엄마라고 자신했던 모양입니다 . 눈앞에서 영복이순임의 손을 끌고 나갈 때 옥란은 마지막 자신을 받치고 있었던 꿈과 희망이 와르르 무너져 내리는 소리를 들어야했습니다 \n대문에서 순임 수박을 한 통 끈으로 매달아 들어오면서.\n순임]할머니 큰 어머니.\n정옥](돌아보고 )어... 어서와.\n순임](오면서 )할머니 수박 사 왔어요 할머니 드리려구요.\n강여사]고맙다 .\n순임](우물에서 물을 퍼서 수박을 담궈 놓고 온다 )\n정옥]어디 갔다 왔어?\n순임]월명동이요 .\n강여사]월동에 누가 있었어 ?\n순임]어머니이랑 아버님이요.\n강여사]멋헐라고 가 널 반겨 줄 사람도 없는디?\n순임]내일도 갈거에요 할머니..\n정옥](본다 )\n순임]믿어요 전. 언젠가는 어머니도 저 좋아하실 거에요 부엌 (저녁 무렵)."
  },
  "Annotation": {
    "Summary1": "영복이 순임을 끌고 나가는 것을 본 옥란은 주저앉고, 순임은 강여사에게 언젠가 어머니도 자길 좋아하게 될 거라 말한다.",
    "Summary2": "",
    "Summary3": "영복이 자기를 선택하리라 자신하던 옥란은 영복이 순임을 끌고 집을 나가자 주저앉는다. 순임은 정옥의 집에 수박을 사간다. 순임은 강여사에게 월명동 어머니에게 갔었다면서 언젠가는 어머니도 자길 좋아하게 될 거라 믿는다고 말한다."
  },
  "filename": "SCRIPT-fs_drama-42101-00025.json"
}