{
  "Meta": {
    "doc_id": "SCRIPT-fs_drama-42067",
    "doc_category": "SCRIPT",
    "doc_type": "fs_drama",
    "doc_name": "42067_DC_강이되어만나리067_2006.txt",
    "author": "KBS",
    "publisher": "KBS",
    "published_year": "2006",
    "doc_origin": "강이되어만나리067",
    "passage_id": "SCRIPT-fs_drama-42067-00014",
    "passage": "해설]방.\n강여사 아랫목에 앉아 있고, 윗목에 정옥과 옥란 앉아 있다.\n수영 영선 나란히 서서 강여사에게 절을 올리고 일어서면.\n강여사]...벨일 없이 잘 댕게 왔냐?\n수영]예..\n강여사]앉어.\n수영](정옥 옥란을 향해 )절 받으시죠.\n해설]옥란 절받을 채비하는데.\n정옥](수영 소매 잡으면서)할머니께 드렸으면 됐어. 앉어 어서 \n해설]수영 영선 자리에 앉고.\n강여사]겔혼식 무사허게 마치고 요?게 신혼여행까장 잘 댕게 온 걸 봉게로 내맘이 참말로 좋구나. 잠자리이랑은 편안 허고 밥은 끼니끼니 잘 챙겨 먹었겄제?\n수영]예.\n강여사]근디 어째 얼굴들이 꺼칠헌 것 같여?\n옥란]아유 우리 어머님은 뭘 모르셔 (낄낄웃고 )신혼여행 잘 하고 와서 그런 거죠. 신혼 여행 다녀온 사람들 얼굴이 뿌옇고 훤하면 되겠어요?\n정옥](민망해서 )운전하느라 힘들었지?\n수영]아닙니다. 가까운데라 시간별로 안 걸렸어요."
  },
  "Annotation": {
    "Summary1": "강여사는 수영과 영선의 얼굴이 까칠하다 하고 옥란이 신혼여행을 잘 하고 와 그렇다고 하자 정옥은 민망해한다.",
    "Summary2": "",
    "Summary3": "수영과 영선은 강여사에게 절하고 옥란에게 절을 하려는데 정옥이 앉으라 한다. 얼굴들이 까칠하다는 강여사의 말에 옥란이 신혼여행을 잘 하고 와서 그렇다고 하자 정옥은 민망해한다."
  },
  "filename": "SCRIPT-fs_drama-42067-00014.json"
}