{
  "Meta": {
    "doc_id": "SCRIPT-fs_drama-42066",
    "doc_category": "SCRIPT",
    "doc_type": "fs_drama",
    "doc_name": "42066_DC_강이되어만나리066_2006.txt",
    "author": "KBS",
    "publisher": "KBS",
    "published_year": "2006",
    "doc_origin": "강이되어만나리066",
    "passage_id": "SCRIPT-fs_drama-42066-00011",
    "passage": "해설]방.\n조상진 들어오면 오복자 이불도 펴지 않은 맨바닥에 베개만 놓고 모로 누워 있다가 일어이나 앉는다.\n조상진]무슨 일이야, 왜 그래 당신?\n오복자]들어올 때 못 봤어요?\n조상진]영선이 혼수말야?\n오복자]보고도 아무 느낌 없어요?\n조상진](문 쪽을 보고)당신 성에 안찬 모양이지?\n오복자]가져온 거라곤 싸구려 농짝하고 화장대, 이불 보따리가 다야거지가 시집와도 저것 보단 이나을 거라고..\n조상진]...\n오복자]내가 지금 울홧통이 터져 죽겠어. 우릴 얼마이나 우습게 봤으면 혼술 그따 위로 해서 보내요? 내가 혼수 품목이이나 안 보냈으면 말을 안 해. 뭐뭐 해서 보내라..다 적어 보냈잖아. 근데 저게 뭐냐고?\n조상진]이봐 흥분하지 말고..\n오복자](O.L)흥분 안 하게 생겼어요?\n조상진]이러다가 당신 진짜로 병이나..\n오복자]병났어요 이미. 근데 이 과장 이남잔 왜 이렇게 함흥차 사야?\n조상진]이 과장 불렀어?\n오복자]대평리 보냈어요..\n조상진]대평리까지?\n오복자]내가 이대로 가만 있을 줄 알아요? 이건 완전히 우릴 개뼉다귀 취급한 거야. 사돈이란 사람들한테 이런 대접받고 어떻게 살아? 분해서?\n조상진](역시이나 기분이 더럽다 )"
  },
  "Annotation": {
    "Summary1": "오복자는 마음에 차지 않는 영선의 혼수에 화가 나 이과장을 대평리에 보내고 그녀의 얘기를 들은 조상진도 기분이 나쁘다.",
    "Summary2": "",
    "Summary3": "오복자는 품목까지 보냈는데 성에 차지 않는 영선의 혼수에 화가 나고 조상진은 그녀에게 병나니까 흥분하지 말라 한다. 사돈의 대접이 너무 분해서 이과장을 대평리로 보냈다는 오복자의 얘기를 듣고 조상진도 기분이 상한다."
  },
  "filename": "SCRIPT-fs_drama-42066-00011.json"
}