{
  "Meta": {
    "doc_id": "SCRIPT-fs_drama-42113",
    "doc_category": "SCRIPT",
    "doc_type": "fs_drama",
    "doc_name": "42113_DC_강이되어만나리113_2006.txt",
    "author": "KBS",
    "publisher": "KBS",
    "published_year": "2006",
    "doc_origin": "강이되어만나리113",
    "passage_id": "SCRIPT-fs_drama-42113-00039",
    "passage": "해설]멍구 빈대 나가고.\n순임]지금까지 어디 있었어?\n영복]목욕탕.\n순임]거짓말 말고.\n영복]진짜야.\n순임]정직하게 말하면 봐줄 게..\n영복]진짜라니까.\n순임]기원에 있엇지?\n영복]...어떻게 알았어?\n순임](뺨을 꼬집으면서 )어이구.\n영복]아파. 기집애야.\n순임]앞으로 거짓말하면... 나한테...벌받는다.\n영복]벌? 어떻게?\n순임]요?게..(하고는 진하게 입을 맞춰버린다)\n영복]( 반항한다 )\n해설]회장실.\n조상진 소파에 앉아서 전화하고 있다.\n조상진]윤사장한테까지 그런 협박을 했단 말입니까? \n해설]노크와 함께 문이 열리고 강치 들어온다.\n조상진](수화기 든 채 )아니 지금이 어떤 세상인데 하청을 포기하라 마라...백사장 그 친구 정신병자 아니에요?(강치에게 소파로 앉으라는 시늉을 한 뒤 ) 하여튼 알겠습니다. 이쪽도 가만히 있진 않을 거니까 너무 심려 마세요 그러지요..(수화기 내려놓고 )\n조상진]백인창이가 정우 토건에 대고 하청을 포기하라고 했대.\n강치]갈수록 태산이군요.\n조상진]과거에 뭐하던 놈이야?\n강치]조직 폭력배 출신이랍니다.\n조상진]뭐?\n강치]이리에 독사파라고...꽤 큰 조직이 있나봐요. 그 독사파 중간 보스였다가..."
  },
  "Annotation": {
    "Summary1": "순임은 기원에 있었다는 영복의 뺨을 꼬집고 조상진은 강치에게 백인창이 정우 토건에 대고 하청을 포기하라 했다 말한다.",
    "Summary2": "",
    "Summary3": "순임은 영복이 기원에 있었다고 답하자 영복의 뺨을 꼬집고 거짓말하면 벌 받는다며 입 맞춘다. 조상진은 강치에게 백인창이 정우 토건에 대고 하청을 포기하라고 했다 말한다. 강치는 백인창이 독사파 중간 보스였던 조직폭력배 출신이라 말한다."
  },
  "filename": "SCRIPT-fs_drama-42113-00039.json"
}