{
  "Meta": {
    "doc_id": "SCRIPT-fs_drama-42048",
    "doc_category": "SCRIPT",
    "doc_type": "fs_drama",
    "doc_name": "42048_DC_강이되어만나리048_2006.txt",
    "author": "KBS",
    "publisher": "KBS",
    "published_year": "2006",
    "doc_origin": "강이되어만나리048",
    "passage_id": "SCRIPT-fs_drama-42048-00027",
    "passage": "해설]레지 사이다 두 잔 가져 와서 두 사람 앞에 놓고 돌아간다.\n정옥]결혼 날짤 여유 없이받아서..맘이 바빠요.\n송준호](사이다 마시고)잘된 거여. 질질 끌다가 또 먼일 생길지 모르잖어?\n정옥]준비하게 돈 좀 주세요.\n송준호]먼 준비?\n정옥]딸 시집보내려면 혼수 마련해야죠.\n송준호]혼수는 먼 혼수, 대충해서 보내.\n정옥](어이가 없어서 )무슨 말을 그렇게 해요?\n송준호]자존심에 허락이 안 되야. 내 딸 조상진이헌티 줌서 혼수까지 바리바리 싸 보내야겄어?\n정옥]그럼... 영선일 빈 몸으로 시집보낼 생각이에요?\n송준호]. 상진이 놈이 돈으로 싸서 데 꼬 가겄지. 돈?이 없는 놈이니까.(사이다 마시고 )\n정옥](기가 막혀서 )당신 정말..,애들 아버지 맞아요?\n송준호]머여? .\n정옥]아무리 자식들한테 관심 없기로... 다른 일도 아닌 혼사에 어떻게 그런 무책임한 말을.\n송준호](O.L)이것이 다 누구 책임인디? 당신이 딸년들 교육 잘 못시켜 영선이 년이..(주위를 살피고 목소리 낮춰)우리집머심 아들놈이랑 연애질 허고 지랄헌거 아녀? 그런 일 없엇으먼 내가 미?다고 내 딸을 조상진이 헌티 주겄냐고?\n정옥](억장이 무너져서 말을 못한다)\n송준호]울며 겨자 먹기로 영선이 보내는 거여. 저자세로 혼수까장 바리바리 싸서 갖다 받치고?은 맘 없다고. 그럴 돈도 없고. .\n정옥](O.L )돈 없단 말은 핑계에요.\n송준호]내가 먼 돈이 있겄어?\n정옥](독이 오르면서 )돈 없는 사람이 40만원씩이나 들여서 영복이 당구장 차려줘요?\n송준호]양복이 당구장은.\n정옥](O.L)당신이 우리 애들 영복이 반에 반만이라두 생각해주면 내가 이렇게까지 속이 뒤집어지지도 않아요. 공부도 못한 애 서울에 갖다 놓고 3수씩이나 시키면서...우리 애들 둘한텐 당신 어떻게 했어요?\n송준호]영복이가 영선이 영채랑 같여?\n정옥](대든다)뭐가 달라요? 영선이 영 챈 내가 다른 데서 낳아 데려 온 애들이에요?\n송준호](O.L화를 내면서)이사람이 시방 여기가 어디라고 억지를 부리고 바락바락 대들어? 이럴라고 집에서 쉬고 잇는 사람 다방으로 불러냈어?"
  },
  "Annotation": {
    "Summary1": "정옥은 혼수 준비할 돈이 없다는 송준호에게 영복의 당구장을 차려준 것을 딸들에 대한 태도와 비교하니 송준호가 화낸다.",
    "Summary2": "",
    "Summary3": "영선이 혼수 때문에 준비할 돈을 달라고 하는 정옥에게 송준호는 대충해서 보내라며 조상진한테 혼수까지 싸서 보낼 수 없다 한다. 이어 송준호는 영선이 자기 집 머슴 아들인 조상진과 연애한 것에 불만을 나타내며 돈도 없다고 하자 정옥은 돈 없는 건 핑계라고 한다. 정옥은 돈이 없다는 송준호가 영복이 당구장 차려준 것에 딸 둘과 비교하며 대드니 송준호도 정옥이 억지 부린다며 덩달아 화를 낸다."
  },
  "filename": "SCRIPT-fs_drama-42048-00027.json"
}