{
  "Meta": {
    "doc_id": "SCRIPT-fs_drama-42103",
    "doc_category": "SCRIPT",
    "doc_type": "fs_drama",
    "doc_name": "42103_DC_강이되어만나리103_2006.txt",
    "author": "KBS",
    "publisher": "KBS",
    "published_year": "2006",
    "doc_origin": "강이되어만나리103",
    "passage_id": "SCRIPT-fs_drama-42103-00015",
    "passage": "해설]택시안 (야외 밤.\n순금 영 채 뒷좌석에 탄 채로.\n순금]언니 똑똑하드라.. 그래서 사람은 배워야 하나봐. 다들 놀랜 거 같애. 언니한테 .\n영 채](돌아보고 냄새 맡으면서 )껌 있니?\n순금]술냄새 나?\n영 채]껌 씹어.\n순금](껌을 꺼내서 입에 넣는다 )\n해설]부엌 (밤).\n순금 부엌으로 살금히 들어오고 영 채 뒤따라 들어온다 순금 방으로 들어가려면 영 채 순금을 돌려세워서 냄새를 맡는다.\n순금]어때?\n영 채]괜찮아.(하면서 손수건 꺼내서 순금의 반쯤 지운 입술을 더 지운다 )\n순금](심호흡을 한뒤 옷매무새 고치고 )엄마...\n해설]방 (밤 ).\n서운 베개를 베고 반을 잠을 자고 있다가 눈을 뜬다 문이 열리고 순금 고개를 들이밀고.\n순금]엄마 .\n서운](벌떡 일어나면서 )으미 내 새끼 \n해설]순금 방으로 들어와서 서운을 끌어안으면서.\n순금]엄마..\n서운]아이고 아이고 내 새끼.. \n해설]영 채 들어와서 두 사람 바라보고 있다.\n서운](순금을 떨어뜨려서 보면서 눈물이 흘러내리면서 )시상에...서울 물이 좋긴 좋네.. 우리 딸 이뻐진 것 조깨 봐.화산사람들이 보먼 월명동 살든 그 순금인 줄 어찌 알겄어? (옷을 만지면서 )옷도 요?게 잘 입고...참말로 성공?네우리 딸.\n순금](눈물이 글썽해서 )근데 왜 울어 엄마?\n서운]좋아서 나는 눈물이여. 너무나 좋아서.."
  },
  "Annotation": {
    "Summary1": "영채가 순금의 냄새를 맡고는 괜찮다고 하자 순금은 방에 들어가 서운을 끌어안고 서운은 울면서 순금에게 성공했다 한다.",
    "Summary2": "",
    "Summary3": "택시에서 영채는 순금에게 술냄새 나니 껌을 씹으라 한다. 집에 온 영채가 순금을 돌려 세워 냄새를 맡고는 괜찮다고 하자 순금은 방으로 들어와 서운을 끌어안는다. 서운은 순금을 보며 서울 물이 좋다며 성공했다고 하고 왜 우냐는 순금에게 좋아서 운다고 한다."
  },
  "filename": "SCRIPT-fs_drama-42103-00015.json"
}