{
  "Meta": {
    "doc_id": "SCRIPT-fs_drama-42073",
    "doc_category": "SCRIPT",
    "doc_type": "fs_drama",
    "doc_name": "42073_DC_강이되어만나리073_2006.txt",
    "author": "KBS",
    "publisher": "KBS",
    "published_year": "2006",
    "doc_origin": "강이되어만나리073",
    "passage_id": "SCRIPT-fs_drama-42073-00023",
    "passage": "해설]와이퍼로 서민금고 대표 이사실 명진 건설 상무실보다 넓고 인테리어 호화롭고 책상에 대표이사 조수영 명패 놓여 있고, 수영 회전의자에 앉아서 전화기 귀에 대고.\n수영]왜 안왔어 당신? 어머니이랑 같이 올 줄 알았는데?\n영선]...행산 어땠어요?\n수영]손님도 많이 오고...성황리에 잘 끝났어.\n영선]잘됐네요.\n수영]우리 애긴 잘 놀아?\n영선]..네(배에 손을 얹는다 ).\n수영]근데, 당신 목소리 왜 그래?\n영선]왜요?\n수영]힘들어?\n영선]조금이요.\n수영]설마 그 몸으로 음식 장만 혼자 한거 아니겠지?\n영선]고모님 오셔서 도와주셨어요.\n수영]지금부턴 아무것도 하지 말고 쉬어. 알았지?\n영선]알았어요. .\n수영]오늘 어쩌면 좀 늦을꺼야. 기다리지 말고 졸리면 자..\n영선]그럴께요.(끊으려면)\n수영](다급히 )...잠깐만.. 여보..\n영선]..?\n수영](낮은 소리로 )사이랑해.\n영선](잠시 있다가 )끊어요영선 수화기 내려놓으면"
  },
  "Annotation": {
    "Summary1": "호화로운 이사실에서 수영은 영선과 통화하며 왜 안 왔냐고 묻고, 행사는 잘 끝났다며 쉬라고 한다.",
    "Summary2": "",
    "Summary3": "호화로운 이사실에 대표이사로 앉아있는 수영은 영선에게 전화로 왜 행사에 오지 않았냐고 물으며 행사는 성황리에 끝났다고 한다. 수영은 영선에게 지금부턴 쉬라고 한다."
  },
  "filename": "SCRIPT-fs_drama-42073-00023.json"
}