{
  "Meta": {
    "doc_id": "SCRIPT-fs_drama-42047",
    "doc_category": "SCRIPT",
    "doc_type": "fs_drama",
    "doc_name": "42047_DC_강이되어만나리047_2006.txt",
    "author": "KBS",
    "publisher": "KBS",
    "published_year": "2006",
    "doc_origin": "강이되어만나리047",
    "passage_id": "SCRIPT-fs_drama-42047-00021",
    "passage": "해설](야외 ).\n머리수건을 쓴 정옥과 공서방 밭에서 일하고 있다 모종을 심거나 혹은...그 싯점에서 할 수 있는...\n서운](밭쪽으로 오면서 )공센.\n공서방](돌아본다)\n서운]집에 가보쑈. 할머니가 찾으 싱게.\n공서방](연장등을 챙겨놓고 밭을 나간다 )\n서운](옆으로 오면서 )성님 나도 시내 좀 나갔다 올랑게 그리 아 쑈 이?\n정옥]시내는 왜?\n서운]모욕조깨 허고 올라고요. 설쇠고?달동안 목간통 한 번 안 갔등만 (몸을 긁으면서 )온 몸이 근질거리고 군시러 죽겄당게요.\n정옥](한심해서 )자넨 어떻게 하면 집을 빠져나갈까 그 연구만 하고 있지?\n서운]살짝 갔다 올라다가 생각허고 말했고만... 성님이 이러시먼 앞으로는 말 안 허고 댕기는 수가 있당게요.\n정옥](기가 막혀서 )이젠 협박까지? 도대체 누가 상전이야?\n서운](히히 웃고 )상전이야...성님이지요.\n정옥]아까도 뭐가 어째 ? 햇빛에 얼굴 타서 밭일은 못하겠다구?\n서운]성님은 남자헌티 이쁘게 뵐 일 없응게 얼굴 끄실러도 상관 없지만, 나는 아니랑게요. .\n정옥](기가 막혀 말을 못한다). .\n서운](혀를 내밀고 웃으면서 돌아선다 )\n정옥](어처구니가 없다 )"
  },
  "Annotation": {
    "Summary1": "정옥은 나간다는 서운에게 핀잔을 주는데, 서운이 협박을 하고 햇빛에 얼굴이 타서 밭일을 못하겠다고 하자 기가 막힌다.",
    "Summary2": "",
    "Summary3": "서운은 일을 하는 공서방에게 할머니가 찾으니 가보라고 한다. 정옥은 서운이 시내에 갔다 오겠다고 하자 핀잔을 준다. 이에 서운은 말을 안 하고 나갈 수도 있다고 하고 햇빛에 얼굴이 타서 밭일을 못하겠다고 하자 정옥은 기가 막힌다."
  },
  "filename": "SCRIPT-fs_drama-42047-00021.json"
}