{
  "Meta": {
    "doc_id": "SCRIPT-fs_drama-42073",
    "doc_category": "SCRIPT",
    "doc_type": "fs_drama",
    "doc_name": "42073_DC_강이되어만나리073_2006.txt",
    "author": "KBS",
    "publisher": "KBS",
    "published_year": "2006",
    "doc_origin": "강이되어만나리073",
    "passage_id": "SCRIPT-fs_drama-42073-00024",
    "passage": "해설]사장실.\n수영 수화기 내려놓고 의자에 등을 기댄다.\nE노크.\n수영]네 문이 열리고 조상진 오복자 들어온다..\n수영](일어선다)\n오복자](둘러보면서 )여긴 당신 방보다 더 좋네..\n조상진](웃고 )그래서 기분 나빠?\n오복자](소파에 앉으면서 )수영이 넌 부모 잘 만나 그 나이에 서민금고 대표까지 된 거야. 알구 있어?\n조상진](앉으면서 )새삼스럽게 무슨 그런 얘길 해?\n수영](와서 앉으면서 )어머니 말씀 백번 옳죠. 두 분 아니면 어떻게 제가 아무 고생 없이 이 자리에 와 있겠어요? (고개 숙이면서 )감사합니다.\n조상진](흐뭇해서 )이젠 득남만 해. 득남만 하면 금상첨화다. 우리 집 지금까지 안되는 일 없이 다 잘 되고 있잖아?\n수영]전 딸을 원해요 아버지.\n조상진]아들부터 턱 나놔야 안심이지.\n수영]...(머리를 긁고)근데...어머니. 일하는 사람은 정말 구할 수가 없는 겁니까?\n오복자]사람이 없어, 사람이. 식모살일 해도 서울로 가야한다고 다들 서울로 만 기어 올라가니 어디 사람을 구할 수가 있냐?\n수영]우리 아줌마 다시 불러 내리세요.\n오복자]수흰 어떡하고?\n수영]수흰.. 나이가 몇입니까? 지가 끓여 먹구 다녀도 충분하잖아요?\n오복자]계란 후라이 하나도 못하는 애야. 아줌마 내려오면 굶길 밥먹듯이 할텐데... 어떻게 그래?\n수영]제 처...홑몸 아닙니다.\n오복자]그러니까 고모가 와서 도와주지.\n수영]고모가 와서 잠깐씩 돕는건 한계가 있어요. 아까도 전화했더니 완전 힘이 다 빠져 있드라구요. 일이 과중한 거죠..\n오복자]야.. 난 뭐 애 안나봤냐? 너랑 수희 뱄을 때, 애 낳기 전날까지"
  },
  "Annotation": {
    "Summary1": "조상진은 수영에게 아들부터 낳아야 안심이라 말하고 수영은 오복자에게 아줌마를 다시 부르자 말한다.",
    "Summary2": "",
    "Summary3": "수영은 조상진에게 딸을 원한다 말하고 조상진은 수영에게 아들부터 낳아둬야 안심이라 한다. 이어 수영은 오복자에게 일하는 사람을 구할 수 없나 묻고 오복자는 다들 서울로만 간다며 사람 구하기 힘들다 한다. 수영이 오복자에게 아줌마를 다시 부르자 말하니 오복자는 아줌마가 오면 수희가 밥을 굶는데 어떻게 그러냐 답한다."
  },
  "filename": "SCRIPT-fs_drama-42073-00024.json"
}