{
  "Meta": {
    "doc_id": "SCRIPT-fs_drama-42065",
    "doc_category": "SCRIPT",
    "doc_type": "fs_drama",
    "doc_name": "42065_DC_강이되어만나리065_2006.txt",
    "author": "KBS",
    "publisher": "KBS",
    "published_year": "2006",
    "doc_origin": "강이되어만나리065",
    "passage_id": "SCRIPT-fs_drama-42065-00039",
    "passage": "해설]공서방 서운 트럭에 타고 트럭 기사 운전석으로 옮겨 타고 트럭이 떠나간다.\n정옥 선 채로 트럭이 안 보일 때까지 서 있다.\n방.\n인부 두 사람 빈방에 장롱과 화장대를 들여 놓는다보기에도 수수해서 비싸게 보이지 않는다. 오복자 팔짱을 끼고 잔뜩 언짢은 표정으로 보고 있는데.\n아줌마]E 사모님 내려와 보세요. 새댁 짐 가져 왔어요.\n해설]거실.\n오복자 거실로 내려오면 서운 자잘한 짐을 들고 들어온다 이불짐하나 놓여 있고 공서방 두 번째 이불짐 들여오고 아줌마도 나가서 공서방과 함께 자잘한 짐들 계속 들여온다.\n서운]안녕하세요 안사돈어른?\n오복자](쌀쌀 맞게 )네 안녕하세요?\n서운]혼사 치루니라 욕보셌지요 이?\n오복자]내가 욕볼게 뭐가 있어요, 그댁에서 애쓰셨지..\n서운]장롱랑 화장대 들어 왔는가요.\n오복자](이층 힐끗보면서 )조금전에요.\n서운]지가 우리 영선이 짐 좀 정리헤주고 갈라고 왔고만이요.\n오복자]그럴 필요 없어요. 짐은 본인이 와서 정리하게 놔두세요.\n서운](거실을 둘러 보고 )우리 영선이 방은 어디에요?\n오복자]이 층이요."
  },
  "Annotation": {
    "Summary1": "정옥은 트럭이 가는 걸 보고 있고, 서운은 오복자에게 인사를 하며 영선의 짐을 정리해 주려고 왔다고 했다.",
    "Summary2": "",
    "Summary3": "정옥은 공서방과 서운이 탄 트럭이 가는 걸 보고 있었다. 인부들이 짐을 들여놓고, 오복자는 언짢게 지켜보고 있는데 서운이 인사를 했다. 서운은 오복자에게 영선의 짐을 정리해 주려고 왔다며 방이 어딘지 물었다."
  },
  "filename": "SCRIPT-fs_drama-42065-00039.json"
}