{
  "Meta": {
    "doc_id": "SCRIPT-fs_drama-42113",
    "doc_category": "SCRIPT",
    "doc_type": "fs_drama",
    "doc_name": "42113_DC_강이되어만나리113_2006.txt",
    "author": "KBS",
    "publisher": "KBS",
    "published_year": "2006",
    "doc_origin": "강이되어만나리113",
    "passage_id": "SCRIPT-fs_drama-42113-00025",
    "passage": "해설]부엌 (이른 아침).\n옥란 가내복 차림에 손으로 입을 막으면서 하품하고 들어오면 순임 부엌에서 오이 호박을 도마에 놓고 호박을 썰고 있다가 돌아보고.\n순임]어머니 왜 나오세요?\n옥란]너 힘들다고 아버님이...(소매를 걷고 오면)\n순임](O.L)저 힘 안 들어요 어머니. 들어가셔서 좀 더 주무세요.\n옥란]내가 할게.\n순임]아이...들어가세요 어머니 계시면 제가 더 불편해요.(옥란의 등을 밀어 기어코 부엌에서 내보낸다 )\n해설]거실 (이른 아침).\n순임 옥란을 밀어내고 부엌의 문을 닫는다 옥란 돌아서면서 흐믓해서 부엌 쪽을 본다 마당(아침절 ).\n공서방 지게를 지고 나가는데 영선 선물꾸러미 (인삼)들고 들어오다가.\n영선]안녕하세요 아저씨.\n공서방]아이고 어서 오세요.\n영선]더운데 애쓰시지요?\n공서방]늘 허는 일인디요 머 \n해설]서운 마당에서 간을 해떼어 총각무 들여다보고 뒤적이다가 영선을 보고"
  },
  "Annotation": {
    "Summary1": "옥란이 순임을 도우려 부엌에 가자 순임은 괜찮다며 내보내고, 마당에서 영선은 공서방과 인사하고 서운은 영선을 본다.",
    "Summary2": "",
    "Summary3": "옥란이 순임을 도우려 부엌으로 오자 순임은 괜찮다며 옥란이 있으면 더 불편하다고 옥란을 내보낸다. 한편 마당에서 영선은 지게를 지고 가는 공서방을 보고 인사하고 서운은 영선을 본다."
  },
  "filename": "SCRIPT-fs_drama-42113-00025.json"
}