{
  "Meta": {
    "doc_id": "SCRIPT-fs_drama-42063",
    "doc_category": "SCRIPT",
    "doc_type": "fs_drama",
    "doc_name": "42063_DC_강이되어만나리063_2006.txt",
    "author": "KBS",
    "publisher": "KBS",
    "published_year": "2006",
    "doc_origin": "강이되어만나리063",
    "passage_id": "SCRIPT-fs_drama-42063-00006",
    "passage": "해설]수영 인사하고 돌아서서 부엌을 나가고 조상진 오복자을 의자에 앉힌 뒤 앞에 앉고 수희도 앞에 앉는다.\n조상진]언짢아도 좀 참지, 다른 날도 아니고 수영이 결혼식 날이야..\n오복자]저놈이 영선이한테 눈이 뒤집혀 에민 안중에도 없다니까요.\n조상진]걱정이야. 당신.\n오복자]뭐가요?\n조상진]며느리 데려다 놓고 사사건건 트집 잡기 시작하면.\n오복자](O.L)당신 불난데 부채질해요? 왜 날 이상한 사람 만들어요? 내가 무슨 정신병자야, 며느리 데려다 사사건건 트집만 잡게?\n수희]오빠한테 문제가 있어요 아버지. 벌써부터 영선언니한테 꽉 잡혀 있는 게 눈에 보이잖아요?\n해설](새벽.\n수영 침대에 앉아 있다가 침대에 드러눕는다. 눈을 뜬 채 천정을 보고 있는 수영. \n영선방(새벽).\n영선 이부자리에 잠이 들어 있고,\n영채 잠옷 바람으로 이부자리에 쭈그리고 앉아 잠이 든 영선을 바라보고 있다.\n문이 열리고 정옥 들여다 본다.\n영채](조용히 하라는 시늉하고 작은 소리로 )조금 전에 잠들었어 엄마. 조금만 자게 놔 둬."
  },
  "Annotation": {
    "Summary1": "조상진이 예식 날에 못 참은 오복자에게 며느리 데려다가 일일이 트집 잡을까봐 걱정이라 하자 오복자는 아니라고 말한다.",
    "Summary2": "",
    "Summary3": "조상진은 예식 날에 못 참은 오복자를 나무라고 오복자는 엄마는 안중에도 없는 수영을 탓한다. 이때 조상진은 오복자에게 며느리 데려다가 일일이 트집 잡을까 봐 걱정이라고 하자, 오복자는 아니라고 한다."
  },
  "filename": "SCRIPT-fs_drama-42063-00006.json"
}