{
  "Meta": {
    "doc_id": "SCRIPT-fs_drama-42062",
    "doc_category": "SCRIPT",
    "doc_type": "fs_drama",
    "doc_name": "42062_DC_강이되어만나리062_2006.txt",
    "author": "KBS",
    "publisher": "KBS",
    "published_year": "2006",
    "doc_origin": "강이되어만나리062",
    "passage_id": "SCRIPT-fs_drama-42062-00034",
    "passage": "해설]거실 (밤).\n아줌마 현관으로 들어오고 강치와 영복 취한 종태를 양쪽에서 부축하고 들어오면서 인사한다.\n오복자](잠옷에 까운 걸치고 현관에 선 채)아니 누가 이렇게 술을 먹였어? 낼 장가갈 사람한테?\n강치]형님이...너무 기분이 좋으셨나 봐요..\n영복]저흰 말렸는데 자꾸 마시드라구요.\n오복자]방에까지 좀 데려 가.\n강치]네..\n해설]강치 영복 수영을 부축하여 이층으로 올라가고 오복자 이층으로 따라 간다 \n방 (밤).\n수영 침대에 입은 채로 누워 있고 오복자 강치 영복 수영의 넥타이 풀고 양복을 벗긴다.\n방 (밤).\n어둠속 조상진 이부자리에 누워 잠들어 있고 오복자 까운 벗어 놓고 이부자리로 들어와 눕는다.\n조상진](잠에서 깨서 )수영이 왔어?\n오복자]술이 진창 취해서 온거 알아요? 낼 결혼식 할 놈이 무슨 술을 그렇게 마셔? .\n조상진] 걱정 마. 젊은 놈이야. (돌아누워서 잠이 들고 )\n오복자]잠도 잘자네, 당신은. 송준호씨랑 사돈 맺은 게 기분 좋아 잠이 잘오나 부죠?\n조상진](돌아보면서 ) 당신은 잠 안와?\n오복자]안와요..\n조상진]왜?\n오복자]죽쒀 개준거 같애. 아무리 생각해도"
  },
  "Annotation": {
    "Summary1": "내일 결혼식인 수영이 술에 잔뜩 취해 들어오자 오복자는 걱정이 되고, 남에게 빼앗기는 거 같아 잠이 안 온다고 한다.",
    "Summary2": "",
    "Summary3": "오복자는 내일 결혼하는 수영이 술에 취해 강치와 영복의 부축을 받고 들어오는 것을 보고 걱정을 한다. 수영은 젊어서 괜찮다며 조상진이 자려고 하자 아무리 생각해도 남 좋은 일만 시키는 거 같아 잠이 안온다고 오복자는 말한다."
  },
  "filename": "SCRIPT-fs_drama-42062-00034.json"
}