{
  "Meta": {
    "doc_id": "SCRIPT-fs_drama-42065",
    "doc_category": "SCRIPT",
    "doc_type": "fs_drama",
    "doc_name": "42065_DC_강이되어만나리065_2006.txt",
    "author": "KBS",
    "publisher": "KBS",
    "published_year": "2006",
    "doc_origin": "강이되어만나리065",
    "passage_id": "SCRIPT-fs_drama-42065-00028",
    "passage": "해설](돌아 앉아 밥숟갈을 뜬다)\n복도 (야외).\n학생들 지나다니고 영채 교실문 열고 손짓을 하고 있다 수히 나온다.\n영채 수희를 이끌고 창가로 가서.\n영채]신혼여행 간 사람들 전화 왔었니?\n수희]응.\n영채]별일 없대?\n수희]별일 있길 바랬니?\n영채]말을 해두..\n수희]도착하자마자전화부터 하지...하룻밤 자고나서 전화하는 바람에 우리 엄마 무지 화났어.\n영채]전화 말고 다른 일은?\n수히]둘이서 깨가 쏟아지나봐. .\n영채]어떻게 알아?\n수희]우리 오빠 목소리가 그랬어..\n영채]우리 언니 목소린?\n수히]안 들어 봤지만 우리 오빠가 바보냐, 혼자서만 행복해하게?\n영채]...(안심이다 )\n해설]앞 (야외).\n영복 오토바이 타고 달려 오는데 앞쪽에서 순임 보온병과 배달 쟁반을 보자기에 싸서 손에 들고 미니 스커트에 엉덩이를 흔들면서 가고 있다 영복의 오토바이 순임을 지나서 멈춰 서고 영복 돌아본다 영복 쳐다보고 있으면 옆으로 오면서 영복을 보고.\n순임](껌을 씹으면서 )누군가 했더니.. 커피 배달하는 거 첨봐?\n영복](오토바이에서 내려서면서 )너 잘 만났다. (앞을 막아 서면서 ) 어제 뭘 믿구 그렇게 까불었어?\n순임]비켜, 좋은 말로 할 때.\n영복]혼 좀 나볼래?\n순임] 나이랑 한 판 붙자 그거야?\n영복](어이 없어서 )이거 말하는 것 좀 봐. .\n순임]좋아, 한 판 붙어 보자구 (쟁반과 보온병 내려놓고 껌을 퉤 뱉은 다음 태권도 자세를 잡는다)"
  },
  "Annotation": {
    "Summary1": "영채가 수희에게 신혼여행 간 사람들의 안부를 묻자 수희는 별일 없다고 하고 영복은 순임에게 어제 왜 까불었냐고 한다.",
    "Summary2": "",
    "Summary3": "영채가 수희에게 신혼여행 간 사람들 별일 없냐고 묻는다. 수희는 별일 없다며 하루 지나 전화해서 자기 엄마가 화났다고 한다. 다른 일 없었는지 묻는 영채에게 둘이서 행복했던 것 같다고 한다. 영복은 수임을 보고 어제 왜 까불었냐고 하니 순임이 자기하고 한판 붙자는 거냐고 한다."
  },
  "filename": "SCRIPT-fs_drama-42065-00028.json"
}