{
  "Meta": {
    "doc_id": "SCRIPT-fs_drama-42073",
    "doc_category": "SCRIPT",
    "doc_type": "fs_drama",
    "doc_name": "42073_DC_강이되어만나리073_2006.txt",
    "author": "KBS",
    "publisher": "KBS",
    "published_year": "2006",
    "doc_origin": "강이되어만나리073",
    "passage_id": "SCRIPT-fs_drama-42073-00015",
    "passage": "해설](야외).\n시장 사람들 남녀 30여명 둘러 서 있고 건강한 남자 두 사람 손가마 만들어 두칠을 태워서 대장간 앞을 돌고 장씨 꽹가리를 치고 있다 두칠 수줍어하면서도 입을 다물지 못한다 사람들 손뼉을 치고 축하한다장씨 꽹가리를 다른 사람에게 맡기면 꽹과리 받은 사람이 대타로 치고, 장씨 두칠을 땅에 내려서게 해서 두칠의 손을 잡고 춤을 춘다. 두칠 처음에는 소극적으로 그러다가 점점 흥이나 덩실덩실 춤을 추고 구경하던 시장 사람들도 합류해서 춤을 춘다.\n시장통을 걸어오던 서운(미장원에서 금방 바글바글 파마하고 나온 모양새로 ) 대장깐 앞에 벌어진 굿판에 의아한 듯 멈춰 서서 보다가 급히 와서 사람들을 뚫고 들여다 본다 두칠 덩실 덩실 춤을 추고 있고.\n서운](옆자리 사람에게 )이것이 먼 일이다요?\n남자1]대장간 아들이 고등고시 파스헷다요.\n서운](놀라서 )참말이어라우?\n남자1]옛날 같으먼 장원급제나 한가지랑게요.\n남자2]나는 진작에 알아봤어. 저 사람 아들 서울대핵교 들어갈 때부텀."
  },
  "Annotation": {
    "Summary1": "손가마에서 내린 두칠이 신이 나서 춤추자 무슨 일이냐는 서운에게 남자1은 대장간 아들이 고등고시에 합격했다고 한다.",
    "Summary2": "",
    "Summary3": "손가마에서 내린 두칠은 점점 흥이 나서 춤추고 사람들도 합류한다. 서운이 무슨 일이냐고 묻자 남자1은 대장간 아들이 고등고시에 합격했다고 하고 남자2는 그 아들이 서울대 갈 때부터 알아봤다고 한다."
  },
  "filename": "SCRIPT-fs_drama-42073-00015.json"
}