{
  "Meta": {
    "doc_id": "SCRIPT-fs_drama-42048",
    "doc_category": "SCRIPT",
    "doc_type": "fs_drama",
    "doc_name": "42048_DC_강이되어만나리048_2006.txt",
    "author": "KBS",
    "publisher": "KBS",
    "published_year": "2006",
    "doc_origin": "강이되어만나리048",
    "passage_id": "SCRIPT-fs_drama-42048-00024",
    "passage": "해설]마당.\n강여사 서운 마당에 앉아서 무와 김칫거리를 다듬으면서.\n서운](다듬으면서 )사장님이 딸자식들헌티 보여준 것이 멋이 있어요?\n해설](야외).\n정옥 장을 보고 공서방 옆에서 짐을 들고 따라다닌다 생선과 야채를 고르는 정옥 \n공중 전화 (야외).\n시장 본 물건들 보따리 길에 놓여 잇고 정옥 서 있다공서방 가겟집에서 전화한다.\n거실.\n순금 수화기 들고.\n순금]공서방 아저씨세요? 아뇨. 계세요. 기다리세요.(수화기 내려 놓는다)\n해설]방.\n송준호 옥란 무릎을 베고 누워 있고 옥란 송준호 귀를 후비고 있다.\n순금]사장님 (문열고 들어서다가 민망한 듯 돌아선다)\n옥란]왜 그래?\n순금]전화받으세요..\n송준호]누군디?\n순금]공서방 아저씨요..\n옥란]공서방이 무슨 일이래요?\n송준호](일어선다 )\n.\n해설]송준호 다방으로 들어선다 정옥 물컵 앞에 놓고 혼자 앉아 있다.\n송준호](정옥 앞에 가서 앉으면서 공서방은?\n정옥]집에 보냈어요.\n송준호]장에는 어쩐 일이여?\n정옥]...어머님이 내일 점심때 조상 진 사장님 내외분 초대하셨어요.\n송준호]점심은 왜?\n정옥]생판 모르는 사람도 아니구...예식장에서 얼굴 봐요? 당신도 낼 오세요.\n송준호](별로 내키지 않은 표정이다 )"
  },
  "Annotation": {
    "Summary1": "공서방의 전화를 받고 나온 송준호에게 정옥은 어머니가 내일 점심에 조상진 사장 내외를 불렀으니 송준호도 오라고 한다.",
    "Summary2": "",
    "Summary3": "공서방의 전화를 받고 나간 송준호가 다방으로 들어서자 정옥이 기다리고 있다. 송준호가 정옥에게 장에는 웬일이냐고 묻자 정옥은 어머니가 내일 점심에 조상진 사장 부부를 초대했다며 송준호도 오라고 하고 송준호는 별로 내키지 않는 표정을 짓는다."
  },
  "filename": "SCRIPT-fs_drama-42048-00024.json"
}