{
  "Meta": {
    "doc_id": "SCRIPT-fs_drama-42072",
    "doc_category": "SCRIPT",
    "doc_type": "fs_drama",
    "doc_name": "42072_DC_강이되어만나리072_2006.txt",
    "author": "KBS",
    "publisher": "KBS",
    "published_year": "2006",
    "doc_origin": "강이되어만나리072",
    "passage_id": "SCRIPT-fs_drama-42072-00031",
    "passage": "해설](야외).\n손님들 적당히 있고 강치 멍구 빈대 당구대에 붙어 서서 당구 친다영복 문열고 들어와서 내실쪽으로 가려면.\n빈대]형,\n영복](멈춰 섰다가 돌아와서 )너 다시 불러봐.\n빈대]...형님.\n멍구]리라 누님 왔었는데...못 봤어요?\n영복]누님은 무슨 누님 임마?\n강치]리라한테 약점 잡혔지, 너?\n영복]약점? 글쎄 내 남성미가 약점이라면 유일한 약점인가?(돌아서면)\n강치](큐대에 초크를 칠하면서 )잘못하다간 코 꿴다.\n영복]형.\n강치]형님.\n빈대](쌤통이란 표정 짓고 )\n영복]형님, 내가 누구요 ? 나 금정 송씨 충정공파 25대 손이요.\n강치]그래서?\n영복]우리 집안에 정승 판서가 몇 명인 줄 알어요?\n강치]내가 니네집 내력까지 알 필요 있겠냐?\n영복]몰라도 좋은데... 어디서 굴러 먹다 온지도 모르는 뼉다귈 나한테 줄 긋고 그러지 말라고. 불쾌해 솔직히. (어깨를 으쓱한 뒤 돌아서서 가고 )\n강치](딱하다는 듯 보고 ) 흉보면서 배우지, 꼭.\n빈대]뭐가요?\n강치]영복이 쟤... 맨날? 아버지 흉보더니... 똑 같잖아?\n멍구]맞어요 맞어. 금정 송씨...충정공파 어쩌구... 나까지 다 욀 정도라니까.\n강치](안된 듯 내실 쪽 본다)"
  },
  "Annotation": {
    "Summary1": "영복은 자신이 양반가 출신이라면서 아무나 갖다 붙이지 말라 하고, 강치는 그가 부친과 똑같은 짓을 한다고 평한다.",
    "Summary2": "",
    "Summary3": "빈대는 영복에게 리라가 그를 찾은 걸 알려주고 강치는 리라가 영복의 약점을 잡은 거냐 묻는다. 영복은 자기가 양반 가문 출신이라며 아무 여자나 갖다 붙이지 말라고 선을 긋고 간다. 강치는 영복이 부친과 똑같은 짓을 한다며 안쓰러워한다."
  },
  "filename": "SCRIPT-fs_drama-42072-00031.json"
}