{
  "Meta": {
    "doc_id": "SCRIPT-fs_drama-42074",
    "doc_category": "SCRIPT",
    "doc_type": "fs_drama",
    "doc_name": "42074_DC_강이되어만나리074_2006.txt",
    "author": "KBS",
    "publisher": "KBS",
    "published_year": "2006",
    "doc_origin": "강이되어만나리074",
    "passage_id": "SCRIPT-fs_drama-42074-00002",
    "passage": "해설]영선 문 열고 들어오면 수영 맨살에 와이셔츠 입고 단추 채우면서 등을 보인 채 서있다 영선 넥타이 꺼내 수영에게 주고 양복 저고리 꺼내 침대에 놓는다.\n수영]( 침대에 앉으면서 넥타이를 맨다 )\n영선](서랍장으로 가서 잘 다려진 손수건을 가져와서 양복 윗저고리에 있는 손수건을 바꿔 넣고 나가려는데)\n수영]어디 가?\n영선]설거지해야죠 (나가려는데)\n수영]잠깐... (영선의 손ㅇ르 끌어 앞에 세우고 배에다 손을 대며)괜찮아?\n영선]가끔씩...돌덩이처럼 똘똘 뭉쳐요.\n수영](허리 굽히고 배에 귀를 대고 )아가야 엄마 뱃속이 불편하니? 좁아서 힘들다구? 조금만 참아. 곧 세상에 나올 테니까.(일어나면서 )병원가는 날 언제지?\n영선]오늘이요.\n수영]오늘? (스케쥴 잠깐 생각해 보고 )몇 시쯤 갈거야 ?\n영선]이번엔 혼자 갈께요.\n수영]기다려. 데리러 올 테니까.\n영선]산부인과 따라오는 남자 당신밖에 없어요..\n수영]그래서 불만이야?\n영선]...(본 뒤 돌아서서 문 쪽으로 가는데)\n수영](윗옷을 집어 입으면서 )종태..소식 알고 있었어?\n영선](돌아본다 )\n수영]아냐. 당신이 알았을 리 없지. 미안해."
  },
  "Annotation": {
    "Summary1": "수영은 영선에게 배가 괜찮은지 묻고 병원에 같이 가 준다 하지만 영선은 마다하는데 수영은 종태 소식을 아는지 묻는다.",
    "Summary2": "",
    "Summary3": "영선은 수영의 출근 준비를 돕고 수영이 영선의 배에 손을 올리며 괜찮냐고 묻는다. 영선이 가끔 뭉친다고 하자 수영은 병원 가는 날이 언제인지 묻는다. 병원에 가주겠다는 수영을 영선은 마다하는데 수영은 종태 소식을 아느냐고 묻는다."
  },
  "filename": "SCRIPT-fs_drama-42074-00002.json"
}