{
  "Meta": {
    "doc_id": "SCRIPT-fs_drama-42051",
    "doc_category": "SCRIPT",
    "doc_type": "fs_drama",
    "doc_name": "42051_DC_강이되어만나리051_2006.txt",
    "author": "KBS",
    "publisher": "KBS",
    "published_year": "2006",
    "doc_origin": "강이되어만나리051",
    "passage_id": "SCRIPT-fs_drama-42051-00037",
    "passage": "해설]춤에 열중한다 \n현관.\nE 거실에서 들리는 음악소리와 낭자한 여자들 웃음소리 현관에서 강여사 들어오고 순금 보따리 받아 들고 들어오면서 강여사 눈치 살핀다.\n강여사](표정 굳은 채 순금 뒤돌아보면서 )먼 소리냐?\n순금]네...저 아줌마 친구들 왔어요.\n강여사]친구들?\n순금]오늘 곗날이래요.\n강여사](거실쪽을 본다)\n해설]거실.\n여자1과 옥란 끌어안고 슬로우 슬로우 퀵퀵하면서 춤을 추고 다른 여자들 술을 마시면서 깔깔거리고 있는데 문이 확 열리면서 강여사 들여다 본다 옥란 여자1에게 안겨 돌다가 얼른 떨어져 나와 놀래서 입을 벌리고.\n옥란]어머님..\n강여사](방안을 둘러본다 여자들 얼어 붙어서 서로를 본다 \n해설]여자1 달려가서 전축을 끈다.\n옥란]웬일이세요 어머님, 갑자기? .\n강여자]느그 집은 언제 와도 좋겄는지 연락 헤보고 와야 쓰것구나?\n옥란]그런 말씀 아니구요..."
  },
  "Annotation": {
    "Summary1": "춤추고 술 마시며 웃던 옥란 일행은 강여사의 등장에 당황하고, 놀란 옥란은 강여사에게 갑자기 웬일인지 묻는다.",
    "Summary2": "",
    "Summary3": "거실에서 들리는 소리에 강여사는 표정이 굳는다. 춤추고 술 마시며 웃던 옥란 일행은 강여사의 등장에 놀라고 옥란이 갑자기 웬일인지 묻자 강여사는 미리 연락해야 하냐고 되묻는다."
  },
  "filename": "SCRIPT-fs_drama-42051-00037.json"
}