{
  "Meta": {
    "doc_id": "SCRIPT-fs_drama-42070",
    "doc_category": "SCRIPT",
    "doc_type": "fs_drama",
    "doc_name": "42070_DC_강이되어만나리070_2006.txt",
    "author": "KBS",
    "publisher": "KBS",
    "published_year": "2006",
    "doc_origin": "강이되어만나리070",
    "passage_id": "SCRIPT-fs_drama-42070-00047",
    "passage": "해설]옥란 들어오면서.\n옥란]E 영복아 밥 먹어옥란 문을 열면 영복방에 영복 온 흔적이 없다.\n옥란]얘가 안 들어 온 거야 뭐야? \n해설]내실.\n영복 담요를 뒤집어쓰고 야전 침대에 누워 잠들어 있다. \n(아침).\n두칠 부지런히 작업을 하기 위한 준비를 하고 있다 서운 헤매다가 온 모습으로 화장기도 없고 모습이 초췌한 채 문으로 들어와서.\n서운](울먹이면서 )박센...\n두칠](돌아보고 놀래서 )어쩐 일이당가 이 시간에?\n서운]내가 미친 속이어라우 시방. .\n두칠]어쩌서?\n서운]우리 순금이가...순금이가 없어졌당게요.\n두칠]먼 소리여?순금이가 없어지다니?\n서운](두칠에게로 와서 허리를 두 손으로 감고 두칠의 가슴에 무너지면서 )나는 인자 어?게 살아요? 박센? (흐느낀다 )\n두칠](손을 어쩌지도 못 한 채 어정쩡하게 서운을 그대로 있다가 할 수없이 서운의 어깨에 두 손을 얹는다 )"
  },
  "Annotation": {
    "Summary1": "서운은 순금이가 없어졌다며 두칠을 안고 흐느끼고, 두칠은 그녀의 어깨에 손을 얹는다.",
    "Summary2": "",
    "Summary3": "옥란은 방에 없는 영복을 찾고, 영복은 야전 침대에 누워 잠들어 있다. 한편, 서운은 순금이가 없어졌다면서 두칠을 안고 흐느끼고, 두칠은 그녀의 어깨에 손을 얹는다."
  },
  "filename": "SCRIPT-fs_drama-42070-00047.json"
}