{
  "Meta": {
    "doc_id": "SCRIPT-fs_drama-42061",
    "doc_category": "SCRIPT",
    "doc_type": "fs_drama",
    "doc_name": "42061_DC_강이되어만나리061_2006.txt",
    "author": "KBS",
    "publisher": "KBS",
    "published_year": "2006",
    "doc_origin": "강이되어만나리061",
    "passage_id": "SCRIPT-fs_drama-42061-00017",
    "passage": "해설]사장실.\n조상진 책상 앞에 앉아서 서류를 보고 있다E 노크와 함께 문이 열리고 수영 들어오면서.\n수영]아버지 퇴근 안 하세요?\n조상진](시계보고 )저녁 약속 있어. 세무서장이랑.\n수영](소파에 앉으면서 ) 우체국앞에 새로 짓는 건물이요... 사실건가요?\n조상진]누구한테 들었어?\n수영]강치요. .\n조상진](앞에 와서 앉으면서 ) 결정되면 얘기할 참이었다..\n수영]그럴 이유라도 있습니까?\n조상진]니 결혼 선물이야.\n수영](본다)\n조상진]1.2층은 무진회사로 사용할 생각이고. 나머지 층은 니가 정계로 진출했을 때 사무실로 쓰면 딱일 거 같애.\n수영](웃고 )멀리도 내다 보셨네요.\n조상진]니 애비 살아온 방식이다.\n수영]아직은 건물주가 팔 생각이 없는 모양이든데요?\n조상진](일어서면서 )기다리면 팔게 돼 있어..\n수영](일어서는데)\n조상진](돌아보면서)참 함 말이다. 내일 저녁에 보내기로 한 거 알지?\n수영]네.\n조상진]함진애비 구해놨다.\n수영]애들한테 시키면 되죠, 함진애비 따로 필요없어요.\n조상진]건달 놈들한테 맡길 일이 따로 있어. 함진애빈 신랑 품위 떨어져서 안돼.\n수영]누군데요 함진 애비가?\n조상진]박두칠이 .\n수영]...종태 아버지요?\n조상진]원래 함진애비는 결혼도 하고 나이도 지긋한 사람이 하는 거야."
  },
  "Annotation": {
    "Summary1": "조상진은 수영의 정계 입문까지 생각해 결혼 선물로 건물을 살 생각이고 함진애비도 박두칠로 정해 놓았다고 전한다.",
    "Summary2": "",
    "Summary3": "조상진은 수영에게 결혼 선물로 살 건물의 일부는 회사로 쓰고 나머지는 정치를 하게 될 때 사무실로 쓰라고 한다. 수영이 너무 먼 미래라고 하며 웃으니 조상진은 자신이 그렇게 살아왔다고 말하고, 함진애비 할 사람은 점잖은 종태 아버지인 박두칠로 정해 놨다고 한다."
  },
  "filename": "SCRIPT-fs_drama-42061-00017.json"
}