{
  "Meta": {
    "doc_id": "SCRIPT-fs_drama-42065",
    "doc_category": "SCRIPT",
    "doc_type": "fs_drama",
    "doc_name": "42065_DC_강이되어만나리065_2006.txt",
    "author": "KBS",
    "publisher": "KBS",
    "published_year": "2006",
    "doc_origin": "강이되어만나리065",
    "passage_id": "SCRIPT-fs_drama-42065-00032",
    "passage": "해설]지나가는 사람들 하나둘 모여든다.\n영복](행인들 신경 쓰이면서 ) 뭐하는 짓이야?\n순임]덤벼 봐 (구두를 벗어던지고 )덤벼 새끼야.\n영복]어유 이게 정말... 어디서 태권도 폼은 잡고 지랄이야?\n순임]이래봬도 내가 태권도 3단이다 왜?\n영복]꽁까지마 가시내야..\n순임]꽁인지 아닌지는 싸워보면 될 거 아냐, 짜식아?\n영복]아유 이게 정말 (옆으로 가서 머리를 잡으려면 )\n해설]순임 그대로 발차기로 영복의 급소(명치)를 차서 눕혀 버린다.\n멍구]E 형...\n빈대]E 왜 그래요? \n해설]멍구 빈대 달려와서 영복을 일으키고 영복 제대로 맞은 듯 잠시 정신 못 차린다 순임 두 손을 허리에 댄 채 구경하는 사람들에게.\n순임]무슨 구경판 났어요? \n해설]구경꾼들 슬슬 도망가고 순임 손바닥으로 발바닥을 털어 신발 신고 쟁반과 보온병을 들고 엉덩이를 흔들면서 간다.\n멍구](순임 돌아본 뒤 영복 들여다 보면서 )형 뭐야 정말 ?\n빈대]정신 좀 차려봐요."
  },
  "Annotation": {
    "Summary1": "순임이 자기가 태권도 3단이라며 덤비라고 하자 영복은 순임의 머리를 잡으려다가 순임의 발차기에 맞고 쓰러진다.",
    "Summary2": "",
    "Summary3": "영복이 순임에게 어디서 태권도 폼을 잡냐고 하자 순임은 자기가 태권도 3단이라며 덤비라고 한다. 영복이 순임의 머리를 잡으려 하자 순임은 발차기로 영복의 명치를 차서 눕힌 뒤 가버린다."
  },
  "filename": "SCRIPT-fs_drama-42065-00032.json"
}