{
  "Meta": {
    "doc_id": "SCRIPT-fs_drama-42062",
    "doc_category": "SCRIPT",
    "doc_type": "fs_drama",
    "doc_name": "42062_DC_강이되어만나리062_2006.txt",
    "author": "KBS",
    "publisher": "KBS",
    "published_year": "2006",
    "doc_origin": "강이되어만나리062",
    "passage_id": "SCRIPT-fs_drama-42062-00008",
    "passage": "해설](공서방 방. 밤).\n한쪽에 덕석이 말린 채 쌓여 있고, 가만히등도 쌓여있는 전형적인 머슴방 이씨와 두칠(숯검정 칠한 채) 두루마기 벗고 큰상을 받았다.\n공서방 막걸리 주전자와 잔을 들고 들어와 옆에 앉는다 이씨 막걸리 주전자 받아 두칠에게 술을 권한다 두칠 잔을 받는다.\n이씨]자네 함지고 오길 잘했어. 이런 데서 만났응게 송사장님 그냥 넘어가시제. 자네가 이사비용 돌레준것 땜시 필시 불베락 떨어지제 싶었단 말여. .\n두칠](잠자코 술을 마신다 )\n해설]거실.\n조상진(가내복)오복자 수히딸기가 담긴 그릇을 가운데 놓고 오복자 딸기를 포크에 찍어 조상진에게 준다.\n수희](딸기 먹으려다 말고)아버지 궁금한데요 종태오빠 아버지한테 꼭 함진애비 시켰어야 했어요? .\n오복자]넌 아직도 그게 불만이야?\n수희]이상하잖아?\n조상진]함은 원래 나이 많은 하인이 지고 가게 돼 있었어.\n수희]종태오빠 아버지가 하인이에요?\n조상진]옛날에 영선이네 머슴이었으니까.\n수희]영선언니네 머슴이었는데 왜 우리 오빠 함을 지냐구요?\n오복자]뭘 자꾸 따져? 아버지가 다 알아서 하신 일에?\n수희](여전히 입이 부어 있고)\n조상진]니가 신경 쓸 일은 따로 있어.\n수희]뭔데요?\n조상진]영채랑 지금처럼 지내면 안돼..\n수히]왜요?\n조상진]이젠 사돈 간이잖아? 친구라고 해서 함부로 대하면 안돼, 피차 예의를 지켜야 한 단말야..\n오복자]예의는 무슨, 애들끼리? 지금처럼 지내면 돼. .\n조상진]당신도 지금처럼 하면 안돼.\n오복자]뭐가 안돼요?\n조상진]며느리 데려오면 흉 잡히지 않게 언행도 각별히 조심하고..\n오복자](O.L)나더러 며느리 눈치 보고 살란 말이에요?\n조상진]눈치 보라는 게 아니고.\n오복자](O.L) 할 말 있어도 참으라는 거 아니에요?\n조상진]참을 일 있으면 참아야지..\n오복자]꿀릴게 있어야 눈치 보고 할 말을 참지, 영선이한테 할 만큼 했는데 뭣땜에 눈치 보고 살아?\n조상진]할 만큼 한게 뭔데?\n오복자]오늘 보낸 함만해도 그래요. 화산바닥에선 첨일껄요. 어떤 신부가 그런 엄청난 함을 받아요?\n수희]함에 뭐뭐 넜어 엄마?\n오복자]보통 다이야 3부에 금반지 금목걸이가 다야. 근데 영선인 다이야도 8부지, 거기다가 루비세트, 사파이아 세트,비취세트, 진주세트, 오팔반지, 황금에다 칠보 올린 쌍가락지에 목걸이 팔지... 그것뿐이냐? 최고급 스위스쩨 시계에다 악어빽. 코티화장품 셋트까지... 지가 어디서 그런 함을 받냐고? ...서울에서도 최고 부자나 며느리한테 그 정도 예물해주지.\n수희]걱정이네.\n오복자]걱정이라니?\n쉬희]나 시집갈 때도 그 정돈받아야겠다 생각할 거 아냐?\n오복자]그게 왜 적정이야? 그만큼 받을 데로 시집가면 되지.\n수히]아버지. 아버지가 그러셨죠? 제 신랑감은 사람 하나 똑똑하면 된다구.\n조상진]그래.\n오복자]애 데리고 쓸데 없는 소리하지 말아요.그러다가 진짜 불알 두 쪽밖에 없는 거렁뱅이 데려오면 어쩌려구?\n조상진]우리 수희가 바보야,그런 놈을 데려오게?"
  },
  "Annotation": {
    "Summary1": "조상진은 오복자에게 며느리 오면 언행을 조심하라 하고, 오복자는 예물을 가득 담아 보냈다며 눈치 볼 일 없다 한다.",
    "Summary2": "",
    "Summary3": "수희가 두칠이에게 왜 함진아비를 시켰냐 하니 조상진은 옛날에 영선네 머슴이었다 하고, 오복자는 조상진이 알아서 한 일이니 자꾸 따지지 말라 한다. 조상진은 수희에게 이제는 사돈지간이니 영채랑 지금처럼 지내면 안 되고 예의를 지키라고 하고, 오복자에게도 며느리 들어오면 흉 잡히지 않게 언행을 조심하라고 한다. 오복자는 영선이한테 예물을 가득 담아 보내 눈치 보고 살 일 없다 한다. 수희는 오복자에게 자기가 시집갈 때도 그 정돈 받아야 한다고 생각할 것 아니냐며 걱정이라고 하자 오복자는 그만큼 받을 집안으로 시집가면 된다고 한다."
  },
  "filename": "SCRIPT-fs_drama-42062-00008.json"
}