{
  "Meta": {
    "doc_id": "SCRIPT-fs_drama-42065",
    "doc_category": "SCRIPT",
    "doc_type": "fs_drama",
    "doc_name": "42065_DC_강이되어만나리065_2006.txt",
    "author": "KBS",
    "publisher": "KBS",
    "published_year": "2006",
    "doc_origin": "강이되어만나리065",
    "passage_id": "SCRIPT-fs_drama-42065-00011",
    "passage": "해설]E 전화벨.\n수희](문 쪽 돌아보고 ).\n해설]거실.\n아줌마 전화받으러 부엌에서 나오고 수히 이층에서 뛰어내려오면서.\n수히]내가 받을께요. (수화기 집어 들고 )네 화정동입니다. 오빠..\n해설]오복자 걸레 들고 이층에서 내려온다.\n수히](오복자쪽 돌아보면서 )오빠 귀간지러워 전화했구나? 전화 안 한다고 흉 봤거든. 그래 엄마 많이 삐졌어. 엄마 (오복자에게 수화기 넘겨 준다 )\n오복자](수화기 들고 )전환 뭐하러 해? 집에 올 때까지 그냥 있지\n해설]수영 남방셔츠 정도 입은 차림으로 테이블 앞에 앉아서 수화기 들고 영선 옆에 앉아 있다.\n수영](웃고)어머니 진짜 삐지셨어요? 어젠 둘다 너무 피곤해서요.. \n해설]아침 일찍 동학사 갔다가 조금 전에 왔어요. (영선 돌아보면서) 옆에 있어요. 바꿔드릴께요. (영선에게 수화기 준다)\n영선](수화기 받아 귀에 대고 )저에요. 안녕하세요?"
  },
  "Annotation": {
    "Summary1": "수영의 전화를 받은 수히는 오복자를 바꿔주는데, 수영은 뭐하러 전화했냐는 오복자에게 삐졌냐면서 영선을 바꿔준다.",
    "Summary2": "",
    "Summary3": "수히는 뛰어와 전화를 받고 엄마가 삐졌다고 하며 오복자에게 전화를 바꿔준다. 오복자는 뭐하러 전화를 했냐고 하는데 수영이 피곤했다며 진짜 삐진 거냐면서 영선을 바꿔준다."
  },
  "filename": "SCRIPT-fs_drama-42065-00011.json"
}