{
  "Meta": {
    "doc_id": "SCRIPT-fs_drama-42064",
    "doc_category": "SCRIPT",
    "doc_type": "fs_drama",
    "doc_name": "42064_DC_강이되어만나리064_2006.txt",
    "author": "KBS",
    "publisher": "KBS",
    "published_year": "2006",
    "doc_origin": "강이되어만나리064",
    "passage_id": "SCRIPT-fs_drama-42064-00011",
    "passage": "해설]부엌(밤).\n정옥 부엌으로 들어와서 찬장에서 정종병을 꺼내 공기에 따라 부은 뒤 부뚜막에 걸터 앉아서 마신다. <NA>결혼식만 무사히 마치면 영선에게 더 이상 마음 졸일 일은 없을 줄 알았습니다. 발 뻗고 편히 잘 수 있을 줄 알았습니다.\n그러나 자식이란 부모의 뼈마디 마디에까지 스며 있어 언제 어떻게 새로운 근심꺼리를 안겨 줄지 모르는 존재라는 것을 잠시 잊었던 것 같습니다.\n서운](E)나도 한 잔 주쑈, 성님.\n정옥](돌아본다)\n서운]혼자만 잡숫지 말고 나도 한 잔 돌라고요.\n정옥]옛말 그른 거 없어.\n서운]멋이요? .\n정옥]애들 보는 덴 찬물도 못 마신다잖아?\n서운]안직도 성님 눈에는 내가 애들같이 보여라우?\n정옥](대꾸 없이 잔을 들어마신다)\n서운](옆에 와서 쪼그리고 앉으면서 ) 나도 곧 사우 보게 생겠당게.\n정옥](일어서면서 )오늘 애썼어. 대충하고 들어가서 쉬어(나간다)\n서운](입을 삐죽이면서 작은 소리로)저럴 땐 참말로 냉정허기가 어름짱이여. 저렇게 쌀쌀 맞은게로 사장님이 옆에 오기 겁나 허제."
  },
  "Annotation": {
    "Summary1": "한잔 하며 정옥은 자식은 새로운 근심꺼리를 주는 존재라 생각하고, 한잔 달라는 서운에게 정옥은 들어가 쉬라며 나간다.",
    "Summary2": "",
    "Summary3": "정옥은 한잔 마시며 결혼만 마치면 영선이 마음 졸일 일 없을 줄 알았으나 자식이란 새로운 근심꺼리를 안겨 주는 존재라 생각한다. 한잔 달라는 서운에게 정옥은 쉬라며 나가고, 서운은 냉정하다며 입을 삐죽인다."
  },
  "filename": "SCRIPT-fs_drama-42064-00011.json"
}