{
  "Meta": {
    "doc_id": "SCRIPT-fs_drama-42075",
    "doc_category": "SCRIPT",
    "doc_type": "fs_drama",
    "doc_name": "42075_DC_강이되어만나리075_2006.txt",
    "author": "KBS",
    "publisher": "KBS",
    "published_year": "2006",
    "doc_origin": "강이되어만나리075",
    "passage_id": "SCRIPT-fs_drama-42075-00015",
    "passage": "해설]영선 식탁 앞으로 와서 서 있다가 오복자 자리에 앉으면 식탁에 앉는다.\n조상진]동생 오늘 뭐한 대?\n오복자]어제 대전 갔대요..\n조상진]대전? 왜?\n오복자]시어머니 생신이래요.\n조상진]그래? 그럼 낭패네... 어떡한다? 오늘 저녁 집으로 손님 초대했는데?\n오복자]손님이요? 누군데요?\n조상진]종태부자.\n오복자]종태...부자?\n수영](스톱 모션이 돼서 보고 )\n영선]( 시선 내린 채 스톱 모션이 된다 )\n수히](신 나서)진짜에요?\n오복자]아니 뭣땜에 집으로까지 초대해요? 종태네 부자를?\n수희]초대하는 게 뭐가 어때서? 종태오빠 축하...\n오복자](O.L)넌 좀 가만히 있어..\n조상진]종태가 생판 모르는 사람인가? 우리가 3년씩이나 데리고 있었고 장학금까지 줘서 대학에 보낸 애야. 그런 애가 사법고시수석으로 붙었다는데 기쁘고 대견하잖아? 불러서 같이 기뻐해주는 건 당연한 도리지. 그리고 종태 아버지는 우리 수영이 결혼때 함진애비까지 해준 사람이야.\n영선]...(처음 아는 사실이다 )\n조상진](먹으면서)그때 고맙단 인사도 변변히 못했는데...기회가 좋은 거 같애..\n수영](숟가락 놓고 아버지.\n조상진](본다)\n수영]아버지 뜻은 잘 알겟는데요... 지금... 집안에 일하는 아줌마도 없고..이사람은 몸이 안좋습니다. 거기다 고모까지 대전가구 안 계신다는데...손님 초대하는 건 무리가 좀 있어요.\n수희]음식 장만은 제가 다 할께요 아버지.\n조상진]하하 그럴래? .\n수영](화내면서 )니가 하긴 뭘 해, 라면도 하나 못 끓이는 게.\n수히]...오빤 왜 화를 내?\n조상진]수희한테 화낼 필요까진 없고... 새 아가.\n영선]( 동요 감추면서 본다)\n조상진]우리.이렇게 하자. 시장에 가서 싱싱한 광어 회좀 떠오고 태화반점 가서 청요리 두세 개 시키고. 제일회관에서 불고기 재워 논것 좀 푸짐하게 사는 거야.그리고 집에 있는 김치하고...그러면 한 상 차릴 수 있는 거 아니냐?\n영선](말 못 하고).\n오복자]뭐...당신 고집이 그렇다면 할 수 없죠.\n조상진](오복자에게)사오는 건 내가 오기사한테 다 시킬 게. (영선에게 )새 애기 넌 신경 쓸 거 없다. 당신도 .\n수영]아버지, 그렇게 하면서까지 종탤 초대해야할 이유가 있습니까?\n조상진]넌 사회생활 어떻게 해? 사람 관리가 곧 재산 관린거 몰라? 종태같은 친구 옆에 두고 잘 써먹겟단 생각을 해야지. 친구도 관리만 잘 하면 그게 곧 재산인 거야..\n수영]...그렇다구 꼭 이번에 초대해야만 되는 건 아니잖아요?\n조상진]일이란건 때가 있는 법야. 나중에 종태 법조계에 나오면 초대하려들어도 못하게 돼. .\n수히](고개 끄덕이면서 기분이 좋고 )\n수영](벌레를 씹은 얼굴이고 )\n영선](참담하다 )\n."
  },
  "Annotation": {
    "Summary1": "조상진은 종태가 사법고시에 수석으로 붙은 걸 축하해 줘야 한다며 종태와 종태 아버지를 초대했다고 수영 등에게 말한다.",
    "Summary2": "",
    "Summary3": "조상진은 종태 부자를 오늘 저녁에 집으로 초대했다고 한다. 오복자가 왜 집에 초대했는지 묻자 조상진은 삼 년 동안 데리고 있던 종태가 사법고시 수석으로 붙었는데 당연히 축하해줘야 된다고 한 뒤 종태 아버지는 수영의 결혼 때 함진아비까지 해줬다고 한다. 수영은 지금 집안일을 할 사람이 없어 손님 초대하는 것은 무리라고 한다. 그러자 조상진은 수영에게 사람관리가 곧 재산 관리라며 나중에 종태가 법조계에 있으면 초대하려고 해도 못한다고 한다."
  },
  "filename": "SCRIPT-fs_drama-42075-00015.json"
}