{
  "Meta": {
    "doc_id": "SCRIPT-fs_drama-42070",
    "doc_category": "SCRIPT",
    "doc_type": "fs_drama",
    "doc_name": "42070_DC_강이되어만나리070_2006.txt",
    "author": "KBS",
    "publisher": "KBS",
    "published_year": "2006",
    "doc_origin": "강이되어만나리070",
    "passage_id": "SCRIPT-fs_drama-42070-00014",
    "passage": "해설]거실.\n현관에서 실망한 옥란 들어오고 서운이 따라서 들어온다.\n서운]혹시 그새라도 들어 왔는가 싶어서요...속이 타서 왔고만이요.\n옥란](소파로 가서 앉으면서 )말썽 안 부리고 잘만 있으면 내가 좋은 혼처 탈탈 골라 시집까지 보내줄 생각이었는데.. 복을 찬거야, 순금이 년이.\n서운](앉으면서 )긍게... 조깨 다정허게 딸맹키 잘 해줬으먼 우리 순금이가 집을 나가겄냐고요?\n옥란]무슨 소릴 그렇게 해? 지금 내가 잘 못해줘 순금이가 집 나갔다 원망하는 거야 ?\n서운]...순금이를... 서울떡 딸이라고 생각해 보쑈..\n옥란](O.L)나도 지금 속상해. 미치겠어 화가 나서. 저를 그래도 믿고 내식구다 생각하면서 집을 통째로 맡겼는데..온다 간다 말도 없이 없어져 버리면 나더러 어쩌란 말야? 요새 가뜩이나 사람 구하기도 어려운데?\n서운](울먹이면서 )참말로 이것이 어디로 갔으까요? .\n옥란]가게집 옆 파란 대문집 딸이 한 달 전 서울 공장으로 갔다는데가겟집 아줌마 말론 그 기집애가 꼬여 냈을 거래.\n서운]우리 순금이도 서울로 갔단 말이지라우? .\n옥란] 서울 가면 무슨 떼돈이라도 버는 줄 알고.. 순금이 그년도 간뎅이가 부은 거야. 순금 엄마도 지난번 순금이 서울로 보낸다고 했잖아?\n서운]화가 나먼 먼 말을 못헌대요? 그때는 화가 나서 헌 소리지요.\n옥란]말이 공장이지..공장 다녀서 어떻게 돈을 벌어?"
  },
  "Annotation": {
    "Summary1": "딸처럼 잘해줬으면 순금이 집을 나갔겠냐는 서운의 말에 옥란은 가족처럼 여겨서 집을 맡겼는데 사라져 속상하다고 한다.",
    "Summary2": "",
    "Summary3": "자신이 좋은 곳으로 시집을 보내주려 했는데 순금이 복을 찬 거라 말하는 옥란에게 서운은 딸처럼 잘해줬으면 순금이 집을 나갔겠냐고 한다. 옥란은 순금을 식구처럼 생각해 집을 맡겼는데 갑자기 사라져 속상하다며, 순금이 서울 공장에 갔더라도 공장 다녀서는 돈을 못 번다 말한다."
  },
  "filename": "SCRIPT-fs_drama-42070-00014.json"
}