{
  "Meta": {
    "doc_id": "SCRIPT-fs_drama-42113",
    "doc_category": "SCRIPT",
    "doc_type": "fs_drama",
    "doc_name": "42113_DC_강이되어만나리113_2006.txt",
    "author": "KBS",
    "publisher": "KBS",
    "published_year": "2006",
    "doc_origin": "강이되어만나리113",
    "passage_id": "SCRIPT-fs_drama-42113-00032",
    "passage": "해설]거기다가 수희는 왜 또 그래 ? .\n영선]...어디서 무슨 얘길 들으셧어요?\n정옥]내가...종태 아버질 만나야 하나... 별 생각을 다하고 있어 지금.\n영선]...그러지 마세요.\n정옥]만약에 종태가 앙심이라도 먹고 일을 저지르면..\n영선]그런 사람 아니에요 종태 씨.\n정옥]어떻게 믿어? 늬 시아버지랑 시누이가 양쪽에서 .\n영선](O.L)제가 알잖아요 종태 씨 어떤 사람인지?전 종태 씨 믿어요 대장간.\n해설]두칠 대장간에 턱을 괸 채로 심각하게 앉아 있다.\n장씨](옆에 앉아서 )이 애기 헤봐 고민이 멋이여? 명진건설 회장님이 너 집에서 나가래?\n두칠]아녀 그런 것이.\n장씨]그러먼 서운이 아짐씨랑 사 고쳤냐?\n두칠]사고라니 먼 사고.\n장씨]혹시 서운 아짐씨헌티 막둥이 임신시케갖고...\n두칠](O.L장씨 머리를 때리면서 )말같지도 않은 소리 허지 말어 가뜩이나속시끄런 사람헌티 (일어나서 화덕으로 가고 )\n장씨]아니먼 말제, 왜 화를 내고 지랄이여?\n두칠]종태땜이 속시끄러서 그려 . 종태 사우달라고 해 싸서 .\n장씨]아따.벨것이 다 속 시끄럽다 잉? 자식 농사 잘 지어 행복헌 비명 지르고 있음서 엄살은... 죽상 조깨 허지 말어 이놈아."
  },
  "Annotation": {
    "Summary1": "정옥은 종태가 앙심을 품고 일을 저지르면 어떻게 하냐고 고민하고 두칠은 종태를 사위로 달라고 해서 고민이라고 한다.",
    "Summary2": "",
    "Summary3": "정옥은 종태가 앙심을 품고 일을 저지르면 어떻게 하냐고 고민하자 영선은 종태가 그런 사람 아니라고 한다. 두칠에게 장씨가 고민이 무엇인지 묻자 두칠은 종태를 사위로 달라고 했다고 한다. 장씨는 자식 농사 잘했는데 엄살 부린다고 한다."
  },
  "filename": "SCRIPT-fs_drama-42113-00032.json"
}