{
  "Meta": {
    "doc_id": "SCRIPT-fs_drama-42052",
    "doc_category": "SCRIPT",
    "doc_type": "fs_drama",
    "doc_name": "42052_DC_강이되어만나리052_2006.txt",
    "author": "KBS",
    "publisher": "KBS",
    "published_year": "2006",
    "doc_origin": "강이되어만나리052",
    "passage_id": "SCRIPT-fs_drama-42052-00028",
    "passage": "해설]대문 앞 (밤. 야외).\n수영의?차 달려와서 멈춰 서고 \n안 (밤 야외).\n수영 핸들을 쥐고 앉아 있고, 영선 가방을 들고 내리려면.\n수영]잠깐만.\n영선](돌아본다)\n수영](핸들을 잡은 채 잠시 눈속을 들여다 보고 있더니 )사랑해.\n영선](당황스럽고 불편하고 또 불쾌해져서 본다 )\n수영]...(진지하고 슬프기까지 한 표정으로 )평생.. 한 눈 안 팔고 당신만 \n해설] 사랑할게. 나랑 결혼한 거 절대 후회하지 않게..\n영선]...(시선 돌려 문을 열고 차에서 내린다 )\n수영](영선의 팔을 붙잡고 )내 소원이 뭔지 알어?\n영선](본다)\n수영]마지막 순간... 당신 무릎에 누워 잠드는 거야.\n영선](바라보다가 팔을 뿌리치고 차문 열고 나간다)\n해설]대문 앞(밤 야외 ).\n영선?차에서 내려서 대문 쪽으로 들어가고 수영 차를 운전해서 떠난다 영선 대문으로 들어가는 데 정옥 대문 나오면서.\n정옥]수영이 그냥 갔니?\n영선]네..(대문으로 들어가려면)\n정옥](팔을 잡고 )별일 없었지?\n영선](돌아보면서 )무슨 별일이요?\n정옥]저녁이랑 잘 먹었어? .\n영선]...네.\n정옥]다들 너 좋아하시디? 수영이 아버지 어머니 너한테 잘 해주시고? .\n영선]네... (정옥의 손을 뺀 뒤 대문으로 들어가고 )\n정옥](들어가는 영선의 뒤 모습을 걱정스럽게 본다 )"
  },
  "Annotation": {
    "Summary1": "영선은 사랑을 고백하는 수영을 말없이 뿌리치고 저녁을 잘 먹었냐는 정옥의 물음에도 \"네\" 라고 답하고 들어간다.",
    "Summary2": "",
    "Summary3": "영선이 차에서 내리려고 하자 수영이 사랑한다고 고백하지만 영선은 대답하지 않는다. 영선은 끝까지 대답하지 않은 채 수영의 팔을 뿌리치고 차에서 내린다. 정옥이 저녁을 잘 먹었냐고 묻는데 영선은 \"네\" 라고 대답하고 대문으로 들어간다."
  },
  "filename": "SCRIPT-fs_drama-42052-00028.json"
}