{
  "Meta": {
    "doc_id": "SCRIPT-fs_drama-42067",
    "doc_category": "SCRIPT",
    "doc_type": "fs_drama",
    "doc_name": "42067_DC_강이되어만나리067_2006.txt",
    "author": "KBS",
    "publisher": "KBS",
    "published_year": "2006",
    "doc_origin": "강이되어만나리067",
    "passage_id": "SCRIPT-fs_drama-42067-00018",
    "passage": "해설]서운 다과상을 차려온다. 식헤와 과일 찻잔 세 개 얹어서 수영의 앞에 놔준다.\n정옥]아침들은 먹고 왔어?\n수영]예, 간단히요.\n옥란]간단하게 먹었으면 배고프겠다.\n서운]지달려, 점심밥 앉혔응게.(일어나고)\n정옥](일어난다)\n서운]성님은 멋헐라고 일어나요.? 사우 씨암탉 잡아 주실라고?\n해설]정옥 나가고 서운 따라 나간다 부엌.\n정옥 아궁이 앞에 앉아서 타오르는 불을 보고 있다 서운 도마에 양파와 파 등을 썰다가 돌아보고.\n서운]성님이 사우헌티 말씀 허시쑈. 시방 화정동에 혼수땜이 난리 났다고 \n해설]...성님이 말씀 못허겄으먼 내가 허까요?\n정옥](못마땅하게 돌아본다)\n서운]왜요? 주제 넘은 짓조깨 허지 말라고요?\n정옥]알면 잠자코 있어. .\n서운]성님을 보먼요 내가 양반으로 태어나지 않은 것이 얼마나 고마운지 모르겄당게요..\n정옥]무슨 소리야?\n서운](옆으로 와서 )양반티 내니라, 그 놈에 교양이 멋인지... 헐말이 목구녁까지 차 있어도 못허시잖여요? 나헌티 성님맹키 살라먼 속터져 죽는당게요."
  },
  "Annotation": {
    "Summary1": "정옥은 수영에게 아침은 먹었는지 묻고 서운은 정옥에게 혼수 때문에 소동이 생겼다는 것을 수영에게 말하라고 한다.",
    "Summary2": "",
    "Summary3": "정옥이 수영에게 아침은 먹고 왔냐고 묻고 간단히 먹었다고 하자 서운과 정옥은 일어나 부엌으로 간다. 서운은 수영에게 화정동에 혼수때문에 난리났다고 하라고 하지만 정옥은 가만히 있으라고 한다."
  },
  "filename": "SCRIPT-fs_drama-42067-00018.json"
}