{
  "Meta": {
    "doc_id": "SCRIPT-fs_drama-42066",
    "doc_category": "SCRIPT",
    "doc_type": "fs_drama",
    "doc_name": "42066_DC_강이되어만나리066_2006.txt",
    "author": "KBS",
    "publisher": "KBS",
    "published_year": "2006",
    "doc_origin": "강이되어만나리066",
    "passage_id": "SCRIPT-fs_drama-42066-00019",
    "passage": "해설]아줌마 소주와 잔을 두 개 가져와서 병따개로 병을 따서 준다.\n수영]고마워요. (병을 받아서 )줄까?\n영선]...소주 못해요.\n수영]그럼 맥주?\n영선]술... 못 마셔요..\n수영](웃고)마신다고 할까봐 겁났어.\n영선](본다)\n수영]난 여자 술 마시는 거 싫어.\n해설]자기 잔에다 따라서 한 잔 마시고, 다시 따라서 마신 뒤에 잠시 있다가보지 않고.\n수영]...여보.\n영선](놀라서 본다)\n수영]왜 놀래?여보라는 호칭이 뭐 이상해?\n영선]그냥...\n수영].우리 결혼했어 그러니까... 자고 또 자고 또 자고 일어나도 당신 내 옆에 있는 거야. 그지 ?\n영선](본다)\n해설]<NA>미치도록 사랑했던 여자, 꿈에서도 잊지 못했던 이 여자가 아내가 되어 옆에 있다는 사실이 수영은 문득 문득 실감이 안됩니다. 잠을 깨면 거짓말처럼 영선이 사라져 버릴 것 같아 때로 불안해지기도 합니다.\n도서관.\n종태 공부하고 있다. 잡념을 털어내며 공부에 열중하려 애쓰는 종태."
  },
  "Annotation": {
    "Summary1": "영선은 수영에게 술을 못한다고 하고 수영이 여보라고 부르자 놀라는데 수영은 영선이 아내가 된 사실이 실감이 안난다.",
    "Summary2": "",
    "Summary3": "영선은 수영에게 술을 못한다고 하고 수영은 여자랑 술 마시는 게 싫다며 마신다고 할까 봐 겁났다고 한다. 수영이 영선을 여보라고 부르자 영선은 놀라고 수영은 영선이 아내가 된 사실이 실감이 안난다."
  },
  "filename": "SCRIPT-fs_drama-42066-00019.json"
}