{
  "Meta": {
    "doc_id": "SCRIPT-fs_drama-42059",
    "doc_category": "SCRIPT",
    "doc_type": "fs_drama",
    "doc_name": "42059_DC_강이되어만나리059_2006.txt",
    "author": "KBS",
    "publisher": "KBS",
    "published_year": "2006",
    "doc_origin": "강이되어만나리059",
    "passage_id": "SCRIPT-fs_drama-42059-00010",
    "passage": "해설]문 열리고 영복 잠에서 막 깨어난 듯 부스스한 츄리닝 바람으로 들어오면서 .\n영복]왜 그래, 무슨 일이야?\n옥란]순금이 이 기깁애가 내 로션병 어떻게 해놓고 시치미 떼잖아?\n영복]로션병? 그거...내가 깼는데?\n순금](본다)\n옥란]뭐야?\n영복]내가 깼어. 얼굴 땡겨 좀 발라보려다, 미끌어져서.\n순금](얼른 돌아서서 나가고 )\n옥란]너 그게 얼마짜린 줄 알어? 일제야 일제. 사서 얼마 쓰지도 못했단 말야.\n영복](옥란 등 두들기고 앉으면서)사줄게 내가. 사주면 되잖아? (하품을 늘어지게 한다 )\n옥란](눈 흘기면서 )도대체 몇신데 이제 일어나?\n영복]어젯밤 늦게 왔잖아? 당구장에서 돈 버느라구..\n옥란]돈을 벌긴 버는 거야?\n영복]두고 보라니까 (밖에다가 )순금아 나 밥 좀 줘.\n해설]부엌.\n순금 밥상을 행주로 닦다가 문 쪽을 바라본다. 영복에게 고마운 마음이다."
  },
  "Annotation": {
    "Summary1": "영복은 옥란에게 순금이 아니라 자신이 로션을 바르다가 로션 병을 깼다고 말하고, 순금은 영복에게 고마워한다.",
    "Summary2": "",
    "Summary3": "옥란은 순금이 로션 병을 깨놓고 시치미를 뗀다고 말한다. 이에 영복은 얼굴이 땅겨서 로션을 발라보려다가 자신이 로션 병을 깼다고 말하고, 순금은 영복에게 고마워한다."
  },
  "filename": "SCRIPT-fs_drama-42059-00010.json"
}