{
  "Meta": {
    "doc_id": "SCRIPT-fs_drama-42068",
    "doc_category": "SCRIPT",
    "doc_type": "fs_drama",
    "doc_name": "42068_DC_강이되어만나리068_2006.txt",
    "author": "KBS",
    "publisher": "KBS",
    "published_year": "2006",
    "doc_origin": "강이되어만나리068",
    "passage_id": "SCRIPT-fs_drama-42068-00010",
    "passage": "해설]영선 일어선다.\n수영]나두 이젠 너한테 반말하면 안되겠지?\n영채]당연하죠 처제한테 반말하는 형부가 어딨어요?\n수영](웃고 앉으면서 )우리끼리는 그냥 오빠, 영채야로 밀고 나갈까?\n영채]난 괜찮은데, 우리 아버지한데 혼날걸요..\n수영]그래?\n영채]그럼요. 우리 아버지 내세울 수 있는 건, 당신이 금정 송씨 충정공파 24대손이란 거 밖에 없잖아요?\n수영](웃는다)\n영채]저...저녁 먹고 올께요.\n수영]그래.\n영채](뒷걸음 쳐서 방을 나가고 )\n영선](문을 닫는다 )\n수영]여보.\n영선](돌아본다)\n수영](바닥 가리키면서 )앉아봐.\n영선](와서 앉는다)\n수영]표정이 왜 그래?\n영선](애써 담담하게)어떤데요, 표정이?\n수영]내 몸 구석구석엔 고성능 레이더망이 깔려 있거든. 그 레이더 망은 당신 속눈썹 떨림까지도 감지하는 아주 강력한 성능을 갖고 있어.\n영선](시선을 내린다 )\n수영](영선의 턱을 추겨 올린다 )\n영선](눈 속에 눈물이 가득 고여 있다 )\n수영](바라본다). .\n영선](자리에서 일어나서 그대로 방을 나간다 )\n수영](그대로 쓸쓸하게, 영선의 뒷모습을 보지 않는다 )"
  },
  "Annotation": {
    "Summary1": "수영은 영선을 불러 표정이 왜 그런지 묻는데, 영선은 애써 담담한 척하지만 눈물이 가득 고여 있다.",
    "Summary2": "",
    "Summary3": "우리끼리는 서로 편하게 부르는 게 어떻냐는 수영에게 영채는 자신은 괜찮지만 아버지에게 혼날 것이라고 답한다. 영채가 저녁을 먹으러 나가고 수영은 영선의 표정이 왜 그런지 묻는데, 영선은 담담한 척하지만 눈물이 가득 고여 있다."
  },
  "filename": "SCRIPT-fs_drama-42068-00010.json"
}