{
  "Meta": {
    "doc_id": "SCRIPT-fs_drama-42051",
    "doc_category": "SCRIPT",
    "doc_type": "fs_drama",
    "doc_name": "42051_DC_강이되어만나리051_2006.txt",
    "author": "KBS",
    "publisher": "KBS",
    "published_year": "2006",
    "doc_origin": "강이되어만나리051",
    "passage_id": "SCRIPT-fs_drama-42051-00007",
    "passage": "해설]정옥 영채 앉아서.\n정옥]얘기해봐, 무슨 일인지?\n영채]비교하구 싶진 않지만... 자꾸 비교가 돼.\n정옥]뭐가?\n영채]수희랑 나.\n정옥]수희가 어쨌는데?\n영채]누군 대학 진학할 수 있을 지 없을 지도 모르는 판에 수히네 집에선 수희 대학 들어가 살 집을벌써부터 구해놓는다 어쩐다 난릴 떠는 거 같드라구, 그것땜에 수영 오빠 서울 간거야.\n정옥]그래서 수희 땜에 지금 풀이 죽어 있는 거야?\n영채]...그냥...내 주젤 너무 몰랐던 게 아닌가..그런 생각 드니까 맥이 풀려.\n정옥]왜 그래, 너 답지 않게?\n영채]화산같은 시골바닥에서 발레 배워 한국 최고 발레리 나가 되겠다는생각부터 황당한 거 아냐?\n정옥](본다)\n영채]수흰 우리 나라에서 최고 유명한 백봉숙 교수님한테 배운단 말야. 그분이 그랬대. 시골에서 공부한 애들 공통점은 디테일이 전혀 안돼 있다구..\n정옥]교수 렛슨 못 받는 게 속상해서 그래?\n영채]이것저것 다 속 상해. 왜 하필 난 우리 아버지 같은 사람 딸로 때어났을까. 수희가 부럽기두 하고..\n정옥](엄하게)발레구 대학이구 다 집어치워.그렇게 못난 소리 할꺼면.\n영채](본다)\n정옥]세상에 수희 같은 사람만 있니? 이 세상엔 너보다 못한 사람이 훨씬 더 많아. 부족한 것만 들여다보면 입에다 불만을 달고 살 수밖에 없는 거야. 너한테도 분명 감사할게 있을 테니까 그게뭔가부터 찾아봐.\n영채]...(글썽해서 바라보면서 사이두어 )...엄마가 우리 엄만 건 감사해.\n정옥]그런 말 듣자는 게 아냐..\n영채]진짜란 말야."
  },
  "Annotation": {
    "Summary1": "영채는 정옥에게 수희와 자신의 처지를 비교하며 속상해하고 정옥은 그럴 거면 다 집어지우라면서 호되게 조언한다.",
    "Summary2": "",
    "Summary3": "영채는 정옥에게 수희와 자신의 처지를 비교하는 말을 한다. 너답지 않게 왜 그러냐는 정옥에게 영채는 왜 하필 아버지 딸로 태어났을까 하며 속상해한다. 정옥은 그럴 거면 다 집어치우라면서 너보다 못한 사람이 더 많다며 감사한 점을 찾아보라 하고 영채는 정옥이 우리 엄마인 건 감사하다고 말한다."
  },
  "filename": "SCRIPT-fs_drama-42051-00007.json"
}