{
  "Meta": {
    "doc_id": "SCRIPT-fs_drama-42048",
    "doc_category": "SCRIPT",
    "doc_type": "fs_drama",
    "doc_name": "42048_DC_강이되어만나리048_2006.txt",
    "author": "KBS",
    "publisher": "KBS",
    "published_year": "2006",
    "doc_origin": "강이되어만나리048",
    "passage_id": "SCRIPT-fs_drama-42048-00028",
    "passage": "해설]레지 옆으로 다가 와서 물컵을 송준호 앞에 놓는다.\n송준호]차 들어.\n정옥]사이다 주세요.\n송준호]같은 걸로 레지 돌아가고.\n정옥]수영이 집에 왔었어요. 결혼식 예정대로 올린다구요...\n송준호]영선이 그건 아직도 딴생각 허고 있은 거 아니겄지?\n정옥]그럴 순 없겠죠. .\n송준호](물 마시고 )종태란 놈이 찾아와서 지랄 생난리를 떨었어. 내가 반은 죽여놨으니까 그리 알어.\n정옥]종태가 무슨 일로 찾아 왔는데요?\n송준호]이사 가랬더니 지 애비랑 와서 화산땅 못 떠나겄다고. \n해설]옛날 겉으먼 어림도 없는 일이여. 말세라니까, 말세. 어디서 아랫 것이 상전 명령을 거역 허냐고?\n정옥]세상 달라진 걸 모르세요?\n송준호]겔혼식까지는 맘 못 놔. 종태 그 자식 숭악헌 놈이여.\n해설]시내 (야외 ).\n정옥 걷고 있다 <NA> 생각나는 대로 말을 다 뱉아 버리면 속이 후련할 줄 알았습니다"
  },
  "Annotation": {
    "Summary1": "정옥은 송준호에게 수영이 계획대로 결혼식을 올리기로 했다 하고 송준호는 종태가 이사를 안 가겠다고 했다고 말한다.",
    "Summary2": "",
    "Summary3": "정옥은 송준호에게 수영이 결혼식을 예정대로 한다고 했다 말하고 송준호는 종태가 아버지와 찾아와 이사를 가지 않겠다고 한 얘기를 하며 결혼식까지 안심할 수 없다고 한다."
  },
  "filename": "SCRIPT-fs_drama-42048-00028.json"
}