{
  "Meta": {
    "doc_id": "SCRIPT-fs_drama-42064",
    "doc_category": "SCRIPT",
    "doc_type": "fs_drama",
    "doc_name": "42064_DC_강이되어만나리064_2006.txt",
    "author": "KBS",
    "publisher": "KBS",
    "published_year": "2006",
    "doc_origin": "강이되어만나리064",
    "passage_id": "SCRIPT-fs_drama-42064-00036",
    "passage": "해설]앞 (야외).\n순임 보자기에 싼 잔과 보온병을 들고 계단을 내려와 길로 나온 뒤 당구장쪽 돌아보고.\n순임]짜식, 까불고 있어. (째려본 뒤 돌아서서 엉덩이를 흔들면서 걸어간다 )\n해설]사장실.\n노크와 함께 이씨 들어와서 인사한다.\n조상진](일어서면서 )어 그래... 어젠 애썼네.\n이씨]애쓰긴요.\n해설]대웅전 (야외).\n수영 향을 피우고 돌아와서 방석위에서 합장을 하고 부처님께 꿇어 엎드려서 절을 한다. 영선 한발 뒤에 두 손을 모아 쥐고 선 채로 수영의 절하는 모습을 지켜보고 있다. 계속해서 간절하게 열심히 절을 하는 수영.\n앞 (야외).\n수영 대웅전에서 나와서 신발을 신고 영선의 신발을 신을 수 있게 잘 놔준다. 영선 잠시 그 모습 바라본 뒤 신발을 신는다.\n탑 근처(야외).\n수영 탑쪽으로 걸어오고 영선 옆으로 와서 선다.\n수영]아까 부처님 앞에서 내가 뭘 기원했게?\n영선](본다)\n수영](탑을 본채)우리 두 사람 백년 해로하게 해달라 빌었어 그리고.(영선을 보면서 웃고)첫아인 영선이 꼭 닮은 딸을 주십사..\n영선](시선 내린다)\n수영](탑을 보면서 )난 적어도 아들 둘에 딸 둘은 갖고 싶은데.(영선을 보면서 웃고 )내 욕심이 너무 지나친 가?"
  },
  "Annotation": {
    "Summary1": "부처를 향해 절을 한 후 영선과 밖에 나온 수영은 백년해로와 함께 영선과 똑 닮은 딸을 낳게 해달라고 빌었다고 한다.",
    "Summary2": "",
    "Summary3": "조상진은 이씨에게 어제 고생했다고 말한다. 한편 대웅전에서 수영은 부처에게 절을 하고 영선은 그 모습을 바라본다. 영선과 밖으로 나온 수영은 영선과 백년해로하고 첫 아이는 영선을 닮은 딸을 낳게 해달라고 절을 하면서 빌었다고 말한다."
  },
  "filename": "SCRIPT-fs_drama-42064-00036.json"
}