{
  "Meta": {
    "doc_id": "SCRIPT-fs_drama-42078",
    "doc_category": "SCRIPT",
    "doc_type": "fs_drama",
    "doc_name": "42078_DC_강이되어만나리078_2006.txt",
    "author": "KBS",
    "publisher": "KBS",
    "published_year": "2006",
    "doc_origin": "강이되어만나리078",
    "passage_id": "SCRIPT-fs_drama-42078-00022",
    "passage": "해설]거실 (밤).\n현관에 오복자가(가내복차림으로)서 있고, 수영 취한 채 강치와 영복이 부축해서 들어오면서 인사한다..\n수영](취한 소리로 )됐어 인제... 니들 가.\n영복]알았어요. 저희 갈 테니까 걱정 마세요.\n오복자]세상에.. 누구랑 이렇게 곤죽 되게 마신거야?\n강치]네...저기.. 친구분이랑..\n수영]친군 무슨 친구 임마.\n오복자]조용히 해 아버지 주무셔.\n수영](취한 소리로 )죄송합니다. 어머니.\n오복자]이층으로 좀 데리고 가 \n해설]강치와 영복 수영을 부축해서 이층으로 올라간다 \n방 (밤).\n강치 영복 수영을 침대에 눕히고 오복자 따라 들어온다.\n수영](취해서 몸을 버둥거리면서 )가라구 가. 난 괜찮아.\n강치]네... 저희 갑니다. 걱정하지 마시고 주무세요.\n수영](잠잠해 지고)\n영복]저희 누난 어디 갔어요?\n오복자]대평리.거기 옷좀 벗겨 봐. \n해설]영복 수영이 윗저고리와 넥타이 벗기고.\n오복자](양말 벗기면서 )조사장 무슨 속상한 일 있었냐?\n강치]아닙니다."
  },
  "Annotation": {
    "Summary1": "취한 수영을 강치와 영복이 부축해서 들어오고 오복자는 수영에게 안 좋은 일이 있었는지 강치에게 묻는다.",
    "Summary2": "",
    "Summary3": "강치와 영복이 취한 수영을 부축해서 들어오자 오복자는 강치에게 이층으로 데려가라고 말한다. 수영은 강치에게 가라고 한 뒤 잠들고 오복자는 수영에게 속상한 일이 있었는지 강치에게 묻는다."
  },
  "filename": "SCRIPT-fs_drama-42078-00022.json"
}