{
  "Meta": {
    "doc_id": "SCRIPT-c_event-00112",
    "doc_category": "SCRIPT",
    "doc_type": "c_event",
    "doc_name": "최경영의 최강시사",
    "author": "KBS",
    "publisher": "KBS",
    "published_year": "2021",
    "doc_origin": "최강시사",
    "passage_id": "SCRIPT-c_event-00112-00003",
    "passage": "김경래]시스템에 대한 이야기는 조금 더 여쭤보도록 하고요. 일단 궁금한 사람이 예컨대 국민의힘 조수진 의원 그리고 더불어민주당 김홍걸 의원은 굉장히 경실련이 발표하기전부터 논란이 됐었잖아요. 재산 신고가 좀 부실하다, 축소로 신고한 것 아니냐, 이런 의혹들이 있었는데 이 두 의원 같은 경우에는 어떻습니까, 실제로 보시면?\n김헌동]글쎄요, 조수진 의원 같은 경우에는 현금 재산이 현금과 채권이 한 등록할 때는 선관위에 신고할 때는 18억 5천이라고 신고했는데 불과 5개월 사이에 11억 5천이 늘었습니다. 그래서 현금과 재산이 많이 늘어난 이유는 해명이 안되는 거죠.\n김경래]해명을 못해요, 이 부분은?\n김헌동]변명은 할지 모르지만 소명은 저희가 정식 소명을 요청했으니까 다시 회신이 오겠지만 그냥 상식적으로는 누구도 이해할 수 없는 거죠. 그러니까 자기 통장에 있는 현금이나 집에 현금 다발을 보관하고 있었는지 모르지만 그것을 신고가 차이가 있다는 것은 문제가 있는 거죠.\n김경래]김홍걸 의원은 어때요, 더불어민주당?\n김헌동]건수는 4건으로 같은데 개포동에 있는 아파트를 아들에게 증여했고 또 상가 같은 경우는 가액을 축소했고 또 서초동 아파트하고 여러 가지 지금 여기도 김홍걸 의원도 차이가 많습니다. 차이가 많은 것이 한두 건은 누락시킨 게 분명한 것 같고 해서 그런 것들도 소명 요청을 했습니다."
  },
  "Annotation": {
    "Summary1": "국민의힘 조수진 의원과 더불어민주당 김홍걸 의원이 제출한 재산신고내용과 실제가 차이가 많아 소명 요청을 했다.",
    "Summary2": "국민의힘 조수진 의원은 선관위에 재산신고를 할 때는 18억 5천이라고 했지만 불과 5개월 사이에 11억 5천이 늘어난 이유에 대해 해명하지 못하고 있다. 더불어민주당 김홍걸 의원 역시 상가의 가액을 축소하는 등 신고한 내용과 차이가 많다. 따라서 항목을 누락시킨 것은 아닌지 소명 요청을 한 상태이다.",
    "Summary3": ""
  },
  "filename": "SCRIPT-c_event-00112-00003.json"
}