{
  "Meta": {
    "doc_id": "SCRIPT-c_event-00239",
    "doc_category": "SCRIPT",
    "doc_type": "c_event",
    "doc_name": "최경영의 최강시사",
    "author": "KBS",
    "publisher": "KBS",
    "published_year": "2021",
    "doc_origin": "김경래의 최강시사",
    "passage_id": "SCRIPT-c_event-00239-00001",
    "passage": "김경래]문희상 국회의장이 최근에 일본에 가서 징용 피해자 보상 문제 해법을 제안했습니다. 이게 한국, 일본 기업들이 참여하는 재단을 만들고 양국 국민이 성금을 내자, 이런 제안이었습니다, 뼈대만 이야기하면요. 지금 또 논란이 됐던 위안부 피해자들 관련된 화해치유 재단 남은 돈도 여기에 투입을 하자. 이게 최근에 한일 갈등 상황을 돌파하기 위한 제안인 것 같은데, 일본 쪽도 받아들이지 않았고 우리 정부도 좀 선을 긋고 있고 더군다나 위안부 피해자들 그리고 강제 동원 피해자들이 반발하고 있습니다. 관련 얘기를 오늘은 짧게나마 윤미향 정의기억연대 이사장 연결해서 여쭤보겠습니다. 안녕하세요?\n윤미향]안녕하세요?\n김경래]제가 아까 문희상 국회의장의 제안을 간략하게 설명해 드렸는데, 여기에 대해서 입장이 어떠신가요?\n윤미향]이건 2015년 한일합의보다도 훨씬 더 후퇴한 그런 안이고요. 무엇보다도 피해자들을 그동안 일본 정부가 계속해서 범죄 인정과 사죄와 배상 방식이 아닌 위로금 지급하겠다는 이야기들이 위안부 문제뿐만 아니라 계속 나왔어요. 그것을 한국의 국회의장이 스스로 마치 피해자들 동정의 기금인 양... 이런 의견들이 여기 안에 다 들어가 있는 거죠.\n김경래]그러니까 문희상 의장의 말에 사죄라든가 배상이라든가 이런 부분이 포함이 안되어 있다, 이런 말씀이신 거죠?"
  },
  "Annotation": {
    "Summary1": "징용 피해자 보상 문제를 재단을 만들어 해결하자고 하자고 하는 문희상의 의견은 피해자들을 동정하는 퇴보한 안건이다.",
    "Summary2": "문희상 국회의장이 일본에서 징용 피해자 보상 문제를 해결하고자 양국 국민들의 성금과 그리고 한국과 일본 기업들이 함께하는 재단을 만들자고 의견을 냈다. 거기다 화해치유 재단의 돈도 이 재단에 넣자고 했으나 한국과 일본 정부 그리고 위안부 및 강제 동원 피해자들은 반대하고 있다. 이것은 피해자들을 동정하는 돈이고 사죄와 배상이 없는 퇴보한 안건이다.",
    "Summary3": ""
  },
  "filename": "SCRIPT-c_event-00239-00001.json"
}