{
  "Meta": {
    "doc_id": "SCRIPT-c_event-00145",
    "doc_category": "SCRIPT",
    "doc_type": "c_event",
    "doc_name": "최경영의 최강시사",
    "author": "KBS",
    "publisher": "KBS",
    "published_year": "2021",
    "doc_origin": "최강시사",
    "passage_id": "SCRIPT-c_event-00145-00009",
    "passage": "이재갑]일단 이렇게 이번에 2차 유행 온 것처럼 가을이든 겨울이든 언제든 3차 유행, 4차 유행은 우리가 느슨해지면 언제든 올 수 있는 부분이고요. 저희가 사실 가을, 겨울이 걱정하는 것은 인플루엔자랑 동시 유행이 되는 상황이 되어버리면 환자들이 증상으로 구분이 안되다 보니까 이거를 구분하는 데도 많은 어려움이 생기고 또한 그로 인해서 양쪽에서 고위험들 같은 경우에 합병증이 생기다 보니까 중환자들이 늘어나다 보니까 의료체계 상당히 부담이 줄 수 있다, 이 부분을 제일 걱정하고 있는 겁니다. \n김경래]마지막으로 지금 국민 여러분들 불안해하시는 분들도 있을 거고 지금 상황에 대해서 불만을 가지신 분들도 있을 겁니다. 지금 중요한 게 진짜 무엇인지 이재갑 교수님 말씀은 아마 다들 잘 들을 것 같으니까 한 말씀 좀 해주시죠. \n이재갑]일단 대구 경북 때 우리나라가 그래도 빨리 버틸 수 있었던 이유가 사회적 거리 두기를 자발적으로 거의 70% 이상의 국민들이 동참을 해주셨고 그 다음에 90% 이상이 대구 경북을 안 떠나면서 그 대구 안에서 잡을 수 있었거든요. 지금 동일합니다. 그러니까 지금 대구 경북보다 사회적 거리 두기 준수율이 많이 떨어지고 있는 상황이거든요. 적어도 대구 경북 수준처럼 수도권뿐만 아니라 환자가 발생하는 어떤 지자체든 간에 자발적인 국민들께서 사회적 거리 두기를 잘 동참해주셔야 지금의 위기가 빨리 끝날 수 있을 것이기 때문에 어쨌든 자기 자리에서 좀 멈춰서 활동을 줄이시고 사람 만나는 것을 최소화시켜주시는 게 지금 제일 중요할 것 같습니다."
  },
  "Annotation": {
    "Summary1": "날씨가 추워지면 인플루엔자의 유행으로 인한 의료체계 부담이 가중될 수 있으니 사회적 거리 두기에 적극 동참해야 한다.",
    "Summary2": "가을이나 겨울이 오면서 인플루엔자와 동시 유행이 발생할 시 증상 구분이 어렵다는 문제와 고위험군의 합병증 발병으로 인해 의료체계 부담이 가중될 수 있다. '대구 경북' 때는 많은 국민들이 사회적 거리 두기에 동참했기 때문에 빠른 수습이 가능했었다. 모든 지자체의 사회적 거리 두기 준수가 중요한 만큼 사람을 만나는 활동을 최소화하는 것이 중요한 것 같다.",
    "Summary3": ""
  },
  "filename": "SCRIPT-c_event-00145-00009.json"
}