{
  "Meta": {
    "doc_id": "SCRIPT-c_event-00053",
    "doc_category": "SCRIPT",
    "doc_type": "c_event",
    "doc_name": "최경영의 최강시사",
    "author": "KBS",
    "publisher": "KBS",
    "published_year": "2021",
    "doc_origin": "최강시사",
    "passage_id": "SCRIPT-c_event-00053-00003",
    "passage": "김경래]범죄단체 조직죄를 적용하는 것을 적극적으로 검토하겠다, 그런데 그건 운영자들이고 이른바 관전자들이라는 사람들 있잖아요. 보고 공유를 했다거나 이런 사람들이 있는데 이 사람들도 공범으로 볼 수 있나요, 현행법에서? \n추미애]당연히 볼 여지가 많습니다. 왜냐하면 대화방의 회원들이 단순 관전자가 아니고요. 그 관여 정도를 보면 범행을 부추기거나 또는 적극적으로 유인을 하거나 그러한 추가 행동을 하지 않으면 운영자 쪽에서도 탈퇴를 시킨다고 한다든가 하기 때문에 굉장히 적극적인 그런 대응이나 이런 것을 한 흔적을 우리가 볼 수 있는 거죠. 그랬을 때 그런 사람들도 조사를 해보면 단순 관전자가 아니라 범행에 가담하거나 교사하거나 방조한 것으로 볼 여지가 많습니다. 그럴 때 적극적으로 공범으로 처벌할 여지가 있습니다. \n김경래]이른바 관전자들이라는 사람을 한 1만 명 넘게 지금 아이디 정도는 확보했다고 뉴스를 봤습니다. 이런 사람들도 끝까지 추적을 하실 생각이신가요? \n추미애]당연히 그렇습니다. 지금 대화방 회원들에 대해서 끝까지 추적을 해서 지금 일부 자수를 하고 있습니다만 저는 이 범죄는 끝까지 추적해서 다 밝힌다, 시간이 걸리지만. 시간과의 싸움일 뿐이지, 범죄가 발달함에 따라서 과학수사 기법도 발달해왔기 때문에 얼마든지 끝까지 추적해서 철저하게 다 밝혀낼 수 있다고 의지를 밝히고요. 그래서 조속히 수사하지 않으면 아주 강한 가장 센 형으로 구형을 당할 것이라는 것을 밝힙니다. 그래서 빨리 자수해서 이 범죄에 대해서 반성하고 근절시키는 데에 협조해주는 단순 관전자라도 그런 것을 이 자리를 빌려서 강조드립니다."
  },
  "Annotation": {
    "Summary1": "현행법에서는 관전자도 가담 정도에 따라 공범으로 처벌할 수 있고 확보된 아이디를 과학수사로 끝까지 추적할 것이다.",
    "Summary2": "운영자에게 범죄단체 조직죄를 적용하는 것 외에 관전자도 적극적인 가담 등의 정황이 있는 경우 현행법에서는 공범으로 처벌할 가능성이 있다. 확보된 1만여 명의 아이디에 발달한 과학수사 기법을 동원해 끝까지 그들을 추적해 밝혀낼 것이고 지체될 경우 더 강한 형을 적용할 예정이다. 이에 단순 관전자도 신속히 자수해서 수사에 협조하는 것이 좋을 것이다.",
    "Summary3": ""
  },
  "filename": "SCRIPT-c_event-00053-00003.json"
}