{
  "Meta": {
    "doc_id": "SCRIPT-c_event-00101",
    "doc_category": "SCRIPT",
    "doc_type": "c_event",
    "doc_name": "최경영의 최강시사",
    "author": "KBS",
    "publisher": "KBS",
    "published_year": "2021",
    "doc_origin": "김경래의 최강시사",
    "passage_id": "SCRIPT-c_event-00101-00005",
    "passage": "박지원]글쎄요, 그건 모르죠. 지금 현재 민주당에서는 선을 긋고 있는데 정봉주 의원이나 손혜원 의원 등은 아무래도 민주당과 관계아 있는 것 아니겠어요? 그런데 또 비례연합정당을 추진한다고 하면 거기에서 굉장히 유권자들이 혼선이 오겠죠. \n김경래]미래통합당 이야기 좀 해볼게요. 공천이 거의 윤곽이 다 나왔습니다, 일부 빼고는. TK 쪽 공천 보면 6명이 컷오프가 됐어요. \n박지원]과감한 칼질을 했더라고요. \n김경래]과감한 칼질로 평가를 하시는 겁니까? 아니면 뭐 일부는 칼질은 했지만 그렇게 또 참신하지는 않은 것 같다는 평가도 있고 의원님이 보시기에는 어떻습니까? \n박지원]글쎄요, 많은 분을 또 돌려 막기로 하고 있고 그러고 있기 때문에 일단 현역 의원들을 배제시킨 것은 평가를 하지만 공천에 대해서는 유권자들이 판단할 몫이죠. 그렇게 썩 훌륭한 평가는 받지 못하는 것 같아요. \n김경래]그런데 눈에 좀 띄는 게 새보수당 출신들이 중용이 됐다? 그렇게 볼 수도 있을 것 같아요. 오신환, 지상욱 등등 많이 있습니다. 이게 일종의 공관위에서 새보수당과 합친 것에 대한 어떤 통합의 중요성 이런 것들을 의식하고 한 공천으로 보십니까? 어떻게 보세요? \n박지원]아무래도 자꾸 이야기를 했지만 통합을 하면서 어느 정도 지분은 약속했지 않겠어요? 거기에 평가를 했기 때문에 다 그런 것 아니겠어요?"
  },
  "Annotation": {
    "Summary1": "TK에서 현역 의원 6명이 배제되며 미래통합당의 공천의 윤곽이 나왔고 새보수당 출신 공천은 합당에 대한 약속이다.",
    "Summary2": "미래통합당 공천의 윤곽이 드러났다. TK에서 현역 의원 6명이 탈락한 것은 과감한 결정으로 평가된다. 또 새보수당 출신의 오신환과 지상욱의 공천은 통합에 대한 지분을 준 것이다.",
    "Summary3": ""
  },
  "filename": "SCRIPT-c_event-00101-00005.json"
}