{
  "Meta": {
    "doc_id": "SCRIPT-c_event-00262",
    "doc_category": "SCRIPT",
    "doc_type": "c_event",
    "doc_name": "최경영의 최강시사",
    "author": "KBS",
    "publisher": "KBS",
    "published_year": "2021",
    "doc_origin": "김경래의 최강시사",
    "passage_id": "SCRIPT-c_event-00262-00002",
    "passage": "박지훈]기본적으로는 일단은 정경심 교수 관련해서 이제껏 했던 것을 정리하고 있는데요. 가장 중요한 것은 조국 전 장관하고 연결고리를 찾아내려고 하는 것 같아요.\n김경래]그러면 조국 장관 수사를 위해서?\n박지훈]그렇죠, 곧 소환을 해야 하기 때문에 조국 전 장관이 예컨대 WFM 주식 매입할 때 알았는지, 여러 가지 알았는지 몰랐는지 이 부분을 계속 추궁하고 있는 것으로 알려져 있고. 다만 정경심 교수는 건강 이런 문제 때문에 적극적으로 수사에 참여하고 있지 않은 그런 상황으로 알려져 있습니다.\n김경래]조사는 하고 있는데, 뭔가 원활하지는 않다, 건강 문제 이런 것 때문에. 지금 조 전 장관하고 연결고리는 어떤 게 나오고 있는 거예요?\n허백윤]지금 크게 정경심 교수가 세 가지가 있는데, 사실은 이 세 가지 부분도 다 연결이 되어 있다고 의혹은 나와 있습니다.\n김경래]세 가지는 뭘 이야기하는 거죠?\n허백윤]입시비리 의혹이 있고요. 그 다음에 증거조작이라고 해서 컴퓨터를 빼내거나 이런 게 있고.\n김경래]인멸, 증거인멸.\n허백윤]그 다음에 사모펀드 의혹이 있는데 지금 구속되고서 두 차례 검찰에 불러서 그저께까지 두 번 조사를 했는데, 이 두 번째까지는 주로 입시비리랑 증거은닉교사 혐의에 대해서 앞서 구속되기 전에 조사했던 것을 정리를 했다고 검찰에서 알려져 있고요. 그 다음에 가장 조국 전 장관이 연관됐을 때 가장 치명적인 게 사모펀드라고 보이고 있거든요. 그래서 앞으로 당분간은 사모펀드에 집중해서 조 전 장관의 연관성에 집중해서 조사를 할 것으로 보입니다."
  },
  "Annotation": {
    "Summary1": "조국 장관과 정경심 교수의 연결성을 파악하고 있으며, 정경심 교수에 대한 사모펀드 관련 조사가 진행될 예정이다.",
    "Summary2": "조국 장관의 소환을 위해 정경심 교수와의 연결성을 파악하고 있다. 입시 비리와 증거조작 등의 의혹이 있는 정경심 교수는 수사에 미지근한 반응을 보였다. 또 정경심 교수는 검찰에서 모두 두 번의 조사를 받았으나 이는 입시비리와 증거조작 교사에 관한 조사였고, 사모펀드에 관한 조사가 앞으로 진행될 예정이다.",
    "Summary3": ""
  },
  "filename": "SCRIPT-c_event-00262-00002.json"
}