{
  "Meta": {
    "doc_id": "SCRIPT-c_event-00094",
    "doc_category": "SCRIPT",
    "doc_type": "c_event",
    "doc_name": "최경영의 최강시사",
    "author": "KBS",
    "publisher": "KBS",
    "published_year": "2021",
    "doc_origin": "김경래의 최강시사",
    "passage_id": "SCRIPT-c_event-00094-00005",
    "passage": "김경래]그러면 당의 뜻을 주호영 의원께서는 받아들여서, 그런 느낌이신 거죠, 지금? 어떻게 받아들이시는지. \n주호영]그렇습니다. 저로서야 공천 심사받는 입장에서 제 뜻대로 할 수 있는 일이 뭐가 있겠습니까? 많은 분들이 컷오프되고 불출마를 하고 이런 과정에서 수성갑이 저에게 주어진 유일한 선택이었습니다. \n김경래]그런데 수성갑이라는 곳이 김부겸 의원이 현역인데 “여기가 상대적으로 좀 연령대가 낮고 그리고 보수색채가 강한 대구에서도 조금 여권 지금 현 여권한테 지역이 유리하다.” 이런 이야기가 있지 않습니까? 이거 어떻게 생각하세요, 지금 판세를? \n주호영]그렇지는 않고요. 흔히 대구의 정치 1번지라고 하는데, 제가 알기로 우리나라에서 박사학위를 소지하고 있는 분들 비율이 한두 번째 가는 지역입니다. 인근 경산에 대학이 13개가 있는데, 그 대학 교수님들이 대부분 수성갑에 거주하고 계시고 또 대구의 많은 교육자들이 선생님들이 여기에 많이 계셔서 어느 지역보다도 정치 수준이 높은 그런 지역으로 알려져 있습니다. 그래서 지난번에는 대구에도 민주당 의원이 하나 필요하지 않느냐 이래서 아마 김부겸을 선택한 분이 많은 것으로 알고 있는데, 이전에는 이게 김부겸이냐, 무슨 주호영이냐 이런 문제가 아니고 대한민국이 나아가야 될 방향이 헌법상 규정된 자유민주주의를 지키는 나라가 되는 것이냐? 아니면 독재 친중국 사회주의화되는 것이냐? 이 커다란 노선 싸움으로 다 인식을 하고 있기 때문에 수성갑에 계시는 분들이 우리 대한민국이 나아가야 될 방향을 제대로 짚어주실 것으로 믿고 또 문재인 대통령이 지금 하고 계시는 소득주도성장이라든지 탈원전이라든지 외교 실패, 안보 실패 이런 것들에 대해서 다 평가를 해줄 것으로 생각하고 있습니다."
  },
  "Annotation": {
    "Summary1": "수성갑에 공천을 받은 주호영 의원은 자유민주주의를 지키는 나라를 위해 지역 주민들이 합당한 선택을 할 것을 기대했다.",
    "Summary2": "야당의 주호영 의원은 당의 결정에 따라 수성갑에 공천을 받게 됐다. 현재 수성갑의 의원인 김부겸 의원은 해당 지역구가 보수 색채가 강한 대구에서도 여권에게 기회가 있는 곳이라는 발언을 했다. 이에 대해 주호영 의원은 지역 주민들이 자유민주주의를 지키는 나라가 되기 위해 대한민국이 나아가야 될 방향을 제대로 알고 그에 맞는 선택을 할 것을 믿는다고 했다.",
    "Summary3": ""
  },
  "filename": "SCRIPT-c_event-00094-00005.json"
}