{
  "Meta": {
    "doc_id": "SCRIPT-c_event-00113",
    "doc_category": "SCRIPT",
    "doc_type": "c_event",
    "doc_name": "최경영의 최강시사",
    "author": "KBS",
    "publisher": "KBS",
    "published_year": "2021",
    "doc_origin": "최강시사",
    "passage_id": "SCRIPT-c_event-00113-00010",
    "passage": "김경래]택시기사인데 부업으로 퀵서비스를 한다. 그런데 택시기사니까 고용보험이 있다.\n박대기]법인 택시 같은 경우에는 고용보험이 있기 때문에.\n김경래]그러면 제외되는 건가요?\n박대기]이분들은 일단 고용보험 가입자이기 때문에 기준에서 제외될 것 같은데 되게 열심히 사시는 분들이잖아요. 한편으로 법인 택시를 뛰면서 퀵서비스까지 하시는 분인데 이런 분까지 개인적인 생각으로는 지원 제외하는 게 맞느냐는 의문이 들고요. 일단 퀵서비스 부분에 대해서는 고용보험이 가입되지 않은 것이기 때문에 이것도 한 번 문의는 해보시는 게 좋을 것 같습니다.\n김경래]혹시 긴급생계지원비.\n박대기]그런 것이라든지 아니면 퀵서비스에 대해서는 가입이 안되어 있기 때문에 이런 부분 지원이 되느냐? 이런 것 문의해봐야 될 것 같습니다.\n김경래]3030님이 인쇄 자영업자인데 일이 전혀 없어서 야간에 식당에서 일을 했는데 60만원을 받으셨대요. 그런데 고용보험을 넣었나봐요. 그러면 제외되겠네요, 일단?\n박대기]법인 택시 기사님하고 비슷한 그런 케이스인 것 같은데요. 일단은 고용보험 가입되어 있기 때문에 고용보험 쪽의 혜택을 먼저 받으라는 그런 취지인 것 같은데 아까 말씀드렸던 긴급생계지원비 같은 경우에는 해당이 될 수 있기 때문에 왜냐하면 월소득이 356만원이 안되고 재산이 6억 원 이하라면 그쪽으로 한 번 알아보시는 게 좋을 것 같습니다."
  },
  "Annotation": {
    "Summary1": "긴급생계지원비는 고용보험 가입자여도 고용보험 가입이 안 된 일을 병행한다면 조건에 따라 지원 대상이 될 수 있다.",
    "Summary2": "긴급생계지원비는 고용보험이 없는 사람들에게 지원을 해주는 제도이다. 고용보험이 가입되어 있으면 지원받을 수 없지만 고용보험 가입이 안 된 일을 병행한다면 지원을 받을 수도 있다. 월 소득 356만 원이 안 되고 재산이 6억 원 이하라면 지원 대상이 될 수 있다.",
    "Summary3": ""
  },
  "filename": "SCRIPT-c_event-00113-00010.json"
}