{
  "Meta": {
    "doc_id": "SCRIPT-c_event-00040",
    "doc_category": "SCRIPT",
    "doc_type": "c_event",
    "doc_name": "최경영의 최강시사",
    "author": "KBS",
    "publisher": "KBS",
    "published_year": "2021",
    "doc_origin": "최강시사",
    "passage_id": "SCRIPT-c_event-00040-00005",
    "passage": "김경래]지금 코로나19 때문에 여러 가지 현안들이 있습니다. 총선에서 이슈로 부각각이 되고 있는데, 긴급재난지원금이요. 이게 각각 당에서 조금씩 조금씩 다르게 이야기하지만 일단 급하니까 빨리 좀 지급을 하자는 쪽으로 의견이 모아지고 있는 것 같아요. 김 후보께서는 어떻게 생각각하십니까? 어떤 방향으로 가야 된다고 생각각하십니까, 재난지원금이? \n김두관]저도 계속해서 재난극복수당이라는 이름으로 지원을 요청했고 100조 원 규모의 경기부양책도 필요하다고 주장한 바 있거든요. 그래서 지금은 의견이 여야가 합의가 된 것 같아요. 주로 퍼주기에 대해서 반대했던 미래통합당조차도 황교안 대표께서도 1인당 50만원씩 지급하자고 하고 일주일 이내에, 그렇게 주장하셔서 참 다행스럽게 생각각합니다. 우선은 우리 당은 중하위 70%만으로 했는데 그거 행정기술상으로 쉽지 않고 또 차별을 두는 것은 옳지 않은 것 같아요. 그래서 전체 지급을 하고 차후에 또 이렇게 여러 가지 다른 방식으로 정리하는 게 맞는 것 같습니다. 그래서 매우 어려운 상황이기 때문에 일괄 내에서 각각 한 가구당 4인 기준으로 100만원 한다는데 좀 낮춰서 금액을 낮추더라도 전체 가구에 다 주는 게 맞는 것 같습니다. \n김경래]전체 가구한테 다 주는 게 맞겠다, 이런 말씀이시고요. 좀 있으면 저희들이 경쟁자인 나동연 후보도 연결할 텐데요. 나동연 후보의 장점 하나만 꼽아주시죠."
  },
  "Annotation": {
    "Summary1": "코로나19로 인한 긴급재난지원금은 금액을 낮추더라고 각 가구 전체에 지급하는 것이 옳다.",
    "Summary2": "코로나19 발생으로 국민들에게 100조 원 규모의 경기부양책으로 긴급재난지원금을 조속히 지급해야 한다. 긴급재난지원금에 대해서는 여당과 야당 모두 국민에게 지급해야 한다는 의견을 보인다. 재난지원금은 금액을 낮추어서라도 전체 가구에 지급하는 것이 옳다.",
    "Summary3": ""
  },
  "filename": "SCRIPT-c_event-00040-00005.json"
}