{
  "Meta": {
    "doc_id": "SCRIPT-c_event-00431",
    "doc_category": "SCRIPT",
    "doc_type": "c_event",
    "doc_name": "최경영의 최강시사",
    "author": "KBS",
    "publisher": "KBS",
    "published_year": "2021",
    "doc_origin": "최강시사",
    "passage_id": "SCRIPT-c_event-00431-00001",
    "passage": "최경영]국민의힘 대선 경선 2차 컷오프가 일주일여 앞으로 다가왔습니다. 오늘 1부에서는 국민의힘 대선 경선 후보인 하태경 의원과 얘기 나눠 봅니다. 안녕하세요.\n하태경]네, 안녕하세요. 하태경입니다.\n최경영]2차 컷오프 일주일 앞으로 다가왔는데 지금 4위 싸움이 치열한데 상당히 유리한 고지를 점하고 계시는 것 같다는 인상입니다. 얼굴이 굉장히 밝습니다.\n하태경]네, 1위보다 4위가 더 관심이 많아서요. 4번 타자가 더.\n최경영]상황은 어떻게 보세요? 지금 상황은. 경선 판세는?\n하태경]이제 4위, 그러니까 제가 이제 TV 토론 후에 좀 상승세가 느껴지고요. 지역 당원들도 4강에 하태경 없으면 경선 안 본다.\n최경영]아니, 너무 홍보성이다 이건.\n하태경]아무튼 분위기 좋아지고 있습니다.\n최경영]그래요?\n하태경]네.\n최경영]지금 당장은 보수 민심 공략에 나서야 하는 상황 아닙니까? 당내 경선이니까.\n하태경]아무래도 룰이 당원 30%, 여론조사 70%인데 그래도 여론조사 비중이 높기는 하죠. 높기는 한데 당원들 같은 경우도 사실 뭐 과거처럼 모여서 이렇게 하기는 불가능한 상황이잖아요.\n최경영]그렇죠.\n하태경]그래서 이제 핵심은 아무튼 뭐 경선을 보니까 하태경 안 나오면 재미가 없겠다.\n최경영]계속 또 강조하셔서 이슈로 바로 그냥 넘어가겠습니다.\n하태경]어쨌든 경선 성공, 대선 승리를 위해서 꼭 감초 같은 역할을 하고 있다 이런 평가가 많은 것 같습니다."
  },
  "Annotation": {
    "Summary1": "국민의힘 대선 경선 2차 컷오프를 일주일 남긴 상황에서 4위의 가능성이 높은 하태경은 TV 토론 후 상승세를 느낀다.",
    "Summary2": "국민의힘 대선 경선 2차 컷오프를 일주일 남기고 하태경은 4위 싸움의 유리한 고지를 점하고 있다. 하태경은 4위로서 TV 토론 후에 상승세를 느끼고 있으며 지역 당원들도 4강에 하태경이 없다면 경선을 보지 않겠다고 하는 등 좋은 분위기가 형성되고 있다. 당내 경선은 당원보다 여론조사의 비중이 높지만 이전처럼 당원들이 모이기는 어려운 상황이다.",
    "Summary3": ""
  },
  "filename": "SCRIPT-c_event-00431-00001.json"
}