{
  "Meta": {
    "doc_id": "SCRIPT-c_event-00030",
    "doc_category": "SCRIPT",
    "doc_type": "c_event",
    "doc_name": "최경영의 최강시사",
    "author": "KBS",
    "publisher": "KBS",
    "published_year": "2021",
    "doc_origin": "최강시사",
    "passage_id": "SCRIPT-c_event-00030-00010",
    "passage": "박원순]코로나19가 장기화되면서 사회 전반에 지금 도미노 타격이 이루어지고 있지 않습니까? 그러니까 고통에 직간접적으로 노출되는 시민들도 광범위하게 이루어지고 있죠. 그래서 아마 유례없는 이런 사회적 재난 상황을 수습하고 또 절박한 민생을 살리기 위해서는 정말 뭐 정부도 또 정치권도 고심이 클 거라고 생각합니다. 그래서 전 국민에게 재난지원금을 지급하자, 그 방안 중에 하나라고 보는데요. 문제는 이제 그중에서도 자영업자라든지 일용직 노동자, 프리랜서와 같이 수입의 불확실성이 큰 분들, 그야말로 매출 제로, 수입 제로라는 극단적 상황까지 경험하고 있는 그런 세대들이 있지 않습니까? 이런 분들 그러니까 재난 사각지대, 취약계층으 비롯해서 이런 어려움에 처한 분들을 좀 더 두텁게 더 많이 지원하면 그만큼 내수도 진작되고 소비심리도 살릴 수 있다. 저는 이런 말씀을 드리는데요. 재난이라는 것은 취약계층에게 가장 먼저 오고 가장 깊이 온다. 그래서 저는 뭐 이런 부분에 대해서는 차등을 주는 것도 괜찮다, 이렇게 생각합니다. \n김경래]알겠습니다. 보편적으로 지급을 하는 것을 원칙으로 하되 좀 더 피해가 큰 사람들을 두텁게 지원을 하자, 이런 말씀이시네요. \n박원순]예, 돈만 있으면 사실 보편적으로 드리는 게 좋죠. 그런데 예산이 한계가 있기 때문에 서울시는 당시에 그런 방법을 택했죠."
  },
  "Annotation": {
    "Summary1": "서울시는 코로나19로 더 많은 피해를 입은 취약계층에게 재난지원금을 보편적인 금액보다 더 많이 지원했다.",
    "Summary2": "코로나19 장기화로 사회적으로 어려움을 가진 사람들이 많다. 특히 취약계층은 피해가 가장 빠르고 극단적으로 온다. 그래서 서울시는 재난지원금을 보편적으로 지원하면서 취약계층에게는 더 두텁고 많이 지원했다.",
    "Summary3": ""
  },
  "filename": "SCRIPT-c_event-00030-00010.json"
}