{
  "Meta": {
    "doc_id": "SCRIPT-c_event-00376",
    "doc_category": "SCRIPT",
    "doc_type": "c_event",
    "doc_name": "최경영의 최강시사",
    "author": "KBS",
    "publisher": "KBS",
    "published_year": "2021",
    "doc_origin": "김경래의 최강시사",
    "passage_id": "SCRIPT-c_event-00376-00002",
    "passage": "김준형]네.\n김경래]그런데 이제 북한으로 김정은 위원장이 돌아가고요. 북한 쪽에서도 보도가 나오고 중국 쪽에서도 보도가 나오는데 약간 둘이 내용이 뉘앙스가 다르다고 할까요? 좀 달라요, 느낌이. 특히 비핵화 관련해서는 북한 쪽은 좀 상세히 다루는데 중국은 그렇게 뭐 상세히 안 다루는 것 같아요. 왜 그러는 겁니까, 이거는?\n김준형]이 말씀이 조금 전에 드린 말씀하고도 조금 비슷한데요. 지금 미중의 통상전쟁 굉장히 심각했고 지금까지도... 그 다음에 지금 타협 분위기란 말이에요. 여기에서 중국이 미국을 중미, 미중 간에 그나마 그래도 공조를 하고 있고 미국의 체제를 적극적으로 돕는 공식적인 입장을 갖고 있는 중국이 이 부분에 대해서 미국을 압박하는 모습을 보이기는 굉장히 어려웠을 것이고요. 그러나 북한 측 입장에서 보면 이게 결국은 보험이자 중국의 후원을 앞으로 있을 북미 정상회담에 대해서 적극적으로 활용하고 싶은 것이고 그렇게 봤을 때 어쩌면 시진핑 주석과 김정은 위원장 아마 북한 쪽에서 훨씬 더 적극적으로 말하고 중국은 좀 조심스럽게 얘기하는 것이 공조가 될 수도 있다는 생각을 하고 있습니다.\n김경래]그래요? 그런데 이거는 좀 본류의 얘기는 아닌데 보도에 보면 중국 쪽에서 이번에 북미 정상회담 보도하면서 김정은 위원장이 시진핑 주석 얘기를 받아 적는 모습, 이런 것들을 자주 노출했다. 이렇게 얘기를 하는 보도들이 있더라고요. 이거 뭐 어떤 의도가 있다고 보세요? 어떻습니까?"
  },
  "Annotation": {
    "Summary1": "중국이 서로 간 타협 중인 미국을 압박하기는 힘든 상황인 반면 북한은 중국의 후원을 북미 정상회담에 이용하고 싶어한다.",
    "Summary2": "김정은 위원장이 귀국 후, 비핵화 관련해서 북한 쪽은 상세히 보도하는데 중국은 그렇지 않다. 심각했던 미중 간 통상전쟁이 현재 타협 분위기여서 중국이 미국을 압박하기는 힘들었을 것이다. 하지만 북한 측은 중국의 후원을 북미 정상회담에 이용하고 싶었을 것이다.",
    "Summary3": ""
  },
  "filename": "SCRIPT-c_event-00376-00002.json"
}