{
  "Meta": {
    "doc_id": "SCRIPT-c_event-00408",
    "doc_category": "SCRIPT",
    "doc_type": "c_event",
    "doc_name": "최경영의 최강시사",
    "author": "KBS",
    "publisher": "KBS",
    "published_year": "2021",
    "doc_origin": "최강시사",
    "passage_id": "SCRIPT-c_event-00408-00002",
    "passage": "최경영]총리가 되죠.\n심상정]그렇죠. 그래서 이번 대선을 앞두고 우리 시민들의 새로운 상상력, 발상의 전환이 저는 필요하다고 생각합니다. 양 당 차려떼어 후진 메뉴 중에 차악을 선택할 게 아니라 새로운 밥상을 우리 시민들이 직접 차려서 최선의 정치의 길을 열어주셔야 한다고 생각해요. 지금 우리 사회가 얼마나 다원화됐습니까? 낡은 양당 체제 가지고는 우리 사회 갈등을 해결할 수 없습니다. 그리고 불평등을 비롯한 지금 누적된 그런 중첩된 과제가 많고 또 기후위기 앞에 서 있잖아요. 이것은 한 대통령, 한 당 또 한 정권 해결할 수 없습니다. 다양한 시민들의 다양한 요구가 반영되는 그런 다당제 하의 책임연정으로 나가야 한다고 생각합니다. 이 책임연정을 시작할 수 있는 가장 준비된 후보가 저 심상정이라고 감히 말씀드립니다.\n최경영]책임연정을 누구이랑 하실 겁니까?\n심상정]심상정이 대통령이 되면 지금 국회를 주도하고 있는 180 석의 민주당 그리고 그 정책과 비전에 동의하는 제 정치 세력, 시민 세력과 함께 불평등과 기후위기 극복을 위한 국민연정을 구성하겠습니다.\n최경영]그렇게 되는 거군요. 그러니까 심상정 대통령의 민주당 연정을 구상하고 계시는 거군요.\n심상정]그러니까 민주당과.\n최경영]재세력.\n심상정]시민 세력까지 합쳐서 기후위기와 불평등 극복을 위한 국민연정을 구성하겠습니다."
  },
  "Annotation": {
    "Summary1": "다원화된 사회에서 낡은 양당 체제로는 우리 사회 갈등을 해결할 수 없으며 시민들이 새로운 선택을 하여야 할 것이다.",
    "Summary2": "다원화된 사회에서 낡은 양당 체제로는 우리 사회 갈등을 해결할 수 없다. 시민들이 양 당 중에 차악을 선택할 것이 아니라 스스로 새로운 선택을 하여 최선의 정치의 길을 열어주어야 할 것이다. 심상정 본인이 대통령이 된다면 민주당과 정책과 비전에 동의하는 정치 세력, 시민 세력과 함께 불평등과 기후 위기 극복을 위한 국민연정을 구성할 것이다.",
    "Summary3": ""
  },
  "filename": "SCRIPT-c_event-00408-00002.json"
}