{
  "Meta": {
    "doc_id": "SCRIPT-c_event-00407",
    "doc_category": "SCRIPT",
    "doc_type": "c_event",
    "doc_name": "최경영의 최강시사",
    "author": "KBS",
    "publisher": "KBS",
    "published_year": "2021",
    "doc_origin": "최강시사",
    "passage_id": "SCRIPT-c_event-00407-00004",
    "passage": "최경영]홍준표 후보는 어떻게 평가하십니까?\n유승민]홍준표 후보님은 그 순간순간 굉장히 솔직하신 분이고 재미있는 분인데요. 그분이 말이 상황에 따라서 수시로 바뀌고.\n최경영]바뀐다.\n유승민]그리고 지난 대선 같은 경우에는 저나 문재인 후보나 당시 홍준표 후보 이렇게 경쟁을 했는데 그 당시에 조사한 걸 보면 말한 것 중에 이렇게 나중에 팩트가 아닌 것 거짓으로 드러난 게 1등이 홍준표 후보였습니다. 그만큼 이렇게 말을 자주 바꾸다 보니까 이렇게 그 안에서 사실이 아닌 그런 이야기도 잘하고 그래서 그런 부분을 저는 홍준표 후보하고 1\n최경영]주호영 의원은 윤석열 캠프로 갔고 최재형 전 감사원장은 홍준표 캠프에 갔어요. 그러면 어떤 영입을 다른 분들을 해서 유승민 후보도 어떤 세 과시 이런 거를 하실 계획입니까?\n유승민]전혀 그런 생각 없습니다. 저는 지금 막판에 이리저리 캠프에 그렇게 가는 거는 저는 그거 줄 서기 아니냐. 이런 생각을 하고 저는 이미 저와 오랫동안 뜻을 같이하고 도와주시는 분들이 계시고 또 당 내에 많은 의원님들께서 마지막에는 굉장히 합리적이고 냉정한 판단을 하실 거라고 믿습니다. 그래서 마지막에 과연 누가 이재명 후보를 이길 거냐. 모든 게 거기로 압축이 되기 때문에 저는 제가 본선 경쟁력 있기 때문에 저는 자신합니다."
  },
  "Annotation": {
    "Summary1": "홍준표 후보는 때에 따라 말이 자주 바뀌는 편이고 주호영 의원과 최재형 전 감사원장의 캠프 행은 줄 서기라고 생각한다.",
    "Summary2": "홍준표 후보는 솔직하고 재밌는 사람이지만, 저번 대선 당시 거짓 발언으로 1위를 했을 만큼 상황에 따라서 말이 바뀌는 사람이다. 주호영 의원의 윤석열 캠프행과 최재형 전 감사원장의 홍준표 캠프 행은 줄 서기라고 생각하므로 그런 식의 세 과시를 할 생각은 없다. 또한, 마지막에는 누가 이재명 후보를 이길 것이냐에 모든 초점이 맞춰질 것이라고 생각한다.",
    "Summary3": ""
  },
  "filename": "SCRIPT-c_event-00407-00004.json"
}