{
  "Meta": {
    "doc_id": "SCRIPT-c_event-00285",
    "doc_category": "SCRIPT",
    "doc_type": "c_event",
    "doc_name": "최경영의 최강시사",
    "author": "KBS",
    "publisher": "KBS",
    "published_year": "2021",
    "doc_origin": "김경래의 최강시사",
    "passage_id": "SCRIPT-c_event-00285-00006",
    "passage": "김경래]그러니까 이게 거꾸로 보면 이거 하나만 더 여쭤볼게요. 거꾸로 보면 지지율이 그동안 계속 떨어졌다는 게 조국 장관을 고집해서 떨어진 것 아니냐고 해석할 수도 있는 거잖아요. 그러니까 청와대가 판단을 잘못 내렸다고 국민들이 평가하고 있는 것 아니었냐, 반등한 것을 보면. 그렇게 해석할 수 있기 때문에 제가 여쭤본 거거든요.\n고민정]밖에서 평가를 한다고 한들 저희가 어떻게 할 수 있는 방법이나 도리는 없으니까요. 그냥 그런 것들을 참고하는 수밖에요.\n김경래]어제 문재인 대통령이 경제장관회의를 직접 주재했습니다. 이게 취임 이후에 처음이라는 이야기도 있고 두 번째라는 이야기도 있고 약간 이름이 다르더라고요, 회의가. 그렇죠?\n고민정]네, 이름도 조금 다르긴 한데 어쨌든 중요한 것은 경제를 대통령께서 챙겨나가겠다는 강한 의지를 보여주는 자리고요. 그리고 우리나라 경제만 볼 것이 아니라 세계 경제를 지금 같이 봐줘야 되는데 아무래도 국민들 입장에서는 언론 보도를 통해서 우리 경제의 정도를 판단할 수밖에 없습니다. 그런데 최근에 나오는 보도들을 보면 최근 IMF에서 경제성장률 전망치를 발표했는데, 한국의 경제성장률이 0.6%가 떨어져서 엄청나게 크게 떨어졌다는 부분만 보도를 하는데, 사실은 세계 경제는 0.7%가 떨어졌었거든요. 그러니까 우리 한국만 그런 것이 아니라 세계 경제가 지금 쉽지 않은 상황에 놓여 있는 것입니다. 그래서 2009년 이후에 가장 낮은 성장률을 기록할 것으로 전망이 되는 정도인데, 그런 전반적인 상황 속에서 그렇다면 한국은 어떻게 할 것인가? 그래서 해외 신평사 같은 경우들도 한국은 그래도 거시경제가 탄탄하니 확장적 재정 정책을 펴라고 한 목소리로 다들 이야기를 하고 있거든요. 그래서 저희가 확장 재정을 펴잖아요. 그러면 대한민국 곳간이 비어간다, 또 이런 이야기를 합니다. 그러니까 그런 것을 보면 좀 답답한 게 곳간을 우리가 채워 넣는 이유는 힘들고 어려울 때 곳간에 있는 쌀을 빼서 먹으라는 의미거든요. 그 곳간의 쌀은 전시해놓으라고 있는 게 아닙니다. 그래서 지금 상황은 그 곳간에 있는 쌀들을 먹어야 될 때라고 다른 나라들도 조언을 하고 있는 상황이어서 저희도 그런 정책을 펴는 것인데, 그런 것들은 보지않고 당장의 곳간이 다 비면 어떻게 하냐, 이런 것들만 말씀하시면 결국 국민들의 불안 심리만 증폭될 수밖에 없거든요."
  },
  "Annotation": {
    "Summary1": "전세계의 경제가 힘든 상황에서 문재인 대통령이 경제장관회의를 열어 경제를 지키기 위해 의지를 보여주고 있다.",
    "Summary2": "문재인 대통령이 경제장관회의를 열어 경제를 지키겠다는 강한의지를 보여주고 있다. 한국 경제성장률은 0점6% 떨어졌고 세계경제는 0점7% 떨어졌으므로 전세계가 어려운 상황이다. 2009년 이후 가장 낮은 성장률을 기록할 것으로 보이는데 확장적 재정 정책이 준비되어있지만 그에 대한 반발이 있어 국민들의 불안 심리는 커지고 있다.",
    "Summary3": ""
  },
  "filename": "SCRIPT-c_event-00285-00006.json"
}