{
  "Meta": {
    "doc_id": "SCRIPT-c_event-00136",
    "doc_category": "SCRIPT",
    "doc_type": "c_event",
    "doc_name": "최경영의 최강시사",
    "author": "KBS",
    "publisher": "KBS",
    "published_year": "2021",
    "doc_origin": "최강시사",
    "passage_id": "SCRIPT-c_event-00136-00005",
    "passage": "윤영석]저희 국민의 힘에서 특정인을 두둔하는 것은 있을 수가 없죠. 그것은 국민적인 상식에 입각해서 저희가 판단하는 것이고 정부도 어떤 그러한 방역 실패를 특정한 집단에 전가해서는 안된다는 것을 제가 말씀 드리는 겁니다. 그것이 틀린 말씀은 아니지 않습니까? 그래서 그러한 것을 자꾸 두둔한다고 하는 것은 그야말로 국민의힘과 어떤 전광훈 목사를 자꾸만 결부시켜서 정치적인 타격을 가하려는 그런 인식이라고 저는 생각하고요. 그래서 전광훈 목사도 자중을 해야 되고 민주당도 그러한 정치적인 접근이 결코 이러한 코로나19를 극복하는 데에 도움이 되지 않는다는 것을 꼭 좀 명심해주시기 바랍니다.\n김경래]그런데 사랑제일교회 쪽 확진자가 1천 명을 넘었어요. 그러면 책임이 없는 집단한테 뭔가 책임을 묻는 것은 아닌 것 같은데, 분명히 책임이 있다.\n윤영석]사랑제일교회에만 모든 책임을 전가해서는 안된다는 그런 말씀이고요.\n김경래]여기에만 하면 안된다.\n윤영석]그렇죠. 사랑제일교회에서 확진자가 많이 발생하고 있는 것은 굉장히 우려스러운 일이죠. 그리고 사랑제일교회 일부 교인들 중에 그러한 방역에 협조를 안한다든지 역학조사를 거부하는 그런 부분도 있는 것으로 알고 있는데 그런 부분도 결코 바람직하지 않습니다. 그래서 이러한 부분에 대해서는 정부에서도 조금 더 강력한 그런 조치를 취해야 된다고 생각합니다."
  },
  "Annotation": {
    "Summary1": "정부가 방역 실패를 사랑제일교회에 넘기는 것은 국민의힘과 전광훈의 연결로 타격을 가하려는 의도라는 의견이 있다.",
    "Summary2": "정부가 방역 실패를 특정 단체에 전가해서는 안되며 국민의힘과 전광훈 목사를 연결시켜 타격을 가하려는 인식같다는 의견이 있다. 그래서 전광훈 목사의 자중과 함께 민주당도 정치적 접근은 코로나 극복에 도움이 되지 않음을 알아야 한다고 덧붙인다. 이어 사랑제일교회에서 확진자가 발생한 것은 굉장히 우려되나 교회에만 책임을 전가하면 안된다고 한다.",
    "Summary3": ""
  },
  "filename": "SCRIPT-c_event-00136-00005.json"
}