{
  "Meta": {
    "doc_id": "SCRIPT-c_event-00034",
    "doc_category": "SCRIPT",
    "doc_type": "c_event",
    "doc_name": "최경영의 최강시사",
    "author": "KBS",
    "publisher": "KBS",
    "published_year": "2021",
    "doc_origin": "최강시사",
    "passage_id": "SCRIPT-c_event-00034-00002",
    "passage": "김경래]지금 안철수 대표가 대구에 가서 자원봉사한 부분은 굉장히 인상이 깊었고 그때 국민 의당 지지율이 굉장히 올랐어요, 그렇죠? 지금 전국 종주 중이지 않으십니까? 그렇죠? 안철수 대표는? \n권은희]네, 400km 희망과 통합의 국토대종주 중입니다. \n김경래]그런데 그것을 좀 의아하게 생각하는 사람들이 있습니다. 선거운동 기간에 또 종주를 하는 게 어떤 의미를 가지고 있는 건지 그것 좀 설명해주세요. \n권은희]지금 현재 코로나19로 전 국민들께서 힘든 상황이십니다. 국민들께 응원을 하는 의미와 그리고 국토대종주를 통해서 정말 20대 국회에서 우리 국민들이 가장 크게 겪은 게 국민들의 분열, 갈등을 야기하는 정치에 대한 실망감이셨는데요. 다시 통합과 희망의 정치로 우리 정치가 제대로 역할을 하겠다는 부분들을 국민들께 직접 뛰면서 보여주고 계시고 있고, 또 상대적으로 정치에 관심이 많으신 분들은 안철수 국민 의당 대표가 이렇게 국토대장정을 뛰면서 국민들께 전달하고 호소하려고 하는 메시지가 무엇인지에 대해서 잘 이해하고 계시는 측면이 있습니다. \n김경래]지금 비례후보밖에 없기 때문에 비례후보가 굉장히 중요합니다, 국민 의당 입장에서는. 그런데 비례후보 순번을 정할 때 안철수 대표 측근이 앞으로 너무 간 것 아니냐? 현역 의원 두 분이 지금 권은희 후보하고 앞번호를 받지 않았습니까? 이게 혁신공천하고 다른 것 아니냐? 어떻게 보세요, 이런 비판에 대해서는?"
  },
  "Annotation": {
    "Summary1": "대구에서 자원봉사를 한 안철수 대표는 현재 국토대종주를 통해 국민들에게 제대로 된 정치인의 역할을 보여주려고 한다.",
    "Summary2": "대구에서 자원봉사를 한 안철수 대표로 인해 국민의당의 지지율이 올랐다. 안철수 대표는 현재 국토대종주를 통해 코로나로 힘든 상황의 국민들에게 제대로 된 정치인의 역할을 하겠다고 보여주는 중이다. 한편 국민의당의 비례후보 순번에서 안철수 대표의 측근이 너무 앞에 있다는 비판도 있다.",
    "Summary3": ""
  },
  "filename": "SCRIPT-c_event-00034-00002.json"
}