{
  "Meta": {
    "doc_id": "SCRIPT-c_event-00232",
    "doc_category": "SCRIPT",
    "doc_type": "c_event",
    "doc_name": "최경영의 최강시사",
    "author": "KBS",
    "publisher": "KBS",
    "published_year": "2021",
    "doc_origin": "김경래의 최강시사",
    "passage_id": "SCRIPT-c_event-00232-00003",
    "passage": "김경래]우리 정부는 이미 지 소미아 종료 방침을 여러 차례 확인했습니다. 청와대도 그렇고요. 그런 상황에서 우리 정부를 이런 식으로 계속 압박하는 건 우리를 입장에서 보면 좀 우리 정부를 무시하는 거 아니냐 이렇게 바라볼 소지도 있는 거 아니에요?\n김종대]아니, 뭐 지금 미국이 자꾸 이렇게 압박을 가하는 것은 이미 23일 12시를 기해서 종료되기로 되어 있는 지 소미아에 대한 한국 정부의 입장 변경을 촉구하는 거거든요. 그런데 불가능합니다. 제가 딱 잘라결론부터 말씀드리겠는데 이제 와서 우리가 지 소미아 연장을 결정한다? 그렇게 입장 변경을 하는 건 문재인 정부가 하고 싶어도 못합니다.\n김경래]그거는 왜 그렇죠?\n김종대]명분 없는 입장 변경을 하게 되면 문재인 정부 위신은 완전히 추락할 것이고 또 일본은 이를 기회로 한국을 본격적으로 길들이려고 할 거거든요. 그러니까 한국은 이제 주변국 눈치나 보는 국가로 전락하는 건데 그렇게 되면 이제 국제 정치에서 어떤 위신이라는 건 생각할 수가 없고 그저 주변국에 끌려다니고 눈치나 보는 이런 국가로 거의 파국적인 상황까지도 저는 예상되고. 그런 걸 갖다가 우리 정부한테 강요한다? 그러면서 한일 간의 문제에 대해서는 별다른 중재도 하지 않는다. 이렇게 되면 이런저런 일이 우리로서는 상호 동맹 관계에서도 부정적인 영향이 예상되는 매우 비극적 결과로 이어질 겁니다."
  },
  "Annotation": {
    "Summary1": "미국의 요구대로 한국 정부가 명분 없이 지소미아 입장 변경을 할 경우 우리나라의 정치적 위신이 추락할 수 있다.",
    "Summary2": "우리 정부가 지소미아 종료를 이미 결정했는데도 불구하고 미국이 계속 압박을 해오는 것은 한국 정부의 입장 변경을 요구하는 것이다. 그러나 한국 정부는 명분 없이 지소미아 연장을 할 수 없다. 명분 없이 입장 변경을 할 경우 우리 정부의 정치적 위신이 떨어질뿐더러 주변국의 눈치나 봐야 하는 상황까지 갈 수 있고 일본은 우리나라를 길들이려고 할 것이다.",
    "Summary3": ""
  },
  "filename": "SCRIPT-c_event-00232-00003.json"
}