{
  "Meta": {
    "doc_id": "SCRIPT-c_event-00329",
    "doc_category": "SCRIPT",
    "doc_type": "c_event",
    "doc_name": "최경영의 최강시사",
    "author": "KBS",
    "publisher": "KBS",
    "published_year": "2021",
    "doc_origin": "김경래의 최강시사",
    "passage_id": "SCRIPT-c_event-00329-00005",
    "passage": "김경래]그러니까 5.18 망언 관련해서는 자유한국당의 내부 징계라든가 이런 부분들은 좀 비판받을 부분이 있는데 그런데 자유한국당이 주장하고 있는 부분 있지 않습니까? 예를 들어 김태우 씨 관련된 특검 도입이라든가 손혜원 의원 국정조사라든가 조해주 선관위원 사퇴라든가 이런 부분들은 민주당에서 어떤 입장을 취해야 된다 그리고 정의당의 입장은 무엇인지 좀 얘기를 해 주시죠.\n이정미]이 문제와 관련해서는 정의당이 여러 차례 말씀을 드렸는데요. 김태우 씨 문제는 특검감이 아니다, 그리고 손혜원 의원 국정조사 문제도 이미 이게 손혜원 의원 한 명의 문제가 아니라 한국당의 의원들을 포함해서 여러 이해충돌 사례가 나오지 않았습니까? 그런데 누구는 국정조사를 하고 누구는 국정조사를 하지 말자는 이건 말도 안되는 이야기고요. 그래서 문광위에서 이 문제를 차분하게 다루고 다른 의원들의 경우도 해당 상임위에서 따지면서 이해충돌 방지법에 대한 제도적인 해결방안들을 국회가 같이 처리를 하면 되는 문제라고 봅니다.\n김경래]그러니까 상임위별로 구체적으로 사안별로 진행을 하자, 이런 말씀이시네요?\n이정미]네, 그렇습니다. 그리고 예를 들어서 5.18 망언의 문제는 이건 거의 헌정질서를 흔드는 문제이고 국회의원으로서 이건 해서는 안되는. 국회의원의 자질 문제가 엄격하게 다 평가가 된 문제입니다. 그래서 이 문제 관련해서는 윤리위원회 처리를 하루속히 하는 것이 필요하다, 이렇게 봅니다."
  },
  "Annotation": {
    "Summary1": "정의당에서는 김태우 , 손혜원 의원과 관련해 문광위에서 상임위 별로 구체적으로 사안 별로 진행하자 했다.",
    "Summary2": "정의당에서는 김태우는 특검감이 아니다, 손혜원 의원 국정조사 관련해서는 한 명의 문제가 아니며 누구는 하고 누구는 안 할 수 없다. 그래서 문광위에서 이 문제를 상임위별로 구체적으로 사안 별로 진행하자 했다. 5.18 망언의 문제는 헌정질서를 흔드는 문제이고, 국회의원의 자질 문제이므로 윤리위원회 처리를 빠르게 하는 것이 필요하다고 본다.",
    "Summary3": ""
  },
  "filename": "SCRIPT-c_event-00329-00005.json"
}