{
  "Meta": {
    "doc_id": "SCRIPT-c_event-00427",
    "doc_category": "SCRIPT",
    "doc_type": "c_event",
    "doc_name": "최경영의 최강시사",
    "author": "KBS",
    "publisher": "KBS",
    "published_year": "2021",
    "doc_origin": "최강시사",
    "passage_id": "SCRIPT-c_event-00427-00010",
    "passage": "권성동]그러니까 이게 화천대유가 2018년까지 적자인 건 사실이죠. 왜 적자가 났냐. 그 때까지 이익이 하나도 없으니까 개발사업이라는 것이 분양대금이 들와서 정산을 해야지 이익이 발생하는 거 아니겠어요.\n최경영]그러니까 그 때 그 정산의 시점에 거대한 개발이익이 났을지를 2015년에 이재명이 시장으로 있을 때 미리 인지를 하고 그쪽에 몰아줬어야 배임이 되는 거거든요.\n권성동]그러니까 그건 수사 과정을 통해서 밝혀질 것이고요. 이미 이재명의 측근 중의 측근 유동규가 배임 혐의로 구속이 됐지 않습니까? 이게 어느 정도 소명이 된다는 이야기예요. 오늘 여기 시간이 없어서 제가 일일이 다 자세히 이야기 못 하겠지만 설계상이 이 문제점이 한두 개가 아니에요.\n최경영]설계상에 문제점이 많다.\n권성동]이 수익구조 설계상에 문제점이 한두 개가 아니라니까요.\n최경영]그런데 이상한 건.\n권성동]그래서 이렇게 문제가 발생한 것이고.\n최경영]그런데 이상한 건 만약에 이 사람들이 이익공동체라면 곽상도 의원 아들한테 퇴직금을 50억이나 이익공동체가 이재명을 포함한 이익공동체가 줍니까?\n권성동]그거요. 보세요. 자꾸 본말을 전도시키는데.\n최경영]아니, 본말을 전도하는 게 아니고 만약에 이 사람들이 이익공동체면.\n권성동]보세요. 이걸 주도한 사람이 화천대유의 김만배예요. 김만배가 주도해서 자기 이익을 극대화하기 위해서 유동규도 끌어들인 거고 누구도 끌어들인 거예요. 유동규도 이재명 시장의 측근인 유동규한테도 돈을 주는 거고. 5억 지금 줬다고 구속, 언론에 나오고 있지 않습니까? 700억 약속하고. 그러면 이 유동규가 이재명 진짜 건축회사에 운전하던 분이라고 지금 알려져 있지 않습니까, 유동규가. 그리고 리모델링 조합장 출신이에요. 그런데 이재명 성남시장 선거 도와줬다고 바로 도시개발공사의 기획본부장을 갔다가 성남시장 재선할 때 나와서 선거 운동 돕고 또다시 들어가요. 성남도시개발공사. 그리고 경기지사 운동하고는 그 다음에 어디로 갑니까? 차관급인 경기관광공사 사장으로 갑니다. 완전 고속 출세를 하는 거죠. 고속 출세. 이 사람이 측근 중의 측근이에요. 이재명 시장이 뭐라 그랬어요? 내가 대장동 사업의 설계좌고 여기는 실무자에 불과하다. 이래놓고 유동규의 범행이 드러나니까 이제 와서는 무슨 측근이냐. 그 사람은 내 측근도 아니다. 이렇게 지금 또 꼬리 자르기는 한단 말이에요."
  },
  "Annotation": {
    "Summary1": "화천대유의 김만배가 이익을 극대화하기 위해 끌어들인 유동규가 구속됐고 유동규는 이재명의 선거를 도운 이력이 있다.",
    "Summary2": "2018년까지 화천대유는 적자였다. 유동규는 배임 혐의로 구속됐으며 화천대유의 수익구조 설계 상에 문제점이 허다하다. 화천대유의 김만배가 이익을 극대화하기 위해 리모델링 조합장 출신 유동규를 끌어들였으며, 유동규는 이재명의 선거를 도우며 도시개발공사 기획본부장 등을 거쳐 경기관광공사 사장으로 고속 출세를 했다.",
    "Summary3": ""
  },
  "filename": "SCRIPT-c_event-00427-00010.json"
}