{
  "Meta": {
    "doc_id": "SCRIPT-c_event-00125",
    "doc_category": "SCRIPT",
    "doc_type": "c_event",
    "doc_name": "최경영의 최강시사",
    "author": "KBS",
    "publisher": "KBS",
    "published_year": "2021",
    "doc_origin": "최강시사",
    "passage_id": "SCRIPT-c_event-00125-00003",
    "passage": "김경래]현안들에 대해서도 한 번씩 다 공통적으로 여쭤볼게요. 추미애 장관 아들 휴가 문제, 청탁 의혹 문제 여러 가지가 있는데 여기에 대한 입장 간단하게 설명을 해주시죠.\n배진교]어쨌든 지금 추미애 장관의 아들이 무릎에 문제가 있었고 휴가 기간 중에 수술을 받은 것은 사실인 것 같습니다. 그러면 군에 행정 서류가 남아 있느냐, 남아 있지 않느냐고 하는 의혹들을 지금 계속 주고받고 또 대응을 하고 있는 상황인데요. 이 문제는 사실은 사실관계를 확실하게 증명하면 될 문제인 거고 그런 측면에서 추미애 장관이나 민주당도 이 문제를 적극적으로 대응하지 못한 측면이 있다. 이런 생각이 듭니다. 어쨌든 이런 문제로 우리 국민들이 지금 코로 나와 태풍으로 상당히 어려움을 겪고 있는데 지나치게 이런 문제가 이슈가 돼서 국민들의 마음에 상처가 되지 않았으면 좋겠습니다.\n김경래]특임검사 찬성하세요?\n배진교]과연 이런 문제로 특임검사가 필요한지 이것도 사실 검찰의 수사가 진행되고 있으니까 신속하게 검찰이 수사할 수 있도록 촉구하고 그 결과를 검찰이 빨리 내놓는 것이 필요하다고 생각합니다.\n김경래]2차 재난지원금 선별 지급이 확정이 돼서 지금 진행이 되고 있는데 이 부분은 어떻게 보십니까?\n배진교]저는 시종일관 모든 국민에게 지급해야 한다고 주장을 해왔고요. 또다시 왜 이렇게 힘들게 선별하려고 하는지 알 수 없습니다. 사실 재난지원금의 성격이 돈이 돌게 하고 어려움을 극복하는 데에 있지 않겠습니까? 그런데 정부와 여당은 소유와 이득 개념으로만 빈자와 부자를 나누는 것 같아요. 사실 이 재난지원금은 누군가에게는 생존이고 또 누군가에게는 여유를 줄 수 있고 또 누군가에게는 경험이 돼서 돈이 돌고 그만큼 어려움에 대해서 서로 이해하고 어려움을 덜어내는 공동체가 상생하는 방식인데 사회 공동체를 바라보는 데에 있어서 철학이 없는 것이 아닌가 하는 아쉬움이 많이 남습니다."
  },
  "Annotation": {
    "Summary1": "추미애 장관은 검찰 수사 진행 중인 아들 휴가 문제의 사실관계를 증명 못하고 있고 2차 재난지원금은 선별 지급 확정됐다.",
    "Summary2": "추미애 장관이나 민주당은 추미애 장관 아들이 무릎에 문제가 있어 휴가 기간 중 수술받은 사실에 대해 사실관계를 확실하게 증명하지 못하고 있다. 이를 해결하기 위해 검찰의 수사가 진행되고 있다. 2차 재난지원금 지급 방식이 선별 지급으로 확정되어 진행되고 있다.",
    "Summary3": ""
  },
  "filename": "SCRIPT-c_event-00125-00003.json"
}