{
  "Meta": {
    "doc_id": "SCRIPT-c_event-00064",
    "doc_category": "SCRIPT",
    "doc_type": "c_event",
    "doc_name": "최경영의 최강시사",
    "author": "KBS",
    "publisher": "KBS",
    "published_year": "2021",
    "doc_origin": "최강시사",
    "passage_id": "SCRIPT-c_event-00064-00003",
    "passage": "김경래]상황을 봐서 아직 판단의 여지를 좀 더해야 된다는 말씀이시네요, 결국은. \n김기식]그렇죠. 그렇게 해서 만약에 개학을 하면 문제가 없고, 9월 학기제 부분은 국가적으로 논의하면 되고요. 그런데 만약에 전문가들이 감염병 전문가들이 지금 위험하다고 판단해서 만약에 개학이 연기되게 되면 그러면 당장 입시를 정상적으로 할 수 없거든요. 고3에게 있어서 수시 비중이 50%가 넘는데 수시에서 제일 중요한 게 고등학교 3학년 1학기 성적이거든요. 그런데 그 고등학교 3학년 1학기가 거의 엉망이 되고 있는 것 아닙니까? 이런 상황에서는 만약 개학이 4월 이후로 연기되는 상황이 되면 여러 가지 지금 개학 프로그램뿐만 아니라 여러 가지 비상 플랜을 가지고 있어야 되고 그 비상 플랜 중에 하나로는 9월 학기제를 여전히 내부적으로는 검토하고 있어야 된다, 이렇게 봅니다. \n김경래]저는 그런데 놀랐던 게 코로나19와는 좀 다른 이야기지만 9월 학기제에 대한 찬성 여론이 더 높다는 게 저는 처음 알았어요. \n김기식]네, 저도 페북에 글도 올리고 방송이나 뉴스 나가는 것에 댓글을, 저는 댓글 잘 안 보는데 한 번 이것은 반응이 어떤가 싶어서 봤는데 의외로 대부분 다 찬성하더라고요. \n김경래]저도 놀랐어요. 한 번 진지하게 논의해볼 필요는 있겠다, 코로나19와 연계되든 연계되지 않든. 오늘 이 이야기 좀 간단하게나마 여쭤봐야 될 것 같습니다. 기본소득이라고 할 수 있을지는 잘 모르겠습니다만 어쨌든 경기도가 모든 도민에게 10만원씩 주기로 했습니다, 상품권으로 준다고는 하지만요. 이거 뭐 이 부분에 대해서는 김기식 위원장께서 딱 잘라서 이게 좋은 정책이다, 나쁜 정책이라고 말씀을 안하셨어요. 그런데 이게 시행이 되니까 평가를 해주시죠."
  },
  "Annotation": {
    "Summary1": "코로 19로 개학이 연기가 되면 고등학교 3학년 들의 혼란이 불 보듯 뻔한 상황이기 때문에 여러 대비책을 준비해야 한다.",
    "Summary2": "코로나19로 인해 개학이 연기되면 고등학교 3학년 1학기를 상당 부분 채울 수 없기 때문에 입시를 앞둔 고3 수험생들의 혼란이 가중될 전망이다. 대학 입시에서 수시의 비중이 50퍼센트가 넘어가는데 수시에서 가장 중요한 요소가 3학년 1학기의 성적이기 때문이다. 따라서 이에 대비한 여러 가지 비상 플랜을 가지고 있어야 한다.",
    "Summary3": ""
  },
  "filename": "SCRIPT-c_event-00064-00003.json"
}