{
  "Meta": {
    "doc_id": "SCRIPT-c_event-00073",
    "doc_category": "SCRIPT",
    "doc_type": "c_event",
    "doc_name": "최경영의 최강시사",
    "author": "KBS",
    "publisher": "KBS",
    "published_year": "2021",
    "doc_origin": "최강시사",
    "passage_id": "SCRIPT-c_event-00073-00001",
    "passage": "김경래]미국 좀 연결해보죠. 미국이 지금 코로나19 확진자 3만 명 넘어섰다고 합니다. 세계 세 번째라고 하고 지금 조금 전에 최한수 교수와 함께 미국 경제 상황 좀 짚어봤잖아요. 지금 미국은 그런데 대선이 한창입니다. 대선은 또 어떻게 되고 있는지 미국 현지 좀 연결해보겠습니다. 김동석 미주한인유권자연대 대표님 연결되어 있습니다. 안녕하세요? \n김동석]안녕하세요? \n김경래]뉴스들은 많이 나오고 있는데 현지에서 느끼시기에는 코로나19 확산세가 미국은 어떻습니까? \n김동석]미국은 이제 본격적으로 시작한 지 한 일주일 됐다, 이렇게 봐야 될 것 같아요. \n김경래]시작 단계다. \n김동석]뉴욕에 있는데요. 밖에 나다니는 것은 직접적으로 통제를 당하니까 그리고 저녁008시부터 이튿날 새벽까지 통금이라는 것을 설정해서 못 다니게 하고 그리고 이제 본격적으로 마스크를 써야 된다. 밖에 나가서 마스크 안 쓰면 눈치 보이고. \n김경래]그래요? \n김동석]이런 게 막 시작되는 시점이고요. 그 다음에 학교가 다 닫죠. 그 다음에 연일 대통령, 주지사, 시장 나와서 비상 브리핑하고 있고 지금 시간 CNN 라이브 보면 아마 일요일이기 때문에 늦게 평상시라면 정오 시간에 나오는데 트럼프 대통령 나와서 일일 브리핑 직접 하고 있습니다. 국가 재난이고 위기구나, 직접 시민사회에 체감이 돼서 서서히 촘촘하게 일상에 압박이 되고 있는 거죠. 사재기 보입니다. 못 다니게 하니까 이거 어떻게 되느냐? 그리고 언론에다가 이게 며칠이 아닙니다. 다음 달이 더 심각해지고 그 다음 달도 더 어려워질지 모르는데 이렇게 수개월 이상 간다는 게 나오니까 바짝 긴장이 되고 매일매일이 점점 얼어붙어가고 있는 게 지금 미국 일반 시민들이 사는 일상이다. 이렇게 설명됩니다."
  },
  "Annotation": {
    "Summary1": "미국에서는 통행금지 등이 본격화되고 연일 대통령의 브리핑이 이어지면서 코로나 사태의 심각성이 체감되고 있다.",
    "Summary2": "미국의 확진자 수가 3만 명이 넘어선 가운데 코로나 확산세가 본격적으로 시작된 지는 일주일 정도 됐다. 뉴욕의 경우 저녁 8시부터는 통행이 금지되고 야외에서는 마스크를 써야 하고 학교도 문을 닫는다. 대통령 등이 직접 비상 브리핑을 하기 때문에 국가적 재난이라는 것이 체감이 되고 있으며 사태가 점점 더 심각해질 것이라는 우려에 긴장감이 고조되고 있다.",
    "Summary3": ""
  },
  "filename": "SCRIPT-c_event-00073-00001.json"
}