{
  "Meta": {
    "doc_id": "SCRIPT-c_event-00051",
    "doc_category": "SCRIPT",
    "doc_type": "c_event",
    "doc_name": "최경영의 최강시사",
    "author": "KBS",
    "publisher": "KBS",
    "published_year": "2021",
    "doc_origin": "최강시사",
    "passage_id": "SCRIPT-c_event-00051-00009",
    "passage": "김경래]그것 때문에 지금 1주씩, 2주씩 계속 조금씩 조금씩 연기돼서 여기까지 온 것 아닙니까? 앞으로도 사실은 예측하기가 쉽지 않은 상황인데 그러다 보니까 좀 더 이런 상황이 지속이 되면 가을학기제, 그러니까 9월로 신학기를 가는 게 어떠느냐는 아이디어들이 사회에서 논의가 되고 있는 것 같아요. 이범 선생님은 어떻게 생각하십니까, 이 부분은? \n이범]저는 충분히 검토할 만하다고 보긴 하는데요. 왜냐하면 9월 학기제로 변경하는 기존의 연구들이 있습니다. 이런 것을 보면 전환 비용이 굉장히 많이 든다는 결론이 나오는데 이런 것들은 모두 입학 시기를 6개월 앞당기는 것을 전제로 한 연구였어요. 그런데 지금은 앞당기는 것이 아니라 오히려 6개월 미루는 것이어서 전환 비용이 거의 들지 않습니다. 그런데 문제는 뭐냐 하면 그렇다고 해서 지금 9월 학기제를 도입한다고 또 결정할 수도 없죠. 왜냐하면 앞으로 어떻게 전개될지 모르기 때문에. 따라서 저는 이게 거창하게 공론화하거나 토론할 거리는 아니지만 교육부가 복안을 마련하고 있어야 된다고 봅니다. 그래서 여러 가지 상황에 따른 시뮬레이션을 해가면서 이러이러한 조건이 성립되면 9월 학기제를 한다는 복안을 가지고 있어야 한다고 보고요. 그런 면에서 교육부가 내부적으로 그런 토론과 연구를 진행하고 있어야 된다고 봅니다."
  },
  "Annotation": {
    "Summary1": "미래가 예측되지 않는 상황이 계속되면서 9월 학기제가 논의되고 있고 교육부는 복안을 마련하기 위해 연구해야 한다.",
    "Summary2": "미래가 예측되지 않는 상황이 계속되면서 9월 학기제로 변경하는 것이 논의되고 있다. 기존의 9월 학기제로 변경하는 연구들은 입학 시기를 6개월 앞당기는 것이어서 비용이 많이 들었지만 6개월 미루는 것은 전환 비용이 거의 들지 않는다. 공론화할 정도는 아니지만 교육부는 상황에 따른 시뮬레이션을 하면서 복안을 마련하기 위해 내부적으로 연구해야 한다.",
    "Summary3": ""
  },
  "filename": "SCRIPT-c_event-00051-00009.json"
}