{
  "Meta": {
    "doc_id": "SCRIPT-c_event-00430",
    "doc_category": "SCRIPT",
    "doc_type": "c_event",
    "doc_name": "최경영의 최강시사",
    "author": "KBS",
    "publisher": "KBS",
    "published_year": "2021",
    "doc_origin": "최강시사",
    "passage_id": "SCRIPT-c_event-00430-00012",
    "passage": "진성준]여당에서 누가 들어가 있는지 모르겠습니다. 결과적으로 여당이 된 것일 뿐입니다. 당시에 야당이 집권하고 있을 때였습니다. 이명박, 박근혜 정부 때죠. 그래서 곽상도 의원을 비롯해서 원유철 의원 뭐 이경재 변호사, 남욱이라고 하는 변호사. 화천대유 사후에 실소유주 아닙니까? 또 정민용이라고 하는 변호사. 이분도 이 사업을 설계하는데 깊숙이 개입되어 있다고 하는데 국민의힘 의원의 보좌관을 여러 했던 분입니다. 그러니까 정치권의 인사들은 모두 다 현재까지 드러난 것은 다 야당 인사들입니다. 또 법조계 인사들 이른바 거물 변호사들이 최대 로펌이라고 해도 과언이 아닐 정도의 법조계 인사들이 포진했는데 박영수 특검, 권순일 대법관, 김수남 검찰총장, 강찬우 지검장, 이창재, 김기동, 이동열 지검장. 이분들 모두 고문, 자문 맡았는데 이분들 전부 다 박근혜 때 임명됐던 인사들입니다. 어디에 여당 인사가 개입되어 있습니까? 저는 물론 이재명 시장이 당시 성남시장이었고 그래서 이 사업을 추진하는 책임을 가지고 있는 것은 맞습니다만 이 사업을 추진하는 민간 단위에서는 전부 다 야권의 인사들을 엮어서 또 법조계의 거물들도 다 야권의 인맥을 가지고 있는 분들을 엮어서 이 사업들에 안전판을 마련하려고 했던 것이다 저는 그렇게 생각합니다. 그런데 특검도 저는 필요하면 할 수도 있다고 생각합니다. 그런데 문제는 특검을 추진하자면 여야 간에 쟁점을 합의해야 할. 쟁점은 굉장히 많아요. 우선 수사의 범위와 대상을 확정하는 데 있어서도 여야 간에 합의를 해야 하는데 우리 국민의힘 당에서는 이재명 넣어야 한다고 이야기할 거고 우리는 윤석열 넣어야 한다고 이야기할 것입니다. 이것부터 합의가 쉽지 않죠. 또 특검을 어떻게 선출할 것인가. 또 특검 수사 인력 규모는 어떻게 할 건가. 수사기관 어디까지 할 것인가 하는 것들이 전부 다 쟁점입니다. 이것을 논의하는 데만 해도 시간이 막 흘러가버리고 만다. 그러니 지금 검찰과 경찰이 신속하게 수사하고 있으니 빨리 수사해서 수사의 결과를 내도록 해서 대선에 영향이 없도록 하는 것이 저는 지금 합리적인 것이다 이렇게 생각합니다. 특검의 주장은 수사를 방해하려는 의도. 또 이 특검 주장을 통해서 선거에 개입하려고 하는 의도다. 저는 그렇게 생각합니다."
  },
  "Annotation": {
    "Summary1": "화천대유 수사에 있어 특검을 추진하기보다 현재 수사에서 서둘러 결과를 내고 대선에 영향이 없도록 하는 것이 필요하다.",
    "Summary2": "화천대유 사건에 연관된 것으로 밝혀진 정치, 법조계 인사들은 모두 현재 야당 인사들로 여당 인사는 개입되어 있지 않다. 특검을 추진하자면 수사 대상에 있어 이재명을 포함할지, 윤석열을 포함할지 등 여야 간의 합의에 소요되는 시간으로 인해 오히려 수사에 방해가 될 수 있다. 진행 중인 수사를 더욱 서둘러 대선에 영향이 없도록 하는 것이 더 합리적이라 생각한다.",
    "Summary3": ""
  },
  "filename": "SCRIPT-c_event-00430-00012.json"
}