{
  "Meta": {
    "doc_id": "SCRIPT-c_event-00063",
    "doc_category": "SCRIPT",
    "doc_type": "c_event",
    "doc_name": "최경영의 최강시사",
    "author": "KBS",
    "publisher": "KBS",
    "published_year": "2021",
    "doc_origin": "최강시사",
    "passage_id": "SCRIPT-c_event-00063-00008",
    "passage": "김경래]그런데 지금 과거의 선거와 다른 국면 중에 하나가 비례정당입니다. 비례정당의 승부는 어디서 날 것이라고 보십니까? 어떤 부분에서? \n박형준]지금 비례정당 부분에서는 여당이 저희는 실패하고 있다고 봅니다. 좀 거칠게 말해서 비례정당이 둘이 생겼는데 하나는 조국본당이고 다른 하나는 조국잔당이거든요, 저희가 볼 때는. 그래서 이게 조국 수호세력들이 바깥에서 정당을 만들어서 더불어 민주당 친문 정당으로 전환이 됐고 이렇게 하면서 자신들이 영역을 좀 축소 지향적으로 가져간 것이 아닌가, 이렇게 생각을 하고요. 그래서 우리는 그 부분을 좀 집중적으로 부각을 시켜서 좀 광범위한 중도층이 누구를 지지할 것인가를 선택하도록 만드는 그런 전략을 취해야 할 것 같습니다. \n김경래]마지막 질문은 간단하게 여쭤볼게요. 코로나19 아까 잠깐 말씀하셨는데, 언급을 해주셨는데 지금 각종 경제 대책들 나오고 위기 상황인 것은 분명합니다. 그런데 이제 야당이 특히 제1야당이 이런 위기 국면에서 적극적으로 좀 정부에 협조하고 이런 모습을 보이지 않는 것이 실책 아니냐? 이렇게 분석하는 사람들이 있더라고요. 이건 어떻게 보십니까? \n박형준]그건 저는 거꾸로라고 생각하는데요. 저희는 이번 코로나 경제 위기 닥치면서 저희가 먼저 비상경제대책 회의하자고 주장을 했고 영수회담을 통해서 초당적 협력하자는데 응답이 없고요. 저희가 GDP 2% 이상을 긴급하게 과감하게 그리고 필요한 곳에 직접적 지원을 하자는 대책을 계속 내놓고 있습니다. 그리고 이런 것들에 대해서 얼마든지 협의를 해서 국회 통과해야 할 것에 대해서 여야 협의체를 구성해서 빨리 같이하자, 이렇게 하고 있는 것이고요. 정부 정책의 상당 부분이 지금 야당에서 제기한 정책들을 수용을 하고 있습니다. 다만 지방자치단체장들이 너도 나도 앞 다투어서 재난기본소득이나 이건 정부 정책하고도 다른 거거든요. 막 중구난방식으로 이렇게 한 것은 경제를 살리는 재주는 없으면서 돈 푸는 데에는 선수가 아니냐? 저희는 이렇게 보고 있고 그런 부분들은 긴급 지원을 해야 되지만 필요한 곳에 충분한 돈이 가도록 해야지, 그냥 나눠주는 식은 자칫 잘못하면 매표행위가 될 수 있다, 이렇게 해서 저희는 그 부분에 대해서는 상당히 비판적입니다."
  },
  "Annotation": {
    "Summary1": "비례 정당 부분에서는 여당이 실패하고 있으며 코로나 위기에 긴급하게 필요한 곳에 지원을 하자는 대책을 내놓고 있다.",
    "Summary2": "비례 정당 부분에서는 여당이 실패하고 있기에 우리는 좀 집중적으로 광범위한 중도층이 누구를 지지할 것인가를 선택하도록 만드는 전략을 취해야 한다. 코로나 경제 위기가 닥치면서 GDP 2% 이상을 긴급하고 과감하게 필요한 곳에 직접 지원을 하자는 대책을 내놓고 있다. 필요한 곳에 충분한 돈이 가도록 하지 않고 그냥 나눠주는 식은 매표행위가 될 수 있다.",
    "Summary3": ""
  },
  "filename": "SCRIPT-c_event-00063-00008.json"
}