{
  "Meta": {
    "doc_id": "SCRIPT-c_event-00118",
    "doc_category": "SCRIPT",
    "doc_type": "c_event",
    "doc_name": "최경영의 최강시사",
    "author": "KBS",
    "publisher": "KBS",
    "published_year": "2021",
    "doc_origin": "최강시사",
    "passage_id": "SCRIPT-c_event-00118-00004",
    "passage": "김경래]가이드라인을 작성하고 계신다. 그러니까 지금 걱정하시는 분들 조금 기다려야겠네요, 그렇죠?\n안일환]예, 구체적으로 가이드라인을 해서 지원 기준을 안내해드리겠습니다.\n김경래]그리고 또 하나가 노동자들에 관련된 건데요, 이거는. 긴급고용안정금 같은 경우에는 원래 줬잖아요. 1인당 150만원 최대.\n안일환]예, 그렇습니다.\n김경래]이번에는 어느 정도까지 지원되는 겁니까?\n안일환]이번에 긴급고용안정지원금 중에 특수 형태 근로 종사자하고 프리랜서를 대상으로 해서 그중에 지난번에 받으신 분들이 있으십니다. 그분들은 별도의 심사 없이 지난번에 150만원 받으셨는데 50만원을 추가로 지급할 계획입니다. 그런데 지난번에 특고나 프리랜서 중에서 미처 신청을 못해서 못받았던 분들이 계십니다. 그분들은 저희들이 신규로 심사를 해서 한 20만 명 정도 150만원을 드릴 계획입니다.\n김경래]그리고 또 하나가 특별구직지원금 이게 청년들한테 주는 거잖아요.\n안일환]예, 그렇습니다.\n김경래]18세에서 34세. 이거 전체한테 다 준다는 건 아닌 거고 선별이 어떻게 되느냐? 이걸 많이 궁금해하더라고요.\n안일환]그것도 그동안 미취업 구직희망자로서 그동안 정부의 구직활동이나 이런 데에 참여한 분들이 있습니다. 그런 분들을 중심으로 해서 앞으로 본인이 희망하고 신기술 디지털 훈련 이런 데에 연계 제공을 하는데 여기에 참여하는 사람들을 중심으로 해서 선발을 해서 지원할 계획입니다."
  },
  "Annotation": {
    "Summary1": "긴급 고용안정 지원금은 추가 지급 및 신규 심사를 할 예정이고 특별구직 지원금은 선발해서 지급할 계획이다.",
    "Summary2": "특수 형태 근로 종사자와 프리랜서에게 긴급 고용안정 지원금 150만 원을 지원했는데 심사 없이 50만 원을 추가로 지급할 예정이다. 또 지난번에 못받은 사람들 20만 명을 뽑아 150만 원을 지원할 계획이다. 특별구직 지원금은 18세에서 34세의 디지털 훈련 등 연계 활동에 참여하는 미취업 구직 희망자를 중심으로 뽑아 지원할 예정이다.",
    "Summary3": ""
  },
  "filename": "SCRIPT-c_event-00118-00004.json"
}