{
  "Meta": {
    "doc_id": "SCRIPT-c_event-00065",
    "doc_category": "SCRIPT",
    "doc_type": "c_event",
    "doc_name": "최경영의 최강시사",
    "author": "KBS",
    "publisher": "KBS",
    "published_year": "2021",
    "doc_origin": "최강시사",
    "passage_id": "SCRIPT-c_event-00065-00006",
    "passage": "최종상]디스코드는 게이머들이 자주 사용하는 메신저로 알려져 있는데요. 본사 위치는 미국의 서부 도시에 있는 것으로 알고 있고요. 그쪽과 국제 공조 요청을 했고 긍정적인 반응이 있는 것으로 알고 있습니다. 따라서 디스코드로 망명을 했다고 하더라도 반드시 수사가 되기 때문에 그런 부분에 대해서는 걱정 안하셔도 되겠습니다. 반드시 검거토록 하겠습니다. \n김경래]이번 사건에서 가장 관심 가는 게 관람자라고 해야 되나요? 큰 틀에서 보면 가해자인데 그냥 보기만 했다, 이런 사람들 있잖아요. 이 사람들도 지금 언론에 나오는 것처럼 다 조사해서 검거할 예정이십니까? \n최종상]우리 ‘아동 청소년 성보호에 관한 법률’에 의하면 아동 성착취물을 소지한 자에 대해서는 처벌하는 조항이 있습니다. 그리고 또 일부 언론에서는 텔레그램에 가입된 회원 26만 명이라고 보도된 경우도 있는데, 텔레그램의 방 특성이 생성됐다가 폭파되는 것이 빈번하게 이루어지고 있습니다. 그러나 저희들이 수사 과정에서 채증한 그런 자료가 있고 또 돈을 벌기 위해서 운영자와 거래한 각종 금융 거래 이런 부분이 확보되어 있고요, 일부는. 그런 부분을 가지고 수사를 하게 되면 얼마든지 수사는 가능하지 않겠느냐, 그렇게 생각합니다. \n김경래]그러니까 수사는 가능한데 이게 법적으로 처벌이 가능하느냐? 이게 많이 쟁점이더라고요. 나는 보기만 했다, 이러면 현행법으로 처벌 못한다고 하는 쪽도 있더라고요."
  },
  "Annotation": {
    "Summary1": "게이머들이 디스코드로 망명을 했더라도 수사를 해 검거할 수 있지만 법적으로 처벌이 가능한 지에 대한 쟁점이 있다.",
    "Summary2": "게이머들이 자주 사용하는 메신저인 디스코드로 망명을 했더라도 국제 공조 요청을 통해 수사를 해 반드시 검거할 수 있다. 수사 과정에서 채증한 자료가 있고 운영자와 거래한 각종 금융거래 부분이 있어 수사는 가능하다. 물론 수사는 가능하지만 법적으로 처벌할 수 있는 지에 대한 쟁점이 있어, '나는 보기만 했다' 라고 한다면 현행법으로 처벌 못한다고 한다.",
    "Summary3": ""
  },
  "filename": "SCRIPT-c_event-00065-00006.json"
}