{
  "Meta": {
    "doc_id": "SCRIPT-c_event-00147",
    "doc_category": "SCRIPT",
    "doc_type": "c_event",
    "doc_name": "최경영의 최강시사",
    "author": "KBS",
    "publisher": "KBS",
    "published_year": "2021",
    "doc_origin": "최강시사",
    "passage_id": "SCRIPT-c_event-00147-00003",
    "passage": "김경래]효과를 보는 것은 볼지 말지는 조금 기다려보자, 일단 그 입장은 들었고 지금 매매시장이 있고 전 세시장이 있잖아요. 그런데 매매시장 관련된 논란 중에 하나가 최근에 서울 집값이 평균 10억이 넘었다, 이게 부동산 114에서 내떼어 통계인데 이것을 가지고 김현미 장관이 일부 몇 개 아파트를 모아서 봤다, 통계적으로 큰 의미 없다, 이런 취지인데 이거 어떻게 보시면 전문가시니까, 이거 많이 다뤄보셨잖아요, 이런 통계들은. 어떻게 보세요? \n김현아]저는 정말 이 답변은 유치하고 무식한 답변이라고 생각이 되는데요. \n김경래]왜요? \n김현아]어떤 통계를 내놓든 간에 민간도 그렇게 주먹구구식으로 통계를 내놓지는 않습니다. 특히 장관님이 말씀하신 것처럼 몇 개 사례를 취합해서 평균이라는 이름으로 발표를 하지는 않습니다. 부동산 114가 평균 서울의 주택 가격이 10억이 넘었다고 보도자료를 낸 것으로 저는 알고 있고요. 그 다음에 지금 KB에서도 똑같이 시세를 조사해서 이런 지수를 만들어내고 있는데 KB 통계도 지금 거의 10억에 육박했습니다. \n김경래]그렇죠, 9억 8천이 넘었더라고요. \n김현아]그리고 보통 저희가 114 그 다음에 KB 통계 그 다음에 감정원 통계 3개를 추이를 비교해보면 감정원 통계가 항상 이런 두 민간 통계보다 늦게 시세를 반영하는 형태를 취하고 있습니다. 그래서 저는 오히려 정부가 시세 반영을 늦게를 하는 게 아닌가라는 의구심을예전부터 갖고 있었는데요. 저는 뭐 민간에서 이렇게 나타나는 것 그 다음에 조사 방법도 다 공개를 하고 있고 약간 샘플 간의 차이는 있지만 시차를 두고 거의 같은 방향으로 가고 있다면 저는 이것도 존중해줘야지 이 통계 자체를 그렇게 무슨 통계적 의미가 없는 것처럼 폄하하는 것은 저는 뭐 국토부 통계에도 별로 도움이 안된다고 생각이 됩니다."
  },
  "Annotation": {
    "Summary1": "서울 집값의 민간 통계에 대해 샘플간의 차이는 있을 수 있지만 같은 방향으로 가고 있는 것이라면 이 또한 존중해야 한다.",
    "Summary2": "김현미 장관은 서울 집값이 평균 10억이 넘었다는 부동산 114의 통계를 통계적으로 의미 없다고 말했다. 하지만 부동산 114에서 주먹구구식 통계를 내놓은 것도 아니고 KB에서 조사한 시세에 따른 통계 또한 10억에 육박하고 있다. 민간 통계와 감정원 통계가 샘플간의 약간의 차이는 있지만 모두 같은 방향으로 가고 있다면 이것 또한 존중해줘야 한다.",
    "Summary3": ""
  },
  "filename": "SCRIPT-c_event-00147-00003.json"
}