{
  "Meta": {
    "doc_id": "SCRIPT-c_event-00150",
    "doc_category": "SCRIPT",
    "doc_type": "c_event",
    "doc_name": "최경영의 최강시사",
    "author": "KBS",
    "publisher": "KBS",
    "published_year": "2021",
    "doc_origin": "최강시사",
    "passage_id": "SCRIPT-c_event-00150-00001",
    "passage": "김경래]의료계 총파업 이야기 좀 해보겠습니다. 집단 휴진이라고도 할 수 있고요. 지금 정부에서 업무개시명령 발동했고 대한의사협회는 무기한 총파업 가능성도 거론하고 있습니다. 지금 강 대 강으로 치닫고 있는데, 양쪽 이야기 다 들어볼게요. 먼저 정부쪽부터 들어보죠. 보건복지부 김헌주 보건의료정책관 연결되어 있습니다. 안녕하세요? \n김헌주]안녕하세요? \n김경래]업무개시명령을 어제 발동하지 않았습니까? 이게 처음이라는 거죠, 개인 의사한테 발동한 것은? \n김헌주]그전에 의료기관에 대해서 발동한 일은 몇 차례 있었습니다만 개인에 대해 발동한 것은 이번이 처음으로 알고 있습니다. \n김경래]그렇게 강력한 조치를 취하게 된 배경을 간단하게 설명해주신다면요? \n김헌주]여러 가지가 있겠습니다만 역시 지금 수도권이 코로나 사태가 위중한 위기 단계에 있고 이 상황에서 의료 현장을 지켜야 할 의료인들이 현장을 벗어나 있다고 하는 것은 국민의 건강 또 안전에 대해서 극심한 위해가 될 수 있다고 판단하고 있습니다. 빨리 복귀하도록 그래서 환자를 돌보는 일에 전념할 수 있도록 그런 차원에서 필요하다고 보았습니다. \n김경래]이게 의사들을 비판하는 여론도 있고 그런데 일부는 왜 그러면 이런 시기에 이런 중요한 정책을 의사 증원이라든가 공공 병원이라든가 이런 정책을 왜 이런 시기에 뻔히 반발을 예상하면서 밀어붙였느냐? 이런 이야기도 나오잖아요. 여기에 대해서는 어떻게 생각하세요?"
  },
  "Annotation": {
    "Summary1": "정부는 코로나 위기 상황에서 국민의 안전을 보호하기 위해 의료계 파업에 대해 업무개시명령을 발동했다.",
    "Summary2": "의료계 총파업에 대해 정부에서는 업무개시명령으로 대응했고 대한의사협회는 무기한 총파업이란 카드를 꺼내며 양보의 기미가 없는 상황이다. 업무개시명령은 의료기관에 대해서는 발동한 적이 있으나 개인에게 발동한 것은 처음이다. 정부는 코로나로 인한 위기 상황에서의 의료계 파업은 국민의 건강과 안전에 큰 위해가 될 수 있다고 판단했기에 내린 조치이다.",
    "Summary3": ""
  },
  "filename": "SCRIPT-c_event-00150-00001.json"
}