{
  "Meta": {
    "doc_id": "SCRIPT-c_event-00044",
    "doc_category": "SCRIPT",
    "doc_type": "c_event",
    "doc_name": "최경영의 최강시사",
    "author": "KBS",
    "publisher": "KBS",
    "published_year": "2021",
    "doc_origin": "최강시사",
    "passage_id": "SCRIPT-c_event-00044-00001",
    "passage": "김경래]법적인 문제 좀 따져보겠습니다. 재심이 계속 지금 신청이 되고 진행이 되고 있어요. 관련된 재심 사건을 맡고 계신 임재성 변호사님 연결되어 있습니다. 안녕하세요? \n임재성]안녕하세요? \n김경래]지금 제가 보도를 보니까 어제 아흔이 넘으신 어르신 두 분이 재심을 신청하셨어요, 그렇죠? \n임재성]네, 맞습니다. \n김경래]그분들은 어떤 일을 겪었기에 지금 재심을 신청하신 겁니까? \n임재성]제주 4.3 사건이라고 불리는 사건에서 피해자의 그룹들이 여러 가지 있습니다. 실제로 돌아가신 분들도 있지만 억울하게 체포당하시고 고문당하시고 또 형식적인 재판에 회부가 돼서 육지에 있는 감옥에서 고통받으셨던 분들이 있습니다. 그렇게 재판을 받았던 분들 같은 경우에는 재심이라는 방식으로서 권리 회복이나 명예 회복을 할 수 있는데요. 그래서2017년부터 재심을 진행해왔고요. 어저께는 29년생 한 분 그리고 30년생 한 분 이렇게 두 분의 할아버지께서 재심을 하셨습니다. 이분들은 1947년에 경찰에 체포당하시고 고문당하시고 또 인천형무소로 가셔서 1년에서 2년 정도 수감 생활하셨던 분들입니다. \n김경래]그러면 그때 당시에 제대로 된 재판이나 이런 것도 못받았나요? 어땠습니까? 당시 상황은? \n임재성]일단은 중산간 지역에서 살고 있던 사람들은 잠재적으로 적대적인 세력이라는 인식들을 가지고 있었고요. 특히 어저께 재심 청구하셨던 두 분 같은 경우에는 당시 10대 후반 정도의 나이였습니다. 그래서 일단 체포한 다음에 “너 삐라 뿌렸느냐?” 아니면 “왜 경찰 앞에서 항의 같은 집회를 했었느냐?”라는 것들을 묻고 그러지 않았다고 했을 때 계속 고문을 당하셔서 억지 자백을 하셨던 거죠. 변호인의 조력이나 자신이 어떤 이유로 재판에 회부됐는지도 모르신 채 그냥 자백만을 가지고 징역형을 받으셨던 분들입니다."
  },
  "Annotation": {
    "Summary1": "제주 4·3사건으로 억울한 옥살이를 했던 아흔이 넘은 피해자 두 명이 이에 관련해 재심을 신청했다.",
    "Summary2": "1947년도 제주도에서 고문을 통해 억지 자백으로 빨갱이로 몰려 체포돼 징역 생활을 한 피해자들이 있다. 제주 4·3 사건이라고 불리는 이 사건은 피해자들이 변호인의 도움이나 제대로 된 재판도 받지 못한 억울한 처사였다. 현재는 아흔이 넘은, 그 당시 10대 후반에 체포돼 억울한 옥살이를 했던 피해자 두 명이 이에 관련해 재심을 신청했다.",
    "Summary3": ""
  },
  "filename": "SCRIPT-c_event-00044-00001.json"
}