{
  "Meta": {
    "doc_id": "SCRIPT-c_event-00030",
    "doc_category": "SCRIPT",
    "doc_type": "c_event",
    "doc_name": "최경영의 최강시사",
    "author": "KBS",
    "publisher": "KBS",
    "published_year": "2021",
    "doc_origin": "최강시사",
    "passage_id": "SCRIPT-c_event-00030-00006",
    "passage": "김경래]알겠습니다. 지금 ㅋㅋ&트렌드라는 그 유흥업소에서 나온 확진자가 있는데, 그 룸메이트도 같은 업종에 종사하는 종업원이라고 들었습니다. 51번 환자요, 확진자. \n박원순]그렇습니다. \n김경래]44번은 하루 일을 했다, 그래서 100여 명의 밀접접촉자가 있어서 지금 확인 중인데, 51번은 동선이 확인이 됐나요? \n박원순]예, 지금 말씀하신 것처럼 일단 일본을 다녀온 연예인이 확진이 됐고요. 그와 접촉한 유흥업소의 여성 종업원이 감염이 됐고. \n김경래]44번이고요. \n박원순]그리고 그 여성 종업원의 룸메이트가 감염이 됐습니다. \n김경래]51번이고요. \n박원순]그러니까 세 사람의 확진자가 나왔고요. 나머지 저희들이 전체 117명이 현재까지 접촉한 것으로 저희들이 파악을 하고 있고 그중에 75명을 이미 검사를 완료했는데 모두 음성 판정을 받았습니다. \n김경래]다행인데요. 그런데 44번의 접촉자들이잖아요, 117명이라고 하는 것은. 51번은 일을 했는지 증상이 있을 때. 이런 부분들이 굉장히 걱정입니다. 어떻게 지금 파악하고 계세요? \n박원순]지금 이제 역학조사라는 게 1차, 2차 이렇게 이루어지고 있고요. 그래서 지금 2차는 특별히 GPS라든지 CCTV라든지 본인이 설사 거짓말을 한다고 해도 그것을 다 밝힐 수 있는 그야말로 서울시가 보유한 모든 정보를 총동원하고 있기 때문에 그래서 역학조사의 정확성을 높이고 있거든요. 그래서 2차 심층조사에는 좀 더 자세한 것이 확인될 것이고요. 다시 한 번 말씀드리면 GPS, 카드 정보, CCTV 그 다음에 DUR이라는 게 있습니다. 의약품 안전사용 서비스 기지국 정보, 이런 것을 다 활용해서 할 수 있는데요. 다만 처음에는 아무래도 구술에만 의존하게 되면 역학조사라는 게 일정 부분 한계가 있는데, 때로는 거짓말을 하는 경우도 있습니다. 그런데 거짓을 진술하거나 고의로 사실을 누락하면 감염병 예방법에 따라서 2년 이하 또는 2천만 원 이하의 벌금에도 처할 수 있다는 말씀을 드립니다."
  },
  "Annotation": {
    "Summary1": "코로나 확진자 역학 조사에 있어 거짓 진술을 해도 서울시의 모든 정보를 총동원하여 정확성을 높이고 있다.",
    "Summary2": "코로나 확진자 동선 확인에 있어서 역학 조사로 1차, 2차로 이루어지고 있고 2차는 서울시가 보유한 모든 정보를 총동원하여 정확성을 높이고 있다. 구술에만 의존하게 되면 역학 조사에서 한계가 있고 거짓을 진술하는 경우도 있다. 이때 거짓 진술을 하거나 고의로 사실을 누락하면 감염병 예방법에 따라 2년 이하 또는 2천만 원 이하의 벌금에도 처할 수 있다.",
    "Summary3": ""
  },
  "filename": "SCRIPT-c_event-00030-00006.json"
}