{
  "Meta": {
    "doc_id": "SCRIPT-c_event-00263",
    "doc_category": "SCRIPT",
    "doc_type": "c_event",
    "doc_name": "최경영의 최강시사",
    "author": "KBS",
    "publisher": "KBS",
    "published_year": "2021",
    "doc_origin": "김경래의 최강시사",
    "passage_id": "SCRIPT-c_event-00263-00007",
    "passage": "김경래]지금 공수처법 같은 것을 본회의에 부의를 오늘 할 수도 있는 것 아닙니까, 지금 국회의장이? 이것은 지금 전략적으로 보면 어떤 판단으로 해석하고 계세요?\n이정미]일단은 법원을 부의하는 것이 중요한 것이 아니라 20대 국회에서 이 안을 반드시 통과시키는 것이 중요하지 않습니까? 그렇기 때문에 어제도 이인영 원내대표가 얘기한 핵심 골자는 사법개혁, 선거제 개혁이라고 하는 것을 반드시 20대 국회에 관철시키기 위해서 4당이 튼튼하게 공조를 해야만 이게 국회 과반의석을 확보할 수 있고 이 전략을 함께 짜자고 하는 것으로 저는 이해를 했습니다. 그렇기 때문에 부의가 중요한 게 아니라 통과하는 과정이 중요하고 그 과정을 어떻게 만들 것인가, 그것에 대해서 최선을 다 해야 된다고 봅니다.\n김경래]시간이 많지 않아서 다른 얘기 몇 가지만 여쭤볼게요. 어제 자유한국당이 문재인 대통령 패러디 영상 올렸습니다. 벌거벗은 대통령, 이런 내용이었는데 어떻게 보셨습니까?\n이정미]저는 역풍 맞을 거라고 봅니다. 이렇게 심각하게 정치를 추악한 상태로 끌고 가는 것에 대해서 우리나라 국민들의 수준은 그렇게 해서 박수 칠 분들은 보수층 안에서도 없다고 봅니다.\n김경래]역풍을 맞을 것이다?\n이정미]아주 소수의 지지층들을 결집시킬지는 모르겠지만 이런 방식에 대해서는 이제 국민들도 혐오하고 있고 그만하라고 저는 그렇게 회초리를 드실 거라고 봅니다."
  },
  "Annotation": {
    "Summary1": "공수처법안을 부의하고 통과시키기 위해서는 4당과 함께 전략을 구상하고 통과시키는 과정을 만들어야 한다.",
    "Summary2": "공수처법안을 부의하는 것보다 이를 통과시키는 것이 중요하다. 사법개혁을 위해서는 4당과 함께 전략을 구상하고, 통과 과정을 만들어야 한다. 자유한국당이 올린 문재인 대통령 패러디 영상은 국민 수준에 맞지 않는 추악한 수준이며, 당에 부정적으로 작용할 것이다.",
    "Summary3": ""
  },
  "filename": "SCRIPT-c_event-00263-00007.json"
}