{
  "Meta": {
    "doc_id": "SCRIPT-c_event-00119",
    "doc_category": "SCRIPT",
    "doc_type": "c_event",
    "doc_name": "최경영의 최강시사",
    "author": "KBS",
    "publisher": "KBS",
    "published_year": "2021",
    "doc_origin": "최강시사",
    "passage_id": "SCRIPT-c_event-00119-00001",
    "passage": "김경래]교육도 교육이지만 일자리, 이것도 심각한 문제죠. 취업난 원래도 취업난이었는데 코로나19 더욱더 심각한 최악의 상황이라고 합니다. 취업 절벽이라는 이야기도 나오고요. 예전에 IMF 세대 이런 이야기했는데 이제 코로나 세대 이런 이야기도 나올 법도 합니다. 20대 청년 연결해서 취준생이라고 하십니다. 지금 상황이 어떤지 현실 생생한 이야기 좀 들어볼까요? 윤현식 씨 연결되어 있습니다. 안녕하세요?\n윤현식]안녕하세요?\n김경래]취준생이세요?\n윤현식]예, 맞습니다.\n김경래]나이가 몇인지 여쭤봐도 될까요?\n윤현식]현재는 지금 서른 살입니다.\n김경래]그러면 만으로는 한 스물여덟, 스물아홉쯤 되셨겠네요, 그렇죠?\n윤현식]예, 맞습니다.\n김경래]그러면 그렇게 취업을 준비하신 지 얼마 안되셨을 것 같아요.\n윤현식]지금 졸업 후 약 2년 정도됐습니다.\n김경래]어떤 꿈을 갖고 계신지 여쭤봐도 되나요?\n윤현식]저는 현재는 금융 공기업에 취업하려고 노력하고 있습니다.\n김경래]시험을 준비하고 계신 거군요?\n윤현식]예, 맞습니다.\n김경래]그러면 뭐뭐가 필요합니까? 어떤 공부들을 주로 하세요?\n윤현식]일단 공기업 기준으로는 기본적인 자격증이 컴퓨터활용능력과 한국사능력 검정시험이 있고요. 어학 같은 경우에는 토익을 보는데 대기업의 경우에는 스피킹 시험으로 전환되면서 오픽이나 토익스피킹 같은 어학 능력이 요구되고 있습니다."
  },
  "Annotation": {
    "Summary1": "코로나19로 취업난은 더욱 심각해졌고 공기업 기준으로 기본적인 자격증이, 대기업의 경우 어학 능력이 요구된다.",
    "Summary2": "코로나19로 취업난은 더욱더 심각한 최악의 상황이 됐고 취업 절벽이라는 이야기까지 나온다. 20대 청년인 취준생 윤현식 씨는 졸업 후 약 2년 정도 되어 금융 공기업에 취업하려고 노력하고 있다. 취업을 위해서는 공기업 기준으로 기본적인 자격증이 요구되고 대기업의 경우 오픽이나 토익 스피킹 등의 어학 능력이 요구된다.",
    "Summary3": ""
  },
  "filename": "SCRIPT-c_event-00119-00001.json"
}