{
  "Meta": {
    "doc_id": "SCRIPT-c_event-00313",
    "doc_category": "SCRIPT",
    "doc_type": "c_event",
    "doc_name": "최경영의 최강시사",
    "author": "KBS",
    "publisher": "KBS",
    "published_year": "2021",
    "doc_origin": "김경래의 최강시사",
    "passage_id": "SCRIPT-c_event-00313-00009",
    "passage": "송영길]북한의 경제적인 잠재력은 마치 박정희 개발독재시절에 우리가 10% 이상 고도 성장을 했던 것처럼 토지와 노동의 가격이 경쟁력이 있잖아요. 그리고 지금까지 거기가 무슨 노조가 있는 것도 아니고 파업이 있는 것도 아니고 국가가 동원할 수 있는 모든 생산 요소를 동원할 수 있는 체제가 되기 때문에 일단 후발 주자로서 따라가는 효과는 빠른 시일 내에 할 수 있기 때문에 연 15% 성장이 가능할 겁니다. 한 10년 동안 연 15% 성장하게 되면 엄청난 속도로 경제가 성장할 수 있는 거죠.\n김경래]너무 높게 보시는 거 아니에요?\n송영길]아니, 북측 인사들이 그렇게 이야기를 하고 지금 트럼프 대통령이 저렇게 트리멘더스 포텐셜 이코노믹 파워 이렇게 이야기를 한 것은 사적인 대화, 김정은 위원장이 경제 집중 노선에 대한 자신의 어떤 비전이나 이것을 강력하게 호소했다고 생각합니다. 그걸 정확히 알고 있기 때문에 트럼프 대통령이 수차례에 걸쳐서 경제적 잠재력에 대한 평가를 해두고 있다고 생각합니다.\n유창근]사실 대통령님 말씀하신 게 저희는 개성공단에서 13년 동안 검증을 해놨어요. 그리고 그 많은 기업들이 어려움 속에서도 지금 100%가 다 들어가겠다는 겁니다. 망해가고 있으면서도 왜 들어가겠다고 그러나? 그 이유는 뭔가 하니까 북한에서 이미 우리는 검증을 했는데 우리는 저임금으로 오해를 하고 있는데 양질의 노동, 세계 어디에 내놔도 북한의 인력들을 써보면 기업들이 생산성이나 이런 모든 부분에서 압도적으로 경쟁력을 가질 수밖에 없어요."
  },
  "Annotation": {
    "Summary1": "연 15퍼센트 성장이 가능한 북한의 노동력과 기업 생산성 등 압도적인 경쟁력은 개성공단에서 13년 동안 검증됐다.",
    "Summary2": "북한의 경제적 잠재력인 토지와 노동의 가격 경쟁력으로 연 15퍼센트 성장이 가능하다. 김정은 위원장이 경제 집중 노선에 대한 비전을 강력하게 호소했기 때문에 트럼프 대통령이 수차례에 걸쳐서 경제적 잠재력에 대한 평가를 했다. 양질의 노동력과 기업의 생산성 등 세계 어디에 내놔도 압도적인 북한의 경쟁력은 개성공단에서 13년 동안 검증됐다.",
    "Summary3": ""
  },
  "filename": "SCRIPT-c_event-00313-00009.json"
}