{
  "Meta": {
    "doc_id": "SCRIPT-c_event-00330",
    "doc_category": "SCRIPT",
    "doc_type": "c_event",
    "doc_name": "최경영의 최강시사",
    "author": "KBS",
    "publisher": "KBS",
    "published_year": "2021",
    "doc_origin": "김경래의 최강시사",
    "passage_id": "SCRIPT-c_event-00330-00004",
    "passage": "김영우]그렇습니다. 그런데 사실 전당대회는 우리 특정 정당의 정치적인 행위인데 이런 것에 대해서는 당내에서 냉정하게 평가하는 게 맞고요. 물론 정치인이 해야 될 말과 하지 말아야 될 말들이 있죠. 하지만 정치인이 또 해야 될 행위도 있고 하지 말아야 될 행위도 있습니다. 그런데 저희 당은 그래도 당의 공식적인 사죄도 하고 사과도 드렸는데 제가 이거 물고 늘어지는 것 같아서 좀 죄송한 말씀입니다만 지금 민주당 같은 경우에는 여태까지 벌어진 많은 일들에 대해서 손혜원 의원 건도 그렇고 서영교 의원 건에 대해서도 그렇고 진지하게 국민들에게 사과한 적이 있나요? 나는 그것도 한 번 같이 반성을 좀 해야 된다, 그렇게 생각합니다. 그런데 그래도 그나마 저희는 조금 늦은 감이 있지만 그래도 비대위원장도 그렇고 공식적으로 사죄하고 본인도 셀프 징계라는 말이 있습니다만 본인도 윤리위에 자청을 해서 주의조치인가 뭘 받았죠. 저희가 잘했다는 게 아니고 지금 사실 5.18 이 발언으로 온통 정치 이슈화가 되었습니다만 여당이 너무 또 5.18 발언 가지고 정치화하고 너무 극대화시켜서 정치적인 이득을 보려고 하는 그 느낌이 있어요. 그래서 우리가 사실 현안도 많지 않습니까? 김태우 감찰반원 그것도 엄청난 일이잖아요, 사실 청와대 지시까지 받고 특검에 대해서 사찰했다는 거 아닙니까? 그러니까 온통 많은 일들이 있음에도 불구하고 이번이 기회 다해서 너무 공격들을 하시는데 저희는 반성을 당연히 하지만 조금 균형은 맞지 않은 것 같아요."
  },
  "Annotation": {
    "Summary1": "김태우 감찰반원과 같은 엄청난 일이 있음에도 불구하고 5·18발언을 야당이 너무 정치화하여 이득을 보려한다.",
    "Summary2": "정치인은 해야 될 말과 하지 말아야 될 말들이 있어 비대위원장을 포함하여 공식적인 사과를 했다. 5·18발언을 야당이 너무 정치화하여 이득을 보려한다. 김태우 감찰반원과 같은 엄청난 일이 있음에도 불구하고 균형이 맞지 않는 것 같다.",
    "Summary3": ""
  },
  "filename": "SCRIPT-c_event-00330-00004.json"
}