{
  "Meta": {
    "doc_id": "SCRIPT-c_event-00311",
    "doc_category": "SCRIPT",
    "doc_type": "c_event",
    "doc_name": "최경영의 최강시사",
    "author": "KBS",
    "publisher": "KBS",
    "published_year": "2021",
    "doc_origin": "김경래의 최강시사",
    "passage_id": "SCRIPT-c_event-00311-00003",
    "passage": "김경래]그런데 이제 문제는 미국이 이번에 협상에서 밝힌 영변 플러스 알파, 이 부분을 앞으로도 이 협상의 기준을 낮추기는 쉽지 않아 보이지 않습니까?\n정세현]아니죠. 그건 낮추도록 하는데 우리 정부의 특히 문재인 대통령의 역할이 있을 겁니다. 왜냐하면 아까도 제가 모두에 말씀 드렸지만 비건의 평양 방문과 비건, 김혁철의 하노이 실무협상이 계속 이어진 끝에 25일오후부터 26일 오전은 온전히 쉬었다는 말이에요. 그러니까 그것은 양쪽이 다 만족할 만한 거래 조건, 상응조치 여기서 타협이 됐는데 바로 볼턴이 들어와서 플러스 알파를 세게 내떼어 것 같아요. 그러면 다음번에는 플러스 알파를 그런데 그냥 흘러나오는 얘기로는 강선 쪽에 있는 우라늄농축시설 지금 영변에는 한 4천 개 있지만 그게 1만 2천 개가 넘는다는 얘기는 미국의 국방정보국 DIA 쪽에서 이미 작년 6월에 흘러나왔던 얘기입니다. 그런데 DIA 쪽의 정보는 제 경험으로 제가93년부터 북핵 문제 현장에서 나름대로 고생을 했는데 DIA는 북한의 능력을 엄청나게 크게 얘기를 하고 핵능력이라든지 군사기술, CIA는 한 반쯤으로 계산을 해요. 그러니까 이게 정보기관마다 평가 기준이 다르지만 어쨌든 이번에 강선 우라늄농축시설을 신고해라, 해체하라는 식으로 얘기했다는 얘기는 아직 분명하게 하지 않았기 때문에 명언적으로. 다음번에 그것은 얼마든지 조정이 가능하다고 생각합니다."
  },
  "Annotation": {
    "Summary1": "영변 플러스알파에 대한 부분은 여러 정황상 문재인 대통령이 협상의 기준을 낮추도록 조정하는 역할을 할 수 있을 것이다.",
    "Summary2": "미국이 협상에서 밝힌 영변 플러스알파에 대한 부분에 대해 기준을 낮추도록 문재인 대통령의 역할이 있을 것이다. 비건의 평양 방문과 하노이 실무 협상이 잘 타협됐다가 볼턴이 알파를 강하게 없앴다. 그리고 미국 정보기관마다 북한의 핵 능력에 대한 평가는 다르지만 어쨌든 우라늄 농축시설을 해체하라는 식의 분명한 의사는 밝히지 않아서 조정이 가능할 것이다.",
    "Summary3": ""
  },
  "filename": "SCRIPT-c_event-00311-00003.json"
}