{
  "Meta": {
    "doc_id": "SCRIPT-c_event-00230",
    "doc_category": "SCRIPT",
    "doc_type": "c_event",
    "doc_name": "최경영의 최강시사",
    "author": "KBS",
    "publisher": "KBS",
    "published_year": "2021",
    "doc_origin": "김경래의 최강시사",
    "passage_id": "SCRIPT-c_event-00230-00009",
    "passage": "김경래]뉴스 기능을 폐지하고. 그런데 독점은 뉴스 기능 말고라도 지금 네이버 자체가 포털산업에서 독점을 갖고 있잖아요.\n김기식]그런데 검색 그 자체만 가지고는 사실 독점이 문제가 되지는 않습니다.\n김경래]그래요?\n김기식]이게 쇼핑이라든가 어떤 비즈니스와 관련되어서 연결되어질 때 문제가 발생하는 거죠.\n김경래]생각해 보면 맛집 검색 이런 거 네이버에서 하잖아요. 그거 다 광고로 연결되어 있지 않습니까?\n김기식]다 광고죠.\n김경래]그런 거 보면 좀 폐해가 심각하기는 한데 뉴스 기능만 일단 폐지를 하는 게 독점을 해체하는 첫 번째 걸음이다 이렇게 보면 되나요?\n김기식]네.\n김경래]그런데 놓으려고 할까요, 네이버가.\n김기식]저는 제가 알기로는 그 점 관련해서 네이버 내부에서도 논란이 있는 것으로 제가 알고 있고요.\n김경래]그래요?\n김기식]네, 그러니까 실제로 뉴스를 통해서 뉴스를 검색하고 뉴스를 보기 위해서 들어온 참여자, 네이버 이용자를 나중에 쇼핑이나 이런 걸로 연결하기 위해서 일종의 뉴스라는 게 좀 속되게 표현하면 미끼 상품 같은, 미끼 정보 같은 역할을 해 주는 건데 이제 더 이상 네이버가 이런 방식으로 가면 좀 곤란하지 않나 저는 이런 생각을 갖고 있고요. 예를 들어서 네이버가 구글에는 이겼습니다. 그런데 유튜브한테는 지금 밀리고 있고 네이버의 가장 큰 위기감은 유튜브거든요."
  },
  "Annotation": {
    "Summary1": "네이버가 이용자를 쇼핑으로 연결하기 위한 미끼로 뉴스를 이용하고 있어서 뉴스 기능 폐지가 독점 해체의 시작이다.",
    "Summary2": "네이버는 포털산업에서 독점을 가지고 있다. 네이버가 네이버 이용자를 쇼핑으로 연결하기 위한 미끼 상품으로 뉴스를 이용하면서 폐해가 심각해졌다. 뉴스 기능을 폐지하는 것이 독점을 해체하는 첫걸음이다.",
    "Summary3": ""
  },
  "filename": "SCRIPT-c_event-00230-00009.json"
}