{
  "Meta": {
    "doc_id": "SCRIPT-c_event-00323",
    "doc_category": "SCRIPT",
    "doc_type": "c_event",
    "doc_name": "최경영의 최강시사",
    "author": "KBS",
    "publisher": "KBS",
    "published_year": "2021",
    "doc_origin": "김경래의 최강시사",
    "passage_id": "SCRIPT-c_event-00323-00002",
    "passage": "김경래]부산 입장에서요?\n오거돈]예, 부산의 입장뿐만 아니라 국가적인 입장에서의 말씀입니다. 지금 저희들은 동남권 관문공항을 부울경 지역의 문제라고만 생각하지 않습니다. 우리 대한민국 물류 전반의 어떤 새로운 미래를 열기 위해서 그동안 수도권 1급 체제로 되어 있는 인천공항의 시스템 일부를 그 기능을 남부권에도 할 수 있도록 만들어줘야 된다는 측면에서 동남권 관문공항에 대해서 뭔가 좀 긍정적인 분위기를 만들어주신 것이 아닌가 생각을 합니다. 대통령께서 말씀하신 말씀의 본질은 첫째로 동남권 관문공항 문제 때문에 지역 간의 갈등이 유발되어서는 안된다는 아주 간곡한 바람을 말씀하신 것이죠. 또 하나의 문제는 뭐냐 하면 이 문제가 지난 정권에서 결정된 문제지만 이건 공정하고 객관적으로 판단되었는지 아니면 어떤 정치적인 결정이었는지 심지어는 잘못된 결정이었는지에 대한 여부를 국무총리실로 이관을 해서 판단을 하고 이런 갈등의 시간이 길어지는 것은 바람직하지 않다. 그래서 여기에 대해서 조속히 결론을 내자는 그런 내용이라고 생각이 들어서 저희들은 환영을 하는 바입니다.\n김경래]몇 가지 좀 여쭤보고 싶은 대목이 생기는데요. 첫 번째는 갈등이 워낙 커서 2016년도에 그 갈등을 해소하는 차원에서 결정을 내렸고 다들 수긍을 한 상황 아니었나요, 지금?"
  },
  "Annotation": {
    "Summary1": "대한민국 물류 전체의 미래를 위해서는 동남권 관문공항이 필요하며, 이 문제로 지역 간의 갈등이 생겨서는 안 된다.",
    "Summary2": "부산 뿐만이 아니라 대한민국 물류 전체의 미래를 위해서는 동남권 관문공항이 필요하다는 면에서 긍정적인 분위기를 만든 것이라 보아진다. 동남권 관문공항 문제로 지역 간의 갈등이 생겨서는 안 된다. 동남권 관문공항 문제에 대한 갈등의 시간이 길어지는 것은 좋지 않으므로 빠른 결론이 필요하다.",
    "Summary3": ""
  },
  "filename": "SCRIPT-c_event-00323-00002.json"
}