{
  "Meta": {
    "doc_id": "SCRIPT-c_event-00270",
    "doc_category": "SCRIPT",
    "doc_type": "c_event",
    "doc_name": "최경영의 최강시사",
    "author": "KBS",
    "publisher": "KBS",
    "published_year": "2021",
    "doc_origin": "김경래의 최강시사",
    "passage_id": "SCRIPT-c_event-00270-00001",
    "passage": "김경래]오늘은 박원순 시장을 스튜디오에 모셨습니다. 최근에 청년수당 관련된 정책을 또 발표를 했죠. 대규모로 확대하겠다는 취지입니다. 물론 비판도 있습니다. 너무 선심성 이른바 포퓰리즘 아니냐, 이런 이야기도 있고요. 기본소득정책을 실험하는 것 아니냐, 이런 해석도 있습니다. 이 얘기 비롯해서 서울시 관련 현안 좀 여쭤보도록 하겠습니다. 스튜디오에 모셨습니다. 안녕하세요?\n박원순]안녕하세요? 반갑습니다.\n김경래]아침 일찍 나와주셔서 감사합니다. 원래 이른 시간이 아니죠, 시장님한테는?\n박원순]예, 보통 제가 이 정도 나오죠. 조찬모임이 많으니까.\n김경래]오늘은청년복지정책부터 여쭤볼게요, 시간이 많아서 사설을 많이 못하겠네요, 본론으로 바로...\n박원순]시간 좀 많이 내주십시오.\n김경래]이게 청년들에게 개인에게 지급하는 돈이 있고 이번에 또 월세도 보조하겠다, 이러잖아요. 이러면 대략 서울시 청년 중에 몇 명 정도 그리고 들어가는 돈은 어느 정도, 기본적인 것 조금만 설명해 주세요.\n박원순]청년수당은 사실 원하는 사람한테는 대부분 다 주겠다, 이런 원칙입니다. 물론 취업했다거나 또는 군에 가 있거나 또 저희들이 그래도 요건이 좀 있거든요. 부자한테는 주기가 그러잖아요. 이런 것을 제외하고 이것을 원하는, 그러니까 구직을 희망하고 있는 그런 청년들 중에 한 10만 명 정도 원하는 사람들이 한 10만 명 정도될 거다, 이렇게 저희들이 추산을 했어요. 그래서 그분들한테는 3년에 걸쳐서 다 주겠다."
  },
  "Annotation": {
    "Summary1": "청년수당 정책이 포퓰리즘이라는 비판도 있지만 요건만 맞는다면 대부분의 청년들에게 3년에 걸쳐서 지급될 것이다.",
    "Summary2": "청년수당 정책을 대규모로 확대하겠다는 취지는 포퓰리즘에 지나지 않는다는 비판이 있으며 이것이 기본소득정책의 실험이라는 해석도 있다. 청년수당은 정해진 요건만 맞는다면 원하는 사람에게 대부분 지급하겠다는 게 원칙이다. 또한 구직을 희망하고 있는 청년들이 약 10만 명 정도로 추산되는데 그 청년들에게 3년에 걸쳐서 지급될 것이다.",
    "Summary3": ""
  },
  "filename": "SCRIPT-c_event-00270-00001.json"
}