{
  "Meta": {
    "doc_id": "SCRIPT-c_event-00163",
    "doc_category": "SCRIPT",
    "doc_type": "c_event",
    "doc_name": "최경영의 최강시사",
    "author": "KBS",
    "publisher": "KBS",
    "published_year": "2021",
    "doc_origin": "최강시사",
    "passage_id": "SCRIPT-c_event-00163-00005",
    "passage": "김경래]그런데 이렇게 올바른 변화의 길을 가고 있다고 말씀하셨는데 이번 코로나 광복절 집회 같은 상황에서 전광훈 목사 같은 극단적인 어떤 세력과 선을 잘 긋지 못하고 있는 것 같다, 미래통합당이. 이런 이야기를 하는 쪽이 있더라고요.\n원희룡]아까도 말씀 드렸지만 집회가 무슨 당이 한 집회도 아니고 당에서 참석하라고 한 것도 아니고 그래서 여기에다가 무슨 책임을 자꾸 공방을 벌이는 것은 정치공세라고 생각하고요. 대신 그런 책임공방을 떠나서 광화문 집회가 아니라 어떤 집회라도 국민의 생명과 안전을 걱정하는 책임 있는 정당의 입장에서는 책임감 있는 메시지와 행동을 보여줘야 되죠. 그래서 그게 민주노총 집회든 무슨 태극기 집회든 지금은 집회하지 말라고 그러면 하지 말고 검사받으라 그러면 검사받고 이렇게 되어야 되는 거예요. 국민들을 위한 예의고 민주시민의 기본이죠. 그걸 어기면서 무슨 애국을 이야기하고 무슨 사랑을 이야기합니까? 정상이 아니죠.\n김경래]미래통합당 전직 의원들이라든가 당원들이 거기에 참석하고 방역을 방해하고 이런 행동들을 하잖아요. 그분들에게 그러면 한 말씀 좀 해주시죠.\n원희룡]그분들이요. 뭐 당의 이걸 떠나서 언론에 조금이라도 카메라에 주목받고 박수소리에 굶주려 계신 것 같은데 그게 오히려 나라가 올바른 방향으로 또 국민의 지지를 모으는 데에 걸림돌이 됩니다. 오죽하면 가족들까지 말리고 신고를 하고 그러겠어요? 안됐더라고요. 그 심리세계를 한 번 진단을 해봐야 될 것 같아요."
  },
  "Annotation": {
    "Summary1": "국민의 생명과 안전을 걱정해야 하는 미래통합당이 코로나 광복절 집회에 참석하는 것은 국민의 등을 돌리게 하는 것이다.",
    "Summary2": "미래통합당은 코로나 광복절 집회를 하는 전광훈 목사 같은 극단적인 세력과 선을 긋지 못했다. 어떤 집회든 국민의 생명과 안전을 걱정하는 정당은 책임 있는 메시지를 보여줘야 한다. 집회에 참석하고 방역을 방해하는 행동들은 카메라의 주목을 받기 위한 행동일 뿐이고 오히려 국민의 지지를 모으는 데 걸림돌이 되고 있다.",
    "Summary3": ""
  },
  "filename": "SCRIPT-c_event-00163-00005.json"
}