{
  "Meta": {
    "doc_id": "SCRIPT-c_event-00169",
    "doc_category": "SCRIPT",
    "doc_type": "c_event",
    "doc_name": "최경영의 최강시사",
    "author": "KBS",
    "publisher": "KBS",
    "published_year": "2021",
    "doc_origin": "최강시사",
    "passage_id": "SCRIPT-c_event-00169-00002",
    "passage": "노웅래]그렇습니다. 코로나 위기도 위기고 또 폭우도 내렸고 더군다나 폭염까지 오고 또 경제는 침체되어 있고 부동산 문제를 포함해서. 이러다 보니까 사실상 전당대회라는 게 컨벤션효과가 있어야 하는데 그런 면에서는 흥행 관심이 국민의 관심이 당원의 관심이 적은 것은 사실인 거고요. 그렇지만 이번 전당대회 지도부의 중요성은 또 엄청 중요합니다. 우리 대한민국 또 민주당의 운명을 좌우할 대선이 있고요. 그리고 또 지자체 선거를 치러야 하는 또 승리해야 하는 이런 지도부여서 굉장히 평상시 지도부와는 다른 중요한 이런 과제를 안은 지도부라 할 수 있겠죠.\n김경래]그 지도부를 지금 선출하는 과정인데 지지율이 역전이 됐단 말이에요, 야당랑. 그러니까 총선에서 180 석을 얻은 지가 넉 달밖에 안됐는데 이게 어떤 여러 가지 원인들을 분석하는데 노웅래 의원께서는 가장 큰 의원은 뭐라고 보십니까?\n노웅래]일단 우리가 촛불정권 이후에 우리가 나라를 잘 살게 만들겠다는 그런 면에 있어서 민심에 조금 더 느슨해지고 둔감해진 면이 있는 게 아니냐라고 볼 수 있는 거고요. 우리는 다잡아야 할 필요가 있는 거죠. 그래서 이제 우리 당 내 이 분위기를 기풍을 쇄신해야 하는 게 과제라고 보는 거고요, 새 지도부가. 실제로 우리가 공직자들 다주택자가 있는 거 아닙니까? 그런데 우리 공정과 정의를 내세운 우리 문재인 정부인데 이거는 뭐 한마디로 우리가 할 말이 없는 거 아닙니까? 그래서 국민과의 눈높이. 그래서 이제 우리 눈높이가 아니라 국민과의 눈높이를 맞추고 민심을 받아들이고요. 그리고 소통하는 이런 게 지금은 우선적인 우리 민주당의 과제다 이렇게 봅니다."
  },
  "Annotation": {
    "Summary1": "현재 중요한 시점에서 야당에게 지지율을 역전당하고 있는 것은 지도부의 문제로 보이고 이것이 과제로 있다.",
    "Summary2": "현재 전당대회에 국민과 당원의 관심이 적은 상황이다. 대선과 지자체 선거를 앞두고 지도부의 중요성은 강조되고 있다. 그런데 총선 180석을 얻은 지 넉 달 만에 야당에게 역전이 되었는데 이것은 현재 문재인 정부가 내세운 정책과 반대되는 지도부로 인해 국민과의 눈높이가 맞지 않기 때문이라 보이기 때문에 이것에 대해 고민하는 것이 과제이다.",
    "Summary3": ""
  },
  "filename": "SCRIPT-c_event-00169-00002.json"
}