{
  "Meta": {
    "doc_id": "SCRIPT-c_event-00028",
    "doc_category": "SCRIPT",
    "doc_type": "c_event",
    "doc_name": "최경영의 최강시사",
    "author": "KBS",
    "publisher": "KBS",
    "published_year": "2021",
    "doc_origin": "최강시사",
    "passage_id": "SCRIPT-c_event-00028-00002",
    "passage": "노관규]그것도 있지만 순천이 호남의 정치 1번지인 곳입니다. 여기는 조금만 오만하거나 또 조금만 민의에 어긋난 짓을 하면 절대로 용서하지 않는 곳입니다. 이곳은 굉장히 수준 높은 유권자들이 계신 곳이죠. 저는 이번에 민주당 후보 혼날 거라고 생각합니다. 왜냐하면 민주당 지지도가 60%, 70% 육박하는데도 전국에 있는 모든 유명인사들을 다 불러 모아도 무소속 후보인 저 혼자를 못 이기고 있지 않습니까? 그것은 공천이 잘못되었고 당이 잘못하고 있는 것이고 시민들 민의에 따르지 않는 공천 결과를 내놓았다, 이런 생각입니다.\n김경래]지금 소병철 후보는 그런데 이게 자꾸 당을 탈당했다 들어왔다 이렇게 하는 것은 문제가 있다, 이런 입장이시잖아요. 여기에 대해서는 뭐라고 이야기하시겠습니까?\n노관규]아니, 4년씩 이렇게 준비한 사람들이 경선 기회도 갖지 못하고 갑작스럽게 한 달 만에 줄 잘 서서 낙하산 후보 내려온 분이 할 말은 아니죠. 여기는 민주당 이해찬 대표 자신이 호남에는 전략 공천 없다고 자신이 공약해놓고 지금 20년 만에 전라남북도 광주에서 처음으로 전략 공천, 낙하산 공천 한 것 아닙니까? 패권세력에 줄 서서 내려온 사람이 아무리 그렇다고 하더라도 그런 이야기할 게 아니죠. 정당 생활 한 달 한 사람이 남에 대해서 이래라 저래라 할 이야기는 아닌 것 같아요. 자신이 안 내려왔어야 맞는 거죠. 왜냐하면 당원들이 1만 명이 넘고 시민들이 후보 선출권을 가져야지 어떻게 권력자한테 줄 서서 낙하산으로 내려온 사람이 그런 이야기할 수 있습니까? 그런 말할 자격도 없는 사람입니다, 사실은 후보 자격도 없지만."
  },
  "Annotation": {
    "Summary1": "민주당 후보는 전략 공천으로 후보에 올라 민심을 거슬렀기 때문에 무소속 후보를 이기지 못하고 있는 것 같다.",
    "Summary2": "호남의 정치 1번지인 순천에서 민주당 후보가 무소속 후보를 이기지 못하고 있는 것 같다. 그것은 민주당이 시민들의 민의를 거스르는 공천 결과를 내놓았기 때문일 것이다. 민주당 이해찬 대표는 호남에는 전략 공천이 없다고 공약해 놓고 소병철 후보를 전략 공천, 낙하산 공천했다.",
    "Summary3": ""
  },
  "filename": "SCRIPT-c_event-00028-00002.json"
}