{
  "Meta": {
    "doc_id": "SCRIPT-c_event-00115",
    "doc_category": "SCRIPT",
    "doc_type": "c_event",
    "doc_name": "최경영의 최강시사",
    "author": "KBS",
    "publisher": "KBS",
    "published_year": "2021",
    "doc_origin": "최강시사",
    "passage_id": "SCRIPT-c_event-00115-00008",
    "passage": "김재련]몸 건강도 그렇고 정신 건강도 그렇고 지금 문제가 없다고 하면 그게 오히려 비정상이겠죠. 다만 이 사안에 대해서 관심을 가져주시고 응원해주시는 많은 분들이 있기 때문에 그런 것에 힘을 얻어서 피해자가 하루하루 견뎌내고 있습니다.\n김경래]피해자가 면접을 볼 때 얼굴을 보기 위해서 불렀다, 면접관이 이런 이야기를 했다는 인터뷰를 봤습니다. 그 말은 외모를 뜻하는 건가요?\n김재련]저희는 그렇게 봤습니다. 왜냐하면 피해자가 면접 볼 당시에 사용했던 핸드폰을 최근에 저희가 포렌식을 해서 나온 대화를 보고 이 이야기를 한 건데요. 피해자가 면접 보고 나와서 씁쓸했다고 친구에게 문자를 보냅니다. 친구가 왜 그러느냐라고 했더니 나는 메르스 관련해서도 읽고 인터뷰에 잘 응하기 위해서 그러고 갔는데 얼굴 보기 위해서 불렀다, 그리고 면접 끝나고 나오려고 하는데 그 당시 피해자가 근무했던 곳을 지칭하면서 거기 있을 인물이 아니다.\n김경래]인물이라 하면 외모를 지칭하는 거라고 보신다는 거죠?\n김재련]제가 그렇게 보는 게 아니라 피해자가 그렇게 인지를 했기 때문에 친구에게 씁쓸했다는 표현을 하는 거죠. 만약에 이 분의 역량이라든지 이런 것을 보고 이야기하면 씁쓸할 게 아니라 자신을 평가해주는 것에 대해서 기분이 좋을 일이죠. 그런데 얼굴을 보고 얼굴 보기 위해서 불렀다, 거기 있을 인물이 아니다라고 하니까 씁쓸했다는 표현을 친구에게 함께했더라고요."
  },
  "Annotation": {
    "Summary1": "면접자는 면접을 간 피해자의 얼굴을 보려고 불렀다고 하고 전 직장에 있을 인물이 아니라는 말을 해 피해자를 낙담 시킨다.",
    "Summary2": "피해자는 자신의 일에 관심을 가져주는 사람들이 있어 다행이라고 생각한다. 피해자는 인터뷰 준비를 철저히 하고 면접에 응하였으나 면접자는 얼굴을 보기 위해 불렀다고 한다. 또 전 직장을 거론하며 거기 있을 인물이 아니라고 하는 말에 낙심한 피해자는 친구에게 하소연 한다.",
    "Summary3": ""
  },
  "filename": "SCRIPT-c_event-00115-00008.json"
}