{
  "Meta": {
    "doc_id": "SCRIPT-c_event-00422",
    "doc_category": "SCRIPT",
    "doc_type": "c_event",
    "doc_name": "최경영의 최강시사",
    "author": "KBS",
    "publisher": "KBS",
    "published_year": "2021",
    "doc_origin": "최강시사",
    "passage_id": "SCRIPT-c_event-00422-00007",
    "passage": "김지윤]이게 사실 그쪽으로 자금을 이동시키는 이유가 물론 세금을 회피하기 위한 것도 있습니다. 예를 들어서 우리나라의 세금보다는 그쪽이 훨씬 현저하게 낮으니까요. 실제 굉장히 0%에 가까운 나라들도 많고 정말 세금이 0%인 곳들도 있고요. 그래서 그쪽에 또 낮은 세금을 내면 한국에는 이중과세 방지 협약이 있기 때문에 한국에는 안 내도 되는 경우들이 많아서 그런 이유로 숨기는 사람들도 있고 그쪽으로 이동시키는 사람들도 있고 아니면 이제 출처가 불분명한 돈을 여러 차례 일부러 옮김으로써 돈세탁을 한다든가 이런 목적도 있을 수는 있죠.\n최경영]전경환 씨의 이름도 등장하더라고요.\n김지윤]그렇습니다.\n최경영]전경환 씨는 자기 돈이 뭐가 굉장히 많아서 이렇게 페이퍼컴퍼니를 세웠을까요?\n김지윤]자금 자체는 출처가 불명확하기 때문에 이렇게 단정. 쉽사리 단정 짓는.\n최경영]여기도 지금 액수는 모르는 거고?\n김지윤]그렇습니다.\n최경영]그런데 전경환 씨는 어디에 세웠습니까?\n김지윤]사모아라고 남태평양에 있는 곳인데.\n최경영]여기에다가 유령회사를 세웠다?\n김지윤]네.\n최경영]언제일까요?\n김지윤]2010년.\n최경영]2010년.\n김지윤]2010년, 2011년. 그 정도입니다.\n최경영]그때는 전경환, 전두환 관련해서 어떤 일이 있었죠?\n김지윤]사실 그전에 이미 한 번 한 차례.\n최경영]검찰이 추징을 했었잖아요.\n김지윤]그리고 전경환 씨 자체도 이제 감옥도 갔다 온 상태였고."
  },
  "Annotation": {
    "Summary1": "전경환은 남태평양에 있는 사모아라는 곳에 유령회사를 설립했지만 출처도 명확하지 않고 금액도 확인되지 않는다.",
    "Summary2": "그쪽으로 자금을 돌리는 이유는 과세를 피하는 것과 출처가 불분명한 돈세탁이 목적일 수 있다. 과세율이 0%에 가깝거나 실제로 0%인 곳도 있는데 한국은 이중과세 방지 협약으로 한국에는 세금을 내지 않아도 되는 경우가 많다. 전경환은 2010년경에 남태평양에 있는 사모아라는 곳에 유령회사를 설립했지만 출처도 명확하지 않고 금액도 확인되지 않는다.",
    "Summary3": ""
  },
  "filename": "SCRIPT-c_event-00422-00007.json"
}