{
  "Meta": {
    "doc_id": "SCRIPT-c_event-00058",
    "doc_category": "SCRIPT",
    "doc_type": "c_event",
    "doc_name": "최경영의 최강시사",
    "author": "KBS",
    "publisher": "KBS",
    "published_year": "2021",
    "doc_origin": "최강시사",
    "passage_id": "SCRIPT-c_event-00058-00001",
    "passage": "-이왕 준]잠시 소강되더라도 종식은 아닐 것. 계절성 질병으로 토착화될 수도 있어\n-엄중식]해외 유입 환자 있고, 집단감염도 계속 발생하고 있어서 안심할 때 아냐\n-이왕 준]사회적 거리 두기의 피로화 보여.. 뉴 노멀- 새로운 일상으로 전환 필요해\n-엄중식]개인의 일상, 사회활동에서 이전과는 다른 모습 있어야 할 것\n-이왕 준]입국금지에 준하는 검역 바람직.. 현 상황으로는 여름휴가도 어려워\n-이왕 준]사회적 거리 두기 차원에서 학교 온라인 수업 체계화 등 중장기 대책 필요.\n-엄중식]개학은 4월 중에 어려울 것\n-이왕 준]중장기적 관점에서 전국별, 권역별, 지역별 안정적인 컨트롤 타워의 유기적 역할 분담 필요해\n-엄중식]각자의 사회적 역할 지속적으로 고민해야\n김경래]코로나19를 좀 정리해보겠습니다. 지금 국면이 바뀌는 분위기인 것 같죠? 전 세계 확진자 수는 70만 명이 넘었다고 합니다. 우리나라는 조금 소강상태라는 이야기도 있지만 신천지 쪽, 그쪽을 제거하면 이건 좀 착시효과다, 여전히 조금씩 조금씩 늘고 있다, 이런 이야기도 나오고 있고요. 장기전에 대비해야 된다는 전문가의 지적도 있습니다. 지금 상황에서 우리는 어떤 대처를 해야 되는지 그리고 시민 여러분은 굉장히 좀 피로감 같은 것들이 있지 않습니까? 이런 부분들을 이야기해보겠습니다. 오늘 특별히 두 분을 모셨습니다. 먼저 대한병원협회 감염병 대응 실무단장이십니다. 명지병원 이왕준 이사장님 안녕하세요?"
  },
  "Annotation": {
    "Summary1": "코로나 장기화로 인해 뉴 노멀 전환과 중장기 대책 필요성이 제기되는데, 각자의 사회적 역할을 고민하고 분담해야 한다.",
    "Summary2": "사회적 거리두기의 장기화로 인한 피로감 해소를 위해 뉴 노멀 전환의 필요성이 제기된다. 한편에서는 상황에 따라 중장기 대책의 필요성을 주장한다. 각자의 사회적 역할을 지속 고민하고 역할 분담이 필요하고, 장기전에 대비해야 한다는 전문가의 의견도 있다.",
    "Summary3": ""
  },
  "filename": "SCRIPT-c_event-00058-00001.json"
}