{
  "Meta": {
    "doc_id": "SCRIPT-c_event-00307",
    "doc_category": "SCRIPT",
    "doc_type": "c_event",
    "doc_name": "최경영의 최강시사",
    "author": "KBS",
    "publisher": "KBS",
    "published_year": "2021",
    "doc_origin": "김경래의 최강시사",
    "passage_id": "SCRIPT-c_event-00307-00004",
    "passage": "김경래]홍영표 더불어 민주당 원내대표가 어제 저희이랑 인터뷰를 하면서 청문회 관련해서는 “상임위에서 협의할 수 있다, 원칙적으로.” 그렇게 얘기를 하던데 그러면 가능한 거 아닌가요?\n김관영]저는 그렇게 넘겨놓으면 무산하는 것이 뻔합니다. 청문회에서 간사 간 협의를 하는데 결국은 증인을 어떻게 할 것이냐? 참고인을 어떻게 할 것이냐? 이거 가지고 싸움하다가 결국은 아예 상임위 자체가 공전되어버릴 수 있거든요. 그런 일이 너무 많기 때문에 그렇기 때문에 원내대표단에서 적어도 어느 정도 큰 가닥을 잡고 그러고 나서 국회를 여는 것이 통상적인 방법입니다. 그런 것이고 홍 대표께서 이거 손혜원 의원은 이미 검찰 수사가 진행 중이기 때문에 청문회하는 거 의미가 없다, 이런 말씀도 하시는데 검찰 수사는 수사의 피해 사실 공표가 금지되어 있지 않습니까? 그렇기 때문에 비밀리에 진행이 될 수밖에 없는 것이고요. 국회는 문제가 있는 것에 대해서 국민들께 진상규명하면서 알려야 될 책임이 있는 것입니다. 그렇기 때문에 청문회를 하게 되면 어느 정도의 정치적 공방은 또 불가피한 것이고요. 그런 것을 애초에 만들지 말았어야죠, 여당이.\n김경래]알겠습니다. 이번에 3월 임시국회에서 바른 미래당이 가장 우선순위에 두고 있는 것은 뭡니까? 법안이면 법안, 여러 가지가 있을 텐데 가장 1번이 뭐예요?"
  },
  "Annotation": {
    "Summary1": "홍영표 더불어 민주당 원내대표가 청문회 관련해 상임위에서 협의할 수 있다 했지만 무산될 것으로 보인다.",
    "Summary2": "홍영표 더불어 민주당 원내대표가 청문회 관련 상임위에서 협의할 수 있다 했지만 무산될 것이 뻔해 보인다. 간사간 협의 도중 상임위 자체가 공전되는 일이 많아 원내대표단에서 가닥을 잡고 국회를 여는 게 통상적 방법이기 때문이다. 손혜원 의원의 검찰수사가 비밀리에 진행되기에 국회는 국민에게 진상규명하며 알려야 될 책임이 있고 정치적 공방도 불가피하다.",
    "Summary3": ""
  },
  "filename": "SCRIPT-c_event-00307-00004.json"
}