{
  "Meta": {
    "doc_id": "SCRIPT-c_event-00249",
    "doc_category": "SCRIPT",
    "doc_type": "c_event",
    "doc_name": "최경영의 최강시사",
    "author": "KBS",
    "publisher": "KBS",
    "published_year": "2021",
    "doc_origin": "김경래의 최강시사",
    "passage_id": "SCRIPT-c_event-00249-00002",
    "passage": "김경래]이게 정상들이 이렇게 예상치 못하게 10분 정도 넘게 얘기하는 게 서로 사전에 조율이 안될 걸까요? 어떻게 보세요?\n강창일]저는 큰 조율은 없었을 거라고 생각하고요. 우리 문재인 대통령께서 어른처럼 먼저 앞서 악수하면서 회담하자, 이렇게 한 것 아니것습니까? 하여튼 사전에 무슨 정상적인 회담이나 갑자기 이루어진 회담이라고 생각하면 되겠죠.\n김경래]우리는 지금 한일 간의 관계 개선에 돌파구가 될 수도 있을 것 같다, 이런 평가들이 있는데 일본에서는 또 그렇지는 않더라고요, 분위기를 보니까 일본에서 원칙적으로 강제징용 관련된 입장을 고수를 했다, 이런 식으로 일본 언론들은 이야기를 하고 있고 온도 차이가 좀 있어요, 한일 간의 회담을 바라보는 시각이.\n강창일]일본의 언론 환경이 아주 좋지 않아요. 좋은 것도 나쁜 방향으로 끌고 가려는 경향이 있고요. 그렇게 하는 언론 기사도 있고 그래요. 일단은 과거에 만났을 때 서먹서먹하게 만났지 않습니까? 그런데 이번에는 서로가 웃으면서 악수도 하고 좋은 장면을 연출해줘서 또 한국과 일본 양국 전부 다 지금 어려운 상황 아니겠습니까? 한국만 어려운 게 아니라 일본도 어렵습니다, 지금. 문제가 좀 풀려야겠죠.\n김경래]그런데 문재인 대통령하고 아베 총리는 그래도 이렇게 11분 동안 환담을 가졌는데, 문희상 국회의장은 일본에 가서 뭐라고 할까요? 푸대접을 받았다? 이렇게 지금 보도가 되고 있습니다. 일본 의장, 참의원 의장하고 악수도 못 하고. 이건 일본에서 왜 이러는 거죠, 문희상 의장한테는?"
  },
  "Annotation": {
    "Summary1": "한일 정상 간의 대화에 대해 한국은 관계 개선의 돌파구로서 긍정적으로 평가하나 일본은 그렇지 않다.",
    "Summary2": "한일정상 간 10여분 간의 대화는 미리 조율된 것은 아니었다. 한국에서는 한일 관계 개선의 돌파구가 될 수 있다는 평가가 있으나, 일본에서는 일본의 언론 환경에 의해서도 긍정적이지 않은 반응이다. 문희상 국회의장 역시 일본 방문시 푸대접을 받았다는 보도가 있다.",
    "Summary3": ""
  },
  "filename": "SCRIPT-c_event-00249-00002.json"
}