{
  "Meta": {
    "doc_id": "SCRIPT-c_event-00236",
    "doc_category": "SCRIPT",
    "doc_type": "c_event",
    "doc_name": "최경영의 최강시사",
    "author": "KBS",
    "publisher": "KBS",
    "published_year": "2021",
    "doc_origin": "김경래의 최강시사",
    "passage_id": "SCRIPT-c_event-00236-00007",
    "passage": "김경래]똑같죠, 대동소이해요, 한두 개 빼고는.\n엄경철]그런데 우리는 수신료를 받으면서 똑같은 뉴스를 제공하면 너희 왜 돈받니, 이런 질문을 받을 수 있다는 측면도 있었고요. 여러 가지 측면이 있는데 어찌됐건 출입처 제도라는 게 뉴스가 되는 것도 슬픈 일인 것 같습니다.\n김경래]그래요? 그런데 이게 사실은 조국 전 장관, 사퇴 김경록 PB의 인터뷰, 검찰과의 유착? 하여간의 이런 출입처에서의 유착, 이런 것에 대한 어떤 반작용, 어떤 대안으로 내떼어 것 아니냐, 이렇게 해석하는 수가 많을 것 아니겠습니까?\n엄경철]연관되어 있습니다. 그러니까 따지고 보면 조국 전 장관은 장관 후보자였고 또 워낙 정치적으로 여러 가지 가능성이 점쳐지는 인물이어서 언론의 관심이 높은 건 당연한데 일개 장관의 검증이라는 이름으로 그렇게 많은 보도를 할 이유가 있었을까, 보도의 양적인 균형? 측면에서 과하다는 비판을 굉장히 많이 받아왔습니다, 대선 후보도 아니었고 당시에 이를테면. 그 원인 중에 하나는 결국 출입처 제도에 있지 않나. 출입처 검찰 기자실에 몇 명 있는지 아십니까, 혹시?\n김경래]KBS요?\n엄경철]아니, 말고요. 검찰 기자실에 지금 상주하는 거의 적을 걸어놓고.\n김경래]한 100명은 넘겠죠?\n엄경철]200명 그 정도로 알고 있습니다. 그렇게 들은 것 같습니다."
  },
  "Annotation": {
    "Summary1": "출입처 제도로 검찰과의 유착으로 조국 전 장관에 대해 그렇게 많은 보도를 할 이유가 있는 지에 대한 비판이 있다.",
    "Summary2": "출입처 제도라는 게 뉴스가 되는 것이 슬픈 일인데, 조국 전 장관, 사퇴 김경록 PB의 인터뷰, 검찰과의 유착도 이런 출입처에서의 유착으로 해석할 수가 있다. 조국 전 장관은 장관의 검증이라는 명분으로 그렇게 많은 보도를 할 이유가 있는 지에 대한 비판을 많이 받아왔다. 검찰 기자실에 적을 두고 상주 하는 기자는 200명 정도다.",
    "Summary3": ""
  },
  "filename": "SCRIPT-c_event-00236-00007.json"
}