{
  "Meta": {
    "doc_id": "SCRIPT-c_event-00377",
    "doc_category": "SCRIPT",
    "doc_type": "c_event",
    "doc_name": "최경영의 최강시사",
    "author": "KBS",
    "publisher": "KBS",
    "published_year": "2021",
    "doc_origin": "김경래의 최강시사",
    "passage_id": "SCRIPT-c_event-00377-00007",
    "passage": "김경래]그러면 국회 차원에서는 예컨대 상임위라든지 청문회라든지 이런 것들이 예정이 되어 있습니까? 어떻습니까?\n안민석]일단 오늘 체육회 폭력 방지법을 발의를 하고요. 그 내용은 폭행을 행사한 지도자는 한 번으로 영구 퇴출시키는.\n김경래]이른바 원 스트라이크 아웃이요?\n안민석]원 스트라이크 아웃, 아주 무거운 법을 오늘 발의를 하고요. 그 다음에 2차 피해를 막기 위해서 폭행이 발생되는 즉시 지도자의 자격 정지를 무제한으로 할 수 있도록 하는 내용까지 했으니까 그러나 이러한 엄벌주의만으로 해결되는 것이 아니고요. 선수와 지도자에 대한 교육도 필요하고요. 심지어 학부모에 대한 교육도 필요하고 또 무엇보다도 제가 말씀 드린 한국 체육의 새로운 판을 이번 사건을 계기로 해서 짜야지 이 사건의 재발을 막을 수 있다고 봅니다.\n김경래]마지막으로 아까 새로운 판을 짠다고 몇 번을 반복해서 강조해주셨는데요. 그러면 새로운 판을 짜려면 어떻게 해야 되는 겁니까? 법안 발의 말고 다른 어떤 방법들이 뭐가 있습니까?\n안민석]아니, 그러니까 이미 대통령께서 진천 선수촌에 메시지를 남기셨어요. 어떤 메달을 우선시하고 메달 잘 따는 지도자, 선수들을 최고로 여기는 그런 스포츠 강국 승리 지상주의 이데올로기로부터 벗어나서 스포츠 선진국으로 가자. 국민들의 건강과 삶의 질, 여가 향상을 위한 그런 스포츠에 가치를 두는 선진국형의 체육으로 가자. 그러기 위해서는 이제 시스템의 정비가 필요하고 지난 한국 체육에 대한 성찰이 필요하고 새로운 대한체육회의 비전이 필요하고 정부는 그에 걸맞은 체육 정책에 새로운 철학을 담아낼 수 있는 그걸 국민들에게 보여줘야 되는 것이죠."
  },
  "Annotation": {
    "Summary1": "사건의 재발 방지를 위해 국회는 폭행 발생 즉시 지도자 자격 정지와 영구 퇴출 내용을 담은 체육회 폭력 방지법을 발의한다.",
    "Summary2": "이 사건의 재발을 방지하기 위해 국회는 오늘 체육회 폭력 방지법을 발의한다. 이 법에는 한번 폭행을 행사한 지도자는 영구 퇴출시키는 원 스트라이크 아웃제와 법안과 폭행이 발생되는 즉시 지도자의 자격 정지를 무제한으로 할 수 있는 법안이 포함되어 있다. 대통령은 한국 체육이 승리 지상주의에서 벗어나서 스포츠 선진국으로 가야 한다는 비전을 제시했다.",
    "Summary3": ""
  },
  "filename": "SCRIPT-c_event-00377-00007.json"
}