{
  "Meta": {
    "doc_id": "SCRIPT-c_event-00423",
    "doc_category": "SCRIPT",
    "doc_type": "c_event",
    "doc_name": "최경영의 최강시사",
    "author": "KBS",
    "publisher": "KBS",
    "published_year": "2021",
    "doc_origin": "최강시사",
    "passage_id": "SCRIPT-c_event-00423-00002",
    "passage": "최경영]그러니까 당 지도부가 이재명 후보를 보호해주고 있다 이렇게 보시는 겁니까?\n설훈]그렇게 얘기해도 지나치지 않을 것 같은 구조가 돼 있습니다.\n최경영]이낙연 후보 캠프에서는 충분히 보여주지 못했다. 뭔가 더 보여줘야 할 게 있고 더 밝혀내야 할 게 있다?\n설훈]보여줄 것뿐만 아니고 최소한 62만 명에 대한 기본적인 자세가 돼 있어야죠. '우리가 이렇게 이렇게 해서 하고 있으니까 선택해주십시오.' 이거를 할 수 있는 장은 마련돼야 할 거 아닙니까. 지금 코로나 상황이기 때문에 후보들이 나서서 얘기할 수가 없거든요. 그러니까 당연히 후보들의 TV 토론을 보고서 결정할 수 있게끔 그런 장을 만들어줘야 하는데 그거를 안하겠다면 얘기가 안되는 거죠.\n최경영]62만 표인데 지금 이재명 후보 쪽은 아마 17만 표 정도 더 얻으면 되는 걸로 지금 보도는 나오고 있던데요.\n설훈]뭐 그렇게 계산이 되죠.\n최경영]그렇죠? 그렇게 되면 대선 직행의 사실상 9부능선을 넘었다는 관측들이거든요. 언론의 보도는.\n설훈]그런 상황이기는 하지만 그렇지만 대장동 게이트가 이게 엄청난 사안이기 때문에 이 상황에 대해서 우리 유권자들이 우리 62만 명이 정확히 파악을 하게 되면 결과는 전혀 다른 상황으로 나올 수도 있죠.\n최경영]대장동 게이트의 핵심은 뭐라고 생각하십니까?"
  },
  "Annotation": {
    "Summary1": "당 지도부가 TV 토론을 하지 않겠다는 결정은 이재명 후보의 대장동 게이트를 덮기 위한 편파적인 행위이다.",
    "Summary2": "당 지도부가 TV 토론을 하지 않겠다는 것은 이재명 후보를 보호하기 위한 것이라 해도 지나치지 않으며, 유권자들에 대한 도리를 다하지 못하는 것이다. 이재명 후보는 17만 표를 더 얻으면 대선으로 직행할 것으로 보인다. 그러나 대장동 게이트에 대해 유권자들이 정확히 파악하게 된다면 결과가 달라질 수도 있다.",
    "Summary3": ""
  },
  "filename": "SCRIPT-c_event-00423-00002.json"
}