{
  "Meta": {
    "doc_id": "SCRIPT-c_event-00297",
    "doc_category": "SCRIPT",
    "doc_type": "c_event",
    "doc_name": "최경영의 최강시사",
    "author": "KBS",
    "publisher": "KBS",
    "published_year": "2021",
    "doc_origin": "김경래의 최강시사",
    "passage_id": "SCRIPT-c_event-00297-00005",
    "passage": "김경래]윤석열 총장이 윤중천 씨에게 접대를 받았다 이 보도요.\n박지원]접대를 받았다 그러한 것도 처음에는 굉장히 커졌지만 사실 이제는 대개 정리가 되잖아요. 그런 자정 능력이 또 국민들이나 언론 사이에 있더라고요.\n김경래]박지원 의원께서도 한 말씀하셨잖아요.\n박지원]네, 그렇죠. 제가 검찰이 입수하기 전에 가지고 있던 동영상이나 녹음파일에는 윤석열이라는 이름이 한 번도 나오지 않는다. 그거를 기자들이 물으니까 저도 발표를 한 거죠. 없어요. 그래서 저는 검찰도 그 문제에 대해서 단서가 있으면 수사를 하는 게 검찰 아니에요? 기자도 그런 제보를 받고 그만 한 근거가 있으면 기사화하는 거죠.\n김경래]그런데 그 기자를 고소했어요, 윤석열 총장이. 이거는 조금 오버 아니냐는 이야기도 있습니다. 어떻게 보세요?\n박지원]저도 이제 검찰총장으로서 황당무개하니까 그러한 고소를 했다고 하지만 저는 뭐 이렇게 진정되면 윤석열 총장이 어떻게 기자를 고소합니까? 그러면 누가 조사합니까. 그래서 취하하지 않으실까요? 그렇게 봅니다.\n김경래]그렇게 예상하시는군요.\n박지원]또 취하해야 마땅하고.\n김경래]그런데 검찰 개혁 아까 잠깐 말씀하셨는데 윤석열 총장 쪽에서도 계속 안을 내놓고 있고 당정청 어제 또 모였잖아요. 끝을 보겠다고 하고. 속도를 내는 것도 있고 프레임을 검찰 개혁으로 옮겨가고 싶어 하는 여당의 모습도 보이고 그렇습니다. 지금까지 나온 안들 좀 평가하시면 어떻습니까?"
  },
  "Annotation": {
    "Summary1": "윤중천에게 접대 받았다라는 보도 작성 기자를 윤석열이 고소했으나 이슈가 진정되면서 고소 취하할 것으로 예상한다.",
    "Summary2": "윤석열 총장이 윤중천에게 접대를 받았다는 보도가 있었고 윤석열이 그 기자를 고소했다. 하지만 박지원 의원은 이슈가 진정되면서 윤석열 총장이 고소를 취하할 것이라고 예상한다. 검찰개혁에 대해서 윤석열 총장 쪽에서 계속 안을 내놓고 있고 여당도 프레임을 검찰 개혁으로 옮기고 싶어한다.",
    "Summary3": ""
  },
  "filename": "SCRIPT-c_event-00297-00005.json"
}