{
  "Meta": {
    "doc_id": "SCRIPT-c_event-00146",
    "doc_category": "SCRIPT",
    "doc_type": "c_event",
    "doc_name": "최경영의 최강시사",
    "author": "KBS",
    "publisher": "KBS",
    "published_year": "2021",
    "doc_origin": "최강시사",
    "passage_id": "SCRIPT-c_event-00146-00006",
    "passage": "김경래]부동산 이야기 좀 여쭤볼게요. 좀 전에 저희가 김현아 미래통합당 비대위원하고 인터뷰를 했는데 일단 그 인식이 다른 것 같아요. 여러 가지 정책들이 나왔는데 그것들이 지금 효과를 나타내고 있느냐? 집값이 안정되는 어떤 조짐을 보이고 있느냐? 김현아 비대위원은 그걸 보기에는 아직 좀 이르다. 아직까지는 오르고 있는 것이 사실인데 정부가 너무 성급하게 낙관적인 전망들을 이야기하고 있다는 취지로 인터뷰를 했어요. 어떻게 보십니까? \n진성준]정부는 부동산 정책을 통해서 시장을 안정화하고자 하기 때문에 당연히 그런 기대도 표현할 수 있고 그런 희망도 낙관적으로 이야기할 수 있죠. 더구나 경제도 심리라는 말이 있듯이 부동산도 심리적인 영향이 큰 것 아닙니까? 그러니 집값이 안정화될 것이다. 그리고 내 집 마련을 하는 데에 조금 더 좋은 환경이 조성될 것이라는 낙관을 피력하는 것이 뭐 그렇게 잘못된 것이겠습니까? 그런데 실제로 부동산 시장을 통계로 보면 부동산 시장이 안정화되는 양상으로 나가고 있잖아요. 007.10 부동산 대책을 내놓기 이전에는 서울 지역의 아파트 가격 상승률이 0.11%를 보였는데 7.10 부동산 대책을 내놓고 난 뒤로 일주일 간격으로 계속 떨어져서 지금은 어저께 발표된 건가요? 0.01%의 상승률을 보이고 있어요. 그러니까 그 사이 굉장히 많이 일주일 간격으로 계속 아파트 값 상승률이 떨어지고 있어서 안정화 보합세로 들어가고 있는데 일부 오른 사례들을 가지고 아파트 값이 떨어지긴 뭘 떨어지느냐? 정부가 낙관하고 있다, 이렇게만 이야기하는 것은 사실을 침소봉대하는 거죠."
  },
  "Annotation": {
    "Summary1": "정부는 부동산 정책을 통해 시장 안정화를 기대하기에 낙관적 전망을 이야기하는데 실제로 그런 양상으로 가고 있다.",
    "Summary2": "김현아 미래통합당 비대위원은 정책의 효과를 판단하기엔 아직 이른데 정부는 성급하게 낙관적인 전망을 내놓는단 입장이다. 정부는 부동산 정책을 통해 시장 안정화를 기대하고 부동산은 심리적 영향이 크기에 그런 표현을 사용했는데 실제로 통계상 안정화되는 양상으로 가고 있다. 일부 오른 사례를 가지고 정부가 낙관만 하고 있다고 비판하는 것을 침소봉대이다.",
    "Summary3": ""
  },
  "filename": "SCRIPT-c_event-00146-00006.json"
}