{
  "Meta": {
    "doc_id": "SCRIPT-c_event-00059",
    "doc_category": "SCRIPT",
    "doc_type": "c_event",
    "doc_name": "최경영의 최강시사",
    "author": "KBS",
    "publisher": "KBS",
    "published_year": "2021",
    "doc_origin": "최강시사",
    "passage_id": "SCRIPT-c_event-00059-00004",
    "passage": "김경래]축산물 사업했던 거죠? \n한상진]국회죠. 육류 수입업을 하는 사람입니다. 그러니까 그 관할 구역에서 사업을 하는 사람이 관할 세무서장하고의 부적절한 돈 거래 그리고 그 돈을 같이 쓴 셈이 되는 거예요. \n김경래]다른 골프를 같이 쳤던 검사들이나. \n한상진]그렇죠. 그러니까 당연히 이게 범죄냐, 아니냐를 떠나서 어쨌든 수사는 해야 될 사안, 그렇습니다. \n김경래]그런 데 윤석열 당시 과장이라고 하셨잖아요. 윤석열 씨는 골프를 같이 쳤다는 게 윤우진 씨랑 그 돈으로. 그건 확인이 됐네요. \n한상진]그건 본인도 인정을 한 부분이고요. \n김경래]그래요? \n한상진]윤우진 씨를 윤석열 씨는 ‘우진이 형’ 이렇게 불러요. 그러니까 본인하고는 친형제하고 다름없는 윤대진 검사죠. 윤대진 씨의 친형이기 때문에 본인한테는 친형이나 다름없는 사람이라고 계속 이야기를 해왔고 그리고 작년 청문회장에서도 같은 취지의 이야기를 했었던 적이 있고요. 그런데 이 두 사람이 그런 식으로 굉장히 가까운 사이였기 때문에 \n김경래]친할 수는 있죠, 일단은. \n한상진]그렇죠. 친할 수는 있죠. 그런데 이게 윤우진 씨가 업자로부터 받았다는 이 돈이 뇌물이라고 한다면 아까 말씀 드렸듯이 그 뇌물을 누군가와 같이 썼다, 그러면 당연히 수사를 받아야 되는 상황이었던 거죠. \n김경래]그런 데 그 뇌물을 같이 썼다는 것까지 확인이 됐냐고 여쭤봤는데요."
  },
  "Annotation": {
    "Summary1": "세무서장으로서 육류 수입업자와 부적절한 돈 거래를 한 윤우진과 함께 윤석열은 그 돈으로 골프를 친 바 있다.",
    "Summary2": "육류 수입업자는 관할 세무서장인 윤우진과 부적절한 돈 거래를 했다. 이 돈으로 윤우진은 당시 과장이었던 윤석열을 포함한 검사들과 골프를 쳤다. 윤석열은 윤대진 검사와 친한 사이이며 윤대진 검사의 친형인 윤우진과도 친분이 있다.",
    "Summary3": ""
  },
  "filename": "SCRIPT-c_event-00059-00004.json"
}