{
  "Meta": {
    "doc_id": "SCRIPT-c_event-00406",
    "doc_category": "SCRIPT",
    "doc_type": "c_event",
    "doc_name": "최경영의 최강시사",
    "author": "KBS",
    "publisher": "KBS",
    "published_year": "2021",
    "doc_origin": "최강시사",
    "passage_id": "SCRIPT-c_event-00406-00001",
    "passage": "최경영]정국의 가장 뜨거운 현안을 여야 의원 두 분과 이야기 나눠 보는 <최고의 정치> 오늘도 여야 의원 두 분 나오셨습니다. 더불어민주당 진성준 의원님 나오셨습니다. 안녕하세요?\n진성준]안녕하세요?\n최경영]국민의힘 성일종 의원님 나오셨습니다. 안녕하십니까?\n성일종]안녕하십니까? 성일종 의원입니다.\n최경영]오늘과 수요일 이재명 지사 국감 출석 이번 주에 가장 큰 현안은 이거일 것 같은데요. 어떻게 잘 대비하고 계십니까? 여당에서는 어떠십니까?\n진성준]저희 당도 제가 알기로 행정안전위원 한 분을 사보임 했어요.\n최경영]그렇군요.\n진성준]장관으로 활동하고 계시는 의원님이 행정안전위원회에 계시는데 그분이 한정애 장관님이신가로 기억하고 있는데 그분이 사임을 하고 새롭게 민형배 의원이 보임된 것으로 그렇게 알고 있습니다.\n최경영]과거 이제 캠프에 계셨던 이재명 캠프에도 계셨고.\n진성준]그렇기도 하고 이 문제에 대해서 공부가 되어 있고.\n최경영]공부가 되어 있고.\n진성준]또 어차피 한정애 장관은 국정감사에 국정감사위원으로 참여하기 어려우신 분이니까.\n최경영]그러네요.\n진성준]그렇게 해서 좌우지간 당이 가지고 있는 역량을 다 쏟아 부어서 국정감사에 임하겠다는 그런 계획입니다.\n최경영]야당은 어떠십니까, 국민의힘?\n성일종]여당이 조금 더 떳떳하게 그리고 당사자인 이재명 지사께서 진실을 밝혀주셨으면 좋겠다. 여당의 경선 과정에서 왜 설훈 의원 같은 경우가 구속될 수가 있다고 생각을 했겠어요? 그렇게 이야기를 했잖아요. 이거는 보통 상식을 넘는 엄청난 사건입니다. 그렇기 때문에 이거를 묻으려 하지 말고 이재명 지사께서 또 5,503억을 본인이 단군 이래 최대의 실적이라고 그러면서 자랑을 하는 판이 되겠죠. 그러나 이것은 자랑할 내용이 아니라 행정에 대한 최고의 책임자로서 설계하고 결재하고 총 감독했고 그리고 실무는 유동규가 했다고 했던 본인이 이야기한 거거든요. 그래서 이 대장동뿐만 아니라 백현동도 있고 여러 가지가 있잖아요. 그렇기 때문에 이거에 대해서는 단군 이래 최대 부패 사건이기 때문에 저는 이걸 분명히 저는 밝혀야 한다고 생각해요. 그리고 이게 국정감사에서 공수의 대결 문제가 아닙니다. 이거는 국가 경영에 대한 부패에 관련된 문제예요. 국가 지도자를 뽑는 문제이기 때문에 이거는 이렇게 간단하게 넘어갈 수가 없는 일이라고 봅니다."
  },
  "Annotation": {
    "Summary1": "이재명 지사의 국정감사 출석 건으로 여당은 역량을 쏟겠다 하고, 야당은 이재명 지사에게 진실을 요구하고 있다.",
    "Summary2": "오늘과 수요일에 이재명 지사가 국정감사에 출석한다. 여당인 더불어민주당에서는 한정애 장관을 사임하고 민형배 의원을 보임했고 당의 역량을 모두 쏟아서 국정감사에 임하겠다고 한다. 야당인 국민의힘에서는 이번 사건의 당사자인 이재명 지사가 직접 진실을 말하기를 원한다.",
    "Summary3": ""
  },
  "filename": "SCRIPT-c_event-00406-00001.json"
}