{
  "Meta": {
    "doc_id": "SCRIPT-c_event-00416",
    "doc_category": "SCRIPT",
    "doc_type": "c_event",
    "doc_name": "최경영의 최강시사",
    "author": "KBS",
    "publisher": "KBS",
    "published_year": "2021",
    "doc_origin": "최강시사",
    "passage_id": "SCRIPT-c_event-00416-00008",
    "passage": "최경영]그 관련해서 이재명 게이트라고 주장하는 국민의힘 측 토론회에 참석하는 4명의 경선 후보들 모두가 다 그렇게 외치는 것 같은데 국민의힘 측 주장에 관해서는 어떻게 생각하십니까?\n강병원]저는 이미 뭐 돈이 누구에게로 갔는지 어떻게 움직였는지는 다 드러났습니다. 그런데 그거를 이재명 지사로 연결하는 건 맞지 않는 것 같고 이미 돈이 흘러서 국민의힘으로 갔잖아요. 돈이 흘러간 것이 국민의힘인데 그거를 자꾸 이재명 지사 쪽으로 돌리려고 하는 것은 야당 후보들이 내부 총질과 감정 싸움에 바쁜 와중에도 단일전선을 이쪽에 그으려고 하는 것 같은데요. 저는 잘 안 먹힐 거라고 봅니다. 저는 국민들이 조금만 더 이 사태에 대해서 냉정하게 바라보게 된다면 돈이 어디로 갔는지 누가 경제적 이익들을 취했는지는 뻔히 드러날 것이다. 그래서 저는 국민의힘 쪽 사람들이 그 이익들을 다 취했기 때문에 국민들에게 자꾸 이렇게 왜곡시키려고 하는 시도는 잘 버티지 않을 거라고 생각합니다.\n최경영]국민의힘 쪽 주자들에 관해서는 어떻게 생각하시는지도 궁금하네요. 4명으로 압축됐는데 지금 어제 광주 KBS 토론회에서는 천공스님 이야기가 계속 나오고 있습니다.\n강병원]말씀하신 대로 좀 정책은 아예 실종이 됐고요. 우리 국민들이 정말 재미있어할 만한 손바닥에 왕 자를 쓰고 나오고 뭐 항문침 이야기가 나오고 미신만 횡행하는 소름 돋는 토론회 경선이 아닌가 싶습니다. 그래서 저는 정말 이렇게 외국에서도 이걸 바라보면 거의 해외토픽감 아닌가 싶거든요. 그래서 또 게다가 어저께 윤석열 후보가 갑자기 성경 책 들고 여의도순복음교회 가서 손뼉 치면서 노래까지 불렀다는 이야기가 있는데 국민을 우습게 봐도 너무한다는 생각이 듭니다. 저는 이 내부 총질과 감정 싸움으로 계속 이어지고 있는 토론회가 저는 결코 우리 국민들 사이에서 지지 받지 못할 거라고 생각합니다."
  },
  "Annotation": {
    "Summary1": "국민의힘 경선 후보들이 모두 이재명 게이트를 말하지만 이미 국민의힘 쪽으로 돈이 들어갔다.",
    "Summary2": "국민의힘 경선 후보들이 모두 이재명 게이트를 주장하는데, 이미 국민의힘 쪽에 돈이 들어갔다. 이재명 지사에게 돈이 들어갔다고 주장하는 것은 야당 후보들이 내부 총질과 감정싸움으로 바쁜 가운데도 단일 전선을 이재명 쪽으로 그으려는 시도라고 본다. 국민들이 이 사태를 냉정하게 바라본다면 누가 경제적 이익을 취했는지가 확실히 드러날 것이다.",
    "Summary3": ""
  },
  "filename": "SCRIPT-c_event-00416-00008.json"
}