{
  "Meta": {
    "doc_id": "SCRIPT-c_event-00090",
    "doc_category": "SCRIPT",
    "doc_type": "c_event",
    "doc_name": "최경영의 최강시사",
    "author": "KBS",
    "publisher": "KBS",
    "published_year": "2021",
    "doc_origin": "김경래의 최강시사",
    "passage_id": "SCRIPT-c_event-00090-00001",
    "passage": "김경래]지난 03월 05일이 조선일보 100주년이었습니다. 1920년 03월 05일에 조선일보가 창간을 했죠. 좀 있으면 04월 01일은 동아일보 100주년입니다. 100주년이라는 게 무슨 대단한 의미가 있느냐고 생각할 수도 있지만 한국사에서 근대 신문이 이렇게 100년 동안 같은 재호로 지금까지 내고 있다는 사실은 굉장히 의미가 있죠. 그런데 조선일보가 100년을 기념하면서 낸 신문에 보면 이런 구절이 있습니다. ‘일제에 저항하며 민족혼을 일깨웠고 해방 이후에는 시장경제와 자유민주주의 가치를 지키기 위해서 진력해왔습니다.’ 진실의 수호자라고 본인들은 이야기하고 있고요. 그런데 이게 좀 논란이 있는 이야기입니다. 조선일보가 ‘친일 부역을 했다, 민족 반역행위를 했다.’ 이렇게 이야기하는 쪽이 있고 ‘아니다, 우리는 정반대로 민족지다.’ 지금 아까 말씀 드렸듯이 ‘민족혼을 일깨워왔다.’ 어떤 게 맞는 걸까요, 이게? 지금 굉장히 논쟁적인 사안이긴 한데 이 부분에 대해서 취재를 지속적으로 하고 있는 뉴스타파 홍주환 기자와 함께 얘기 좀 나눠보겠습니다. 홍주환 기자, 안녕하세요? \n홍주환]안녕하세요? \n김경래]이게 민족 지냐, 친일 지냐 이 논쟁은 굉장히 오래된 논쟁이죠, 사실. \n홍주환]사실 되게 오래된 논쟁이고요. 지금도 사실 인터넷 구글에 조선일보라고 검색을 하면 옛날에 그 지면이 뜨지 않습니까? 그러면 그때도 일왕 부부 사진을 1면에 올린 사진 같은 것은 여전히 볼 수 있고 그래서 2000년대 안티조선 운동때부터 해서 지금까지도 꾸준히 논란이 되고 있는 문제입니다."
  },
  "Annotation": {
    "Summary1": "조선일보가 100주년 기념으로 낸 구절 때문에 조선일보가 친일인지, 민족인지가 논쟁이 되고 있다.",
    "Summary2": "조선일보가 100주년 기념으로 낸 구절이 논란이 되고 있다. 기념 구절에는 ‘일제에 저항하며 민족혼을 일깨웠고 해방 이후에는 시장경제와 자유민주주의 가치를 지키기 위해서 진력해왔다’고 쓰여있는데, 조선일보가 친일이냐, 민족이냐가 논쟁이 되고 있는 것이다. 이것은 일왕 부부 사진을 올렸던 2000년대부터 꾸준히 논란되고 있는 문제다.",
    "Summary3": ""
  },
  "filename": "SCRIPT-c_event-00090-00001.json"
}