{
  "Meta": {
    "doc_id": "SCRIPT-c_event-00082",
    "doc_category": "SCRIPT",
    "doc_type": "c_event",
    "doc_name": "최경영의 최강시사",
    "author": "KBS",
    "publisher": "KBS",
    "published_year": "2021",
    "doc_origin": "최강시사",
    "passage_id": "SCRIPT-c_event-00082-00002",
    "passage": "박용준]평상시보다는 조금 더 입원 환자가 더 많이 늘어나서 그리고 저희가 또 보호복을 입은 상태에서. \n김경래]아, 보호복을 원래는 안 입던 건데. \n박용준]안 입던 건데 보호복을 입은 상태에서 환자 분들을 촬영하다 보니까 몸에 땀도 많이 나고 숨쉬기도 되게 힘든 상황이거든요. \n김경래]그거 제가 간호사 분들 연결해서 여쭤보니까 보호복 그게 입으면 굉장히 땀도 많이 나고 몇 시간 못 버틴다고 하더라고요. 같은 걸 입으시나요, 그러면? \n박용준]네, 동일한 것입니다. \n김경래]그래요? 그러면 하루 종일 그걸 입고 계신 거네요? \n박용준]아, 하루 종일은 아니고요. 저희가 근무 투입 시간이 정해져 있어서. \n김경래]그렇군요. 인력이 부족하거나 그러지는 않습니까? \n박용준]인력이 따로 부족한 것은 없는데요. 저희가 평소에 다른 타 과에 있던 방사선과 선생님들까지 지금 투입되어서 일을 같이하고 있고 그 다음에 자원봉사 방사선사 선생님들도 같이 투입돼서 같이 업무를 하고 있습니다. \n김경래]그게 지금 격리 병동에 있는 환자들이 꽤 많잖아요. 예를 들어서 음압병실에 격리되어 있는 분들 이런 분들 사진 찍으려면 직접 가서 찍는 거가 되나요? \n박용준]그러니까 저희 지금 대구 동산병원은 지역 거점 병원으로서 아예 건물 자체가 코호트 격리가 되어 있거든요. 그래서 건물 자체가 다 격리가 되어 있어서 방사선사 선생님들이 옷을 보호복을 입고 다 투입되는 상황이거든요. 그렇게 보시면 될 것 같아요."
  },
  "Annotation": {
    "Summary1": "타 과의 방사선사들과 자원봉사 방사선사들이 함께 일을 하여 인력이 부족하진 않으나 보호복 입고 근무 시 숨 쉬기 어렵다.",
    "Summary2": "방사선사들이 보호복을 입고 근무하니 땀이 많이 나고 숨 쉬기 힘들어한다. 다른 과의 방사선사와 자원봉사 방사선사들이 함께 일을 하고 있어 인력이 부족하지는 않다. 대구 동산병원은 코호트 격리가 되어 있고 방사선사들은 보호복을 입고 다 투입되는 상황이다.",
    "Summary3": ""
  },
  "filename": "SCRIPT-c_event-00082-00002.json"
}