{
  "Meta": {
    "doc_id": "SCRIPT-c_event-00246",
    "doc_category": "SCRIPT",
    "doc_type": "c_event",
    "doc_name": "최경영의 최강시사",
    "author": "KBS",
    "publisher": "KBS",
    "published_year": "2021",
    "doc_origin": "김경래의 최강시사",
    "passage_id": "SCRIPT-c_event-00246-00004",
    "passage": "홍문종]원래 문재인 대통령께서 조문을 안받는다고 그러셨잖아요. 그런데 당대표는 받겠다, 이렇게 입장이 바뀌셨어요. 그래서 저희가 전 날 청와대에다가 얘기를 했습니다, 내가 공화당 공동대표로서 가서 예의를 표하고 싶다. 그리고 내가 가면 대통령님과 이런저런 이야기를 할 수 있겠느냐? 이렇게 미리 사전에 얘기를 했던 것입니다. 그래서 거기서 무슨 말씀하셔도 된다. 그리고 조문을 받겠다, 그래서 제가 간 거고요. 그래서 제가 그랬어요. 제가 가면 할 얘기가 우리 박근혜 대통령님밖에는 할 이야기가 없다. 그 얘기를 이미 힌트를 줬기 때문에 충분히 사전에 알고 계셨던 것 같고 그날 제가 말씀 드릴 때 문재인 대통령이 하신 말씀이 제가 뭐라고 얘기하면 뭐라고 대답해야겠다, 이렇게 생각하시고 말씀하신 것 같은 느낌입니다.\n김경래]뭐라고 대답을 했죠, 문재인 대통령이?\n홍문종]대통령님이 건강도 그러시고 배려를 해달라, 이렇게 말씀 드렸더니 “내가 책상도 배려했고 또 병원도 보내드렸고 그 자체가 지금 배려하고 있는 거다.” 이런 말씀하셨죠.\n김경래]충분히 하고 있다, 이런 취지네요, 취지는. 최근에 박근혜 전 대통령이 우리공화당에 약간 경고성 메시지 보냈다, 이런 기사가 많이 났습니다. 최근 우리공화당 지지율도 침체 상태고 우리공화당으로 선거 치루겠냐, 이런 취지였던 것 같은데, 박근혜 전 대통령 이 말은 어떻게 생각하십니까, 홍문종 대표께서는?"
  },
  "Annotation": {
    "Summary1": "문재인 대통령이 당 대표의 조문은 받겠다고 입장을 바꿨고, 박근혜 전 대통령은 우리공화당에 경고성 메시지를 전했다.",
    "Summary2": "문재인 대통령이 조문을 받지 않겠다고 했었으나 당 대표의 조문은 받겠다고 최근 입장을 변경했다. 최근 박근혜 전 대통령이 우리공화당에 경고성 메시지를 전달했다는 기사가 많이 발행됐다. 최근에는 우리공화당 지지율의 침체를 거론하며 선거를 치룰 능력이 있는지 묻는 내용이다.",
    "Summary3": ""
  },
  "filename": "SCRIPT-c_event-00246-00004.json"
}