{
  "Meta": {
    "doc_id": "SCRIPT-c_event-00268",
    "doc_category": "SCRIPT",
    "doc_type": "c_event",
    "doc_name": "최경영의 최강시사",
    "author": "KBS",
    "publisher": "KBS",
    "published_year": "2021",
    "doc_origin": "김경래의 최강시사",
    "passage_id": "SCRIPT-c_event-00268-00005",
    "passage": "김경래]너무 원론적인 말씀이신데, 조금 더 살을 붙이셔서 대답을 해주셔야지, 이게... 알겠습니다. 어쨌든 각급이, 각급이라면 지금 아주 실무급이 아닌 급에서도 접촉들이 이루어지고 있다?\n조세영]저희 외교부의 국장급, 과장급은 거의 한 일주일 단위로 만나고 있고요. 굉장히 활발하게 소통하고 있습니다. 또 필요하다면 장관급, 차관급도 대화를 유지하고 있고요. 그런 식으로 범정부적으로 각급 소통을 하고 있다, 이렇게 말씀 올릴 수 있겠습니다.\n김경래]알겠습니다. 지금 시간이 많지 않아요, 지소미아 종료가 다음 달 23일이고 대법원 판결 이후에 일본 기업 자산 현금화 조치 이게 연말쯤에 된다는 것 아니에요? 이게 분기점들이 한 달 뒤, 두 달 뒤 정도에 있는데 이게 지금이 골든타임이라고 하는 쪽이 있어요. 마음이 좀 바쁘시겠어요.\n조세영]저희들이 그런 시간표를 잘 알고 있습니다. 시간표를 잘 알고 있어서 그렇기 때문에 소통을 더욱 긴밀히 하고 분발 노력을 하고 있습니다만 지금 시점에서는 구체적으로 이렇게 되겠죠라는 전망을 말씀드리기는 조금 어려운, 아직도 좁혀야 될 간격이 크고요. 그런 상황이라고 말씀을 올리겠습니다만 어쨌든 그 시간표는 정말 저희들이 잘 명심하고 있습니다.\n김경래]최근에는 좀 다르지만 불과 몇 달 전만 해도 어디 국제 다자간 회담, 회의 이런 데서 일본 측과 만나면 굉장히 눈도 안 마주치는 정도의 어떤 살벌한 분위기였습니다. 이번 회담에서는 좀 어땠습니까? 실무자 간에도 접촉이 있었을 거고 했을 텐데 느낌이 어떠셨어요?"
  },
  "Annotation": {
    "Summary1": "지소미아 종료가 익월 23일이고 일본 기업 자산 현금화 조치가 연말에 되는 일정이라 범정부적으로 소통을 하고 있다.",
    "Summary2": "외교부의 국장급 및 과장급은 일주일 단위로 만나 활발하게 소통하고 있고, 필요하면 장관급, 차관급도 대화를 유지하는 식으로 범정부적으로 각급 소통을 하고 있다. 지소미아 종료가 익월 23일이고 일본 기업 자산 현금화 조치가 연말 즈음에 이루어지니 현시점이 골든타임이기도 하다. 그런 시간표를 잘 알고 있어 소통을 긴밀히 하며 노력을 하고 있다.",
    "Summary3": ""
  },
  "filename": "SCRIPT-c_event-00268-00005.json"
}