{
  "Meta": {
    "doc_id": "SCRIPT-c_event-00122",
    "doc_category": "SCRIPT",
    "doc_type": "c_event",
    "doc_name": "최경영의 최강시사",
    "author": "KBS",
    "publisher": "KBS",
    "published_year": "2021",
    "doc_origin": "최강시사",
    "passage_id": "SCRIPT-c_event-00122-00008",
    "passage": "김경래]알겠습니다. 시간이 다됐는데 정치 이야기도 한 두 가지만 여쭤볼게요. 추미애 장관 아들 병역 문제, 휴가 문제죠, 일종의. 거기에 청탁이 있었느냐, 없었느냐? 이런 논란이 제2의 조국 사태다, 이런 이야기까지 나오고 있습니다. 여기에 대해서 어떻게 생각하고 계세요? 보고 계신 입장이겠지만.\n이재명]저는 자세한 내용을 들여다보지 못해서 일도 사실 바쁘고 해서 정확히 모르겠는데 저는 이게 마녀사냥을 평생 당해온 사람이어서 대체적으로는 침소봉대들이거나 좀 팩트와 벗어난 것들이 많더라는 제 개인적 경험을 갖고 있죠. 정확히 모르겠습니다. 모르겠어서 잘했느니 못했느니 말씀 못 드리는데 어제 그거 한 번 알았는데요. 제가 좀 놀랐어요.\n김경래]어떤 거요?\n이재명]어떤 분이 무슨 가족 두 분을 놓고 40분 동안 교육을 시켰다든가 충고를 했다든가 그런 이야기 있었잖아요.\n김경래]네, 그런 이야기 있었죠.\n이재명]그런 데 제가 어제 제 아내한테 들어보니까 그게 군에서는 병사들의 가족들을 통째로 모아놓고 일반적인 교육을 하는 경우가 있습니다. 생활과 관련된 충고라기보다는 교육 안내 그게 있는데, 아마 그게 아니겠느냐? 그런데 대중들이 들을 때는 이 두 사람을 따로 불러다가 야단을 쳤구나, “나쁜 짓하면 안돼!”이렇게. 이렇게 느껴졌거든요, 저도요. 좀 이상하다, 무슨 대령이 교정도 할 수 있나? 이렇게 생각했더니 아마 전체 장병들 가족 모아놓고 1년 연례 행사로 하는 이야기를 그렇게 표현했던가봐요. 그런데 이건 사실은 국민들이 받아들이는 게 전혀 다르지 않습니까? 통상적인 집단 안내 이러는데 이것을 개별적으로 2명을 불러서 너 나쁜 짓이니까 가족들한테 혼을 냈다는 취지, 이건 전혀 다른데 이런 것을 보면 뭔가 이상하게 흘러간다. 제가 객관적인 팩트는 알 수 없고요."
  },
  "Annotation": {
    "Summary1": "각종 논란들은 국민들에게 사실과 다르게 받아들여지는 경우가 많고 추미애 장관 아들 병역 휴가 문제 역시 그럴 것이다.",
    "Summary2": "각종 논란들은 대체적으로 침소봉대이거나 사실에서 벗어난 경우가 많기 때문에 추미애 장관 아들 병역 휴가 논란 역시 그럴 것이다. 또 군에서 어떤 대령이 장병들의 가족들을 대상으로 일반적인 교육 안내를 한 일이 있었다. 국민들은 이것을 대령이 가족들을 따로 불러 혼냈다는 것으로 전혀 다르게 받아들이고 있다.",
    "Summary3": ""
  },
  "filename": "SCRIPT-c_event-00122-00008.json"
}