{
  "Meta": {
    "doc_id": "SCRIPT-c_event-00265",
    "doc_category": "SCRIPT",
    "doc_type": "c_event",
    "doc_name": "최경영의 최강시사",
    "author": "KBS",
    "publisher": "KBS",
    "published_year": "2021",
    "doc_origin": "김경래의 최강시사",
    "passage_id": "SCRIPT-c_event-00265-00009",
    "passage": "김경래]그러니까 학생들의, 특히 형편이 어려운 알바 같은 것들을 많이 해야 하는 학생들의 진입장벽을 조금 낮춰주는 국가장학금 제도의 개선안 이것도 지금 국회에 있는데 역시 잠자고 있다?\n안진걸]네, 최근에 보니까 서울의 유수 대학이나 부자 학생들은 어떤 식으로든 장학금을 이것저것 찾아서 받습니다. 오히려 저소득층이나 서민들은 정보에도 소외되고 아무래도 그런 지원도 덜받고 심지어는 그러면 남은 게 국가장학금인데 그것마저도 성적 기준으로 너 B 미만이니까 한 푼도 안 줘버려. 한 푼도 안 줍니다. 예를 들면 절반을 준다든지 이런 것도 아니고 한 푼도 안 줘요. 그런데 최대 520만원까지 받을 수 있는 국가장학금을 한 푼도 못받았을 때 이 서민 가구가 겪는 엄청난 충격과 고통은 상상을 초월하는 거거든요. 저는 계속해서 문재인 대통령이나 청와대나 유은혜 부총리가 직접 이런 제도 개선 챙겨달라고 호소를 엄청나게 합니다. 제가 나경원 대표만 비판하는 게 아니라 저는 똑같이 그만큼의 무게로 정부 여당 인사들이 예전에 반값 등록금 할 때 앞장섰잖아요. 그런데 지금은 너무 무사안일합니다. 이러니까 청년이나 대학생들로부터 비판을 받는다고 생각하거든요. 저는 정말 이 부분은 더 정신 차리고 청년, 대학생, 서민가구들의 교육비, 주거비, 의료비, 통신비 부담을 획기적으로 줄여줘야 한다. 그래야 소비를 늘릴 거 아닙니까? 그래야 내수가 살아나고 경제도 살 거 아닙니까."
  },
  "Annotation": {
    "Summary1": "국회는 국가장학금 제도를 개선해 청년의 부담을 줄이고 내수를 개선해 국가 경제를 살려야 한다.",
    "Summary2": "정보에 소외된 저소득층은 고소득층에 비해 장학금 지원을 오히려 덜 받는다. 국가장학금 역시 성적을 기준으로 하여 일절 지원받지 못하는 경우가 생긴다. 이러한 제도를 개선해 청년과 서민가구의 비용 부담을 획기적으로 줄여 소비를 늘리고 내수 개선과 경제 부흥을 이끌어야 하나, 국회는 무사안일한 태도로 인해 비판받고 있다.",
    "Summary3": ""
  },
  "filename": "SCRIPT-c_event-00265-00009.json"
}