{
  "Meta": {
    "doc_id": "SCRIPT-c_event-00254",
    "doc_category": "SCRIPT",
    "doc_type": "c_event",
    "doc_name": "최경영의 최강시사",
    "author": "KBS",
    "publisher": "KBS",
    "published_year": "2021",
    "doc_origin": "김경래의 최강시사",
    "passage_id": "SCRIPT-c_event-00254-00007",
    "passage": "김경래]교육이라는 게 어떤 거예요? 목적이 뭐예요? 4주 동안 왜 그러는 거죠?\n한일영]그 목적은, 삼청교육을 전두환이 만들어떼어 취지는 알겠는데 우리가 무슨 거기 군 교육 유격 훈련받고 뭐 하고 하면서 그거 받아서 어디에 써먹는지 그거는. 그러니까 그냥 고통을 주기 위한 목적이 아니었을까 그렇게 생각합니다.\n김경래]실제로 삼청교육대 사망자가 당시 현장에서도 사망자가 있었고 그 이후에 후유증 때문에 돌아가신 분들도 있을 거 아닙니까. 그게 한 400명이 넘어요, 지금 밝혀진 바로는. 선생님도 목격을 좀 하고 그러셨나요?\n한일영]그럼요. 제가 있을 때 2명인가. 저는 5사단이어서 2명인가 그러고 또 내가 이렇게 탈출해서 징역 살고 나와서는 피해자들 또 노무현 대통령 정권 시절에 과거사 진상규명한다고 그래서 국회에서 살다시피 했었거든요, 삼청교육 문제 때문에. 그때 이야기하는 거 보면 5사단에서 팩트로 나온 거지만 단체로 이렇게 탈출하다가 총 맞아 죽은 사람이 5명인가 있고 그렇다고 나오더라고요, 보니까.\n김경래]실제로 쓰러진 사람들도 현장에서 보셨고?\n한일영]그 사람들은 다 봤겠죠.\n김경래]아니, 선생님도 훈련을 받다가.\n한일영]제가 있을 때는 2명인가 봤고요.\n김경래]그래요? 쓰러진 사람을요?\n한일영]네.\n김경래]그 사람들이 죽었는지 살았는지도 모르는 거죠?"
  },
  "Annotation": {
    "Summary1": "삼청교육대의 목적은 고통을 주기 위한 것이 아니었을까 생각하며 사망자는 400명이 넘는 것으로 밝혀졌다.",
    "Summary2": "삼청교육대의 취지는 단지 고통을 주기 위한 목적이 아니었을까 생각한다. 삼청교육대 사망자는 400명이 넘는 것으로 밝혀졌는데 당시 5사단에 있었던 한 피해자는 단체로 탈출하다가 총맞아 죽은 사람이 5명정도 된다고 말했다. 실제로 훈련 중에 현장에서 2명이 쓰러진 것을 목격한 사람도 있다.",
    "Summary3": ""
  },
  "filename": "SCRIPT-c_event-00254-00007.json"
}