{
  "Meta": {
    "doc_id": "SCRIPT-c_event-00429",
    "doc_category": "SCRIPT",
    "doc_type": "c_event",
    "doc_name": "최경영의 최강시사",
    "author": "KBS",
    "publisher": "KBS",
    "published_year": "2021",
    "doc_origin": "최강시사",
    "passage_id": "SCRIPT-c_event-00429-00005",
    "passage": "최경영]일단 뭐 불미스러운 일에 연루된 점에 대해 매우 안타깝게 생각한다. 이러면서 이제 유감의 뜻은 밝혔습니다, 이재명 후보는. 이게 기존에 입장과 약간 좀 방향이 달라졌다. 국민들에게 사과, 유감의 뜻을 밝히고. 그러나 그럼에도 불구하고 본인이 할 건 했다는 것을 말하는 건지 아니면 뭔가 좀 달라진 건지. 뭐라고 봐야 할까요?\n박주민]전자라고 보시면 됩니다. 그동안에 어떤 취해왔던 자세와 달라진다기보다는 그동안 계속 주장해왔던 것처럼 어려움과 제도적인 한계 속에서도 공공으로 이익을 환수하기 위해서 노력을 했다. 그러나 이제 살피고 또 살폈지만 이렇게 밑에서 실무를 보는 사람들의 부정까지는 완벽하게 못 걸러냈을 가능성이 있다. 그렇다면 그 부분에 대해서는 지휘 감독자로서 유감이라고 이야기를 한 것이고요. 이후에 이제 보다 더 완비된 어떤 제도나 이런 것들을 통해서 앞으로는 그런 일 없도록 하는 데 힘을 쏟겠다 이런 입장인 것이죠.\n최경영]야당은 즉각 지사직에서 사퇴하고 특검을 수용하라 이렇게 이야기를 하고 있잖아요. 특검과 관련해서는 어떤 입장이십니까?\n박주민]저희들이 뭐 여러 차례 반복해서 말씀을 드렸지만 특검이라고 하는 것은 굉장히 시간이 오래 걸리는 시스템이에요. 그래서 지금 진행되고 있는 검찰의 수사보다 당연히 빠를 수가 없고요. 그 다음에 특검이 누가 되느냐에 따라서 경우에 따라서는 국민의힘 쪽 관계자들에 대한 수사나 이런 것들이 제대로 안되고 은폐될 가능성도 있습니다. 그래서 지금은 검찰이 본격적인 수사에 나섰고 굉장히 속도를 내고 있거든요. 그래서 이 수사를 지켜보고 잘할 수 있도록 하는 것이 더 중요하고 효율적이라고 생각합니다."
  },
  "Annotation": {
    "Summary1": "이재명 후보의 유감 표명은 실무자의 부정을 걸러내지 못한 지휘감독자로서의 유감이고 향후 더욱 노력한다는 의미이다.",
    "Summary2": "이재명 후보가 불미스러운 일에 연루된 점에 대해 유감의 뜻을 밝혔다. 기존 입장을 변경했다기보다는 제도적 한계 속에서 공공의 이익 환수를 위해 노력했지만 실무자의 부정을 걸러내지 못한 지휘감독자로서의 유감이고 향후 부정 방지를 위해 더욱 노력한다는 의미이다. 야당이 주장하는 특검은 시간이 많이 소요되므로 검찰 수사가 잘 되도록 하는 것이 중요하다.",
    "Summary3": ""
  },
  "filename": "SCRIPT-c_event-00429-00005.json"
}