{
  "Meta": {
    "doc_id": "SCRIPT-c_event-00146",
    "doc_category": "SCRIPT",
    "doc_type": "c_event",
    "doc_name": "최경영의 최강시사",
    "author": "KBS",
    "publisher": "KBS",
    "published_year": "2021",
    "doc_origin": "최강시사",
    "passage_id": "SCRIPT-c_event-00146-00010",
    "passage": "김경래]그런데 이게 인식의 차이인 것 같은데 앞으로 집이 떨어지지 않을 것 같으면 30대가 지금 하는 게 합리적인 판단인 것이고 앞으로 집값이 떨어질 것 같으면 지금 30대가 벌이는 일이 안타까운 일인데 떨어진다고 보세요? 얼마 전에 그 이야기하셨죠? 8말 9초에 집값이 잡힐 것이다, 이런 취지의 이야기를 하셨잖아요. 그렇죠? \n진성준]떨어질 거라는 보도도 나오기를 기대한다, 이렇게 이야기했습니다. 기대와 희망을 이야기했던 건데 마치 또 예언인 것처럼 보도들을 하고 있어서 해명할 필요가 없어서 제가 가만히 있었습니다만 저는 당위라고 생각합니다. 우리 부동산 시장이 이런 식으로 폭등 양상을 보이는 것은 나라가 망하는 쪽이라고 생각해요. 무슨 일이 있어도 잡아야 된다고 생각하는데 여기에는 예외가 없습니다. 정부도 노력해야 되지만 소비자인 우리 국민들도 함께 노력해줘야 될 대목이 분명하게 있어요. 그건 언론도 마찬가지죠. 그런데 부동산 시장 안 잡힐 것이다, 부동산 가격은 계속 뛸 것이다, 실제로 뛰고 있다는 이야기를 마구 하는 것이 뭐 어떻게 도움이 되겠습니까? 그렇다고 현실을 숨기자는 것은 아닙니다. 그런데 지금도 부동산 투기를 노려서 일확천금하려는 세력들이 있고 또 이 세력들의 이런 것에 놀아나서 또는 속아 넘어가서 그 피해자가 되는 길로 막 달려가는 사람들이 있는데 그러지 말고 냉정을 좀 찾자. 그래서 부동산이 그야말로 재산 증식의 수단이 아니라 주거의 공간으로 말 그대로 인식의 전환도 이루어가고 또 경제적 활동의 전환도 이루어 가야겠다는 사회적 합의를 만들어서 그 방향으로 달려가자는 것입니다."
  },
  "Annotation": {
    "Summary1": "부동산을 주거 공간으로 인식하는 인식의 전환과 함께 경제적 활동의 전환이 이루어지는 사회적 합의가 필요해 보인다.",
    "Summary2": "부동산 시장이 폭등 양상을 보이는 것은 나라가 망하는 쪽으로 보인다. 정부도 노력해야 되지만, 소비자인 국민과 언론도 노력해줘야 될 대목이 있다. 부동산이 재산 증식의 수단이 아니라 주거의 공간으로 인식의 전환이 이루어지고 경제적 활동의 전환도 이루어지는 사회적 합의가 필요해 보인다.",
    "Summary3": ""
  },
  "filename": "SCRIPT-c_event-00146-00010.json"
}