{
  "Meta": {
    "doc_id": "SCRIPT-culture-16228",
    "doc_category": "SCRIPT",
    "doc_type": "culture",
    "doc_name": "왕후장상의 씨가 따로 있나!",
    "author": "KBS",
    "publisher": "KBS",
    "published_year": "2016",
    "doc_origin": "왕후장상의 씨가 따로 있나!",
    "passage_id": "SCRIPT-culture-16228-00001",
    "passage": "화자1]1198년 우리 역사상 최초의 신분 해방 운동이 일어납니다. 바로 천민 중에 천민이었던 노비 만적이 노비도 ‘공경장상(공경장상)’이 될 수 있다며 반란을 일으킨 것입니다. 신분의 벽을 뛰어넘으려는 민초들의 반란이었습니다.\n화자2]1198년 05월 개경의 북산에 노비들이 모입니다. 당시 고려 최고 권력자인 최충헌을 제거하고 각자의 주인을 죽인 뒤, 천민이란 신분의 굴레에서 벗어나기 위함이었습니다. 반란의 주동자인 만적과 노비들은 ‘정(정)’자가 적힌 누런 종이를 표식으로 삼아 나눠 가지고 치밀하게 난을 계획합니다. 노비들도 장수와 재상이 될 수 있다고 외치며 신분 해방을 꿈꾼 만적과 노비들. 만적의 난을 통해 짐승보다 못 한 대우를 받았던 고려 노비들의 삶과, 자신들의 비참한 운명에서 벗어나고자 했던 노비들의 저항과 투쟁에 대해 이야기합니다.\n화자1]만적의 난이 일어나기 22년 전, 공주의 명학소(명학소)에서 망이와 망소이가 난을 일으킵니다. 이들은 무리를 모아 공주를 함락시키고 난을 진압하러 온 3천 명의 토벌대를 궤멸시킵니다.\n화자2]치밀하게 난을 준비해온 만적. 하지만 거사 당일 모인 노비들의 숫자는 수백 명뿐. 만적과 노비들은 일이 실패할 것을 염려해 후일을 기약하고 해산합니다. 그러나 동료 노비 순정의 밀고로 반란 계획은 실패로 끝나고 만다.\n화자1]만적과 노비들은 체포되고 산 채로 강물에 수장 당합니다. 처절하게 끝나버린 만적의 난. 그러나 자신들만의 힘으로 신분 해방과 정권 쟁취를 외치고, 새로운 시대를 꿈꿨던 노비들의 의지와 노력은 우리 역사에 깊은 족적을 남긴다.\n화자2]차별 없는 세상을 꿈꾸며 일어선 만적, 망이, 망소이의 삶을 통해 오늘 우리가 누리는 헌법적 권리의 소중함을 되돌아보는 시간이 될 듯합니다."
  },
  "Annotation": {
    "Summary1": "노비 만적은 자신들의 천한 신분을 극복하기 위해 반란을 일으키려 했지만 실패에 그치고 처형 당했다.",
    "Summary2": "",
    "Summary3": "1198년 노비 만적은 신분의 벽을 허물기 위한 반란을 일으켰다. 개경의 북산에 모인 노비들은 당시 최고 권력자인 최충헌과 자신들의 주인을 죽이기 위해 반란을 계획한다. 하지만 예정된 거사 당일에 모인 사람의 숫자는 수백 명뿐이었기에 후일을 도모하며 흩어진다. 결국 동료였던 노비 순정의 배신으로 반란은 실패하고 만적은 잡혀서 수장 당하고 만다."
  },
  "filename": "SCRIPT-culture-16228-00001.json"
}