{
  "Meta": {
    "doc_id": "SCRIPT-culture-35812",
    "doc_category": "SCRIPT",
    "doc_type": "culture",
    "doc_name": "'작전명, 크리스마스 카고' 1950년 흥남철수의 비밀",
    "author": "KBS",
    "publisher": "KBS",
    "published_year": "2021",
    "doc_origin": "'작전명, 크리스마스 카고' 1950년 흥남철수의 비밀",
    "passage_id": "SCRIPT-culture-35812-00001",
    "passage": "화자1]‘흥남철수작전’은 미 10군과 국군, 그리고 10만 명이 넘는 민간인 피난민까지 함께 구해낸 6.25전쟁 사상 가장 위대한 작전으로 손꼽히는 대규모 해상철수작전입니다.\n화자2]가장 작은 배로 가장 많은 인명을 구한 사례로 기네스북에 오른 ‘메러디스 빅토리호’가 정원의 200배가 넘는 사람을 태울 수 있었던 피난민 배치의 비밀. 독일, 미국, 일본까지 세계 각지의 구조선박을 긁어모은 한미연합군의 기지.\n화자1]방송 최초 공개되는 미 해군 10군단 보고서에 공식 기록된 구조 선박의 명부와 흥남에서의 항해 후 사라진 메러디스 빅토리호 라루 선장의 마지막 행적까지 추적합니다.\n화자2]맥아더 기념관에 보관된 한 장의 서류. 액션리포트(작전보고서)라는 제목의 이 문서는 6.25전쟁이 끝난 후 무려 23년 간 기밀에 부쳐져 있다가 70년대에 세상에 공개되었습니다. 액션리포트에는 보름 간 진행된 흥남철수작전의 진행 과정이 매우 세세하게 기록되어 있는데, 작전에 동원된 배는군함부터 세계 각지에서 달려온 상선, 심지어 어선까지 다양했습니다. 그들이 각종 무기와 짐, 기름까지 버리고 실은 것은 '크리스마스 카고'라는 별칭으로 기록된 특별한 화물, 바로 민간인 피난민들이었습니다.\n화자1]장진호 인근에서 중공군에 포위된 미 10군과 국군을 구하기 위해 막힌 육로 대신 해상철수를 결정한 한미연합군. 남한군이 흥남부두에서 철수한다는 소문을 들은 북한 피난민들은 목숨을 걸고 흥남부두에 집결합니다. 그러나 피난민들을 위한 구조계획은 전혀 마련되어 있지 않은 상황이었습니다.\n화자2]이 때 나선 사람이 연합군 소속 민사부 통역관으로 흥남에 있었던 현봉학 선생입니다. 동포들의 절망적인 상황을 외면할 수 없었던 그는 포니 대령과 함께 아먼드 장군을 설득했고, 극적으로 민간인 수송 허가를 받아내기에 성공합니다. <다큐on>에서는 이 순간을 기록한 미 해군 10군단의 보고서와 흥남철수작전에 참가한 배들의 명부까지 최초 공개합니다.\n화자1]흥남을 떠난 배들의 목적지는 부산과 거제도. 배들이 정박한 곳에는 여지없이 대규모의 피난민촌이 생겨났습니다. 빈손으로 내려온 피난민들은 그곳에서 다시처음부터 새 삶을 쌓아 올려야 했습니다. 피난민 중에는 화가 이중섭. 현재 대전의 명물로 손꼽히는 ‘성심당’의 창립자도 있었습니다. 1950년 흥남부두를 떠난 뒤 71년의 세월이 흐른 지금. 그들은 삶은 저마다 다르지만, 또 닮아있습니다.\n화자2]KBS 1TV ‘다큐ON’ 2부 작 <1950년 흥남철수의 비밀> 1부 ‘작전명, 크리스마스 카고’ 편은 006.19(토), 2부 ‘라루 선장의 마지막 항해’ 편은 26일(토) 밤 11시40분에 방송됩니다."
  },
  "Annotation": {
    "Summary1": "6.25 전쟁 사상 가장 위대한 해상철수 작전인 흥남철수 작전은 미군, 국군과 10여만명의 민간인이 함께 했다.",
    "Summary2": "",
    "Summary3": "흥남철수작전은 미군과 국군, 10만여명의 피난민이 함께 구해낸 6.25 전쟁 사상 가장 위대한 적전으로 꼽히는 해상철수 작전이다. 이 이야기는 무려 23년간 기밀로 부쳐졌다가 공개된 내용으로 리포트에는 흥남철수 작전의 진행과정이 자세하게 기록되어있다. 방송 최초 공개되는 미 해군 10군단 보고서에 공식 기록된 구조 선박의 명부와 흥남에서의 항 후 사라진 메러디스 빅토리아호의 행적까지 추적되는데 KBS 1TV ‘다큐ON’에서 방영된다."
  },
  "filename": "SCRIPT-culture-35812-00001.json"
}