{
  "Meta": {
    "doc_id": "SCRIPT-culture-43701",
    "doc_category": "SCRIPT",
    "doc_type": "culture",
    "doc_name": "문경을 가다, ‘굽이굽이 마음을 품다’",
    "author": "KBS",
    "publisher": "KBS",
    "published_year": "2021",
    "doc_origin": "문경을 가다, ‘굽이굽이 마음을 품다’",
    "passage_id": "SCRIPT-culture-43701-00001",
    "passage": "화자1]한민족의 대표 민요, 아리랑. 아리랑은 지역마다 다양한 곡조로 불렸는데, 그중에서도 문경 아리랑이 그 원조라고 알려져 있습니다. 문경 아리랑을 전승하고 있는 아리랑 마을 사람들은 먹고살기 어려웠던 시절, 밥을 지을 때 함께 가마솥에서 쪄낸 장떡을 곧잘 먹었다는데. 쌀 위에 호박잎을 깔고 그 위에 제철 산나물을 섞은 반죽을 올려 쪄낸 장떡은 주민들에게 삶을 견뎌낼 힘이 되었습니다. 배우 김영철이 마을 어르신들이 만든 추억의 장떡을 먹고, 삶의 애환이 담긴 문경 아리랑을 들어봅니다.\n화자2]그 옛날 영남의 선비들은 ‘나는 새도 떨어뜨릴 만큼 험하다’는 문경새재를 넘어 한양으로 갔습니다. 추풍령은 추풍낙엽처럼 떨어진다고, 죽령은 죽 쑨다고 해서 피했지만 ‘기쁜 소식을 들을 수 있다’는 의미를 지녔던 문경의 고갯길은 과거급제를 바라는 선비들에게 안성맞춤이었던 것. 현재 문경새재는 옛 고갯길의 모습이 남아 있어 사극 촬영지로도 유명합니다. 드라마 ‘태조 왕건’에 출연했던 배우 김영철이 궁예의 최후를 촬영한 용추계곡에서 그 시절을 추억하고, 과거급제를 바랐던 선비의 마음을 느끼며 고갯길을 걸어봅니다."
  },
  "Annotation": {
    "Summary1": "문경 마을 사람들에게 장떡은 삶을 견딜 힘이 되었고, 문경새재는 기쁜 소식을 들을 수 있다는 뜻을 가지고 있다.",
    "Summary2": "",
    "Summary3": "문경 아리랑 전승 마을 사람들에게 어려웠던 시절 먹은 장떡은 삶을 견딜 힘이 되었다. ‘기쁜 소식을 들을 수 있다’는 의미의 문경새재는 과거급제를 바라는 선비들에게 안성맞춤이었다. 현재 문경새재는 사극 촬영지로 유명하다."
  },
  "filename": "SCRIPT-culture-43701-00001.json"
}