{
  "Meta": {
    "doc_id": "SCRIPT-culture-51209",
    "doc_category": "SCRIPT",
    "doc_type": "culture",
    "doc_name": "51209_DC_걸어서세계속으로209_2018169053.txt",
    "author": "KBS",
    "publisher": "KBS",
    "published_year": "2018",
    "doc_origin": "걸어서세계속으로209",
    "passage_id": "SCRIPT-culture-51209-00020",
    "passage": "해설]다음 날 새벽 카파도키아 여행의 백미 중에 백미 열기구를 타러 갔다.\n한 달전부터 예약을 하고도 당일 기상조건이 좋아야만 열기구를 탈 수 있는데 다행히 오늘은 날씨가 괜찮다.\n카파도키아의 기암괴석을 아래로 두고 백여개의 열기구가 동시에 하늘로 떠오르는 장면은 세상 어디에서도 볼 수 없는 황홀한 경험이다.\n1000m 상공에서 바라보는 카파도키아의 여명.\n숨이 멎을 것 같은 아름다움이 가슴 벅찬 감동으로 다가온다.\n한 시간여의 특별한 경험.\n파일럿의 노련한 조종솜씨로 안전하게 지상으로 내려올 수 있었다.\n그리고 이어지는 샴페인 파티.\n마지막 여행지로 향하는 길 비가 내린다.\n다음 날 도착한 곳은 사프란꽃이 많이 자생해 이름 붙여진 사프란볼루다.\n여전히 조금씩 내리는 비를 맞으며 고풍 스러운 마을 거리를 돌아봤다."
  },
  "Annotation": {
    "Summary1": "한 달 전 예약과 기상조건이 따라 줘야 하는 카파도키아의 열기구가 동시에 백여 개 떠오르는 장면은 황홀한 것 같다.",
    "Summary2": "",
    "Summary3": "카파도키아 열기구는 한 달 전부터 예약하고 당일 기상조건도 따라 줘야 탈수 있다. 아래에 기암괴석을 두고 백여 개의 열기구가 동시에 오르는 장면은 황홀하다."
  },
  "filename": "SCRIPT-culture-51209-00020.json"
}