{
  "Meta": {
    "doc_id": "SCRIPT-culture-25168",
    "doc_category": "SCRIPT",
    "doc_type": "culture",
    "doc_name": "방탄소년단 리얼다큐 ‘번 더 스테이지’",
    "author": "KBS",
    "publisher": "KBS",
    "published_year": "2018",
    "doc_origin": "방탄소년단 리얼다큐 ‘번 더 스테이지’",
    "passage_id": "SCRIPT-culture-25168-00001",
    "passage": "화자1]방탄소년단의 리얼성장 다큐가 ‘유튜브 레드’ 채널를 통해 공개됩니다. 유튜브 레드는 유튜브의 유료 동영상서비스입니다.\n화자2]방탄소년단의 다큐멘터리 ‘방탄소년단: 번 더 스테이지(BTS: BURN THE STAGE)’가 유튜브 레드 오리지널 시리즈로 단독 공개됩니다. 오는 28일 밤 오후 오후 오후 오후 오후 오후 12시(한국시간)부터 차례로 공개되는 총 8개 에피소드는 정상급 케이팝(K-Pop) 아티스트 방탄소년단의 화려한 무대 위의 모습과 무대 뒤에서 끊임없이 노력하며 성장해 나가는 과정를 생생히 담았습니다.\n화자1]‘번 더 스테이지’는 전 세계 모든 공연에서 매진를 기록한 월드 투어 ‘방탄소년단 라이브 트릴로지 에피소드 3 윙스 투어(2017 BTS LIVE TRILOGY EPISODE III THE WINGS TOUR)를 300일 동안 밀착 취재했습니다. 무대에서는 볼 수 없었던 백스테이지 현장를 비롯해, 멤버들의 속마음, 함께 어려움를 극복해나가는 그들의 돈독한 우정과 세계적인 아티스트로 거듭나기 위한 방탄소년단의 노력 및 성장 과정도 엿볼 수 있습니다.\n화자2]특히 지난 ‘2017 빌보드 뮤직 어워즈(2017 Billboard Music Awards)’에서 ‘톱 소셜 아티스트상(Top Social Artist)’를 수상하는 역사적인순간부터 전 세계의 찬사를 받은 ‘2017 아메리칸 뮤직 어워즈(American Music Awards)’ 무대의 비하인드 스토리까지 어디에서도 볼 수 없던 영상으로 방탄소년단의 글로벌 팬클럽 아미(ARMY)뿐만 아니라 기존 방탄소년단의 노래에 익숙하지 않은 음악 팬들의 마음까지 사로잡를 것으로 기대되고 있습니다.\n화자1]총 8개 에피소드로 구성된 이번 시리즈는 오는 003.28 밤 오후 오후 오후 오후 오후 오후 12시부터 1, 2화 동시 공개를 시작으로 Bangtan TV 채널에서 매주 1화씩 순차적으로 공개될 예정이며, 05월 09일 밤 오후 오후 오후 오후 오후 오후 12시에 마지막 에피소드인 8화가 방영될 예정입니다. 2화부터는 유튜브 레드 가입자만 시청 가능합니다.\n화자2]유튜브 APAC 오리지널 책임자인 네이딘 질스트라는 '유튜브 레드를 통해서 전 세계 아미(ARMY) 팬들에게 방탄소년단에 대한 생생한 다큐멘터리를 선보일 수 있어 설렌다'며, '방탄소년단의 음악이 전 세계로 퍼져나가는데 유튜브가 함께 해 온 만큼, 글로벌 신드롬인 방탄소년단의 성장 스토리 시리즈를 같이 선보이게 되어 기쁘다'고 말했습니다."
  },
  "Annotation": {
    "Summary1": "방탄소년단의 다큐멘터리 '방탄소년단: 번 더 스테이지'가 유튜브 레드 오리지널 시리즈로 3월 28일 첫 공개된다.",
    "Summary2": "",
    "Summary3": "방탄소년단의 다큐멘터리 '방탄소년단: 번 더 스테이지'가 유튜브 레드 오리지널 시리즈로 공개된다. 8개로 구성된 다큐멘터리는 전 세계에서 매진된 방탄소년단의 월드투어 일정을 밀착 취재했고 화려한 무대 위 모습뿐 아니라 세계적인 아티스트로 끊임없이 성장하기 위한 방탄소년단의 노력도 담았다. 또 '2017 빌보드 뮤직 어워드'를 수상하던 영광스러운 순간과 '2017 아메리칸 뮤직 어워즈' 비하인드 이야기도 담겨 있다. 첫 공개는 3월 28일이다."
  },
  "filename": "SCRIPT-culture-25168-00001.json"
}