{
  "Meta": {
    "doc_id": "SCRIPT-culture-51203",
    "doc_category": "SCRIPT",
    "doc_type": "culture",
    "doc_name": "51203_DC_걸어서세계속으로203_2018152455.txt",
    "author": "KBS",
    "publisher": "KBS",
    "published_year": "2018",
    "doc_origin": "걸어서세계속으로203",
    "passage_id": "SCRIPT-culture-51203-00006",
    "passage": "해설]그런데 이때.\n여자 축구선수단의 북측 수행원과 무심코 이야기를 나누던 한준희 KBS 축구해설위원.\n북측 여자들도 싫어한다는 체육 얘기에 빠져든다.\n보통 내공이 아니다.\n스포츠를 통해 마음을 열어가게 되는 남과 북.\n어느덧 서로 박수까지 쳐주고 있다.\n평양에서의 주요 일정만큼이나 중요한 관심사가 있다.\n남이나 북이나 공통적인 화제는 바로 무엇을 먹느냐 하는 것.\n드디어 불붙은 남북 냉면 자랑.\n그래서 직접 확인해 보기로 했다.\n평양 시민들도 줄을 서서 먹는다는 바로 그 옥류관 냉면.\n남북 화합과 교류의 현장마다 어김없이 등장한 옥류관 냉면이 아닌가.\n단순한 한 끼 이상의 의미가 있는 것이 바로 옥류관 냉면이다.\n평양의 또 다른 명물.\n대동강 맥주도 덤으로 맛본다.\n너무 차지 않게, 하지만 시원하게 마시는 게 이곳 요령."
  },
  "Annotation": {
    "Summary1": "남북 화합과 교류의 현장에서 주요 관심사는 먹거리이며 옥류관 냉면은 그때마다 언제나 등장한다.",
    "Summary2": "",
    "Summary3": "스포츠를 통해 남과 북이 서로 화합하고 있다. 남북의 공통 관심사는 먹거리이며 옥류관 냉면은 남북 화합과 교류의 현장마다 어김없이 등장한다."
  },
  "filename": "SCRIPT-culture-51203-00006.json"
}