{
  "Meta": {
    "doc_id": "SCRIPT-culture-29070",
    "doc_category": "SCRIPT",
    "doc_type": "culture",
    "doc_name": "박누가 선교사를 기억하다, 휴먼다큐 ‘아픈 만큼 사랑한다’",
    "author": "KBS",
    "publisher": "KBS",
    "published_year": "2019",
    "doc_origin": "박누가 선교사를 기억하다, 휴먼다큐 ‘아픈 만큼 사랑한다’",
    "passage_id": "SCRIPT-culture-29070-00001",
    "passage": "화자1]오는 4월 개봉되는 휴먼 다큐멘터리 <아픈 만큼 사랑한다>의 주인공 박누가 선교사와 임준현 감독과의 특별한 만남이 화제입니다. <아픈 만큼 사랑한다>는 시한부 선고에도, 언제나 다른 사람의 아픔이 우선이었던 고 박누가 선교사의 가슴 울리는 이야기를 담은 미라클 휴먼 다큐멘터리.\n화자2]지난 2012년 처음 박누가 선교사를 만나게 된 임준현 감독은 박누가 선교사의 사랑과 희생의 정신에 감명을 받은 많은 사람들의 열화와 같은 관심과 성원으로 5년 만에 다시 그를 찾게 되었습니다. 예전과 다르게 병색이 짙어진 박누가 선교사의 모습을 보며 그를 걱정하는 마음에 '우리 5년 만에 만나게 되었으니, 다음 5년 후에는 영화까지 만들어 볼게요'라는 진심 반 농담 반 담긴 제안을 했었습니다. 이후 그를 도와 필리핀 의료봉사를 하고 있던 조카 김주희 씨로부터 시한부 선고를 받고 병상에 있던 박누가 선교사가 '사람들에게 잊혀지는 것이 두렵다'라고 말한 사연을 전해 듣게 된 임준현 감독이 지난날 약속했던 영화화 제작을 결심하게 된 것.\n화자1]임준현 감독은 영화 <님아, 그 강을 건너지 마오>의 원작 KBS ‘인간극장’ ‘백발의 연인’ 편을 비롯해 약 20여 편의 다큐멘터리를 제작한 베테랑 연출가입니다. 임준현 감독은 박누가 선교사가 몸소 보여준 뜨거운 사랑을 누구보다 가까이서 지켜본 만큼, 이번 작품을 통해 많은 이들이 알고 있는 그의 삶 외에 숨겨진 ‘인간 박누가’의 모든 것을 진솔하게 담아내고자 했습니다."
  },
  "Annotation": {
    "Summary1": "임준현 감독의 '아픈 만큼 사랑한다'는 시한부 삶임에도 타인의 아픔을 먼저 생각했던 박누가 선교사의 이야기다.",
    "Summary2": "",
    "Summary3": "'아픈 만큼 사랑한다'는 시한부 선고에도 타인의 아픔을 우선시 했던 박누가 선교사의 이야기다. 임준현 감독은 박누가 선교사에게 영화를 만들어 보겠다고 말한 적이 있었다. 박누가 선교사가 잊혀지는 것이 무섭다고 했다는 말을 들은 임준현 감독이 지난날 약속했던 영화 제작을 결심한 것이다."
  },
  "filename": "SCRIPT-culture-29070-00001.json"
}