{
  "Meta": {
    "doc_id": "SCRIPT-culture-51201",
    "doc_category": "SCRIPT",
    "doc_type": "culture",
    "doc_name": "51201_DC_걸어서세계속으로201_2018136640.txt",
    "author": "KBS",
    "publisher": "KBS",
    "published_year": "2018",
    "doc_origin": "걸어서세계속으로201",
    "passage_id": "SCRIPT-culture-51201-00017",
    "passage": "해설]나는 전망대까지 오를 수 있는 짧은 코스를 선택했는데 눈으로 느낄 수 있는 청량감이란 이런 것일까? 가슴 속까지 시원해지는 느낌이다.\n10분 정도를 걸어 도착한 전망대.\n그라운크겐들의 고봉들이 파노라마처럼 펼쳐진다.\n나는 사람들이 추천하는 한 곳을 더 가보기로 했다.\n하늘을 걷는 듯한 느낌의 두 협곡을 연결한 출렁다리.\n고소공포증이 심한 나는 몇 번의 망설임 끝에 다리를 건넜다.\n고개를 돌려 먼 곳의 풍경을 보니 공포심이 조금씩 사라진다.\n하지만 마음과는 달리 빨라지는 걸음은 어쩔 수 없다.\n나는 바드 가슈타인을 떠나 오스트리아 남부 클라겐푸르트로 향했다.\n클라겐푸르트는 탄생과 관련된 전설이 있다.\n이 지역 호수에는 사람을 잡아 먹던 용이 있었고 이 용을 죽인 자에게 호수의 땅을 준다는 영주의 말에 용기 있는 젊은이들이 용을 죽이고 이곳에 세운 도시가 클라겐푸르트다."
  },
  "Annotation": {
    "Summary1": "나는 전망대에 도착하여 그라운크겐들의 고봉들을 보고 바드가슈타인을 떠나 오스트리아 클라겐푸르트로 향했다.",
    "Summary2": "",
    "Summary3": "짧은 코스를 선택한 나는 10분 정도를 걸어 전망대에 도착하니 그라운크겐들의 고봉들이 펼쳐진다. 바드가슈타인을 떠나 오스트리아 클라겐푸르트로 향했다."
  },
  "filename": "SCRIPT-culture-51201-00017.json"
}