{
  "Meta": {
    "doc_id": "SCRIPT-culture-45277",
    "doc_category": "SCRIPT",
    "doc_type": "culture",
    "doc_name": "솔라, 양치승과 함께 몸짱 잡지 표지모델 도전",
    "author": "KBS",
    "publisher": "KBS",
    "published_year": "2021",
    "doc_origin": "솔라, 양치승과 함께 몸짱 잡지 표지모델 도전",
    "passage_id": "SCRIPT-culture-45277-00001",
    "passage": "화자1]마마무 솔라는 양치승의 지옥 훈련을 견뎌낼 수 있을까.\n화자2]16일 방송되는 KBS 2TV 예능 ‘사장님 귀는 당나귀 귀’에서는 몸짱 잡지 표지 모델을 향한 양치승과 솔라의 열혈 바디 메이킹 특훈이 그려집니다.\n화자1]이날 양치승은 표지 모델 동반 출연을 제안했던 솔라가 체육관을 찾아오자 새로 단장한 VVIP실로 안내하는 등 격하게 환영했습니다.\n화자2]본격적인 훈련에 앞서 운동 능력을 파악하기 위한 질문에 솔라는 퍼스널 트레이닝, 필라테스, 폴 댄스, 복싱, 점핑머신, 사격, 수영, 클라이밍 등 각종 운동을 경험했다고 해 양치승을 더욱 기대감에 부풀게 만들었습니다.\n화자1]이런 가운데 솔라의 인바디 검사 결과를 보고 갑자기 표정이 굳어진 양치승은 '되지의 체지방률이 몇 프로인 줄 알아요?'라는 의미심장한 질문을 던졌다고 해 무슨 이유로 그런 말을 한 것인지 궁금하게 만듭니다.\n화자2]한편,처음부터 힘들게 훈련하면 솔라가 포기할까 봐 순한 양처럼 한없이 부드러운 코칭을 선보이던 양치승은 시간이 지날수록 자신도 모르게 점차 호랑이 관장다운 매서운 본능을 드러내기 시작했습니다.\n화자1]언제나 밝고 열정적인 광텐션을 유지해 온 솔라도 힘들어 할 정도로 고강도 하드 트레이닝이 계속되면서 이를 지켜보던 다른 트레이너들이 '(솔라가)내일부터 안 나오면 어떻게 해요?'라고 걱정했을 정도라는 데.\n화자2]과연 솔라가 소문난 양치승의 지옥 훈련을 이겨내고 완벽한 몸짱으로 거듭날 수 있을지 관심이 집중되고 있습니다.\n화자1]솔라와 양치승의 불타는 특훈 현장은 16일(일) 오후 05시 KBS 2TV ‘사장님 귀는 당나귀 귀’를 통해 확인할 수 있습니다."
  },
  "Annotation": {
    "Summary1": "'사장님 귀는 당나귀 귀’에서는 몸짱 잡지 모델이 되기 위한 양치승과 솔라의 열혈 바디 메이킹 특별훈련이 그려진다.",
    "Summary2": "",
    "Summary3": "‘사장님 귀는 당나귀 귀’에서는 몸짱 잡지 표지 모델을 향한 양치승과 솔라의 열혈 바디 메이킹 특훈이 그려진다. 양치승은 솔라의 인바디 검사 결과를 보고 표정이 굳어진다. 부드러운 코칭을 선보이던 양치승은 시간이 지날수록 매서운 본능을 드러낸다. 솔라가 양치승의 지옥 훈련을 이겨내고 몸짱으로 거듭날 수 있을지 관심이 쏠린다."
  },
  "filename": "SCRIPT-culture-45277-00001.json"
}