{
  "Meta": {
    "doc_id": "SCRIPT-culture-51213",
    "doc_category": "SCRIPT",
    "doc_type": "culture",
    "doc_name": "51213_DC_걸어서세계속으로213_2018184853.txt",
    "author": "KBS",
    "publisher": "KBS",
    "published_year": "2018",
    "doc_origin": "걸어서세계속으로213",
    "passage_id": "SCRIPT-culture-51213-00014",
    "passage": "해설]오전 10시경 떠오른 해는 서너 시가 되면 저문다.\n그런데 여전히 얼음 구멍 안은 아무런 움직임이 없다.\n민물송어는 그림자조차 보이질 않는다.\n이렇게 마냥 기다리는 것도 얼음낚시의 묘미인가 보다.\n칼바람이 부는 얼음호수 위.\n해는 떨어지고 입질은 없다.\n이만 돌아서야 할 것 같다.\n이들에게는 또 내일이 있다.\n하지만 나는 오늘 어두워지기 전에 도시로 돌아가야 한다.\n화이트호스 근교에 유명한 온천이 있다는 정보를 얻어 타키니를 방문했다.\n11월이지만 온종일 영하의 기온을 유지하는 유콘 날씨에 나도 온천욕을 즐겨보기로 했다.\n타키니 온천은12월부터 성수기에 접어든다.\n그 무렵 이곳을 찾는 사람들은 신기한 경험도 할 수 있다고 한다.\n환태평양 불의 고리 덕에 이곳 온천은 100여 년의 역사를 자랑하는 곳이 됐다."
  },
  "Annotation": {
    "Summary1": "해가 진 후에도 성과 없는 얼음낚시를 뒤로하고, 온천욕을 즐기기 위해 타키니를 방문했다.",
    "Summary2": "",
    "Summary3": "해가 진 후에도 얼음낚시의 성과는 없었다. 돌아서서 온천욕을 위해 타키니를 방문했다. 환태평양 불의 고리 덕분에 이곳의 온천은 오랫동안 유지할 수 있었다."
  },
  "filename": "SCRIPT-culture-51213-00014.json"
}