{
  "Meta": {
    "doc_id": "SCRIPT-culture-51209",
    "doc_category": "SCRIPT",
    "doc_type": "culture",
    "doc_name": "51209_DC_걸어서세계속으로209_2018169053.txt",
    "author": "KBS",
    "publisher": "KBS",
    "published_year": "2018",
    "doc_origin": "걸어서세계속으로209",
    "passage_id": "SCRIPT-culture-51209-00001",
    "passage": "해설]인천국제공항에서 오후 오후 12시간을 날아 터키의 역사수도 이스탄불에 도착했다.\n로마, 비쟌틴, 오스만투르크제국 등 3개의 역사를 써내려간 도시 이스탄불.\n지정학적적으로 전략적 요충지이자 해상 무역의 거점이다.\n이스탄불은 보스포르스 해협을 건너 세계에서 유일하게 유럽 대륙과 아시아 대륙에 걸쳐 도시를 형성하고 있다.\n옛 동로마제국의 수도인 콘스탄티노블을 1453년 오스만투르크제국이 점령하며 격변의 역사와 함께 지금의 이스탄불이 만들어졌다.\n생생하게 융화된 살아 있는 야외 박물관 이다.\n첫 여정은 이스탄불에 위치한 위스퀴다르에서 시작한다.\n터키인 99%의 종교는 이슬람이다.\n해안가에 여가를 즐기는 많은 여성들이 각자의 종교와 개성에 따라 다양한 히잡을 쓰고 있다.\n조금은 수줍고 보수적이라 생각했는데 그건 나만의 착각이었다."
  },
  "Annotation": {
    "Summary1": "이스탄불은 세계에서 유일하게 유럽과 아시아에 걸쳐 도시를 형성하고 있다.",
    "Summary2": "",
    "Summary3": "이스탄불은 터키의 역사 수도이다. 세계에서 유일하게 유럽과 아시아에 걸쳐 도시를 형성하고 있다. 지정학적으로 전략적 요충지이자 해상 무역의 거점이다."
  },
  "filename": "SCRIPT-culture-51209-00001.json"
}