{
  "Meta": {
    "doc_id": "SCRIPT-culture-04519",
    "doc_category": "SCRIPT",
    "doc_type": "culture",
    "doc_name": "상상 그 이상의 경기, 박주봉-김동문 vs 이용대-유연성",
    "author": "KBS",
    "publisher": "KBS",
    "published_year": "2014",
    "doc_origin": "상상 그 이상의 경기, 박주봉-김동문 vs 이용대-유연성",
    "passage_id": "SCRIPT-culture-04519-00001",
    "passage": "화자1]박주봉, '올림픽 경기보다 더 긴장'.\n화자2]역사상 전무후무한 경기를 안방에서 관람할 수 있는 단 한 번의 기회가 오늘 벌어집니다. 오늘(14일) 방송되는 '우리 동네 예체능'(이하 '예체능') 40회는 배드민턴 사상 처음 열리는 세기의 대결 '배드민턴 리턴즈- 올스타 슈퍼매치'의 두 번째 편 '박주봉-김동문 vs 이용대-유연성'의 경기가 펼쳐집니다. 이들이 펼칠 '역사적 첫 맞대결'에 그 어느 때보다 시청자들의 관심이 뜨겁다.\n화자1]이에, 시청자들 못지않게 경기에 임하는 선수들 또한 연륜을 막론하고 떨리는 감정을 감추지 못했다는 후문입니다. 경기에 앞서 이용대는 '여기 올 때는 살살해야겠다고 생각했는데 안 그러면 질 것 같습니다. 최선을 다하겠다'며 포부를 밝히는가 하면, 연신 화장실을 다녀온 유연성은 '예능이지만 다큐를 찍겠다'고 말하며 자신의 남다른 의지와 열정을 피력했습니다.\n화자2]무엇보다 '배드민턴의 교과서'라 불리며 세계 배드민턴을 호령한 '전설' 박주봉 감독마저 '올림픽 경기보다 더 긴장됩니다. 부상도 각오하고 있다'라고 말해 전설도 '예체능' 경기에서는 긴장한다는 사실을 여실히 드러냈습니다.\n화자1]그런가 하면, 경기를 지켜보던 예체능 선수들 역시 긴장감을 감추지 못했습니다. 경기 내내 힘찬 목소리로 동료들을 응원한 존박은 시종일관 자리에 앉지 못한 채 '이 정도일 줄은 몰랐습니다. 내 인생 통틀어서 제일 재미있는 경기'라고 말하며 북받치는 감정을 억누르지 못했습니다.\n화자2]이에 대해 '예체능' 제작진은 '지난 한일전 못지않은 최고의 경기가 오늘 밤 펼쳐질 예정이니 놓치지 말기 바란다'고 전해 역사에 길이 남을 역대급 배드민턴 경기는 어땠을지 궁금증을 자아내게 합니다.\n화자1]이처럼 한 경기가 무려 50분 간 진행됐을 뿐만 아니라 5번 이상의 셔틀콕 교체와 배드민턴 라켓줄이 끊어지는 초유의 사태가 발생하는 등 모든 선수들을 전율케 한 박주봉 vs 이용대의 한판 승부는 오늘 밤 '우리 동네 예체능'에서 확인할 수 있습니다.\n화자2]한 겨울 추위를 뜨거운 금빛 스매싱으로 날려버릴 '배드민턴 리턴즈- 올스타 슈퍼매치'는 강호동, 이만기, 최강창민, 존박, 닉쿤, 찬성, 박주봉, 김동문, 이동수, 하태권, 이용대, 유연성이 참여하는 가운데 오늘 밤 11시20분에 방송. 이후 '예체능'은21일부터 농구 편이 이어질 예정입니다."
  },
  "Annotation": {
    "Summary1": "'우리 동네 예체능' 40회에서 '박주봉-김동문 vs 이용대-유연성'의 경기가 치열하게 진행됐다.",
    "Summary2": "",
    "Summary3": "'우리 동네 예체능' 40회 '배드민턴 리턴즈- 올스타 슈퍼매치'에서 '박주봉-김동문 vs 이용대-유연성'의 경기가 펼쳐졌다. 이용대는 살살하면 질것 같아 최선을 다하겠다고 밝혔고, 유연성은 예능이지만 다큐를 찍겠다고 의지를 보였으며 '배드민턴의 교과서'라 불렸던 박주봉은 올림픽보다 더 긴장된다고 말했다. 이 경기는 무려 50분간 진행됐고 배드민턴 라켓줄이 끊어지는 사태가 발생하는 등 치열하게 진행됐다."
  },
  "filename": "SCRIPT-culture-04519-00001.json"
}