{
  "Meta": {
    "doc_id": "SCRIPT-culture-12275",
    "doc_category": "SCRIPT",
    "doc_type": "culture",
    "doc_name": "‘퐁네프의 레오스 카락스’ 서울에 오다",
    "author": "KBS",
    "publisher": "KBS",
    "published_year": "2015",
    "doc_origin": "‘퐁네프의 레오스 카락스’ 서울에 오다",
    "passage_id": "SCRIPT-culture-12275-00001",
    "passage": "화자1]오래 전, 1992년 한국 극장에 ‘퐁네프의 연인들’이 처음 내걸렸을 때 한국에는 변변한 영화잡지도 없었고, 멀티플렉스 극장도 없었습니다. 하지만 그때도 낭만이란 것이 그럭저럭 있었습니다. 물론 영화 속 줄리엣 비노 쉬도 매력적이었고 드니 라방도 젊었었습니다. 바로 그 영화를 만든 레오스 카락스 감독이 한국을 찾았습니다. 지난 30년 동안 단 다섯 편의 영화를 내놓으며 독보적인 스타일을 구축한 시네 아티스트 레오스 카락스의 삶과 작품세계를 조명한 다큐 영화 ‘미스터 레오스 카락스’(감독: 테사 루이즈 살로메)의 개봉을 기념하여 한국을 찾은 것입니다. 지난 주 부산국제영화제에 참석했던 카락스 감독은 곧바로 서울로 올라와 오래된 팬들을 만났습니다.\n화자2]지난 주말 이틀 동안 레오스 카락스 감독을 만나는 자리가 두 차례 펼쳐졌습니다. 첫날(10일), 서울 CGV아트하우스 명동역 씨네라이브러리에서 열린 시네마톡에서는 영화주간지 씨네21의 주 성철 편집장이 진행을 맡았습니다. 주 편집장은 영화 ‘퐁네프의 연인들’ 이야기를 먼저 꺼냈습니다. '마지막 장면에서 파리를 떠나고 싶어하는 느낌을 받았는데, 그게 감독님의 심경이었는지 궁금하다'고 질문을 던졌습니다. 이에 레오스 카락스 감독은 '가장 최근에 만든 작품인 ‘홀리모터스’ 또한 마지막 장면에서 주인공이 집으로 돌아가는 것으로 설정했었습니다. 내가 늘 생각하는 것은 ‘나의 집’이라는 게 뭘까. ‘우리는 어디에 속해있는가’라는 질문입니다. 누가 나에게 물어보면 ‘나는 영화라는 섬에 산다.’라고 대답하지만 ‘나는 어디에 속해 있는가’란 질문은 계속해서 하고 있습니다.'고 대답했습니다.\n화자1]또한 자신의 영화에 춤을 추고, 달리는 인물들을 고집하는 이유에 대해서는 '처음에 영화를 만들고 나서 보니까 정적이라는 생각이 들었습니다. 그런데 드니 라방을 만나고 나서 그의 몸이 무용수같다는 생각을 했고 인물에 움직임을 넣자고 생각했습니다. 맨 처음 ‘소년 소녀를 만나다’를 만들 때 ‘소년이 소녀에게 다가갈 때 어떤 식으로 다가가지?’라는 생각으로 만들었고, 그 이후에도 주로 소년이 사랑에 대해 느끼는 감정들을 ‘춤과 음악’을 통해 보여주고자 했습니다.'라고 대답했습니다.\n화자2]영화를 만들기 위한 영감을 어디서 얻냐는 질문에 카락스 감독은 '나는 사실주의자는 아닙니다. 영화를 만들 때마다 새로운 세계를 창조한다고 생각하기 때문에, 많이 만들지 않는 편입니다. 한 영화를 만들고 나서 내 자신을 재창조해야 된다고 생각하기 때문이다'라고 답했으며, 예술을 하려는 학생들에게 조언해주고 싶은 말을 묻는 질문에는 짧게 'Do it, Try it'이라고 대답, 좌중을 압도하며 분위기를 더욱 고조시켰습니다.\n화자1]레오스 카락스의 영화세계를 느낄 수 있는 ‘미스터 레오스 카락스’는 지난 주 개봉되었습니다. (영화/박재환)."
  },
  "Annotation": {
    "Summary1": "‘미스터 레오스 카락스'의 레오스 카락스 감독이 부산 국제 영화제와 서울 CGV 아트하우스의 시네마 톡에 참석했다.",
    "Summary2": "",
    "Summary3": "지난주 개봉 영화 ‘미스터 레오스 카락스’의 레오스 카락스 감독이 부산 국제 영화제 참석 후 서울 CGV 아트하우스 명동역 씨네 라이브러리에서 열린 시네마 톡에 참석했다. 그는 ‘홀리 모터스’ 주인공이 집으로 돌아가는 마지막 장면을 예로 들어 자신은 영화라는 섬에 산다고 말하지만 자신이 속한 곳이 어디인지에 대해서는 스스로에게 끊임없이 질문을 한다고 말했다. 춤을 추거나 달리는 인물이 그의 작품에 많은 이유에 대해서는 ‘소년 소녀를 만나다’ 제작 당시 소년의 감정을 춤과 음악으로 표현하고자 했다고 답했다."
  },
  "filename": "SCRIPT-culture-12275-00001.json"
}