{
  "Meta": {
    "doc_id": "SCRIPT-culture-51205",
    "doc_category": "SCRIPT",
    "doc_type": "culture",
    "doc_name": "51205_DC_걸어서세계속으로205_2018154157.txt",
    "author": "KBS",
    "publisher": "KBS",
    "published_year": "2018",
    "doc_origin": "걸어서세계속으로205",
    "passage_id": "SCRIPT-culture-51205-00005",
    "passage": "해설]스마트폰 GPS에도 나오지 않는 길.\n금세 길을 잃고 만다.\n그 천년 동안 높은 담 사이의 골목은 사막의 뜨거운 햇볕과 거센 모래바람을 막아줬고 수많은 미로 골목은 도시에 침입한 외적을 순식간에 혼란에 빠뜨렸다.\n도시는 바로 옛 사람들의 지혜의 산물이었던 것이다.\n그렇다면 이 도시를 처음 만든 사람은 누구였을까.\n바로 이드리스 2세다.\n예언자 무함마드의 후손이었지만 이슬람 교단 내 권력투쟁에 모로코까지 쫓겨온 그는 이곳을 도읍 삼아 새 나라를 세웠다.\n그것이 모로코 이슬람의 시초였고 천년고도 페스의 시작이었다.\n관광객들로 항상 문전성시를 이루는 이곳.\n오직 이슬람 신자만이 출입이 허락되는 사원은 과거 아랍 지성을 대표하는 학문의 산실이었다.\n한 여성이 만든 옛 대학은 이제 페스 사람들의 종교적 중심이 됐다."
  },
  "Annotation": {
    "Summary1": "이드리스 2세가 세운 페스는 담과 미로 골목으로 만들어져 사막의 햇볕과 모래바람 및 적의 침입을 막아준다.",
    "Summary2": "",
    "Summary3": "이슬람 권력 투쟁으로 쫓기던 이드리스 2세는 모로코에 페스를 세웠다. 페스의 담과 미로 골목은 사막의 햇볕과 모래바람, 적의 침입을 차단하게 만들어졌다."
  },
  "filename": "SCRIPT-culture-51205-00005.json"
}