{
  "Meta": {
    "doc_id": "SCRIPT-culture-51200",
    "doc_category": "SCRIPT",
    "doc_type": "culture",
    "doc_name": "51200_DC_걸어서세계속으로200_2018128196.txt",
    "author": "KBS",
    "publisher": "KBS",
    "published_year": "2018",
    "doc_origin": "걸어서세계속으로200",
    "passage_id": "SCRIPT-culture-51200-00012",
    "passage": "해설]지난 20여년 간 떨어져 보지 못했지만 만나지 못한 긴 시간의 공백이 무색할 정도로 모두 한 마음, 한 뜻이다.\n이런 행복한 모습을 보고 있자니 무척 부러운 마음에 우리 남북 분단 이야기를 들려드렸다.\n그러자 가슴 깊이 공감하며 위로의 인사를 건네고는 바로 기도로 대신한다.\n우리도 머지않아 이산가족들과 함께할 날을 그리며 이분들의 진심 어린 기도와 같은 마음으로 나도 기도를 드렸다.\n다시 두샨베로 향한 길.\n실크로드 낙타행렬과 우즈베키스탄과 타지키스탄의 대통령도 보인다.\n두샨베에 도착해 산책 중에 우연히 한 화가를 만났다.\n과거 조각건축술이 발달했던 타지크인들의 예술 문화가 궁금했던 터라 바로 따라 나섰다.\n안으로 들어가자 또 한 분이 계신다.\n그림 작업이 한창인데.\n알고 보니 이곳은 몇몇의 예술인들이 각자가 추구하는 예술 작품을 만들기 위해 같이 작업하고 공부하는 공동예술작업실이라고 한다."
  },
  "Annotation": {
    "Summary1": "두샨베에서 우연히 한 화가를 만나 따라 나서보니 몇몇 예술인들이 같이 작업하고 공부하는 공동예술작업실이 나왔다.",
    "Summary2": "",
    "Summary3": "두샨베에서 산책하던 중에 우연히 한 화가를 만났다. 타지크인들의 예술 문화가 궁금했기에 따라 나서보니 몇몇 예술인들이 같이 작업하고 공부하는 공동예술작업실이 나왔다."
  },
  "filename": "SCRIPT-culture-51200-00012.json"
}