{
  "Meta": {
    "doc_id": "SCRIPT-culture-51206",
    "doc_category": "SCRIPT",
    "doc_type": "culture",
    "doc_name": "51206_DC_걸어서세계속으로206_2018154680.txt",
    "author": "KBS",
    "publisher": "KBS",
    "published_year": "2018",
    "doc_origin": "걸어서세계속으로206",
    "passage_id": "SCRIPT-culture-51206-00010",
    "passage": "해설]왕실의 노력은 거기서 그치지 않았다.\n고산족에게 생활 터전과 일자리를 마련하기 위해 새로운 작물을 재배하는 법을 가르쳐줬다.\n프로젝트에 가장 적당한 작물은 바로 아라비카커피다.\n고산지대의 서늘한 기후 덕에 마약재배지에서 커피 생산지로 탈바꿈할 수 있었다.\n해발 1300m의 깊은 산속에서 자라는 아라비카 커피는 아카족에게 주요 수입원이다.\n비와 바람을 고스란히 맞으며 청정자연에서 자란 커피콩이다.\n익었는지 한 번 먹어본다.\n아카족에게 커피는 없어서는 안될 중요한 재산이 됐다.\n이곳에서는11월부터 이듬해 2월까지 커피를 수확한다.\n무국적이던 고산족에게 국적이 주어지고 커피 작물도 재배하게 하면서 삶의 질이 높아졌다.\n마음껏 뛰어놀 수 있는 너른 축구장과 평온한 일상이 사람들에게 행복을 안겨준다."
  },
  "Annotation": {
    "Summary1": "아카족은 아라비카 커피를 재배하여 수익을 얻는데, 이는 그들의 삶의 질을 높였다.",
    "Summary2": "",
    "Summary3": "왕실에서는 고산족에게 새로운 작물을 재배하는 방법을 가르쳤다. 이렇게 시작된 작물인 아라비카 커피는 아카족의 주요 수입원으로, 그들의 삶의 질을 높였다."
  },
  "filename": "SCRIPT-culture-51206-00010.json"
}