{
  "Meta": {
    "doc_id": "SCRIPT-culture-51260",
    "doc_category": "SCRIPT",
    "doc_type": "culture",
    "doc_name": "51260_DC_걸어서세계속으로260_2019194082.txt",
    "author": "KBS",
    "publisher": "KBS",
    "published_year": "2019",
    "doc_origin": "걸어서세계속으로260",
    "passage_id": "SCRIPT-culture-51260-00003",
    "passage": "해설]이곳의 매력이다.\n광장으로 나오니 초대형 크리스마스 트리가 눈길을 끈다.\n낮에도 수많은 예쁜 전구가 빛나고 있다.\n저마다 트리 앞에서 사진을 찍는 모습이 즐거워 보인다.\n북적이는 사람들 사이로 좀 특이한 차림의 노신사와양 한 마리가 보인다.\n그는 10년째 이렇게 양과 함께 거리 모금 활동을 해오고 있다고 한다.\n누군가에게 작은 도움이 되기를 바라며 나도 모금에 동참했다.\n이웃과 나누고 함께하는 명절답게 작은 기부를 하니 기분이 좋아진다.\n타임스강을 가로지르는 이 다리는 세계 2차 대전 당시 지어졌다.\n특히 레이디스 다리라는 별칭을 가지고 있는데 남성들이 전쟁에 징집돼 여성들만이 건설에 참여했기 때문이다.\n나는 런던아이 근처에 위치한 사우스뱅크로 향했다.\n런던에서 가장 규모가 큰 크리스마스 마켓 중 하나가 이곳에서 열린다."
  },
  "Annotation": {
    "Summary1": "광장에는 초대형 크리스마스 트리가 빛나고 있고 한 노신사가 양 한마리와 함께 10년째 거리 모금을 하고 있다.",
    "Summary2": "",
    "Summary3": "광장에는 초대형 크리스마스 트리가 낮인데도 빛나고 있어 즐겁게 사진을 찍는 사람들이 많다. 한 노신사는 양 한마리를 데리고 10년째 거리 모금을 하고 있다."
  },
  "filename": "SCRIPT-culture-51260-00003.json"
}