{
  "Meta": {
    "doc_id": "SCRIPT-culture-43958",
    "doc_category": "SCRIPT",
    "doc_type": "culture",
    "doc_name": "유해진 핸드메이드, 수제 명품시계, 슈메이킹",
    "author": "KBS",
    "publisher": "KBS",
    "published_year": "2021",
    "doc_origin": "유해진 핸드메이드, 수제 명품시계, 슈메이킹",
    "passage_id": "SCRIPT-culture-43958-00001",
    "passage": "화자1]KBS 1TV 특집 프로그램 <핸드메이드>(2부 작) 2부가 21일 밤 방송됩니다. <핸드메이드>는 배우 유해진이 여러 공방을 방문해 손으로 무언가 만드는 과정을 담습니다.\n화자2]지난 1부 방송은 유해진이 서툴지만 정성 어린 손길로 물건을 만들며 행복을 느끼는 과정을 담담하게 담아냈습니다. 프로그램의 소제목인 ‘아날로그 라이프‘에 걸맞은 천천히 걷는 듯한 속도감은 시청자들에게 새로운 힐링을 선사했다는 평을 받았습니다.\n화자1]이번 주 일요일 방송되는 2부에서는 시계, 구두 공방 장인을 만납니다. 먼저 전 세계적으로 40여 명에 불과한 독립시계제작자 현광훈과 ‘손목 위 우주‘라 불리는 태엽 시계를 분해, 조립해볼 예정입니다. 이어 유럽 정통 방식의 ’진짜‘ 수제 구두를 만든다는 슈메이커 테리킴을 만나 발사이즈재기부터 한 땀 한 땀 바느질하여 밑창을 만드는 작업까지 단기속성으로 배워 봅니다.\n화자2]유해진은 공방에서의 시간을 보낸 후 ‘자신의 삶을 잘 만들어 나가는 사람들을 만난 것 같다’며 소감을 전했습니다. 아울러 <핸드메이드> 첫 시청자로서의 소회를 밝히기도 했는데. ‘무언가를 만들며, 결국 우리 살아가는 이야기를 하는 프로그램인 것 같다’며 끝으로 ‘코로나19로 힘든 시기 잔잔한 웃음으로 응원하고픈 마음, 위로하는 마음을 담았다’고 전했습니다."
  },
  "Annotation": {
    "Summary1": "'핸드메이드' 1부에서 정성스레 물건을 만들며 행복을 느끼는 배우 유해진의 모습이 방송되며 힐링을 선사했다.",
    "Summary2": "",
    "Summary3": "'핸드메이드' 1부에서 배우 유해진이 정성 어린 손길로 물건을 만들며 행복을 느끼는 모습이 방송됐다. 천천히 걷는 듯한 속도감의 영상으로 새로운 힐링을 선사했다는 평을 받았으며 이번 주 일요일 방송되는 2부에서는 시계 장인과 구두 공방 장인을 만날 예정이다."
  },
  "filename": "SCRIPT-culture-43958-00001.json"
}