{
  "Meta": {
    "doc_id": "SCRIPT-culture-07082",
    "doc_category": "SCRIPT",
    "doc_type": "culture",
    "doc_name": "노인들을 위한 영화제는 있다 ‘서울노인영화제’",
    "author": "KBS",
    "publisher": "KBS",
    "published_year": "2014",
    "doc_origin": "노인들을 위한 영화제는 있다 ‘서울노인영화제’",
    "passage_id": "SCRIPT-culture-07082-00001",
    "passage": "화자1]다음 주엔 아시아경기대회만 개막되는 것이 아닙니다. DMZ다큐멘터리영화제가 개막합니다. 그리고 내달 초에는 부산국제영화제가 화려한 막을 올립니다. 그런데 그 사이에 조금 생소한 영화제가 하나더 열립니다. ‘서울노인영화제’입니다. 올해로 무려 7회! 추석 연휴를 앞두고 지난 4일(목) 오전 11시, 서울노인복지센터에서 본격적인 영화제의 시작을 알리는 공식 기자회견이 열렸습니다. 이날 기자회견에는 서울노인영화제 집행위원장 희유 스님, 프로그래머 김수현, 사무국장 송승민, 예심 심사위원 김영덕, 제작지원감독으로 선정된 장률 감독을 비롯 홍보대사 배우 장광, 진지희가 참석했습니다.\n화자2]아시아를 대표하는 국제영화제로 도약한다! 제7회 서울노인영화제.\n화자1]제7회 서울노인영화제의 공식 기자회견은 트레일러 상영과 함께 시작되었습니다. 집행위원장 희유 스님은 '올해는 서울노인영화제의 또 다른 도약의 해다. 아시아를 대표하는 국제영화제로 발돋음하기 위해 해외 초청작을 준비하였습니다. 세대가 함께하는 영화제로서, 어르신들만의 축제가 아닌 모든 세대가 함께하는 영화제가 되도록 노력하겠다'며 서울노인영화제의 비전을 전했습니다.\n화자2]올해 노인영화제는 ‘우리 모두의 이야기’라는 슬로건 아래 본선 진출작 38편과 국내와 해외 초청작 19편으로 총 57편의 작품을 상연합니다. 개막작은 70대 노인의 20살 회춘기를 다룬 <수상한 그녀>(황동혁 감독)가 선정되었습니다.\n화자1]올해 처음 신설된 해외 초청부문에는 미국, 프랑스, 아르헨티나, 호주, 일본 등 세계 각국에서 다양한 시선을 담아낸 작품을 선보입니다. 국내초청의 대단한 단편들 부문에는 배우 정우성의 <킬러 앞에, 노인>과 김동호 감독의 <주리>, 김태용 감독의 <그녀의 연기>가 상연됩니다.\n화자2]이어, 제7회 서울노인영화제 홍보대사 배우 장광, 진지희의 위촉식이 진행되었습니다. 홍보대사 장광은 '노인이 된다는 것은 더 지혜로워지고 깊이 있는 아름다움을 발견하게 되는 것입니다.'라며, '현재의 노인 그리고 언젠가 노인이 될 우리 모두가 서울노인영화제 속에서 함께 어우러지며 기쁨을 만끽하기를 바란다'며 홍보대사로 함께하게 된 뜻을 전했습니다. 또한, 배우 진지희는 '서울노인영화제의 열정과 에너지를 열심히 알리겠다'며 큰 포부를 밝혔습니다. 60대와 10대를 대표하는 배우 장광과 진지희의 세대를 뛰어넘은 뜻깊은 만남으로 화제를 모은 제7회 서울노인영화제 홍보대사의 앞으로의 활약이 기대 됩니다.\n화자1]공식 기자회견과 함께 본격적인 시작을 알린 제7회 서울노인영화제는 오는 9월24일(수)부터 009.27(토)까지, 서울극장에서 4일 간 '우리 모두의 이야기'의 슬로건 아래 다양한 작품과 프로그램을 선보일 예정입니다."
  },
  "Annotation": {
    "Summary1": "제 7회 서울노인영화제가 막을 올린 가운데 집행위원장은 모든 세대가 함께하는 영화제가 되도록 노력하겠다고 했다.",
    "Summary2": "",
    "Summary3": "7회 서울노인영화제가 열리는데 트레일러 상여과 함께 공식 기자회견이 시작되었다. 집행위원장 희유 스님은 모든 세대가 함께하는 영화를 만들겠다고 했다. 우리 모두의 이야기라는 슬로건으로 총 57편의 작품을 상연한다. 개막작은 70대 노인의 20살 회춘기를 다른 수상한 그녀가 선정되었다. 올 처음 신설되 해외 초청부문에는 미국, 프랑스 등 다양한 작품이 선보였고, 국내는 킬러앞에, 노인, 주리, 그녀의 연기가 상영된다."
  },
  "filename": "SCRIPT-culture-07082-00001.json"
}