{
  "Meta": {
    "doc_id": "SCRIPT-culture-19207",
    "doc_category": "SCRIPT",
    "doc_type": "culture",
    "doc_name": "독립영화관 '아버지의 이메일'",
    "author": "KBS",
    "publisher": "KBS",
    "published_year": "2017",
    "doc_origin": "독립영화관 '아버지의 이메일'",
    "passage_id": "SCRIPT-culture-19207-00001",
    "passage": "화자1]'아버지가 죽이고 싶도록 미웠습니다.'.\n화자2]다큐멘터리 감독 홍재희는 아버지 홍성섭(1934~2008)이 세상을 떠난 뒤 늙은 나이에 컴퓨터를 배워 딸에게 보낸 이메일 마흔 세 통을 봅니다. 아버지의 한 많은 인생, 가족에 대한 부끄러운 고백이 가득한 이야기입니다. 딸 홍재희는 아버지의 이메일을 토대로 가족과 친지와 주위 사람들에게 카메라를 들이대고 홍성섭과 그의 가족(자신도 포함된)의 이야기를 펼쳐놓습니다.\n화자1]황해도 출신의 아버지는 인민군 치하에서 고생을 하다, 1948년 무렵에 삼팔선을 넘어옵니다. 그때 나이 겨우 14살. 그리고, 남쪽에서의 힘든 삶이 이어집니다. 결혼과 월남전, 오일쇼크와 사우디 건설 붐, 그리고 아파트재개발, 놀랍게도 88서울올림픽 자원봉사 이야기도 있습니다. 아마도 이력서를 쓴다면 한 줄로 남은 그의 궤적에 이런 생각을 할 것입니다. '목숨 걸고 남으로 넘어와 고생 끝에 돈을 모으고, 젊은 시절에 해외로 나간 글로벌 마인드를 가진 사람이라고 합니다. 아마도 나이 들어서는 전형적인 반공단체 꼰대가 되어버린 모양이구나.'라고 합니다.\n화자2]그런데, 홍재희 감독은 후반부에 집중적으로 아버지의 분노와 가족의 고통을 털어놓습니다. 육이오 때 보도연맹에 연루된 처가 쪽 문제로 발목이 잡힌 이야기. 연좌제는 아버지의 남쪽에서의 삶을 옥죈다. 게다가 놀랍게도 사우디에서의 개인적인 경험 – 전라도 사람의 해코지 때문이라는 피해의식 –까지 겹쳐 완벽하게 빨갱이를 증오하고, 전라도를 혐오하는 꼰대가 되어갑니다. 그의 대부분의 삶은 술독에 빠져 허우적댄다. 술만 마시면 어머니에게 폭력을 행사합니다. 그런 아버지와 따뜻한 교류가 없었던 자식들. 홍재희 감독은 그러한 개인적인 이야기를 생존해 있는 어머니와, 그런 아버지가 싫어 미국으로 일찌감치 떠나버린 언니, 그리고 뒤늦게 아버지를 이해하기 시작하는 남동생의 이야기를 통해 가슴이 먹먹해지도록 한 남자의 사정을 소개합니다.\n화자1]열네 살 어린 나이에 목숨 걸고 삼팔선을 넘을 만큼 빨갱이가 싫었던 그 남자, 그런데 아내 때문에 빨갱이가족(연좌제)의 족쇄를 찬 남자. 개인의 경험과 고통은 고스란히 주위 사람들에게 지독한 트라우마를 평생 잊지 못할 아픔을 남긴다. '아버지가 죽이고 싶도록 미웠다'는 말은 술에 취해 어머니에게 폭력을 행사하던 그런 아버지를 회상하며 남동생이 한 말입니다.\n화자2]아버지 홍성섭, 어머니 김경섭 홍주희-홍재희-홍준용 남매."
  },
  "Annotation": {
    "Summary1": "홍재희는 아버지가 세상을 떠난 뒤 딸에게 보낸 이메일 마흔 세 통을 보고 아버지와 그의 가족 이야기를 소개한다.",
    "Summary2": "",
    "Summary3": "다큐멘터리 감독 홍재희는 아버지 홍성섭이 세상을 떠난 뒤 컴퓨터를 배워 딸에게 보낸 이메일 마흔 세 통을 본다. 아버지의 한 많은 인생, 가족에 대한 부끄러운 고백이 가득한 이야기이다. 딸 홍재희는 아버지의 이메일을 토대로 가족과 친지와 주위 사람들에게 카메라를 들이대고 홍성섭과 그의 가족의 이야기를 펼친다. 홍재희 감독은 후반부에 집중적으로 아버지의 분노와 가족의 고통을 털어놓는데 아버지가 싫어 떠나버린 언니, 뒤늦게 아버지를 이해하기 시작하는 남동생의 이야기가 소개된다."
  },
  "filename": "SCRIPT-culture-19207-00001.json"
}