{
  "Meta": {
    "doc_id": "SCRIPT-culture-51203",
    "doc_category": "SCRIPT",
    "doc_type": "culture",
    "doc_name": "51203_DC_걸어서세계속으로203_2018152455.txt",
    "author": "KBS",
    "publisher": "KBS",
    "published_year": "2018",
    "doc_origin": "걸어서세계속으로203",
    "passage_id": "SCRIPT-culture-51203-00007",
    "passage": "해설]번호가 높을수록 쌀 배합률이 높아 맛이 부드럽다고 한다.\n너무 차지 않게 얼음 없이 나오는 육수.\n바로 이 육수에 비법이 있단다.\n소, 되지 그리고 꿩과 닭까지 배합해 우려낸 맑고 시원한 맛.\n한 그릇 싹 비운 한준희 해설위원.\n후식으로 메밀차를 마시며 평을 한다.\n옥류관에서는 대동강도 보인다.\n바람 없는 맑은 날씨.\n8월 평양은 35도, 36도로 연일 최고 기온을 기록하고 있었다.\n서울이나 평양이나 삼복더위에는 강변이 최고인가 보다.\n버드나무 가로수 그늘도 양산과 손부채도 소용 없는 무더위.\n이런 날 딱 가면 좋을 곳으로 향했다.\n한눈에 봐도 꽤 큰 물놀이 공원.\n바닷물이 출렁이는 듯한 인공풀에는 남녀 노소 사람들로 가득하다.\n놀이기구의 모양을 따서 한글로 지은 이름이 정겹다.\n용기 내어 기구를 타러 가는 어른들."
  },
  "Annotation": {
    "Summary1": "한준희 해설 위원이 옥류관에서 소, 돼지, 꿩, 닭을 사용해 만든 육수의 음식을 먹은 후 메밀차를 마신다.",
    "Summary2": "",
    "Summary3": "대동강이 보이는 옥류관에서 한준희 해설 위원이 먹은 음식은 소, 돼지, 꿩, 닭을 우려 만든 육수에 비법이 있다. 식사 후에는 메밀차를 마시며 평가를 남긴다."
  },
  "filename": "SCRIPT-culture-51203-00007.json"
}