{
  "Meta": {
    "doc_id": "SCRIPT-culture-28000",
    "doc_category": "SCRIPT",
    "doc_type": "culture",
    "doc_name": "예능과 다큐의 만남, ‘스타가 만드는 동물의 왕국’",
    "author": "KBS",
    "publisher": "KBS",
    "published_year": "2018",
    "doc_origin": "예능과 다큐의 만남, ‘스타가 만드는 동물의 왕국’",
    "passage_id": "SCRIPT-culture-28000-00001",
    "passage": "화자1]배우 이하늬와 박진주, 인피니트 성열과 엘이 다큐멘터리 제작에 뛰어들어든 동물 다큐멘터리는 어떨까.\n화자2]오늘(23일) 밤 08시55분 KBS 2TV 새 예능 프로그램 ‘은밀하고 위대한 동물의 사생활’(이하 ‘동물의 사생활’)이 첫 방송됩니다. ‘동물의 사생활’은 스타가 자연 다큐멘터리의 감독이 되어 경이롭고 신비한 대자연의 아름다움과 그 속에 살고 있는 동물의 특별한 이야기를 촬영해 미니 다큐멘터리를 완성시키는 프로그램입니다.\n화자1]카메라 앞에만 섰던 스타들이 카메라를 들고 동물 다큐멘터리를 찍습니다. ‘동물의 사생활’을 한 마디로 표현하자면, '스타가 만드는 동물의 왕국'일 것입니다.\n화자2]광활한 대자연 속 동물을 찾아 나선 스타들의 여정. 초보 다큐멘터리스트가 된 이들의 도전기가 리얼 관찰 예능의 재미를 선사할 전망. 여기에 다큐멘터리적 메시지도 놓치지 않습니다. 인간이 상상할 수도 없는 자연과 동물의 세계는 커다란 감동과 힐링으로 다가올 것입니다. 한 편의 다큐멘터리 완성을 목표로 뭉친 스타들의 도전이 어떤 재미와 의미를 선사할지, 기대가 모아집니다.\n화자1]이하늬X박진주X성열X엘, 다큐 열정.\n화자2]이하늬, 박진주, 성열, 엘은 지난 9월 프렌치 폴리네시아 타히티 섬으로 다큐멘터리 촬영을 떠났습니다. 이번 프로젝트에서 이하늬는 다큐멘터리 연출을, 박진주는 조연출을, 성열은 파인더 및 드론 촬영을, 엘은 포토그래퍼를 각각 맡았습니다.\n화자1]남태평양 망망대해에서 이들은 오직 ‘혹등고래’와의 만남을 기다리며 촬영을 반복했습니다. 특히 이하늬와 성열은 강렬한 햇살 아래 계속되는 수중 촬영 도전으로, 피부가 새까맣게 타버릴 정도였다고 합니다. 다큐멘터리는 기다림의 연속, 동시에 발견의 예술이라고 합니다. 언제 찾아올지 모르는 ‘혹등고래’와의 만남을 위해, 각자의 위치에서 최선을 다한 스타들의 도전에 이목이 집중됩니다.\n화자2]우리가 모르는 신비로운 동물의 이야기는 무궁무진합니다. ‘동물의 사생활’은 꼭 지금이 아니면 볼 수 없는 동물들의 특별한 순간을 포착, 시청자에게 공개할 전망입니다. 그 첫 번째 동물로 지구 최후의 자이언트이자 바다의 수호신이라 불리는 ‘혹등고래’의 이야기를 담아냅니다.\n화자1]앞선 기자간담회에서 이하늬는 특히 ‘혹등고래’의 모성애에 감동을 받았다고 이야기했습니다. 이하늬는 '혹등고래 어미가 새끼를 품고 있는 모습은 상상 이상으로 따뜻한 느낌이었습니다. (그 모습을 보고) 소리를 내며 엉엉 울었던 기억이 난다'고 말했습니다."
  },
  "Annotation": {
    "Summary1": "스타가 감독이 되어 다큐멘터리를 완성시켜 특별한 순간을 공개하는 '은밀하고 위대한 동물의 사생활'이 첫 방송된다.",
    "Summary2": "",
    "Summary3": "이하늬와 박진주, 성열과 엘이 출연하는 스타가 감독이 되어 다큐멘터리를 촬영해 완성시키는 새 예능 '은밀하고 위대한 동물의 사생활'이 첫 방송된다. 출연진은 프렌치 폴리네시아 타히티 섬으로 촬영을 떠났으며 이하늬는 연출, 박진주는 조연출, 성열은 파인더와 드론, 엘은 포토그래퍼를 맡았다. 이들은 각자의 위치에서 최선을 다하며 오매불망 '혹등고래'를 기다리며 촬영을 반복했다. '동물의 사생활'은 시청자들에게 보기 힘든 동물들의 특별한 순간을 공개할 전망이다."
  },
  "filename": "SCRIPT-culture-28000-00001.json"
}