{
  "Meta": {
    "doc_id": "SCRIPT-culture-51210",
    "doc_category": "SCRIPT",
    "doc_type": "culture",
    "doc_name": "51210_DC_걸어서세계속으로210_2018184850.txt",
    "author": "KBS",
    "publisher": "KBS",
    "published_year": "2018",
    "doc_origin": "걸어서세계속으로210",
    "passage_id": "SCRIPT-culture-51210-00001",
    "passage": "해설]누구나 한 번쯤 꿈꿔봤을 캠핑카 여행.\n매 순간 감탄이 끊이지 않고.\n신비한 풍경에 마음까지 빼앗겨버리는 곳.\n나는 오늘 캠핑카를 타고 뉴질랜드를 달린다.\n오늘의 여행지 뉴질랜드는 남반구에 있다.\n적도를 건너는 11시간의 비행 끝에 오클랜드에 도착했다.\n뉴질랜드 북섬에 위치한 오클랜드는 이곳에 몇 안되는 대도시 중 하나다.\n인구가 적어 국토의 대부분이 자연 상태로 보전돼 있는 뉴질랜드는 캠핑을 좋아하는 많은 이들에게 로망의 장소로 꼽힌다.\n-잠깐, 이거 다 챙긴 거죠? -네.\n생애 첫 캠핑카 여행이이제부터 시작된다.\n이번 여행은 캠핑 경험이 풍부한 코디가 함께했다.\n설렘 반, 두려움 반을 안고 시작한 캠핑카 여행.\n일단 뉴질랜드의 해변을 향해 달렸다.\n한적한 해변에 차를 세우고 여유롭게 경치를 즐기는 것."
  },
  "Annotation": {
    "Summary1": "자연이 잘 보전되어 있어 캠핑을 좋아하는 이들에게 꿈의 장소로 통하는 뉴질랜드에서 첫 캠핑카 여행을 시작한다.",
    "Summary2": "",
    "Summary3": "국토의 많은 부분이 자연 상태로 남아있어 캠핑을 즐기는 이들에게 꿈의 장소로 꼽히는 뉴질랜드에 도착했다. 설렘과 두려움을 안고 첫 캠핑카 여행을 시작한다."
  },
  "filename": "SCRIPT-culture-51210-00001.json"
}