{
  "Meta": {
    "doc_id": "SCRIPT-culture-51259",
    "doc_category": "SCRIPT",
    "doc_type": "culture",
    "doc_name": "51259_DC_걸어서세계속으로259_2019194081.txt",
    "author": "KBS",
    "publisher": "KBS",
    "published_year": "2019",
    "doc_origin": "걸어서세계속으로259",
    "passage_id": "SCRIPT-culture-51259-00001",
    "passage": "해설]과거 인디오들의 삶과 죽음에 대한 철학이 남아있는 멕시코.\n영화 코코에 나오는 도시를 걷다 보면 주인공이 부르던 노래, 기억해줘를 어느새 흥얼거리게 된다.\n1년에 단 한 번,\n죽은 자와 산 자가 만나는 날.\n이날은 멕시코 최대의 축제가 열린다.\n영원히 죽은 자들을 기억하는 그들의 삶을 만나러 멕시코로 떠나보자.\n인천공항을 출발한 비행기는 오후 01시간을 날아 북아메리카 남서단에 위치한멕시코에 도착한다.\n마야, 아즈텍 등 인디오 문명이탄생한 나라, 멕시코.\n수도 멕시코시티는 인구 20~30만 명이 살던 아즈텍 제국의 거대한 도시였다.\n하지만 1521년, 스페인의 침략으로 아즈텍 제국은 몰락하고 스페인은 이곳에 새로운 도시를 건설했다.\n이를 증명하듯 도시 곳곳 그 흔적이 남아있다.\n그 후, 멕시코는 1821년에"
  },
  "Annotation": {
    "Summary1": "멕시코는 죽은 자와 산 자가 만나는 날 최대의 축제를 열며, 수도 멕시코 시티는 과거 아즈텍 제국의 대도시였다.",
    "Summary2": "",
    "Summary3": "1년에 한 번 죽은 자와 산 자가 만나는 날에 멕시코에선 최대의 축제가 열린다. 멕시코의 수도 멕시코시티는 스페인에 몰락한 아즈텍 제국의 대도시였다."
  },
  "filename": "SCRIPT-culture-51259-00001.json"
}