{
  "Meta": {
    "doc_id": "SCRIPT-culture-51205",
    "doc_category": "SCRIPT",
    "doc_type": "culture",
    "doc_name": "51205_DC_걸어서세계속으로205_2018154157.txt",
    "author": "KBS",
    "publisher": "KBS",
    "published_year": "2018",
    "doc_origin": "걸어서세계속으로205",
    "passage_id": "SCRIPT-culture-51205-00013",
    "passage": "해설]안으로 들어가니 한바탕 모로코 전통춤과 음악의 향연이 펼쳐진다.\n곧 나팔 연주를 신호로 말 탄 기수가 등장한다.\n뭔가 시작할 모양인데\n먼저 기수들이 경쾌한 음악과 함께 행진을 선보인다.\n그리고 갑자기 전속력으로 달리더니 총을 쏘아 올린다.\n이것은 판타지아란 모로코 전통 행사다.\n그렇게 마라케쉬에서 또 한 번의 아라비안나이트가 저물어간다.\n나는 다시 길을 달려 아틀라스 산맥을 넘어간다.\n굽이굽이 외길을 따라오르면 어느덧 거대한 산맥을 만난다.\n하늘을 지고 있는 듯한 바위산.\n그리고 그 너머는 사람이 살 수 없는 사하라.\n사람들은 이 거대한 바위산을 세상 끝 아틀라스라 명명했다.\n나는 거대한 거인 아틀라스 앞에 섰다.\n그리고 비로소 산맥의 골짜기 사이로 난 푸르름을 보았다.\n오아시스는 사막에만 있는 게 아니었다."
  },
  "Annotation": {
    "Summary1": "모로코 전통행사 판타지아에서는 기수들이 말을 타고 빠르게 달리며 총을 쏘고, 아틀라스산맥 사이에는 푸르름이 있다.",
    "Summary2": "",
    "Summary3": "판타지아라는 모로코 전통행사는 나팔 연주를 시작으로 기수들이 빠르게 달리며 총을 쏜다. 한편 거대한 바위산들이 있는 아틀라스산맥 사이에는 푸르름도 있다."
  },
  "filename": "SCRIPT-culture-51205-00013.json"
}