{
  "Meta": {
    "doc_id": "SCRIPT-culture-51204",
    "doc_category": "SCRIPT",
    "doc_type": "culture",
    "doc_name": "51204_DC_걸어서세계속으로204_2018153268.txt",
    "author": "KBS",
    "publisher": "KBS",
    "published_year": "2018",
    "doc_origin": "걸어서세계속으로204",
    "passage_id": "SCRIPT-culture-51204-00016",
    "passage": "해설]관광객들도 이들의 결혼식을 호기심 가득 지켜본다.\n누군가의 일생에서 가장 중요한 날.\n이들과 함께 블레드 성모승천성당의 기억은 내 가슴속에도 따뜻하게 자리 잡을 것이다.\n성탑에서 울려 퍼지는 종소리가 또 한번 의 기적을 가져오기를 기대한다.\n그 옛날 전설 속 여인의 소원이 이루어진 것처럼 말이다.\n블레드 호수는 길이 약 1.2km, 폭 1.4km에 이르는 빙하호다.\n이곳은 세계적으로 유명한 낚시 포인트이기도 하다.\n호숫가에 낚싯대를 드리운 사람들이 곳곳에 자리 잡고 있다.\n-특히 이곳에서는 30, 40kg에 육박하는 대 형 잉어가 자주 잡힌다.\n낚시의 손맛을 즐기는 유럽인들이 국경을 넘어 블레드 호수를 찾는다.\n조금 떨어진 곳에 강태공으로 불리는 낙시 친구가 있다며 그를 만나보라는 추천을 받았다."
  },
  "Annotation": {
    "Summary1": "블레드 성모승천성당의 결혼식에 관광객이 모이고 유럽인들에게 인기가 많은 블레드 호수에는 대형 잉어가 잡힌다.",
    "Summary2": "",
    "Summary3": "블레드 성모승천성당에서 열린 결혼식에 관광객들이 호기심을 보인다. 유명한 낚시 포인트가 있는 블레드 호수에서는 대형 잉어가 잡혀 유럽인들에게 인기다."
  },
  "filename": "SCRIPT-culture-51204-00016.json"
}