{
  "Meta": {
    "doc_id": "SCRIPT-culture-51257",
    "doc_category": "SCRIPT",
    "doc_type": "culture",
    "doc_name": "51257_DC_걸어서세계속으로257_2019159968.txt",
    "author": "KBS",
    "publisher": "KBS",
    "published_year": "2019",
    "doc_origin": "걸어서세계속으로257",
    "passage_id": "SCRIPT-culture-51257-00014",
    "passage": "해설]이곳 고산지대에서 자라는 유칼립투스는 따뜻한 물에 잎만 넣어 달여 마셔도 두통을 완화시키고 호흡기 기능 향상에도 도움을 준다고 한다.\n그녀들의 배려 덕분일까.\n유칼립투스 한 잔에 기분이 훨씬 나아진 것 같다.\n내가 차를 마시는 사이 밖에서는 점심 준비로 분주하다.\n이렇게 멀리서 손님이 오는 날이면 특별히 준비하는 음식이 있다고 하는데.\n그것은 다름 아닌 파차만카.\n땅의 음식이라는 뜻의 파차만카는 서너 시간 정도 돌을 달군 후 닭고기, 감자, 옥수수 등을 넣고 그 복사열로 익혀 먹는 요리다.\n짚과 흙을 덮고 001시간 정도 기다리면 요리가 완성된다.\n손쉬운 방법도 많을 텐데 아직도 전통 방법을 고수하고 있는 이유가 뭘까.\n만드는 데만 총 006시간이 걸린 파차만카.\n요리가 상할까 조심조심 덮힌 흙을 치운다.\n잘 익은 녹색 콩과 노릇노릇한 닭고기."
  },
  "Annotation": {
    "Summary1": "손님이 오는 날이면 서너 시간 동안 달군 돌 위에 닭고기 등을 넣고 짚과 흙을 덮어 복사열로 익혀 먹는 파차만카를 준비한다.",
    "Summary2": "",
    "Summary3": "손님이 오는 날이면 파차만카를 준비한다. 서너 시간 동안 달군 돌 위에 닭고기, 감자 등을 넣고 짚과 흙을 덮은 뒤 1시간 정도 복사열로 익혀 먹는 요리다."
  },
  "filename": "SCRIPT-culture-51257-00014.json"
}