{
  "Meta": {
    "doc_id": "SCRIPT-culture-51208",
    "doc_category": "SCRIPT",
    "doc_type": "culture",
    "doc_name": "51208_DC_걸어서세계속으로208_2018168718.txt",
    "author": "KBS",
    "publisher": "KBS",
    "published_year": "2018",
    "doc_origin": "걸어서세계속으로208",
    "passage_id": "SCRIPT-culture-51208-00013",
    "passage": "해설]나는 여러 가지 고기를 맛볼 수 있는 꼬치구이를 시켜봤다.\n새로운 곳에서 새로운 음식에 도전해 보는 것도 여행의 즐거움이 아닐까 생각한다.\n맛은 소고기와 비슷하다.\n빈트후크에서 룬두를 향해 가면서 에토샤 국립공원에 들렀다.\n국립공원 입구에서 짐 검사를 했다.\n드론을 띄우는 관광객이 많아 야생동물의 안전을 지키기 위함이란다.\n짐 검사를 마치고 국립공원으로 들어간다.\n누구나 꿈꿔왔을 아프리카 사파리 투어를 경험한다는 설렘으로 들떴다.\n처음으로 나를 반긴 건 스프링복 무리였다.\n곧이어 남방노란부리코뿔새도 보인다.\n그리고 나타난 건 누떼였다.\n건강하게 초원을 누비며 달리는 모습이 아프리카에 와 있음을 실감케 한다.\n국립공원 내에는 숙박시설에서 편하게 동물을 관찰할 수 있는 곳을 만들어놨다.\n바로 워터 홀이다."
  },
  "Annotation": {
    "Summary1": "에토샤 국립공원에서는 여러 종류의 야생동물을 볼 수 있고 숙박시설에서 편하게 관찰하도록 워터 홀을 만들어놨다.",
    "Summary2": "",
    "Summary3": "아프리카 에토샤 국립공원에서는 스프링복과 남방노란부리코뿔새, 누떼를 볼 수 있다. 또한 숙박시설에서 편하게 동물을 관찰하도록 워터 홀이 만들어져있다."
  },
  "filename": "SCRIPT-culture-51208-00013.json"
}