{
  "Meta": {
    "doc_id": "SCRIPT-culture-27040",
    "doc_category": "SCRIPT",
    "doc_type": "culture",
    "doc_name": "테이크 미 홈', 리처드 용재 오닐과 떠나는 특별한 음악여행",
    "author": "KBS",
    "publisher": "KBS",
    "published_year": "2018",
    "doc_origin": "테이크 미 홈', 리처드 용재 오닐과 떠나는 특별한 음악여행",
    "passage_id": "SCRIPT-culture-27040-00001",
    "passage": "화자1]오늘(13일)부터 20일까지 경기도 고양시 일대에서 제10회 DMZ국제다큐영화제가 열립니다. KBS ‘독립영화관’에서는 DMZ다큐영화제 개막에 맞춰 특별한 작품을 준비했습니다. 올해 10주년 DMZ국제다큐영화제를 기념하여 우리사회 명사 10인이 추천하는 ‘내 생애 최고의 다큐 10’ 에 포함된 <테이크 미 홈>을 방송합니다. 세계적인 비올리스트 리처드 용재 오닐의 음악보다 더 영혼을 울리는 ‘연주’를 만나볼 수 있습니다. ‘독립영화관’은 이번 주부터는 매주 금요일(에서 토요일로 넘어가는) 밤에 방송됩니다. (토요일 오전 00시 45분!).\n화자2]엄마의 나라가 콩고인 소년 다니엘. 한국에서 태어나 15년 동안 한국에서만 살았지만 다니엘과 엄마는 난민신청도 거절당하고 한국국적 신청도 거절당한 채 안산에서 살고 있습니다. 다니엘과 비슷한 처지의 아이들이 속해 있는 안산의 다문화 청소년 앙상블 ‘원컨트리’의 아이들은 키르기스스탄, 카자흐스탄, 태국, 일본, 중국, 러시아, 콩고 등 엄마의 나라가 제각각입니다.\n화자1]아이들은 사람들이 인종이나 국적을 나누고 가르는 게 싫어 이름을 ‘원컨트리’라고 지었습니다. 세계적인 비올리스트 리처드 용재 오닐과 음악 여행을 떠납니다. 그런데 다니엘은 흑인이라는 이유로 여권도 만들지 못해, 여행을 하지 못해 아쉬워하며 멤버들인 형과 누나들을 보냅니다.\n화자2]한국에 정착하면서, 한국생활에 적응하는 과정에서 어떤 어려움이 있었는지 짐작이 가는 이들이 리처드 용재 오닐 선생님과 함께 중앙아시아로 음악여행을 떠나게 됩니다. 등장하는 ‘원컨트리’ 단원은 서원태, 카드로바 아델리아, 최완우, 최바울, 다니엘 카샤마, 릿타 싱우랑, 김은희입니다. 영화 끝나고 올라가는 화면을 보면, 마음이 절로 몽클해집니다."
  },
  "Annotation": {
    "Summary1": "KBS ‘독립영화관’에서는 <테이크 미 홈>을 방송해 리처드 용재 오닐의 ‘연주’와 함께 음악여행을 떠난다.",
    "Summary2": "",
    "Summary3": "KBS ‘독립영화관’에서는 DMZ다큐영화제 개막에 맞춰 ‘내 생애 최고의 다큐 10’에 포함된 <테이크 미 홈>을 방송한다. 세계적인 비올리스트 리처드 용재 오닐의 영혼을 울리는 ‘연주’를 만나볼 수 있다. 엄마의 나라가 제각각인 안산의 다문화 청소년 앙상블 '원컨트리'의 아이들은 세계적인 비올리스트 리처드 용재 오닐과 음악 여행을 떠난다."
  },
  "filename": "SCRIPT-culture-27040-00001.json"
}