{
  "Meta": {
    "doc_id": "SCRIPT-culture-16393",
    "doc_category": "SCRIPT",
    "doc_type": "culture",
    "doc_name": "EBS다큐영화제, 'TV밖으로 TV속으로' [EIDF2016]",
    "author": "KBS",
    "publisher": "KBS",
    "published_year": "2016",
    "doc_origin": "EBS다큐영화제, 'TV밖으로 TV속으로' EIDF2016",
    "passage_id": "SCRIPT-culture-16393-00001",
    "passage": "화자1]2일 오전, 서울 중구 프레스센터 외신기자클럽에서는 제13회 EBS 국제다큐영화제(EIDF) 기자설명회가 열렸습니다. 이 자리에는 우종범 EIDF조직위원장(EBS사장), 이은정 집행위원장, 임철 사무국장, 신은실 프로그래머가 참석하여 올해 상영작 및 영화제 운영에 대해 소개했습니다.\n화자2]우종범 조직위원장은 '매해 거장의 신작을 최초로 소개하는 데 보람을 느낀다'며 '앞으로도 세계 최고의 다큐멘터리를 엄선해 국내 시청자와 관객에게 소개할 수 있도록 최선을 다하겠다'고 덧붙였습니다.\n화자1]이번 EIDF 2016은 '다큐로 보는 세상'을 주제로 22일 개막식과 함께 28일까지 EBS 스페이스, 서울역사박물관, 미로스페이스, 아트하우스 모모에서 30개국에서 초청된 47편의 다큐멘터리를 상영합니다. 임철 사무국장은 79개국 1,058편의 작품이 출품되었다고 밝혔습니다.\n화자2]극장 상영과 동시에 영화제 기간 동안 하루 평균 008시간 30분씩 EBS 채널을 통해 44개 작품이 방송됩니다. 극장과 TV방송이라는 투 트랙 방식은 EIDF만의 독특한 시스템입니다. 시청률이나 광고수익을 고려하면 쉽지 않은 선택입니다.\n화자1]올해 EIDF상영작은 다큐멘터리 팬이라면 귀가 솔깃해지는 작품들이 대거 포함되어 있습니다. 베르너 헤어조크의 신작 '사이버 세상에 대한 몽상', 아시아 출신의 세계적인 다큐멘터리 연출자 트린 T. 민하의 '베트남 잊기' 리타 판 감독의 '우리의 모국 프랑스', 잔 프랑코 로시의 '화염의 바다'가 EIDF에서 국내에 처음 소개됩니다.\n화자2]개막작인 노르웨이 아슬레우 홀름 감독의 <브라더스>가 선정되었습니다. 감독은 8년 동안 자신의 두 아들의 성장을 필름에 담습니다. 복잡한 인간의 본성과, 소년들의 관계에 큰 변화를 초래하는 작은 변화까지도 낱낱이 보여주며, 따뜻한 어른의 시선으로 아이들의 꿈과 희망을 바라보는 작품입니다. 리처드 링클레이터 감독의 <보이후드>의 감동이 전해진다고 합니다.\n화자1]다큐멘터리의 미래, '제작지원 프로젝트 강화'.\n화자2]한국 다큐멘터리의 밑거름 역할을 해온 EDIF 제작지원 프로젝트는 올해 그 규모를 더욱 확대합니다. 이틀에 걸쳐 장편 15편, 중단편 6편을 소개하고 국내와 아시아·유럽의 제작자와 만남을 주선할 뿐 아니라 소개된 작품 중 장편 3편, 단편 2편을 선정해 총 8천만원의 제작비를 지원합니다. 선정된 작품은 내년 EIDF에서 상연할 계획입니다. 장편 프로젝트는 EBS TV '다큐프라임'에서 방송됩니다.\n화자1]앞서 지난해 제작지원 프로젝트로 선정된 작품 중 'X10'(감독 이동한), '슬픈 늑대'(감동 장효봉), '천에 오십 반지하'(감독 강민지) 등 세 편이 올해 EIDF에서 월드프리미어작으로 상영됩니다."
  },
  "Annotation": {
    "Summary1": "'다큐로 보는 세상'이 주제인 제13회 EBS 국제다큐영화제는 기자설명회에서 상영작과 운영에 대해 안내했다.",
    "Summary2": "",
    "Summary3": "2일 오전 제13회 EBS 국제다큐영화제 기자설명회에 우종범 EIDF조직위원장 등이 참석해 상영작 및 영화제 운영에 대해 안내했다. 이번 EIDF는 '다큐로 보는 세상'을 주제로 22일부터 28일까지 30개국에서 초청된 47편의 다큐멘터리를 상영하고 EBS 채널에서 44개 작품이 방영되는 투 트랙 방식이다. 올해에는 '사이버 세상에 대한 몽상' 등이 국내에 처음 소개되며 개막작으로는 <브라더스>가 선정되었다. 또한 EDIF 제작지원 프로젝트는 올해 그 규모를 더욱 확장한다."
  },
  "filename": "SCRIPT-culture-16393-00001.json"
}