{
  "Meta": {
    "doc_id": "SCRIPT-culture-43091",
    "doc_category": "SCRIPT",
    "doc_type": "culture",
    "doc_name": "베이비 천하장사' 장성우의 본가를 찾은 김기태 감독",
    "author": "KBS",
    "publisher": "KBS",
    "published_year": "2020",
    "doc_origin": "베이비 천하장사' 장성우의 본가를 찾은 김기태 감독",
    "passage_id": "SCRIPT-culture-43091-00001",
    "passage": "화자1]김기태 감독이 '베이비 천하장사' 장성우 선수의 본가에 깜짝 방문했습니다.\n화자2]27일 (일) 방송된 KBS 2TV 예능 '사장님 귀는 당나귀 귀'(이하 '당나귀 귀')에서는 김기태 감독이 베이비 천하장사 장성우 선수의 집을 찾아갔습니다.\n화자1]앞서 김기태 감독과 윤정수 코치는 장성우 선수의 모교에 찾아가 씨름 꿈나무들을 위한 특별한 실전 지도로 재능 기부를 했습니다. 모래판에서 열띤 강의를 마친 김기태 감독은 구미에 온 김에 장성우 선수의 부모에게 인사를 드리겠다며 기습 방문을 감행했습니다.\n화자2]천하장사 장성우 선수의 집은 이때까지 씨름 대회에서 수상했던 트로피와 상패들로 빼곡하게 들어차 있었습니다. 장성우 선수의 부모님은 갑작스러운 방문에도 환하게 웃으며 감독과 코치를 맞이해주었습니다. 하지만 오랜만의 휴가를 놓친 장성우 선수는 굳은 얼굴을 숨기지 못해 안쓰러움과 웃음을 동시에 자아냈습니다.\n화자1]이어 장성우 선수의 가족은 상다리가 휠 정도로 엄청난 식사를 준비했습니다. 이날 준비된 식사는 가족을 모두 포함해 총 7명이 먹는데도 40인분 가까이 차려져 입을 벌어지게 하였습니다. 특히, 장성우 선수가 씨름 경기를 앞두고 즐겨 먹는다는 특별한 메뉴에 관심이 쏠렸습니다. 평소 유부초밥을 좋아하는 장성우 선수를 위해 장어와 육회를 유부초밥에 넣은 메뉴는 어머니의 애정이 듬뿍 느껴졌습니다.\n화자2]이날 방송에서는 푸짐한 식사와 함께 장성우 선수와 김기태 감독의 깊은 인연에 관한 이야기가 이어졌습니다. 씨름 선수가 꿈이었던 아버지의 바람으로 모래판에 입성하게 된 장성우는 대학 시절 세 번의 무릎 수술 때문에 선수생활을 접어야 할 상황에 부닥쳤었다고 합니다. 장성우의 가능성을 알아본 김기태 감독은 재활과 훈련을 도우며 천하장사 타이틀을 거머쥘 수 있게 적극적으로 응원했습니다. 장성우 선수의 부모님은 '그런데도 운동 잘하게끔 해주셔서 감독님에게 매우 감사 드린다'라고 이야기하며 훈훈한 분위기를 이어나갔습니다."
  },
  "Annotation": {
    "Summary1": "KBS 예능 '사장님 귀는 당나귀 귀'에서 김기태 감독이 천하장사 장성우 선수의 본가를 깜짝 방문했다.",
    "Summary2": "",
    "Summary3": "KBS 예능 '사장님 귀는 당나귀 귀'에서 김기태 감독이 '베이비 천하장사' 장성우 선수의 본가에 깜짝 방문하였다. 천하장사 장성우 선수의 부모님은 갑작스러운 방문에도 환하게 웃으며 감독과 코치를 맞이해주었고, 40인분 가까이 되는 엄청난 식사를 준비했다. 이날 방송에서는 장성우 선수와 김기태 감독의 깊은 인연에 관한 이야기도 이어졌다."
  },
  "filename": "SCRIPT-culture-43091-00001.json"
}