{
  "Meta": {
    "doc_id": "SCRIPT-culture-27521",
    "doc_category": "SCRIPT",
    "doc_type": "culture",
    "doc_name": "‘경복궁 습격사건’ 일본, 고종에게 칼을 겨누다!",
    "author": "KBS",
    "publisher": "KBS",
    "published_year": "2018",
    "doc_origin": "‘경복궁 습격사건’ 일본, 고종에게 칼을 겨누다!",
    "passage_id": "SCRIPT-culture-27521-00001",
    "passage": "화자1]21일 <역사저널 그날>에서는 1894년 경복궁 습격사건을 다룬 ‘일본, 고종에게 칼을 겨누다! 경복궁 습격사건’이 방송됩니다.\n화자2]경복궁 습격 이틀 뒤, 풍도 앞바다에서 조우한 청군 함대에 일본군은 뜬금없이 선제포격을 가합니다. 그렇게 예고도, 명분도 없이 발발한 청‧일 전쟁. 상대는 당시 동아시아의 맹주로 떠올랐던 막강한 군사력의 청! 일본이 군사 강국이었던 청을 상대로 전쟁을 일으켜야만 했던 이유는 무엇이었을까?.\n화자1]이 어이없는 전쟁의 선전포고는 전쟁 발발 일주일 후에야 이루어집니다. 그런데 이때 일본이 내떼어 선전포고의 내용에 주목할 필요가 있습니다. 그 내용은 경복궁습격부터 청일전쟁까지 일련의 사건들이 일본이 그려떼어 그림의 물밑작업에 불과했음을 보여주고 있었습니다.\n화자2]조선 땅에서 일어난 청일전쟁, 그 과정과 결과를 통해 드러난 일본의 검은 야욕을 알아봅니다."
  },
  "Annotation": {
    "Summary1": "예고와 명분없이 발발한 청일 전쟁 중 일본의 선전포고 내용을 보면 경복궁 습격부터 물밑작업을 했다는 것을 알 수 있다.",
    "Summary2": "",
    "Summary3": "1894년 일본이 경복궁을 습격한 이틀 뒤 예고와 명분 없이 청일 전쟁이 발발한다. 일주일 뒤 일본의 선전포고를 보면, 경복궁 습격부터 일본이 물밑작업을 해왔다는것을 보여준다."
  },
  "filename": "SCRIPT-culture-27521-00001.json"
}