{
  "Meta": {
    "doc_id": "SCRIPT-culture-51207",
    "doc_category": "SCRIPT",
    "doc_type": "culture",
    "doc_name": "51207_DC_걸어서세계속으로207_2018168717.txt",
    "author": "KBS",
    "publisher": "KBS",
    "published_year": "2018",
    "doc_origin": "걸어서세계속으로207",
    "passage_id": "SCRIPT-culture-51207-00003",
    "passage": "해설]이른아침부터 태양이 머리 꼭대기에서 내리쬐는 적도의 도시.\n해를 마주하지만 결코 덥지 않은 해발 2850m 안데스의 고원.\n남미 수도 가운데 가장 오래된 역사를 지닌 에콰도르 키토에서 본격적인 여정을 시작해본다.\n찬란했던 잉카문화에 기반한 원주민 키토인들의 도시 키토는 16세기 스페인 식민지 시대를 거치며 유럽과 토착예술이 섞인 독특한 문화를 남겼다.\n잦은 지진에도 불구하고 옛 도시의 모습이 그대로 보존돼 있어 일찍이 유네스코 문화유산에 등재됐다.\n구시가지를 한눈에 조망할 수 있다는 바실리카 대성당을 지나 독립광장으로 향한다.\n여기서 대개 구시가지 답사가 시작된다.\n광장 한가운데에 있는 300년 스페인 통치에 최초로 반기를 든 이들의 목소리를 기리는 기념비가 서있다.\n1809년 에콰도르 독립만세운동."
  },
  "Annotation": {
    "Summary1": "잉카문화에 기반한 에콰도르 키토는 유럽과 토착 예술이 섞여 있으며 유네스코 문화유산에 등재되어 있다.",
    "Summary2": "",
    "Summary3": "남미 적도 에콰도르 키토는 잉카문화에 기반했다. 16세기 스페인 식민지 시대를 거치며 유럽과 토착 예술이 섞였으며 일찍이 유네스코 문화유산에 등재되었다."
  },
  "filename": "SCRIPT-culture-51207-00003.json"
}