{
  "Meta": {
    "doc_id": "SCRIPT-culture-51258",
    "doc_category": "SCRIPT",
    "doc_type": "culture",
    "doc_name": "51258_DC_걸어서세계속으로258_2019159969.txt",
    "author": "KBS",
    "publisher": "KBS",
    "published_year": "2019",
    "doc_origin": "걸어서세계속으로258",
    "passage_id": "SCRIPT-culture-51258-00004",
    "passage": "해설]가장 먼저 시작되는 곳 중 하나다.\n늦가을 비가 내려 아직 크리스마스 기분을 느끼기에는 이르지만 불빛들을 보고 있자니 내 마음도 살짝 설렌다.\n에센을 떠나 독일 북부 리더작센주에 있는 하멜른시에 도착했다.\n하멜른은 인구 5만 명 정도의 작은 도시다.\n중세 분위기의 거리를 걷자니 마치 동화 속 마을에 온 것 같은 기분이 든다.\n그런데 돌로 된 바닥에 쥐가 그려진 동판이 군데군데 깔려 있다.\n쥐들을 따라가니 동상이 하나 나온다.\n그림 형제의 동화로 잘 알려진 피리 부는 사나이다.\n베저 강 유역의 상업 도시였던 하멜른은옛날부터 제 분업이 발달했다.\n때문에 도시에는 쥐가 들끓었고 사람들은 쥐 때문에 못 살겠다고 아우성을 쳤지만 달리 방법이 없었다.\n이때 알록달록한 옷을 입은 사나이가 나타나 쥐를 없애주겠다고 하자 시장은 거액의 상금을 약속했다."
  },
  "Annotation": {
    "Summary1": "리더작센주의 하멜른 바닥에는 쥐가 그려진 동판들이 있는데, 이를 따라가면 피리 부는 사나이 동상이 나온다.",
    "Summary2": "",
    "Summary3": "리더작센주에는 중세 시대의 느낌이 풍기는 작은 도시 하멜른이 있다. 하멜른 돌바닥의 쥐가 그려진 동판을 따라가면 피리 부는 사나이 동상을 만날 수 있다."
  },
  "filename": "SCRIPT-culture-51258-00004.json"
}