{
  "Meta": {
    "doc_id": "SCRIPT-culture-42179",
    "doc_category": "SCRIPT",
    "doc_type": "culture",
    "doc_name": "솔라, 마마무 보스로 첫 등장",
    "author": "KBS",
    "publisher": "KBS",
    "published_year": "2020",
    "doc_origin": "솔라, 마마무 보스로 첫 등장",
    "passage_id": "SCRIPT-culture-42179-00001",
    "passage": "화자1]마마무의 멤버 솔라가 마마무의 보스로 등장합니다.\n화자2]오는 8일 방송되는 KBS 2TV 예능 ‘사장님 귀는 당나귀 귀’(이하 ‘당나귀 귀’)(연출 이창수)에는 마마무의 리더 솔라가 아이돌 보스로 첫 출연합니다. 마마무 4인 완전체가 한 방송에서 모인 건 1년 여 만으로 팬들과 시청자들의 관심을 모으고 있습니다.\n화자1]이날 마마무 솔라, 문별, 휘인, 화사는 새로운 앨범의 타이틀곡 녹음을 위해 이른아침부터 회사 스튜디오를 찾았습니다. 솔라는 녹음시작부터 끝날 때까지 '텐션 올려'를 끝없이 외쳤고 그녀의 저 세상 열정과 에너지에 나머지 멤버들은 힘 겨워했습니다. 솔라 옆에 앉은 문별은 '언니 귀 아파'라며 고통을 하소연하는가 하면 제작진과의 인터뷰에서 화사는 '언니랑 텐션이 너무 안 맞아요 상극인 느낌'이라는 충격적인 발언까지 했습니다.\n화자2]이에 김숙은 '다들 쌓인 게 많네'라고 말해 과연 리더 솔라의 태도가 어느 정도이기에 이런 반응이 나온 것인지 궁금증을 더하고 있습니다.\n화자1]그런가 하면 마마무의 신곡 ‘아야(AYA)’의 녹음 현장도 전격 공개됩니다. 메인 보컬 겸 리더 솔라, 걸크러시 래퍼 문별, 테크니션 보컬 휘인, 카리스마 보이스 화사까지 한 곡 안에 4인 4색 개성과 매력이 모두 녹아 든 ‘믿듣맘무(믿고 듣는 마마무)’의 명불허전 내공을 엿볼 수 있을 것으로 기대를 모으고 있습니다."
  },
  "Annotation": {
    "Summary1": "8일 방송되는 ‘사장님 귀는 당나귀 귀’에 솔라가 보스로 등장하며 마마무 완전체가 1년 만에 한 방송에 출연한다.",
    "Summary2": "",
    "Summary3": "8일 방송되는 ‘사장님 귀는 당나귀 귀’에서 마마무 4인 완전체가 1년여 만에 한 방송을 위해 모인다. 리더 솔라가 아이돌 보스로 출연하여 솔라는 앨범 타이틀곡 녹음을 위해 모인 멤버들에게 '텐션 올려'를 끝없이 외쳤고 그녀의 넘치는 열정에 나머지 멤버들은 힘겨워했다."
  },
  "filename": "SCRIPT-culture-42179-00001.json"
}