{
  "Meta": {
    "doc_id": "SCRIPT-culture-36828",
    "doc_category": "SCRIPT",
    "doc_type": "culture",
    "doc_name": "삼국지 제갈공명, 출사표를 던지다",
    "author": "KBS",
    "publisher": "KBS",
    "published_year": "2021",
    "doc_origin": "삼국지 제갈공명, 출사표를 던지다",
    "passage_id": "SCRIPT-culture-36828-00001",
    "passage": "화자1]이릉대전에서 참패한 촉촉 황제 유비가 223년에 죽고 그의 아들 유선이 촉한 2대 황제 자리에 오른다. 어린 황제 유선을 보좌해 국정을 돌보게 된 제갈공명은 촉의 운명을 책임지게 됩니다. 관우, 장비, 유비가 다 사망하며 위기를 맞은 촉촉. 어려운 상황 가운데 제갈공명이 선택한 것은 바로 북벌'이었습니다.\n화자2]제갈공명이 촉의 승상으로서 북벌에 앞서 가장 먼저 개시한 군사행동은 남만을 정벌한 것입니다. 나관중의 소설 <삼국지연의>에서 묘사된 남만 정벌은 기이한 일화들로 가득합니다. ‘제갈공명이 목각으로 병사를 만들어 남만을 공격했다’는 이야기, ‘만두를 처음 만든 인물은 제갈공명’이라는 것, ‘맹획을 일곱 번 붙잡았지만 일곱 번 풀어주었다는 이야기’. 과연 무엇이 허구이고 무엇이 역사적 진실일까?.\n화자1]제갈공명이 이끄는 촉촉군은 1차 북벌에서 위위군을 상대로 승기를 잡았지만 부하 장수 마속의 실수로 위기를 맞게 되고 결국 1차 북벌은 실패로 돌아갑니다. 그 책임을 물어 제갈공명은 아끼던 부하인 마속을 처형합니다. 오늘날까지 유명한 ‘읍참마속’ 일화를 통해 제갈공명의 원칙주의와 그 배경이 되었던 형주학파에 대해 알아봅니다.\n화자2]사마의 VS 제갈공명, 지략가들의 한판 승부!.\n화자1]234년 제갈공명이 군사 10만 명을 이끌고 5차 북벌을 감행하자 위(위)의 지략가 사마의가 제갈공명에 맞섭니다. 두 나라의 운명을 건 전쟁이 벌어지려는 순간, 공명과 사마의 양측 모두 의외의 전술을 구사합니다. 그 전술의 내용과 배경에 대해 살펴봅니다. 특히 공명이 사마의를 대상으로 특이한 심리전을 벌이는데 그 내용에 대해서도 알아봅니다.\n화자2]소설 <삼국지연의>를 통해 신출귀몰한 병법 천재로 알려진 제갈공명. 과연 실제 역사 속 제갈공명은 어떤 모습일까? 007.27 화요일 밤 10시 KBS 1TV <역사저널 그날>에서 공명의 진짜 모습을 알아봅니다."
  },
  "Annotation": {
    "Summary1": "황제 유선을 보좌해 제갈공명이 국정을 돌보고 촉의 위기 상황에 북벌을 선택해 사마의와 전술을 구사한 전쟁을한다.",
    "Summary2": "",
    "Summary3": "223년에 유비가 죽고 아들 유선이 촉한 2대 황제가 되고 제갈공명이 유선을 보좌해 국정을 돌본다. 제갈공명은 촉이 위기를 맞은 상황에 북벌을 선택하고 북벌에 앞서 남만을 정벌하기 위해 군사행동을 개시했다. 부하 장수 마속의 실수로 1차 북벌은 실패로 돌아가 제갈공명은 그 책임을 물어 마속을 처형한다. 제갈공명이 5차 북벌에서 사마의와 전술을 구사해 전쟁을 한다."
  },
  "filename": "SCRIPT-culture-36828-00001.json"
}