{
  "Meta": {
    "doc_id": "SCRIPT-culture-51200",
    "doc_category": "SCRIPT",
    "doc_type": "culture",
    "doc_name": "51200_DC_걸어서세계속으로200_2018128196.txt",
    "author": "KBS",
    "publisher": "KBS",
    "published_year": "2018",
    "doc_origin": "걸어서세계속으로200",
    "passage_id": "SCRIPT-culture-51200-00008",
    "passage": "해설]여인들이 과일을 팔고 있는데 바구니에 사과와 살구가 가득이다.\n지나는 사람도 상인과 한창 흥정 중이다.\n길 한복판에서 장사가 될까 싶었는데 이곳을 찾는 이들이 제법 있나 보다.\n사과를 맛있게 먹는 모습을 보니 장사가 목적이라기보다 여인들이 아이들과 함께 밖으로 마실 온 것 같다.\n그런데 어디선가 한 아이가 자전거를 타고 나타났다.\n여인들과 스스럼없는 걸 보니 잘 아는 사이 같은데 바로 아래에 있는 마을에서 왔단다.\n아이가 타고 온 자전거가 예사롭지 않다.\n그런데 이거는 자동차 핸들 같은데.\n아이가 직접 만들었다는 자전거.\n풍요롭지 않은 가운데 새로운 것을 조합해내는 아이의 솜씨가 대단하다.\n브레이크 방법을 물었더니 직접 시범까지 보여준다.\n브레이크 방법도 알았으니 한 번 타보기로 했다.\n하지만 나는 뭔가 어설프다."
  },
  "Annotation": {
    "Summary1": "여인들은 길 한복판에서 과일을 팔고 있고, 한 아이가 직접 만들었다는 예사롭지 않은 자전거를 타고 와 보여준다.",
    "Summary2": "",
    "Summary3": "여인들은 길 한복판에서 바구니에 사과와 살구를 놓고 과일을 팔고 있다. 한 아이가 직접 만들었다는 예사롭지 않은 자전거를 타고와 브레이크 시범을 보여준다."
  },
  "filename": "SCRIPT-culture-51200-00008.json"
}