{
  "Meta": {
    "doc_id": "SCRIPT-culture-14258",
    "doc_category": "SCRIPT",
    "doc_type": "culture",
    "doc_name": "마지막 왕녀, 덕혜옹주",
    "author": "KBS",
    "publisher": "KBS",
    "published_year": "2016",
    "doc_origin": "마지막 왕녀, 덕혜옹주",
    "passage_id": "SCRIPT-culture-14258-00001",
    "passage": "화자1]일본에 나라를 빼앗긴 지 2년 만에 고종의 늦둥이로 태어난 덕혜옹주는 유치원에 다닐 나이가 될 때까지도 왕실에 입적하지 못합니다. 그런 딸을 위해 아버지 고종이 선택한 일본 황실 입적이었습니다. 그리고 바로 그것이 덕혜옹주 비극의 시작이었습니다.\n화자2]1912년, 절망에 빠진 조선 왕실에 여자아이가 태어납니다. 환갑에 가진 고명딸에 대한 고종의 사랑은 각별했습니다. 태어난 지 50일째 되던 날에 덕혜옹주의 거처를 함녕전으로 옮기고, 걸어서 2-3분 정도의 가까운 거리에 유치원을 만듭니다. 식민지 시대, 일본 감시 속에 살던 고종의 일상에 한 줄기 빛이었던 덕혜옹주. 원조 딸바보였던 고종의 일상 속에서 그녀의 가장 행복했던 시절을 엿 봅니다. 하지만 1919년, 덕혜옹주가 8살이 되던 해 고종이 세상을 떠납니다.\n화자1]6년 후, 아버지 죽음에 대한 의혹을 씻지 못한 채 강제로 일본에 보내진 덕혜옹주의 삶은 힘겨웠습니다. 독살을 피하기 위해 여러 개의 보온병을 들고 다니던 덕혜옹주. 열네 살의 사춘기 소녀에게 아버지를 독살했을지도 모르는 나라에서의 생활은 버겁고 무서웠습니다. 게다가 조국을 떠난 지 1년 만에 오빠 순종이 승하하고 몇 년 후, 어머니 양귀인까지 사망합니다. 일제의 강요로 어머니의 장례에 상복조차 입지 못했던 덕혜옹주의 가슴 아픈 사연을 만나봅니다.\n화자2]1931년 덕혜옹주는 일제에 의해 대마도의 백작과 정략결혼합니다. 왕실의 핏줄인 옹주가 일본인과, 그것도 조선에 조공을 바치던 대마도 섬의 백작이라는 사실을 알고는 조선인들은 분노합니다. 1년 후 딸 하나를 낳았다는 보도 후, 그녀는 언론에서 자취를 감춘다. 그리고 그녀를 둘러싼 수상한 소문들. 급기야 덕혜옹주는 정신병원에 입원하게 됩니다. 과연 덕혜옹주에게 무슨 일이 있었던 것일까?."
  },
  "Annotation": {
    "Summary1": "일본에 나라를 뺏기고 태어난 덕혜옹주는 비극적이게 왕실에 입적도 못하고 대신 일본 황실에 입적을 했다.",
    "Summary2": "",
    "Summary3": "일본에 나라를 빼앗긴 지 2년 만에 고종의 늦둥이로 태어난 덕혜옹주는 왕실에 입적하지 못했다. 그런 딸을 둔 고종의 선택은 일본 황실 입적이었다. 이것이 비극의 시작이었다. 덕혜옹주가 8살때 고종이 세상을 떠나고 6년 후 아버지 죽음에 대한 의혹을 씻지 못하고 강제로 일본에 보내진 덕혜옹주는 독살을 피하기 위해 여러개의 보온병을 들고 다녔다."
  },
  "filename": "SCRIPT-culture-14258-00001.json"
}