{
  "Meta": {
    "doc_id": "SCRIPT-culture-41540",
    "doc_category": "SCRIPT",
    "doc_type": "culture",
    "doc_name": "이적, 전교톱10 '내가 데뷔했던 90년대 음악 다뤄서 좋았다'",
    "author": "KBS",
    "publisher": "KBS",
    "published_year": "2020",
    "doc_origin": "이적, 전교톱10 '내가 데뷔했던 90년대 음악 다뤄서 좋았다'",
    "passage_id": "SCRIPT-culture-41540-00001",
    "passage": "화자1]이적이 KBS MC로 복귀합니다. 2014년 ‘음악쇼’ 이후 무려 6년만입니다.\n화자2]명 불허전의 입담 소유자 이적-김희철이 MC를 맡아 화제를 모으고 있는 KBS2TV 신규 예능 프로그램 ‘전교톱10’(연출 정상원)은 시대를 아우른 명품 프로그램 ‘가요톱10’을 주름잡은 90년대 음악들을 십대만의 감성으로 재해석해 새로운 무대를 선보이는 경연 프로그램으로 MC 이적 김희철 외에 이상민, 토니안, 김형석, 은혁, 박문치가 특급 패널 군단을 완성해 기대감을 높이고 있습니다.\n화자1]‘전교톱10’을 복귀작으로 선택한 이유에 대해 이적은 '’전교톱10’은 기본적으로 음악 프로그램이며, 더구나 내가 데뷔했던 90년대 음악을 중점적으로 다루는 프로그램이기에 뭔가 보탬이 될 역할을 할 수 있을 것 같아 출연을 결심했다'라며,'10대들의 때 묻지 않고 빛나는 재능을 매주 볼 수 있다는 점도 끌릴 수 밖에 없었다'고 밝혔습니다.\n화자2]‘전교톱10’은 현재 1,2회의 녹화를 마친 상황. 이에 이적은 '첫 회에 어마어마한 가창력의 디바급 출연자가 두 명이나 등장합니다. 이 친구들 말고도 지금 세대의 감성으로 90년대 음악을 해석해내는 틴에이저싱어들의 역량에 놀라게 될 것'이라고 전했습니다."
  },
  "Annotation": {
    "Summary1": "이적이 '전교톱10'으로 6년 만에 MC로 복귀하며 프로에 보탬이 될 수 있을 것 같아 출연하게 됐다고 밝혔다.",
    "Summary2": "",
    "Summary3": "이적이 90년대 음악을 십 대 감성으로 재해석해 경연하는 프로그램 '전교톱10'으로 6년 만에 MC로 복귀한다. 그는 '전교톱10'이 자신이 데뷔한 90년대 음악을 다루는 프로라 보탬이 될 수 있을 것 같다는 등의 이유로 출연을 결심했다고 밝혔다."
  },
  "filename": "SCRIPT-culture-41540-00001.json"
}