{
  "Meta": {
    "doc_id": "SCRIPT-culture-13871",
    "doc_category": "SCRIPT",
    "doc_type": "culture",
    "doc_name": "신사참배에 ‘일사각오’로 맞선 주기철 목사",
    "author": "KBS",
    "publisher": "KBS",
    "published_year": "2016",
    "doc_origin": "신사참배에 ‘일사각오’로 맞선 주기철 목사",
    "passage_id": "SCRIPT-culture-13871-00001",
    "passage": "화자1]오늘(20일) 오후 03시, 서울시 영등포구 여의도 KBS본사. <열린 음악회> 등이 녹화되는 공연장인 KBS홀에서는 종교영화 한 편의 VIP시사회가 열렸습니다. 작년 크리스마스에 KBS 1TV <다큐1>을 통해 방송되어 9% 가까운 시청률을 올리며 교인과 시청자의 호평을 받았던 한 목사님의 일대기를 다룬 작품입니다. 바로, 일제강점기에 신사참배를 거부하다 결국 옥사한 주기철 목사의 짧지만 위대한 생애를 담은 <일사각오>(연출 권혁만)입니다. ‘일사각오’(일사각오)는 주 목사가 옥 중에서도 일제의 강압에 굴복하지 않는 올곧은 길로 기꺼이 걸어가겠다는 결기를 담고 있습니다.\n화자2]방송계의 소문난 신자인 최선규, 김경란 아나운서의 사회로 영화상영에 앞서 오프닝 행사가 펼쳐졌습니다. 먼저 영화를 만든 KBS를 대표하여 고대영 사장이 직접 무대에 올라 환영사를 했고, 이어 교계를 대표하여 김삼환 목사(명성교회)와 조일래 목사(한국교회연합 대표회장)의 축사가 있었습니다. 그리고, 주기철 목사의 유족을 대표하여 손자인 주승중 목사(주기철기념사업회 이사장)의 인사말이 있었습니다.\n화자1]이어 주연배우 이지형(주기철 목사), 설지윤(아내), 최원(아들 주광조)의 무대인사가 있었습니다. 어린 아들 역의 최원은 이날 뮤지컬 ‘지킬앤 하이드’의 명곡 ‘지금 이 순간’을 열창하여 객석의 환호를 받았습니다. 그리고 ,테너 박주옥과 소프라노 임지은의 추모곡 헌창이 있었습니다. ‘영문(영문)밖의 길’은 주 목사가 옥중에 있을 때 지은 노래라는 설명이 있었습니다.\n화자2]영화는 TV에서 방송버전과는 또 다른 편집판입니다. 주기철 목사의 생애가 찬찬히 펼쳐집니다. 1897년, 경남 진해시 웅천마을에서 태어난 주기철은 나이 13살이 되든 1910년 한일강제합병으로 나라를 잃습니다. 그해 성탄절에 그는 처음으로 외국인 목사가 설교하는 교회에 나갔었고, 그 길로 신도가 되었고 결국 목회자의 길을 걷게 됩니다. 그가 평양신학교를 졸업하던 1925년, 서울 남산에는 조선신궁이 세워졌고 일제의 황국신민화정책이 본격화됩니다. 일제의 신사참배 요구는 계속되지만 주기철은 강력히 반대하며 5번의 검속과 임시석방을 반복합니다. 악질 일본의 갖은 회유와 고문 끝에 그는 1944년, 마흔 일곱 살에 순교합니다. 그는 끝내 광복을 보지 못한 것입니다.\n화자1]영화가 끝날 때까지 홀은 온통 진중함과 무거움, 안타까움으로 가득했습니다. 주기철 목사가 일본경찰의 모진 고문에 결국 비참한 최후를 맞을 때 객석에서는 흐느낌이 넘쳐났습니다.\n화자2]영화 <일사각오>는 003.17 CGV 전국극장 개봉될 예정입니다."
  },
  "Annotation": {
    "Summary1": "일제 강점기에 신사참배를 거부하다 옥사한 주기철 목사의 생애를 담은 영화 <일사각오>의 시사회가 열렸다.",
    "Summary2": "",
    "Summary3": "여의도 KBS홀에서 종교영화 <일사각오>의 VIP 시사회가 열렸다. 이는 작년 크리스마스에 KBS 1TV를 통해 방송되어 시청자의 호평을 받았다. 일제 강점기에 신사참배를 거부하다 옥사한 주기철 목사의 생애를 담은 영화이다. 영화 상영에 앞서 오프닝 행사에서 고대영 사장이 환영사를 했고, 교계 대표 목사들의 축사가 있었다. 주연배우들의 무대인사 이후 추모곡 헌창이 이어졌다. 영화는 방송된 버전과는 또 다른 편집판이며, 영화가 끝날 때 까지 홀은 흐느낌으로 가득 찼다."
  },
  "filename": "SCRIPT-culture-13871-00001.json"
}