{
  "Meta": {
    "doc_id": "SCRIPT-culture-22779",
    "doc_category": "SCRIPT",
    "doc_type": "culture",
    "doc_name": "DMZ국제다큐영화제, 진모영 감독의 ‘올드마린보이’로 문을 연다",
    "author": "KBS",
    "publisher": "KBS",
    "published_year": "2017",
    "doc_origin": "DMZ국제다큐영화제, 진모영 감독의 ‘올드마린보이’로 문을 연다",
    "passage_id": "SCRIPT-culture-22779-00001",
    "passage": "화자1]김문수 도지사 시절에 시작된 ‘DMZ국제다큐영화제’가 남경필 도지사 시절에도 계속됩니다. ‘DMZ’라는 타이틀이 암시하듯, ‘다큐영화제’를 내걸었듯이 DMZ국제다큐영화제는 지난 9년 동안 특별한 영화들을 특별한 곳에서 소개해 왔습니다.\n화자2]23일 오전 11시, 서울 중구 KEB하나은행 을지로본점 강당에서는 제9회 DMZ국제다큐영화제개최 관련 기자회견이 열렸습니다. 이 자리에는 남경필 조직위원장과 조재현 집행위원장, 그리고 개막작으로 선정된 의 진모영 감독이 참석했습니다.\n화자1]남경필 조직위원장은 '영화제가 올해 9회째를 맞았습니다. 매년 성장하고 있고 국민의 관심도 깊어지고 있습니다.'며 '우리 영화제는 ‘지원은 하되 간섭하지 않는다’를 원칙으로 계속해서 발전해나가도록 지원하겠다'고 밝혔습니다.\n화자2]‘평화 소통 생명’을 주제로 열리는 올 영화제에는 109개국에서 출품된 1187편의 작품에서 선정된 42개 114편의 다큐멘터리가 상영됩니다. 프로그램 가운데 촛불 광장과 일상의 정치학을 논하는 ‘특별기획: 광장이여, 노래하라’와 지난 7월 아프리카에서 독립다큐를 촬영 중 교통사고로 유명을 달리한 고(고) 박환성 김광일 PD, 세월 호를 다룬 에 참여한 박종필 감독을 추모하는 장이 포함되었습니다.\n화자1]조재현 집행위원장은 '큰 영화제는 아니지만 예산 대비 전국에서 지원금을 가장 많이 주는 영화제입니다.'고 자부심을 표했습니다.\n화자2]개막작으로는 480만 명이라는 메가히트를 기록한 다큐멘터리 의 진모영 감독의 신작 ‘올드마린보이’가 선정됐습니다. ‘올드마린보이’는 강원도 고성에서 머구리(잠수부)로 일하는 탈북 남성의 이야기를 담은 작품입니다.\n화자1]진모영 감독은 'DMZ국제다큐영화제는 국내 몇 안되는 다큐멘터리 영화제 중에서도 제일 의욕적인 영화제입니다. 아시아권에서도 의미 있는 큰 영화제입니다. 생명 평화 소통이 영화제의 모토인데 내가 ‘올드마린보이’에서 다룬 ‘머구리’와 ‘탈북자’의 인생과 맞다고 생각했습니다.'고 소감을 밝혔습니다.\n화자2]이번 영화제 홍보대사로는 배우 조진웅과 지우가 발탁됐습니다. 조진웅은 '다큐멘터리 영화에 대해서는 특별한 관심이 없었습니다. 하지만 다큐멘터리는 우리 삶 속에 잔잔하고 여유 있게 스며들어져 있습니다. 굳이 좋아하려고 하려고 하지 않아도 우리 주변에는 존재해있었다'며 '이번에 다큐멘터리 영화에 대해 제대로 알아보겠습니다. 저처럼 다큐멘터리에 관심이 없었던 사람들에게도 스며들게끔 홍보하겠다'고 소감을 전했습니다."
  },
  "Annotation": {
    "Summary1": "'DMZ국제다큐영화제'는 올해로 9회째를 맞이했고 개막작으로 진모영 감독의 '올드마린보이'가 선정됐다.",
    "Summary2": "",
    "Summary3": "김문수 도지사 때부터 시작된 'DMZ국제다큐영화제'는 올해로 9회째를 맞이했다. 남경필 조직위원장은 이 영화제는 매년 성장하고 있으며 '지원은 하되 간섭하지 않는다'라는 원칙을 지켜 발전해 나가도록 지원하겠다고 했다. 이어 조재현 집행위원장은 '예산 대비 전국에서 지원금을 가장 많이 주는 영화제'라며 자부심을 표현했다. 개막작으로 다큐멘터리의 메가 히트를 기록한 진모영 감독의 '올드마린보이'가 선정됐다. 진모영감독은 제일 의욕적이며 아시아권에서도 의미 있는 큰 영화제라며 소감을 밝혔다."
  },
  "filename": "SCRIPT-culture-22779-00001.json"
}