{
  "Meta": {
    "doc_id": "SCRIPT-culture-25299",
    "doc_category": "SCRIPT",
    "doc_type": "culture",
    "doc_name": "어우동 스캔들 그녀는 무죄인가?",
    "author": "KBS",
    "publisher": "KBS",
    "published_year": "2018",
    "doc_origin": "어우동 스캔들 그녀는 무죄인가?",
    "passage_id": "SCRIPT-culture-25299-00001",
    "passage": "화자1]오늘날의 외교부 고위 공무원 집안의 딸로 태어나 세종의 형 효령대군의 손자며느리가 된 여자. 남부러울 것 없는 로열패밀리의 ‘정숙해야 할’ 여성이 신분과 나이를 초월한 대대적인 간통 사건을 벌입니다. 사랑한 남자들의 이름을 은밀하게 몸에 새겼던 어우동, 그녀가 만난 남자들의 수가 성종실록에 ‘일부’ 노출되어 화제가 되었습니다. 애정 행각의 끝은 어디일까?.\n화자2]성종 11년 10월, 어우동은 목이 졸려 사망합니다. 조선시대 형법상 여자가 꾀어서 간음한 경우는 장 1백 대에 처합니다. 하지만 성종은 어우동에게 법에도 없는 교형을 내렸습니다. 어우동은 왜 죽임을 당한 것일까? 법치국가 조선의 기틀을 마련했던 왕이 왜 이런 형벌을 내린 것일까? 조선시대 이야기라고 믿겨지지 않는 그녀의 속사정, 한 번 들어나 보자.\n화자1]46명의 대신 중 42명의 반대를 무릅쓰고 제정된 재가(재가)금지법! 이 때문에 재혼 여성은 생존권을 위협 당하고, 자식뿐만 아니라 손자까지 출셋길이 막혔습니다. 반면 어우동과 얽힌 간통남들에 대한 처벌은 한없이 가벼웠다는 데, 성종이 조선에 그렸던 큰 그림은 대체 무엇이었을까?."
  },
  "Annotation": {
    "Summary1": "성종 11년 어우동은 간통 사건으로 교형을 받았고 성종은 재가 금지법을 제정하여 재혼한 여성은 큰 처벌을 받았다.",
    "Summary2": "",
    "Summary3": "성종 11년 10월 효령대군의 손자며느리였던 어우동은 간통 사건으로 법에도 없는 교형을 받아 사망했다. 또한 성종은 대신들의 반대를 무릅쓰고 재가 금지법 제정하였고 이로 인해 재혼한 여성은 남성에 비해 큰 처벌을 받았다."
  },
  "filename": "SCRIPT-culture-25299-00001.json"
}