{
  "Meta": {
    "doc_id": "SCRIPT-culture-51205",
    "doc_category": "SCRIPT",
    "doc_type": "culture",
    "doc_name": "51205_DC_걸어서세계속으로205_2018154157.txt",
    "author": "KBS",
    "publisher": "KBS",
    "published_year": "2018",
    "doc_origin": "걸어서세계속으로205",
    "passage_id": "SCRIPT-culture-51205-00008",
    "passage": "해설]그런데 주인장의 환영인사가 격하다.\n이번에는 내 차례인가? 정신이 번쩍 든다.\n일단 식전 더위는 쫓아냈는데 그렇다면 차 끓이는 솜씨는 어떨까.\n오래된 주전자와 컵은 나름 그럴싸하고 손 놀림도 무척 빠르다.\n각종 찻잎은 넣은 컵에 펄펄 끓는 물을 넣으면 민트차가 완성된다.\n모로코 사람들이 가장 많이 즐긴다는 민트차.\n그 맛은 매우 뜨거우며 달았다.\n그리고 유쾌한 아저씨의 작별인사.\n페스의 진한 향기를 뒤로 하고 다음 여정을 떠난다.\n내가 도착한 곳은 모로코 북부의 작은 도시 쉐프샤우엔.\n마을 전체가 파란색으로 칠해진 탓에 아프리카의 산토리니로 불리는 곳이다.\n쉐프샤우 엔의 중심 메디나 광장은 항상 관광객과 현지 사람들로 가득하다.\n마을 입구로 들어가면 곧바로 파란색 골목들을 만난다.\n마치 마을을 하늘색 물감에 적셨다 뺀 듯 온통 파랑이 물결친다."
  },
  "Annotation": {
    "Summary1": "모로코인들이 즐긴다는 민트차의 맛은 뜨겁고 달았고, 쉐프샤우엔은 마을 전체가 파란색으로 칠해졌다.",
    "Summary2": "",
    "Summary3": "모로코 사람들이 많이 즐긴다는 민트차의 맛은 뜨겁고 달았다. 다음 도착지인 쉐프샤우엔은 아프리카의 산토리니라는 별명에 걸맞게 마을 전체가 파란색으로 칠해졌다."
  },
  "filename": "SCRIPT-culture-51205-00008.json"
}