{
  "Meta": {
    "doc_id": "SCRIPT-culture-51257",
    "doc_category": "SCRIPT",
    "doc_type": "culture",
    "doc_name": "51257_DC_걸어서세계속으로257_2019159968.txt",
    "author": "KBS",
    "publisher": "KBS",
    "published_year": "2019",
    "doc_origin": "걸어서세계속으로257",
    "passage_id": "SCRIPT-culture-51257-00018",
    "passage": "해설]다름 아닌 사막 버기카 투어를 즐기기 위해서다.\n영화 매드맥스에서 나오는 차량과비슷해 보이는 버기카.\n사막 투어를 위해 특수 제작됐다고 한다.\n버기카 운전 경력 15년 차라는 베테랑을 만나 사막을 질주해보기로 한다.\n모래바람을 피하려면 마스크는 필수.\n새하얀 백사장을 질주하는 기분이 정말 짜릿하다.\n롤러코스터를 타듯 환호성이 절로 나온다.\n능선을 넘기 전에는 상상할 수 없었던 신비한 모래 언덕.\n사막의 낭만이 전하는 스릴 만점 레포츠다.\n밀가루처럼 부드러운 모래 위 보딩까지.\n남미 최고의 여행이 아닐 수 없다.\n그렇다고 이 재미있는 걸 포기할 수는 없다.\n해가 지기 전까지 타보기로 했다.\n엎드려 타서인지 더욱 스릴 만점이다.\n와카치나 사막 투어는 신혼여행 코스로도 각광을 받고 있다.\n지금 보내는 이 시간이"
  },
  "Annotation": {
    "Summary1": "사막의 낭만을 느낄 수 있는 레포츠인 사막 버기카 투어로, 해가 지기 전까지 사막을 질주해 보기로 했다.",
    "Summary2": "",
    "Summary3": "특수 제작된 버기카를 타고 사막을 질주해 보기로 한다. 사막의 낭만을 느낄 수 있는 스릴 있는 레포츠, 사막 버기카 투어를 해가 지기 전까지 타보기로 했다."
  },
  "filename": "SCRIPT-culture-51257-00018.json"
}