{
  "Meta": {
    "doc_id": "SCRIPT-culture-51201",
    "doc_category": "SCRIPT",
    "doc_type": "culture",
    "doc_name": "51201_DC_걸어서세계속으로201_2018136640.txt",
    "author": "KBS",
    "publisher": "KBS",
    "published_year": "2018",
    "doc_origin": "걸어서세계속으로201",
    "passage_id": "SCRIPT-culture-51201-00001",
    "passage": "해설]유럽의 보석 알프스.\n그 중심엔 오스트리아가 있다.\n그곳에 삶을 기대어 사는 아름다운 사람들.\n그리고 그들을 더 빛나게 해주는 찬란한 문화.\n그들과 함께 곳곳을 걸으며 만나는 오스트리아.\n알프스를 제대로 만나기 위해 산을 오르고 오르고 또 오른다.\n그리고 그 속에서 나를 채우고 채우고 또 채운다.\n지금 나는 오스트리아로 간다.\n인천국제공항에서 1001시간 비행 후 독일 프랑크푸르트를 경유해 다시 001시간을 비행 한 후 오스트리아 인스브루크에 도착했다.\n인스브루크는 오스트리아 트롤주의 주도로 알프스산맥에 위치한 도시중 규모가 가장 크다.\n동계올림픽이 2번이나 열렸을 정도로 겨울 스포츠의 메카이기도 하다.\n나는 인스부르크 구도심에서 여정을 시작했다.\n길을 걷다 보니 저 멀리 나의 눈을 잡아 끄는 건물이 있다."
  },
  "Annotation": {
    "Summary1": "인스부르크 구도심에서 여정을 시작하며, 그 곳의 사람들과 아름다운 문화로 오스트리아를 만난다.",
    "Summary2": "",
    "Summary3": "오스트리아에 사는 사람들과 그곳의 아름다운 문화로 오스트리아를 만난다. 알프스 산맥의 도시 중 가장 큰 도시인 인스부르크 구도심에서 여정을 시작했다."
  },
  "filename": "SCRIPT-culture-51201-00001.json"
}