{
  "Meta": {
    "doc_id": "SCRIPT-culture-51258",
    "doc_category": "SCRIPT",
    "doc_type": "culture",
    "doc_name": "51258_DC_걸어서세계속으로258_2019159969.txt",
    "author": "KBS",
    "publisher": "KBS",
    "published_year": "2019",
    "doc_origin": "걸어서세계속으로258",
    "passage_id": "SCRIPT-culture-51258-00013",
    "passage": "해설]역시 먹거리다.\n특히 온갖 종류의소시지 음식을 맛볼 수 있다.\n이 소시지는 바게트 빵처럼 길이가 긴데 반으로 잘라 빵에 끼워 샌드위치를 만들어 먹는다.\n이런 음식들에 와인에 향신료를 넣고 끓인 따끈한 글뤼바인을 곁들이면 든든한 한 끼 식사가 된다.\n우리에게 친숙한 군밤도 판다.\n군밤 한 봉지를 달라고 했더니 아저씨가 묘기도 보여준다.\n광장 옆 궁전 쪽에서 음악 소리가 들려 들어가 봤다.\n브라스 밴드가 연주를 하고 있다.\n여기는 궁전 벽에 불빛을 비춰 눈이 내리는 듯한 분위기가 난다.\n이곳에서는 상인들이 모두 중세 복장을 하고 있다.\n옛날 방식 그대로물건을 만드는 대장간도 있다.\n쇠를 달구고 망치로 두드려를 농기구나 장신구, 화살촉 같은 무기를 만든다.\n야외 욕조에서 목욕하는 사람들도 있다.\n마치 중세로 시간여행을 하는 것 같다."
  },
  "Annotation": {
    "Summary1": "소시지로 샌드위치를 만들어 글뤼바인을 곁들이면 한 끼 식사가 되고 상인들이 중세 복장을 하고 있어 중세로 온 것만 같다.",
    "Summary2": "",
    "Summary3": "소시지를 반으로 잘라 샌드위치를 만들어 따끈한 글뤼바인을 곁들이면 한 끼 식사가 된다. 이곳에는 상인들이 중세 복장을 하고 있어 중세로 시간 여행을 온 것만 같다."
  },
  "filename": "SCRIPT-culture-51258-00013.json"
}