{
  "Meta": {
    "doc_id": "SCRIPT-culture-15608",
    "doc_category": "SCRIPT",
    "doc_type": "culture",
    "doc_name": "100세 시대의 동반자, 디지털 헬스케어",
    "author": "KBS",
    "publisher": "KBS",
    "published_year": "2016",
    "doc_origin": "100세 시대의 동반자, 디지털 헬스케어",
    "passage_id": "SCRIPT-culture-15608-00001",
    "passage": "화자1]아픈 환자를 위해 대신 학교에 가는 로봇, 게임을 통해 뇌졸중 후 찾아온 편마비 재활을 돕는 스마트 글로브, 타액 하나면 건강에 관련된 31가지 나의 유전자 정보를 알 수 있습니다.\n화자2]미래의 얘기가 아니라 현재 국내외에서 개발되고 활용되는 디지털 헬스케어 기기들 이야기다. 인류의 제 4 혁명이라 불리는 디지털 기술의 발전으로2010년경부터 새롭게 부상하고 있는 디지털 헬스 케어 산업의 현주소와 미래를 전망하는 다큐멘터리가 방송됩니다. 인류의 삶을 요람에서 무덤까지 책임지게 될 100세 시대의 동반자, 디지털 헬스 케어. 과연 우리는 지금 새로운 시대를 맞이하기 위해 무엇을 준비해야할 지 생각해 보는 시간이 될 것입니다.\n화자1]바둑계에 ‘알파고’가 있다면, 의료계에는 ‘왓슨’이 있다! 2011년 미국 유명 퀴즈쇼에서 우승을 차지하며 이름을 알린 인공지능 ‘왓슨’. 이제 의료계까지 발을 뻗고 있습니다. 왓슨의 암 진단율은 무려 96%. 왓슨과 의사의 환상적인 팀워크는 인류의 병을 효과적으로 치유해 낼 수 있습니다.\n화자2]세계 최초로 스마트 안경을 쓰고 수술을 집도한 라파엘 그로스먼 박사. 그의 수술은 전 세계 실시간 생중계되었습니다. 라파엘 박사가 사용하는 ‘신 문물’은 여기서 끝이 아닙니다. 영화 ‘마이너리티 리포트’를 연상시키는모니터부터 수술 현장을 직접 볼 수 있는 가상현실까지, 디지털 기술로 의료계는 한 단계 업그레이드되고 있습니다.\n화자1]맞춤형 헬스케어의 신 장르, 원격의료. 언제 어디서든지 환자 맞춤형 진료가 가능합니다. 미국과 일본에서는 환자를 위한 원격의료 시스템이 이미 활성화되어있는 상황. 국내는 군에서 적극 활용해 의사가 부족한 전방지역의 국군장병들의 건강을 책임지고 있습니다.\n화자2]헬스 케어의 연구 분야는 끝을 모르고 뻗어가고 있습니다. 그 중에 하나가 유전자 분석을 통한 헬스 케어. 유전자 분석으로 질병의 원인 뿐 만 아니라 건강정보까지 알아 낼 수 있습니다. 국내 한 기업은 유전자 분석을 통해 개인의 특성에 맞춰 다이어트 프로그램을 제공하는 서비스를 개발했습니다. 미국의 기업에서는 2세의 유전질병을 미리 분석해 주는 프로그램을 개발해 이슈가 되기도 했습니다. 이처럼 전 세계는 유전자 분석 헬스케어에 주목하고 있습니다."
  },
  "Annotation": {
    "Summary1": "디지털 헬스케어 기기들은 디지털 기술의 발전으로 2010년경부터 새롭게 부상하고 있다.",
    "Summary2": "",
    "Summary3": "현재 국내외에서 개발되고 활용되는 디지털 헬스케어 기기들은 인류의 제4혁명이라 고 지칭되는 디지털 기술의 발전으로 2010년경부터 새롭게 부상하고 있다. 그중 유전자 분석을 통한 헬스케어 미국의 기업에서는 2세의 유전 질병을 미리 분석해 주는 프로그램을 개발해 이슈가 되기도 했다. 또한 맞춤형 헬스케어의 원격 진로 등 맞춤형 진료 등 이런 디지털 헬스케어 산업의 현재와 미래를 전망하는 다큐멘터리가 방영된다."
  },
  "filename": "SCRIPT-culture-15608-00001.json"
}