{
  "Meta": {
    "doc_id": "SCRIPT-culture-51207",
    "doc_category": "SCRIPT",
    "doc_type": "culture",
    "doc_name": "51207_DC_걸어서세계속으로207_2018168717.txt",
    "author": "KBS",
    "publisher": "KBS",
    "published_year": "2018",
    "doc_origin": "걸어서세계속으로207",
    "passage_id": "SCRIPT-culture-51207-00015",
    "passage": "해설]얼마 지나지 않아 기차는 도심을 빠져나가고 색다른 풍경이 펼쳐진다.\n관광해설사의 설명이 곁들여진 이 프로그램은 쇠락한 철도노선을 역사문화 관광상품으로 복원시킨 트렌에콰 도르.\n내가 탄 자유의 길은 이바라에서 살리나스까지 이어지는 30km 정도의 구간으로 1929년 에콰도르에 건설된 최초의 철길이다.\n깎아지른 절벽을 잇는 다리.\n내려다보는 것만으로도 아찔하다.\n이 구간에 터널이 55개,다리가 27개 있는데 모두 수작업으로 건설됐다.\n노동자들의 엄청난 희생이 따랐다고 한다.\n종착역에 이르면 고원의 평야가 펼쳐진다.\n스페인 정복 당시 예수회 사람들이 개간한 대토지 농장의 흔적이다.\n여기에도 노동자들의 피와 땀, 눈물이 배어 있다.\n이 구간 이름이 자유의 기차인 이유가 여기에 있다.\n철도 교통이 발달하지 않은 안데스고원에서는 기차를 타는 것만으로도 충분히 즐거운 추억을 만들 수 있다."
  },
  "Annotation": {
    "Summary1": "트렌에콰 도르의 자유의 길은 이바라에서 살리나스까지 30km에 달하며 모든 터널과 다리가 수작업으로 건설됐다.",
    "Summary2": "",
    "Summary3": "트렌에콰 도르는 쇠한 철도 노선을 관광 상품으로 복원시킨 프로그램이다. 현재 탑승한 자유의 길은 이바라에서 살리나스까지 30km이며 터널과 다리 모두 수작업으로 건설됐다."
  },
  "filename": "SCRIPT-culture-51207-00015.json"
}