{
  "Meta": {
    "doc_id": "SCRIPT-culture-46227",
    "doc_category": "SCRIPT",
    "doc_type": "culture",
    "doc_name": "표창원-이수정 맞수대결 ‘표리부동’",
    "author": "KBS",
    "publisher": "KBS",
    "published_year": "2021",
    "doc_origin": "표창원-이수정 맞수대결 ‘표리부동’",
    "passage_id": "SCRIPT-culture-46227-00001",
    "passage": "화자1]이보다 더 특별할 수 없다!.\n화자2]코난 도일과 애거사 크리스티의 맞대결! 대한민국 대표 범죄분석전문가 표창원과 이수정이 만났습니다.\n화자1]7일(수) 밤 오후 10시40분 KBS 2TV에서 첫방송되는 <표리부동>은 대한민국을 들썩이게 한 희대의 사건들을 통해 표리부동(표리부동)한 인간의 본질을 파헤치는 본격 범죄 분석 프로그램입니다. 증거분석을 통해 범인의 행적을 쫓는 경찰 출신 프로파일러 ‘표창원’과 인간의 본성을 들여다보는 범죄심리학자 이수정이 한자리에 모였습니다.\n화자2]그동안 어디에서도 볼 수 없었던 역대급 조합에, 예리한 시선을 지닌 연예계 대표 추리 마니아 ‘김숙’, 명석한 두뇌 회전의 소유자인 대한민국 대표 뇌섹남 배우 ‘하석진’, 연기를 통해 세상을 향한 다양한 메시지를 던지는 배우 ‘유선’, 타고난 감각으로 사건을 꿰뚫어 보는 추리 병아리 ‘김성규’가 함께해 저마다 날카로우면서도 각기 다른 ‘부동(불동)’의 시선으로 사건을 속속들이 파헤칠 예정입니다.\n화자1]역대급 라인업을 자랑하는 MC 군단뿐 아니라 방대한 KBS 아카이브를 활용, 사건 당시의 생생함은 물론, 현장에 동행했던 표창원 이수정의 비하인드 스토리와 전문적인 프로파일링으로 알려지지 않았던 흥미로운 사실과 재미까지 대방출합니다."
  },
  "Annotation": {
    "Summary1": "인간의 본질을 파헤치는 범죄 분석 프로그램 '표리부동'에서 프로파일러 표창원과 범죄심리학자 이수정이 모였다.",
    "Summary2": "",
    "Summary3": "'표리부동'은 대한민국을 들썩이게 한 사건들을 통해 인간의 본질을 파헤치는 범죄 분석 프로그램이다. 이 자리에 경찰 출신 프로파일러 표창원과 범죄심리학자 이수정이 모였다. 여기에 추리 마니아 '김숙', '뇌섹남' 배우 '하석진' 등이 함께한다."
  },
  "filename": "SCRIPT-culture-46227-00001.json"
}