{
  "Meta": {
    "doc_id": "SCRIPT-culture-36192",
    "doc_category": "SCRIPT",
    "doc_type": "culture",
    "doc_name": "내 생애 최고의 순간 ‘신촌 사진관 72시간’",
    "author": "KBS",
    "publisher": "KBS",
    "published_year": "2021",
    "doc_origin": "내 생애 최고의 순간 ‘신촌 사진관 72시간’",
    "passage_id": "SCRIPT-culture-36192-00001",
    "passage": "화자1]삶을 사진 한 장에 찍어내는 곳인 만큼, 사진관은 2021년을 살아가는 이들의 현실을 고스란히 담아내고 있습니다. 1990년대 이후, 디지털화가 가속되며 사진관의 시대는 서서히 저물어가고 있었습니다. 게다가 코로나19라는 직격탄까지 맞았습니다. 사진관을 찾는 손님들이 눈에 띄게 줄어든 상황, 그럼에도 문전성시를 이루는 곳이 있습니다. 취업 전문사진관입니다.\n화자2]자신을 보여주는 이력서 한 장, 그중에서도 가장 상단에 위치한 사진란. 취업의 첫 번째 단추를 끼우기 위해 청년들은 사진관을 찾습니다. 사진사는 그들의 얼굴에서 초조함과 근심은 지우고 자신감과 간절함만 남긴다. 코로나19로 더없이 좁아진 취업 문, 취업 전쟁에 뛰어든 이들을 위해 사진사는 그 어떤 사진보다 최선을 다 합니다.\n화자1]리마인드 웨딩 촬영하는 김태경·박성희 부부.\n화자2]순백의 드레스를 입은 63세의 신부와 백구두를 신은 70세의 신랑이 카메라 앞에 섭니다. 인생 가장 행복했던 순간을 떠올리며 웃으라는 사진사의 말에, 김태경 씨는 ‘지금이 제일 행복해’라 답합니다. 그러자 내내 어색하던 아내 박성희 씨의 얼굴에 자연스러운 웃음이 피어납니다. 눈부시게 터지는 플래시 불빛 앞에서, 부부의 지난 세월이 황홀한 빛을 내는 순간입니다. 언젠가 이 사진이 바래는 날이 오더라도, 두 사람이 함께한 시간은 바래지 않을 것입니다.\n화자1]시간의 흐름에 따라 사진은 자연스레 변화해왔습니다. 핸드폰이 카메라를 대신하며, 사진관을 찾는 사람들이 줄어들었고, 사진이 사양산업에 접어들었다는 이도 있습니다. 사진의 홍수라 불리는 시대, 사진관은 점점 찾아보기 어려워지고 있습니다.\n화자2]하지만, 꿋꿋이 그 자리를 지키는 이들도 있습니다. 1967년 사진관의 문을 열고 수십 년째 사진관을 지켜온 강일웅 사장. 오랜 기간 사진관을 일궈오며, 수고로운 일도 많았지만, 그는 카메라 앞을 떠나지 않았습니다. 사진의 힘을 믿기 때문입니다.\n화자1]세월이 흐르며 많은 것이 변했습니다. 붐비던 사진관은 한산해졌고 한 몸 같던 카메라도 고물이 되어 서랍으로 들어갔습니다. 하지만 그가 찍은 사진만은 고고이, 그 빛을 잃지 않고 있습니다. 사진첩에 보관된 수십 년의 기록들은 영롱한 추억의 색을 뽐내며, 누군가 그 순간을 떠올려주기를 기다릴 것입니다.\n화자2]‘찰칵’ 소리와 함께 시간을 매듭짓는 추억 저장소, 사진관. <다큐멘터리 3일> 682회 『내 생애 최고의 순간 – 신촌 사진관 72시간』은 오는 07월 04일 밤 11시05분 KBS 2TV에서 방영될 예정입니다."
  },
  "Annotation": {
    "Summary1": "KBS <다큐멘터리 3일> 682회 '내 생애 최고의 순간 – 신촌 사진관 72시간'이 7월 4일 방영된다.",
    "Summary2": "",
    "Summary3": "7월 4일 KBS 2TV <다큐멘터리 3일> 682회 '내 생애 최고의 순간 – 신촌 사진관 72시간'에서 추억 저장소인 사진관에 관해 방영된다. 1990년대 이후 디지털 화가 가속화되면서 사진관의 입지가 점점 줄어들고 있다. 그럼에도 이력서 사진을 찍으려는 청년들로 붐비는 취업전문 사진관의 사진사는 그들을 위해 최선을 다하고 있다. 1967년 사진관을 연 강일웅 사장은 사진의 힘을 믿으며 카메라 앞을 꿋꿋이 지키고 있다. 카메라는 세월 속에 고물이 됐지만 사진만은 추억의 빛을 잃지 않을 것이다."
  },
  "filename": "SCRIPT-culture-36192-00001.json"
}