{
  "Meta": {
    "doc_id": "SCRIPT-culture-25310",
    "doc_category": "SCRIPT",
    "doc_type": "culture",
    "doc_name": "'방탄TV를 켜라!' BURN THE STAGE",
    "author": "KBS",
    "publisher": "KBS",
    "published_year": "2018",
    "doc_origin": "'방탄TV를 켜라!' BURN THE STAGE",
    "passage_id": "SCRIPT-culture-25310-00001",
    "passage": "화자1]방탄소년단의 ‘번 더 스테이지’ 에피소드 본 편이 드디어 오늘 밤 베일을 벗습니다.\n화자2]그룹 방탄소년단(RM, 진, 슈가, 제이홉, 지민, 뷔, 정국)은 28일 밤 오후 오후 12시(한국 시간) 유튜브 ‘방탄TV(BANGTANTV)’를 통해 ‘방탄소년단: 번 더 스테이지(BTS: BURN THE STAGE)(이하, 번 더 스테이지)’ 1,2화를 최초로 공개합니다.\n화자1]오늘 밤 동시에 방영되는 ‘번 더 스테이지’ 에피소드 1,2화는 ‘번 더 스테이지’ 8개 전편의 하이라이트와 300일간의 윙스 투어 대장정에 임하는 방탄소년단 멤버들의 진솔한 소감과 각오를 보여줄 예정입니다.윙스 투어를 준비하는 과정에서 팬들에게 완벽한 무대를 선사하기 위한 멤버들의 음악적인 고민과 열정도 함께 엿볼 수 있습니다.\n화자2]첫 번째 에피소드에서는 본격적으로 윙스 투어를 시작하기 전 리허설을 하며 막바지 연습에 한창인 방탄소년단 멤버들의 1년 전 모습을 담았습니다. 카메라를 의식하지 않고 꾸밈없이 자신들의 이야기를 풀어내는 모습을 비롯해, 공연을 앞두고 엇갈리는 멤버들간의 의견 충돌까지, 무대 뒤에서 부딪히고 고뇌하는 방탄소년단의 백스테이지 현장을 여과 없이 방송합니다.\n화자1]두 번째 에피소드는 윙스 투어의 서막을 여는 서울 콘서트 현장과 윙스 투어 칠레 공연의 비하인드 스토리를 밀착 취재했습니다. 특히, 무대보다 더 뜨거웠던 칠레 공연장을 찾은 팬들의 열기와 함성, 그 긴장감이 더해지며 공연 현장에서 벌어지는 예상치 못한 사건들. 에너지 넘치는 무대를 만들기 위해 고군분투하는 방탄소년단의 모습을 자세히 살펴 볼 수 있습니다.\n화자2]유튜브 레드 오리지널 시리즈로 단독 공개되는 ‘번 더 스테이지’는 지난해 성공적인 월드 투어로 마무리된 ‘2017 방탄소년단 라이브 트릴로지 에피소드3 윙스 투어(2017 BTS LIVE TRILOGY EPOSODE III THE WINGS TOUR)’ 300일간의 대장정을 리얼 밀착 다큐멘터리 형식으로 기획해, 총 8편으로 만들어졌습니다."
  },
  "Annotation": {
    "Summary1": "방탄소년단의 2017년 윙스 투어를 다큐멘터리 스타일로 제작한 ‘번 더 스테이지’가 유튜브를 통해 단독 공개된다.",
    "Summary2": "",
    "Summary3": "방탄소년단의 ‘번 더 스테이지’가 28일 유튜브를 통해 단독 공개된다. ‘번 더 스테이지’는 300일간의 월드 투어 ‘2017 방탄소년단 라이브 트릴로지 에피소드3 윙스 투어'를 총 8편의 다큐멘터리 스타일 에피소드로 제작한 것이다. 28일에는 1, 2화가 연속 방송되는데 1화에서는 리허설 현장 속 방탄소년단의 솔직한 모습을 볼 수 있고, 2화에서는 서울과 칠레 공연 실황과 그 열기를 느낄 수 있다."
  },
  "filename": "SCRIPT-culture-25310-00001.json"
}