{
  "Meta": {
    "doc_id": "SCRIPT-culture-51209",
    "doc_category": "SCRIPT",
    "doc_type": "culture",
    "doc_name": "51209_DC_걸어서세계속으로209_2018169053.txt",
    "author": "KBS",
    "publisher": "KBS",
    "published_year": "2018",
    "doc_origin": "걸어서세계속으로209",
    "passage_id": "SCRIPT-culture-51209-00017",
    "passage": "해설]살아숨 쉬는 생명이 존재하지 않을 것 같은 황량함이 먼저 다가온다.\n카파도키아에서 가장 높은 곳에 우뚝 솟아 있는 성채.\n기암괴석으로 형성된 기이한 바위산이다.\n신의 미완성 작품인가, 자연의 반란인가.\n약 300만년 전 아라톨리아 화산폭발로 화산재가 대지를 덮고 그 위로 용암이 흘러내려 만들어낸 자연 재앙의 결과물이다.\n그 후 로마시대 핍박을 피해 기독교인들이 숨어서 살았던 애환이 서린 곳이기도 하다.\n용암이 흘러내리며 부드러운 부분은 깊이 패여 계곡이 됐고 커다란 돌버섯처럼 보이는 바위는 응회암이 오랜 세월 풍화작용으로 침식된 것으로 인간이 흉내 낼 수 없는 자연의 예술작품이 됐다.\n인간이 살았다는 게 도저히 믿겨지지 않는 척박한 땅 카파도키아.\n하지만 초기 기독교도들은 박해의 눈을 피해 동굴을 파고 교회와 수도원을 세웠다."
  },
  "Annotation": {
    "Summary1": "카파도키아는 아라톨리아 화산 폭발로 만들어진 결과물로 로마시대 핍박을 피해 살던 기독교인들의 애환이 서린 곳이다.",
    "Summary2": "",
    "Summary3": "카파도키아는 약 300만 년 전 아라톨리아 화산 폭발로 만들어진 자연 재앙 결과물로 로마시대 핍박을 피해 기독교인들이 숨어 살았던 곳이며 애환이 서린 곳이다."
  },
  "filename": "SCRIPT-culture-51209-00017.json"
}