{
  "Meta": {
    "doc_id": "SCRIPT-culture-16804",
    "doc_category": "SCRIPT",
    "doc_type": "culture",
    "doc_name": "최승호독립PD수첩 ‘국정원의 자백’",
    "author": "KBS",
    "publisher": "KBS",
    "published_year": "2016",
    "doc_origin": "최승호독립PD수첩 ‘국정원의 자백’",
    "passage_id": "SCRIPT-culture-16804-00001",
    "passage": "화자1]MBC피디로 재직 시 ‘PD수첩’을 통해 ‘황우석 사건’, ‘검사와 스폰서’ ‘4대 강 비밀’ 등을 만들어 한국사회를 뒤흔들었던 최승호 피디가 MBC를 떠나 독립 다큐멘터리 ‘자백’을 만들었습니다. 그리고, 일반 영화 팬을 만날 준비를 하고 있습니다.\n화자2]5일 오후, 서울 메가박스 동대문에서는 연출을 맡은 최승호 피디가 참석한 가운데 다큐멘터리 <자백>의 언론시사회가 열렸습니다.\n화자1]‘자백’은 2012년 북한지역을 이탈한 화교출신의 서울시 공무원 유우성이 국정원에 의해 간첩으로 내몰리면서 펼쳐지는 대한민국 현대 사입니다. 간첩사건의 특성상 명백한 증거는 없습니다. 국정원이 내떼어 증거는 오직 하나, 유우성과 같이 탈북한 여동생 유가려의 증언, ‘자백’뿐입니다. 국정원과 검찰, 그리고 유우성의 변호인은 ‘자백’의 진실을 밝히기 위해 국정원과 힘겨운 투쟁을 펼칩니다.\n화자2]든든한 일반후원자의 지지로 개봉을 위한 펀딩 자금까지 마련되었지만 최승호 피디가 생각하는 만큼의 대규모 멀티플렉스 개봉이 이뤄질지는 의문입니다.\n화자1]이날 최승호 피디는 '국정원이 스스로 변할 리는 만무합니다. 적어도 국정원이 국민에게 거짓말을 할 수 없는 시스템으로 바꿔야한다'며, 자신이 이 작품을 만든 것은 '세상을 바꿔보고 싶었습니다. 하나의 영화가 조금이라도 세상을 바꿀 수 있다는, 그런 영화로 기억되고 싶다'고 말했습니다."
  },
  "Annotation": {
    "Summary1": "간첩으로 지목된 유우성의 투쟁 이야기를 담고 있는며 최승호가 만든 다큐멘터리 '자백'의 언론시사회가 열렸다.",
    "Summary2": "",
    "Summary3": "MBC 피디 때 'PD수첩'을 통해 한국 사회를 뒤흔들었던 최승호가 독립해 만든 다큐멘터리 '자백'의 언론시사회가 열렸다. '자백'은 탈북한 여동생의 증언만으로 국정원의 간첩 지목 대상이 된 유우성의 힘겨운 투쟁 이야기로 최승호는 영화로 세상을 바꿔 보고 싶었다고 말했다."
  },
  "filename": "SCRIPT-culture-16804-00001.json"
}