{
  "Meta": {
    "doc_id": "SCRIPT-culture-51202",
    "doc_category": "SCRIPT",
    "doc_type": "culture",
    "doc_name": "51202_DC_걸어서세계속으로202_2018144713.txt",
    "author": "KBS",
    "publisher": "KBS",
    "published_year": "2018",
    "doc_origin": "걸어서세계속으로202",
    "passage_id": "SCRIPT-culture-51202-00002",
    "passage": "해설]와이 키키는 하와이 말로 용솟음치는 물이라는 뜻이다.\n이미19세기부터 이곳은 아름다운 풍광과 풍부한 물로 유명했다.\n당시 하와이 왕족들이 와이키키를 자신들의 대표적 휴양지로 삼았을 정도다.\n스쿠터를 타고 다음 장소로 이동했다.\n해변 근처에서 알로하페스티벌이 열리고 있었다.\n알로하로 대표되는 하와이의 역사와 전통 문화를 소개하는 축제.\n당연히 꽃목걸이를 든 하와이 여성들의 훌라춤을 기대하고 있었는데, 조금은 비장해 보이는 남자들이 춤을 추기 시작한다.\n전통 훌라인 카이코 훌라.\n훌라는 원래 남성의 춤이었다고 한다.\n신께 제사를 드리거나 전쟁에서 상대를 위협할 때 훌라춤을 췄다.\n하와이 남성들의 절도 있는 춤 동작을 보니 그럴 만했다는 생각이 든다.\n전통 훌라 공연이 끝나자 현대적으로 변형됐다는 아우하나 훌라 공연이 펼쳐졌다."
  },
  "Annotation": {
    "Summary1": "하와이의 역사와 전통이 담긴 축제인 알로하페스티벌에서는 카이코 훌라와 아우하나 훌라가 공연되었다.",
    "Summary2": "",
    "Summary3": "와이키키는 풍광과 물로 유명한 휴양지이며, 하와이의 역사와 정통을 소개하는 알로하페스티벌에서는 전통 카이코 훌라와 현대적인 아우하나 훌라가 공연됐다."
  },
  "filename": "SCRIPT-culture-51202-00002.json"
}