{
  "Meta": {
    "doc_id": "SCRIPT-culture-00194",
    "doc_category": "SCRIPT",
    "doc_type": "culture",
    "doc_name": "00194_10_역사저널그날PS-2020082426-01-000.txt",
    "author": "KBS",
    "publisher": "KBS",
    "published_year": "2020",
    "doc_origin": "역사저널그날",
    "passage_id": "SCRIPT-culture-00194-00010",
    "passage": "화자1]여러분의 이야기, 잘 들었습니다.\n그럼지금부터 역사저널 그날 MC교체안에 대한 패널들의 찬반 투표를 시작하겠습니다.\n화자2]갑자기?\n화자3]아니, 아니.\n화자2]갑자기?\n화자3]저는.\n말이라도 좀.\n투표 너무 좋아요.\n저거는 정말 멋진 거예요.\n그런데 엄중한 진행을 위해서 저희 좀도움을 주실 분들을 모셔왔습니다.\n들어와 주세요.\n들어와 주세요.\n모든 투표는.\n화자4]투표인데 누구 도움을 받아?\n화자3]참관인이 필요해요.\n참관인을 모셔봤습니다.\n화자4]키가 되게 크시다.\n화자5]안녕하세요?\n화자3]진행하시죠.\n저희 투표 좋아합니다.\n화자1]준비가 다된 것 같으니까.\n역사저널 그날,장기 집권 오래해먹고 있는 최원종아나운서의 교체 찬성하시는 분은 지금자신 있게 일어나 주시기 바랍니다.\n화자3]일어나시죠.\n화자5]이렇게 갑자기?\n화자3]이렇게.\n뭐 소신대로.\n화자5]무서우셔.\n화자2]인상을 쓰고.\n이거는 뭐 사람이 보고 있는데.\n화자5]이거 어떻게 해요, 앞에서.\n그러니까.\n화자2]퍼래서.\n못하겠네.\n화자1]투표가 곧 종료됩니다.\n빨리 선택해 주시죠.\n용기를 내세요, 여러분.\n5, 4, 3, 2, 1.\n투표가 끝났습니다."
  },
  "Annotation": {
    "Summary1": "역사저널 그날 최원종 MC의 교체에 대해 찬성하는 사람은 일어나라고 하자, 못하겠다고 한다.",
    "Summary2": "",
    "Summary3": "역사저널 그날 최원종 MC의 교체 안에 대해 찬반투표를 시작하겠다고 하자 패널들이 당황한다. 엄중한 진행을 위해 초청한 참관인들도 들어온다. 찬성하는 사람은 일어나라고 하자 패널들이 못하겠다고 하는데 투표가 종료된다."
  },
  "filename": "SCRIPT-culture-00194-00010.json"
}