{
  "Meta": {
    "doc_id": "SCRIPT-culture-36887",
    "doc_category": "SCRIPT",
    "doc_type": "culture",
    "doc_name": "구름도 쉬어간다 '암자의 여름'",
    "author": "KBS",
    "publisher": "KBS",
    "published_year": "2021",
    "doc_origin": "구름도 쉬어간다 '암자의 여름'",
    "passage_id": "SCRIPT-culture-36887-00001",
    "passage": "화자1]KBS 1TV 다큐온.\n화자2]여름은 잠시 ‘멈춤’이 필요한 계절입니다. 잘 멈춰보기 위해, 산중 암자로 향합니다. 산중 아담한 암자에는 자연에 순응하며 자연의 속도로 살아가도 괜찮다고 말하는 스님이 계시다. 그곳으로 가 봅니다. 그곳에서 삶을 되새김해볼 수 있는 시간을 마련합니다.\n화자1]KBS 1TV 다큐온.\n화자2]경북 안동 왕모산, 화전민도 등을 돌렸을 정도로 외진 산골에 나 홀로 사는 스님이 있습니다. 그의 법명은 ‘산 위를 흘러가는 구름처럼 산다’는 의미의 운산(운산)입니다. 법정 스님의 책을 읽고 감명을 받아 무소유의 길을 걷고자 서른둘에 출가한 스님은 자연과 동물을 사랑하고 음악을 좋아하며, 재주도 많은 스님입니다. 특히, 목공 기술이 뛰어나서 손수 기타를 만드는가 하면, 행여 산새들이 구렁이의 습격을 받을까 안전한 새장을 50여개나 만들어서 왕모산 곳곳 나무들 사이에 매달아 놓았습니다.\n화자1]하루 세 번 웃으면 족하다 하여, 자신이 거처하는 처소에 삼소굴(삼소굴)이라는 이름을 짓고 한 끼 식사로 옥수수 몇 개만 있어도 족하다는 스님. 사는 것 또한 수행이라며, 고비고비 마음을 다스리며 수행의 길을 걷고 있다는 운산스님의 여름을 만납니다. 운산스님의 여름은 자연의 일부가 된 것 마냥 한 편의 그림과 같은 하루가 흘러갑니다.\n화자2]KBS 1TV 다큐온.\n화자1]구름도 쉬었다 갈 것 같은 경남 함양의 기백산! 그곳에는 여름철이면 농부가 된다는 명천 스님이 있습니다. 워낙 오지라, 2백여 평 땅을 갈아 이웃과 함께 나눠먹기 위해 힘겨운 농사일 자처한다는 명천 스님.\n화자2]명천스님은 웃자란 상추로 시원한 상추물김치국수도 만들고 머위쌈밥 도시락도 만드는 등 눈도 즐겁고 입도 즐거운 자연의 만찬을 척척 만들어냅니다. 명천스님은 행자 시절 당시, 조계종의 원로였던 성수스님을 수 년 간 모신 바 있습니다. 성수스님은 끼니는 다섯 숟가락이면 족하고, 휴지는 한 장씩만 쓰라고 말씀하실 정도로 검박했습니다. 지금도 명천스님은 성수스님의 뜻을 이어받아 자연에서 난 것을 귀하게 여기며, 감나무 잎 한 장도 허투루 하지 않습니다."
  },
  "Annotation": {
    "Summary1": "산중 암자에는 자연에 순응하며 살아가는 운산 스님과 명천 스님이 있다.",
    "Summary2": "",
    "Summary3": "산중 작은 암자에는 자연에 순응하며 살아가는 스님 두 사람이 있다. 경북 안동 왕모산에 있는 운산스님은 자연과 동물을 사랑하고 음악을 좋아하며 목공기술이 뛰어나 기타를 직접 만들고 산새들에게 안전한 새장을 50여개를 만들었다. 경남 함양 기백산에 있는 명천스님은 여름철에 농부가 되어 직접 농사를 지은 상추로 시원한 상추물김치국수도 만들고 머위쌈밥 도시락처럼 자연의 만찬을 만든다."
  },
  "filename": "SCRIPT-culture-36887-00001.json"
}