{
  "Meta": {
    "doc_id": "SCRIPT-culture-51213",
    "doc_category": "SCRIPT",
    "doc_type": "culture",
    "doc_name": "51213_DC_걸어서세계속으로213_2018184853.txt",
    "author": "KBS",
    "publisher": "KBS",
    "published_year": "2018",
    "doc_origin": "걸어서세계속으로213",
    "passage_id": "SCRIPT-culture-51213-00002",
    "passage": "해설]한때 영국 식민지였던 이곳의 역사를 고스란히 품고 있다.\n매년 크리스마스 철이 되면 스코틀랜드계 이민자들은 자신들의 전통을 더해 축하행사를 한다.\n지금은 기부와 봉사활동의 의미가 커진 이벤트지만 이주 당시에는 영국을 출발해 신대륙인 이 땅으로 오기까지 폭풍과 빙산의 위협으로부터 안전하게 살아남았다는 감사의 행사였다.\n역사와 전통을 의미 있는 축제로 승화시킨 이들.\n격자무늬 모양으로 집안이나 신분을 드러낸다.\n밴쿠버 아일랜드는 브리티시컬럼비아 주에 속한다.\n특히 주도인 빅토리아 시가 바로 이 섬 안에 있다.\n항구 앞에 위치한 고풍스러운 이 건물은 1897년에 완공된 의사당이다.\n의사당을 마주하고 제임스 쿡 선장 동상이 우뚝 서 있다.\n1770년 영국의 탐험가인 제임스 쿡 선장이 북아메리카 서쪽 해양선을 탐험하던 중 밴쿠버 아일랜드를 발견했다."
  },
  "Annotation": {
    "Summary1": "밴쿠버 아일랜드는 영국 탐험가에게 발견되었고, 크리스마스 철마다 스코틀랜드계 이민자들은 행사를 한다.",
    "Summary2": "",
    "Summary3": "브리티시 컬럼비아 주의 밴쿠버 아일랜드는 1770년 영국의 탐험가가 발견했고 한때 영국의 식민지였다. 크리스마스 철마다 스코틀랜드계 이민자들은 행사를 한다."
  },
  "filename": "SCRIPT-culture-51213-00002.json"
}