{
  "Meta": {
    "doc_id": "SCRIPT-culture-51207",
    "doc_category": "SCRIPT",
    "doc_type": "culture",
    "doc_name": "51207_DC_걸어서세계속으로207_2018168717.txt",
    "author": "KBS",
    "publisher": "KBS",
    "published_year": "2018",
    "doc_origin": "걸어서세계속으로207",
    "passage_id": "SCRIPT-culture-51207-00002",
    "passage": "해설]이 선 위에 서 있는 동안은 잠깐의 마법과도 같은 경험을 해볼 수 있다.\n붉은 적도를 기준으로 왼쪽이 남반구, 오른쪽이 북반구다.\n어떤 차이가 있을지 이곳 적도박물관에서는 쉽게 확인할 수 있다.\n적도 위 개수대에서 물마개를 열면.\n물은 소용돌이 없이 직선으로 쭉 내려간 다.\n그러나 적도에서 양쪽으로 조금만 비켜나도 물은 서로 다른 방향으로 소용돌이치며 내려간다 이처럼 적도를 기준으로 지구 자전의 영향력은 서로 반대로 작용하기 때문에 양 팔을 벌리고 똑바로 걷는 게 쉽지 않다.\n한편 적도라서 가능한 것도 있다.\n어느 한쪽으로 힘이 치우치지 않기에 무게 중심만 잘 맞추면 못 위에 계란이 선다.\n하지만 금세 쓰러지는 계란.\n많이들 도전하는데 쉽지만은 않다.\n드디어 내 차례.\n손끝에 신경을 집중해서.\n세웠다.\n여행의 시작이 좋다."
  },
  "Annotation": {
    "Summary1": "적도 위에서는 어느 한쪽으로도 힘이 쏠리지 않아 적도 박물관에선 물이 직선으로 내려가고 계란도 세워진다.",
    "Summary2": "",
    "Summary3": "적도 위에서는 지구 자전의 영향으로 어느 한쪽으로도 힘이 쏠리지 않기 때문에 적도 박물관의 개수대에 물의 틀면 물은 직선으로 내려가고 계란도 세울 수 있다."
  },
  "filename": "SCRIPT-culture-51207-00002.json"
}