{
  "Meta": {
    "doc_id": "SCRIPT-culture-51260",
    "doc_category": "SCRIPT",
    "doc_type": "culture",
    "doc_name": "51260_DC_걸어서세계속으로260_2019194082.txt",
    "author": "KBS",
    "publisher": "KBS",
    "published_year": "2019",
    "doc_origin": "걸어서세계속으로260",
    "passage_id": "SCRIPT-culture-51260-00014",
    "passage": "해설]마을 안으로 들어가자 울퉁불퉁한 중세 돌길이 아직까지도 고스란히 남아 있었다.\n사람이 올라가는 계단 옆으로 오르막길이 있는데 이것은 당나귀가 다니던 길이라고 한다.\n수도원으로 올라가는 나즈막한 계단은 무려 199개나 된다.\n힘들지만 오르면서 보이는 도시 전경이 아름답다.\n수도원 입구에 수많은 묘비들.\n공포소설 드라큘라를 쓴 브램스토커는 묘비가 즐비한 이 언덕에서 영감을 얻었다고 한다.\n날씨 또한 분위기답게 을씨년스럽다.\n무덤을 지나니 휘트비의 성스러운 수도원이었던 건물이 나타난다.\n오랫동안 파괴된 모습 그대로자리를 지키고 있어 영국 역사의 산 증인 같이 느껴진다.\n시대 흐름을 따라 건축 양식도변화하는 것을 볼 수 있다.\n비록 파괴와 복원을 반복하며 지금은 수도원이라고 짐작해볼 수 있는 외벽뿐이지만"
  },
  "Annotation": {
    "Summary1": "중세에는 계단 옆에 당나귀가 다니는 길을 뒀으며, 199개의 계단을 오르면 수도원 입구의 묘비들이 보인다.",
    "Summary2": "",
    "Summary3": "중세에는 계단 옆으로 당나귀가 다니던 길이 있었다. 199개의 계단을 오르면 수도원 입구에 있는 묘비들이 보이며, 휘트비의 수도원은 현재 외벽만 남아있다."
  },
  "filename": "SCRIPT-culture-51260-00014.json"
}