{
  "Meta": {
    "doc_id": "SCRIPT-culture-17476",
    "doc_category": "SCRIPT",
    "doc_type": "culture",
    "doc_name": "기황후와 공민왕",
    "author": "KBS",
    "publisher": "KBS",
    "published_year": "2016",
    "doc_origin": "기황후와 공민왕",
    "passage_id": "SCRIPT-culture-17476-00001",
    "passage": "화자1]왕위 경쟁에서 두 번이나 조카들에게 밀린 공민왕. 1351년, 마침내 왕위에 오른다. 그런데 공민왕이 왕위에 오른 데는 기황후의 결정적 역할이 있었다고 합니다. 기황후는 고려 공녀 출신으로 원나라 순제의 마음을 사로잡아 황후의 자리까지 오른 인물. 고려와 원나라를 좌지우지하던 그녀는 왜 어린 충정왕을 폐위하고, 공민왕을 선택했을까?.\n화자2]그런데 공민왕은 즉위하자마자 각종 개혁을 추진하고, 반원(반원) 행보를 걷습니다. 즉위 바로 다음 해, 공민왕의 최측근 조일신이 난을 일으킨 것입니다. 조일신의 난은 기황후를 중심으로 세력을 키운 부원 세력을 숙청하기 위한 것이었습니다. 하지만 생각보다 고려 정계에 널리 퍼져있었던 친(친)기황후 세력. 결국 공민왕은 자신의 수족이나 다름없는 조일신을 처단하고 일을 마무리 지어야했고, 일련의 개혁은 중단됩니다.\n화자1]원나라와 기황후의 권세만 믿고 왕 위에 군림하려 한 기 씨 일족. 그런데 1356년 05월 18일. 공민왕이 기철을 시작으로 기황후 세력을 일제히 숙청한 것입니다. 이어 부원 세력의 근거지인 ‘정동행중서성 이문소’를 폐지하고, 원나라의 지배를 받던 ‘쌍성총관부’를 수복하기 위해 군대까지 출정시킵니다. 단 하루 만에 일사천리로 진행된 공민왕의 반격. 원나라의 연호까지 금지하고 쌍성총관부를 되찾은 고려는, 98년간 이어진 원나라의 간섭을 끊어내는 데 성공합니다.\n화자2]하지만 공민왕과 기항후의 부원 세력의 다툼은 계속됩니다. 공민왕에 대한 암살시도 사건이 일어났고, 공민왕의 작은아버지인 덕흥군을 앞세운 원나라 1만 대군이 고려를 침입합니다."
  },
  "Annotation": {
    "Summary1": "왕위 경쟁에서 두 번이나 조카들에게 밀린 뒤 왕위에 오른 공민왕에게는 결정적인 역할을 한 기황후가 있었다.",
    "Summary2": "",
    "Summary3": "왕위 경쟁에서 두 번이나 조카들에게 밀린 공민왕은 1351년 왕위에 오른다. 거기엔 기황후의 결정적 역할이 있었다. 고려 공녀 출신으로 원나라 순제의 마음을 사로잡아 황후의 자리까지 오른 인물인 기황후가 왜 어린 충정왕을 폐위하고, 공민왕을 선택했을지 알아본다. 공민왕은 각종 개혁을 추진하고, 반원 행보를 걷는다."
  },
  "filename": "SCRIPT-culture-17476-00001.json"
}