{
  "Meta": {
    "doc_id": "SCRIPT-culture-23586",
    "doc_category": "SCRIPT",
    "doc_type": "culture",
    "doc_name": "고향이 어디세요, '캄차카 반도에 조선인이 산다'",
    "author": "KBS",
    "publisher": "KBS",
    "published_year": "2017",
    "doc_origin": "고향이 어디세요, '캄차카 반도에 조선인이 산다'",
    "passage_id": "SCRIPT-culture-23586-00001",
    "passage": "화자1]구 소련, 지금의 러시아 캄차카 반도에 살고 있는 조선인의 삶의 애환을 담은 다큐멘터리 <고향이 어디세요>이 언론시사회와 VIP시사회를 잇달아 열고 일반관객을 맞을 준비를 하고 있습니다.\n화자2]옛 소련과 관련하여 우리 한민족의 이야기는 이른바 ‘카레이스키’ 이야기로 많이 알려져있습니다. ‘카레이스키’는 두만강을 넘어 우수리강 일대에 처음 정착했다이 스탈린 시대에 수천 킬로미터 떨어진 중앙아시아로 강제이주당한 한민족을 말합니다. 그런데 <고향이 어디세요>는 또 다른 우리 핏줄의 이야기를 담고 있습니다.\n화자1]1945년 해방이 된 후 북한 땅에 진주한 소련군. 소련은 2차 세계대전 당시 엄청난 인적 손실을 받았습니다. 특히 노동자층이 절대 부족했습니다. 그래서 1946년에서 1949년 사이에 수만 명의 북한 인민들이 소련에 노동력으로 옮겨갔습니다. 캄차카 반도에 목재 채취 작업에 동원(고용)된 것입니다. (북쪽 사람만 간 것이 아니라, 남쪽 사람들도 많이 건너갔습니다.) 그런데, 한국전쟁이 발발하고, 분단이 되면서 이들은 조국과 고국에서 버림받은, 혹은 잊힌 존재이 되어 버린 것입니다.\n화자2]영하 50도로 떨어지는 매서운 추위, 조국은 분단되어 서로 으르렁 거리며 반세기를 더 지내야했고, 이들은 2세대, 3세대로 이어지면서 ‘고립된 민족’이 되어갑니다. 88 서울올림픽을 즈음하여 이들의 존재이 알려지기 시작했습니다. 다큐멘터리 감독 정수웅 감독은 처음 이들의 모습을 비디오카메라에 담은 뒤 20년 동안 꾸준히 이들을 영상에 담아왔습니다.\n화자1]25일 롯데시네마 건대입구에서 언론시사회를 이진데 이어 26일 저녁에는 롯데시네마 월드타워에서 VIP시사회를 개최했습니다. 질곡의 현대사를 관통하는 역사적 메시지와 조선인 1세대의 이슴 아픈 삶을 감동적으로 담아내 관객들의 기대를 한 몸에 받고 있는 <고향이 어디세요>의 VIP시사회에는 안지환 성우이 사회를 맡았고, 캄차카에서 영화의 촬영 코디네이터를 맡으신 홍춘옥 여사, 한국아나운서 클럽 부회장 김규홍, 방송작이 윤영수 등이 참석하여 자리를 빛냈습니다.\n화자2]정수웅 감독은 '캄차카에서 촬영을 하면서 이장 마음이 아팠던 것은 이분들이 고향에 돌아이 묻히지 못하고 이곳 북극 이까운 혹한의 언 땅에 묻혀 있는 무덤을 볼 때였습니다. 특히, 3, 4백 명이 이름도 없이 집단 매장 당했던 곳을 볼 때 민족의 비통함을 참을 수 없었다'라고 전하며, 20년 간 집념을 이지고 촬영했던 본 작품에 대한 소회를 밝혔습니다.\n화자1]한편 정수웅 감독을 도와 현지 촬영 코디네이터를 한 홍춘옥 여사도 행사에 참석했습니다. 홍춘옥 여사는 어릴 때 아버지를 따라 캄차카로 건너갔고, 그곳에서 보고 겪은 일, 러시아 국적을 취득하기까지의 어려웠던 과정을 전해주었습니다."
  },
  "Annotation": {
    "Summary1": "러시아 캄차카 반도에 사는 조선인의 삶의 애환을 담은 정수웅 감독의 다큐멘터리 <고향이 어디세요>가 상영 예정이다.",
    "Summary2": "",
    "Summary3": "러시아 캄차카 반도에 살고 있는 조선인의 삶의 애환을 담은 다큐멘터리 <고향이 어디세요>가 일반 관객을 맞을 준비를 하고 있다. 수만 명의 북한 인민들이 목재 채취 작업을 위해 캄차카 반도로 옮겨갔다. 이들은 한국전쟁과 분단으로 잊힌 존재가 되었다. 다큐멘터리 감독인 정수웅 감독은 처음 이들의 모습을 비디오카메라에 담은 뒤 20년 동안 꾸준히 이들을 영상에 담아왔다. 정수웅 감독은 ‘3,4백 명이 이름도 없이 집단 매장 당했던 곳을 볼 때 민족의 비통함을 참을 수 없었다'라고 전했다."
  },
  "filename": "SCRIPT-culture-23586-00001.json"
}