{
  "Meta": {
    "doc_id": "SCRIPT-culture-26409",
    "doc_category": "SCRIPT",
    "doc_type": "culture",
    "doc_name": "지구예능의 확장, 화성의 꿈 <갈릴레오>",
    "author": "KBS",
    "publisher": "KBS",
    "published_year": "2018",
    "doc_origin": "지구예능의 확장, 화성의 꿈 <갈릴레오>",
    "passage_id": "SCRIPT-culture-26409-00001",
    "passage": "화자1]TV예능프로그램이 무한확장하고 있습니다. ‘정글의 법칙’을 거쳐 ‘오만 사막’을 건너, 이젠 우주로 눈을 돌립니다. 목표는 지구와 가장 가까운, 그래서 지구환경과 가장 흡사하다는 화성입니다. 물론, 직접 가지는 않습니다. 하지만, 그 화성을 가기 위한 예비단계일 수는 있습니다. tvN이 일요일 예능으로 내놓는 <갈릴레오: 깨어난 우주>입니다.\n화자2]12일 오후, CGV용산아이파크몰에서는 '갈릴레오: 깨어난 우주‘의 제작발표회가 열렸습니다. 보통 방송사 강당, 호텔 그랜드볼룸에서 열리는 제작발표회와는 달리 ’갈릴레오‘는 특별한 선택을 한 것입니다. 대형 스크린에서 20분의 하이라이트가 방송되었습니다. 그 유명한 스타워즈의 오프닝씬과 함께 ’갈릴레오‘의 출범을 알리는 스크롤이 장엄하게 스크린을 채웁니다. 명시경 아나운서의 사회로 열린 이날 제작발표회에는 김병만, 하지원, 닉쿤(오후 02시), 세정(구구단), 그리고 연출을 맡은 이영준 PD가 참석했습니다.\n화자1]작년까지 SBS에서 <정글의 법칙>, <주먹 쥐고 소림사>, <주먹 쥐고 뱃고동> 등을 연출한 이영준PD는 tvN으로 적을 옮기면서 새로운 예능에 도전한 것입니다. '회사를 옮기며 새로운 것에 도전하고 싶었습니다. 과학이라는 소재를 예능에 접목하고 싶었습니다. 제 전공이 물리학입니다. 과학을 리얼리티로 풀어보면 어떨까 고민하다 우주과학을 연구했습니다.'고 프로그램 기획의도를 밝혔습니다.\n화자2]'갈릴레오'는 국내 최초 화성탐사 프로젝트로, 미국 유타 주에 있는 MDRS(Mars Desert Research Station/화성탐사연구기지)에 196기로 참여한 한국 연예인의 활약을 담습니다. MDRS은 궁극적으로 지구인의 화성정착을 목표로 화성에 대한 모든 것을 연구하는 곳입니다. 이 피디는 '우리가 간 MDRS는 인류가 화성에서 느낄 수 있는 고립 생활들에 대한 연구들에 대해서 계속 해오고 있더라. 시청자들에게 인류가 화성에서 살기 위해 어떤 준비를 하고 있는 지를 전해주고 싶었습니다. 단순히 다큐로 보여주기보다 셀럽들을 통해 간접 체험을 할 수 있도록 전달하고 싶었다'고 덧붙였습니다.\n화자1]이영준 피디는 화성에 대한 과학정보도 하나 알려줬습니다. '화성에는 아무 때나 갈 수 없습니다. 2년에 한 번씩 갈 수 있습니다. 지구와 화성이 제일 가까워지는 게 2년에 한 번입니다. 007.31이 두 번째로 제일 가까워지는 날이라고 하더라. 제일 가까워질 때 저희 프로그램이 방송됩니다. 시청자 분들이 많은 관심을 가져주셨으면 좋겠다'고 당부를 전해 기대감을 높였습니다."
  },
  "Annotation": {
    "Summary1": "우주로 눈을 돌려 지구환경과 흡사한 화성을 목표로 한 tvN 예능 '갈릴레오: 깨어난 우주'의 제작발표회가 열었다.",
    "Summary2": "",
    "Summary3": "TV 예능 프로그램이 이젠 우주로 눈을 돌리며 무한 확장하고 있다. 목표는 지구환경과 가장 흡사하다는 화성이고 물론 직접 가지는 않는다. tvN 예능 '갈릴레오: 깨어난 우주'의 제작발표회를 CGV 용산 아이파크몰에서 열었다. 유명한 스타워즈의 오프닝씬과 함께 대형 스크린에서 20분의 하이라이트가 방송됐다. 물리학을 전공한 이영준 PD는 회사를 옮기며 새로운 것에 도전하고 싶었으며 과학이라는 소재를 예능에 접목하고 싶다고 했다."
  },
  "filename": "SCRIPT-culture-26409-00001.json"
}