{
  "Meta": {
    "doc_id": "SCRIPT-culture-51206",
    "doc_category": "SCRIPT",
    "doc_type": "culture",
    "doc_name": "51206_DC_걸어서세계속으로206_2018154680.txt",
    "author": "KBS",
    "publisher": "KBS",
    "published_year": "2018",
    "doc_origin": "걸어서세계속으로206",
    "passage_id": "SCRIPT-culture-51206-00011",
    "passage": "해설]직접 발로 뛰며 서민들의 삶을 돌봤던 푸미폰 국왕.\n설명을 하던 마을 주민이 갑자기 울기 시작했다.\n파괴돼가던 숲에 생명을 불어넣고 삶의 터전을 마련한 아카족.\n커피라는 희망의 싹으로 새롭게 태어난 마을이다.\n타지에서 온 손님을 그냥 보낼 수 없다며 나를 초대했다.\n대나무로 만든 식탁과 의자.\n나를 위해 준비한 아카족 요리를 하나씩 내온다.\n닭고기 단호박 수프와 되지고기 숙주나물 요리다.\n직접 재배하거나 산에서 채취한 쌈채소도 함께 나왔다.\n마을을 방문하는 관광객 또한 아카족의 전통음식을 맛볼 수 있다고 한다.\n바나나잎으로 싼 찹쌀밥은 무척 실용적이기까지 하다.\n먹고 싶은 반찬을 덜어와 밥과 함께 먹으면 된다.\n자연이 주는 선물이다.\n식사 후 보여줄 곳이 있다며 어딘가로 나를 안내했다.\n트럭을 타고 마을에서 굽어진 도로를 따라 약 10여 분을 올랐다."
  },
  "Annotation": {
    "Summary1": "파괴되어 가던 숲에 삶의 터전을 마련한 아카족은 커피라는 희망의 싹으로 새로 태어났다.",
    "Summary2": "",
    "Summary3": "파괴되어 가던 숲에 생명을 불어넣어 삶의 터전을 마련한 아카족은 커피라는 희망의 싹으로 새로 태어났다. 마을을 방문한 관광객들은 아카족 전통음식을 맛볼 수 있다."
  },
  "filename": "SCRIPT-culture-51206-00011.json"
}