{
  "Meta": {
    "doc_id": "SCRIPT-culture-43343",
    "doc_category": "SCRIPT",
    "doc_type": "culture",
    "doc_name": "씨름 황제 이만기가 가져온 천하장사 잇템은?",
    "author": "KBS",
    "publisher": "KBS",
    "published_year": "2021",
    "doc_origin": "씨름 황제 이만기가 가져온 천하장사 잇템은?",
    "passage_id": "SCRIPT-culture-43343-00001",
    "passage": "화자1]씨름 황제 이만기의 사이다 발언이 시작됩니다.\n화자2]오는 10일 방송되는 KBS 2TV 예능 ‘사장님 귀는 당나귀 귀’(이하 ‘당나귀 귀’)(연출 이창수)에서는 씨름 후배들을 위한 이만기의 열혈 코칭이 이어집니다.\n화자1]영암군 씨름단을 찾은 이만기는 친절한 원포인트 레슨과 따뜻한 칭찬으로 선수들에게 자신감을 불어넣는 등 열혈 감독의 본보기를 보였습니다. 반면에 김기태 감독을 향해서는 '감독 아니고 꼰대', '니는 천하장사 했나?'는 등 가차 없는 팩트 폭격을 가했습니다.\n화자2]이런 가운데 이만기가 일대 일 실전 연습 시합을 앞둔 선수들을 향해 승자에게는 자신이 준비한 특별한 승리 아이템을 선물로 주겠다고 공언해 사기를 수직 상승시켰습니다.\n화자1]하지만 막상 선물을 확인한 선수들은 의외의 내용물에 당황했고, 전 현무는 '조선사람이 오셨네'라고 말했습니다.\n화자2]한편, 씨름 황제 이만기가 지켜보는 가운데 선수들은 89년도 이만기 대 강호동의 레전드 대결을 재연해 본인마저 빵 터지는 폭풍 웃음을 자아냈습니다.\n화자1]이만기는 당시 강호동과의 대결 이면에 숨겨진 이야기와 지금도 가슴에 남은 아쉬움을 솔직하게 털어놓았다고 해 이날 방송에 관심이 집중되고 있습니다."
  },
  "Annotation": {
    "Summary1": "'사장님 귀는 당나귀 귀'에서 이만기는 영암군 씨름단을 찾아가 코칭해 주었고, 강호동과의 레전드 대결을 재연했다.",
    "Summary2": "",
    "Summary3": "'사장님 귀는 당나귀 귀'에 출연한 이민기가 영암군 씨름단을 찾아가 후배들을 코칭했다. 그는 김기태 감독에게 '감독이 아닌 꼰대'라는 팩트 폭행을 가했다. 그는 이만기 대 강호동의 레전드 대결을 재연하며, 이면에 숨겨둔 이야기를 털어놓았다."
  },
  "filename": "SCRIPT-culture-43343-00001.json"
}