{
  "Meta": {
    "doc_id": "SCRIPT-culture-22563",
    "doc_category": "SCRIPT",
    "doc_type": "culture",
    "doc_name": "베트남과 미얀마의 독립투쟁이 궁금해? ‘제2회 독립운동국제영화제’",
    "author": "KBS",
    "publisher": "KBS",
    "published_year": "2017",
    "doc_origin": "베트남과 미얀마의 독립투쟁이 궁금해? ‘제2회 독립운동국제영화제’",
    "passage_id": "SCRIPT-culture-22563-00001",
    "passage": "화자1]오는 12일 제2회 독립운동 국제영화제가 열립니다. 윤주경 독립기념관장과 이원혁 항일영상역사재단 이사장이 공동위원장을 맡은 이번 독립운동국제영화제에서는 올해로 수교 25주년을 맞이한 베트남을 주빈국으로 선정했으며 개막작으로 베트남 영화 <예언>을 상영합니다.\n화자2]영화 <예언>은 베트남의 노장 감독 부옹 덕의 2015년 작품으로 제 15회 다카국제영화제 출품작이기도 합니다. 감독은 7년 동안 이 작품을 준비했으며, 베트남 영화로는 보기 드물게 100만 달러의 제작비가 투입된 블록버스터 영화로 8백만 명 이상이 관람할 정도로 화제가 되었습니다. <예언>은 독립운동 국제영화제를 통해 한국에 처음 상영됩니다.\n화자1]특히 부옹 덕 감독은 베트남에서 그동안 역사영화 및 다큐멘터리 등 다수의 작품을 진두지휘했으며, 감독을 맡았던 다수의 작품으로 국제 및 국가상을 수상하기도 했습니다. 2012년에는 베트남의 ‘엘리트 예술가’에 선정될 만큼 작품성을 인정받는 감독입니다. 영화제 기간 동안 부옹 덕 감독이 내한해 ‘감독과의 대화’ 등을 가지며 관객들과 직접 만나 작품에 대한 철학과 독립운동 영화의 필요성 등을 피력할 예정입니다.\n화자2]한편 폐막작은 미얀마 영화 <나바>가 선정되었습니다. <나바>는 미얀마의 유명작가 마웅딘의 동명소설을 영화화 했습니다. 영국 식민지 시대와 일제 침략기 사이의 미얀마 농민들은 일본군이 발행한 군표로 자신들이 수탈당하는 사실도 모른 채 물자와 노동력을 착취당했습니다. 무분별한 폭력에 노출되고 버마 철도, 일명 ‘죽음의 철도’ 건설에도 동원당해 수많은 희생을 치르기도 합니다. 영화 <나바>는 가난하고 배우지 못했던 미얀마 농민들이 두 식민지 사이에서 겪는 참상과 저항정신을 잘 보여주는 작품입니다. 영화제 기간 동안 영화 <나바>의 주연배우 저 뚜와 제작자가 방한해 관객들과 직접 만납니다.\n화자1]영화제에서는 영화에 소개되는 역사적 상황에 대해 관객들이 잘 이해할 수 있도록 미니 다큐멘터리 형식의 해설영상을 마련했습니다. 이것은 다른 영화제와 차별되는 부분이기도 한데, 해설영상을 통해 관객들은 영화의 배경이 되는 역사의 진실을 보다 깊이 이해할 수 있을 것입니다."
  },
  "Annotation": {
    "Summary1": "제2회 독립운동국제영화제에 베트남이 주빈국으로 선정했으며, 개막작은 예언, 폐막작은 나바가 선정되었다.",
    "Summary2": "",
    "Summary3": "12일 제2회 독립운동국제영화제가 열렸는데, 수교 25주년을 맞이한 베트남을 주빈국으로 선정했다. 개막작으로 베트남 영화 예언을 상영하며 이는 베트남의 노장 감독 부옹 덕의 2015년 작품이다. 폐막작은 미얀마 영화 나바가 선정되었고 나바는 미얀마의 마웅딘의 동명소설을 영화화 했다. 영화에 소개되는 역사적 상황에 대해 관객들이 잘 이해할 수 있도록 미니 다큐멘터리 형식의 해설영상을 마련했다."
  },
  "filename": "SCRIPT-culture-22563-00001.json"
}