{
  "Meta": {
    "doc_id": "SCRIPT-culture-05155",
    "doc_category": "SCRIPT",
    "doc_type": "culture",
    "doc_name": "남이장군, 혜성과 함께 사라지다",
    "author": "KBS",
    "publisher": "KBS",
    "published_year": "2014",
    "doc_origin": "남이장군, 혜성과 함께 사라지다",
    "passage_id": "SCRIPT-culture-05155-00001",
    "passage": "화자1]남이 장군은 혜성 때문에 처형당했다?.\n화자2]1468년 09월 02일, 세조가 죽기 6일 전에 나타난 불길한 별 혜성은 무려 한 달 여간 조선 하늘에 머물렀다. 조선인들은 혜성의 색깔로 점을 치기도 했는데, 이 혜성은 장수의 변란을 예고하는 징조라 여겼던 푸르스름한 흰색을 띄고 있었습니다. 그리고 혜성이 사라진 지 며칠 후, 승승장구하던 남이 장군이 역모의 죄로 처형을 당하는데… 혜성과 남이 장군의 죽음은 과연 어떤 관계가 있었을까.\n화자1]춘천에도, 화성에도 남이 장군의 묘가 있다? 진실은 어디에….\n화자2]수많은 사람들이 찾는 춘천의 유명 관광지, 남이섬. 이곳에는 섬 이름의 유래가 된 남이장군의 무덤이 있습니다. 그런데, 남이 장군의 진묘라고 주장하는 곳이 또 있다는데? 화성시에는 경기도 기념물 제 13호로 지정된 남이 장군의 묘를 정성스럽게 돌보고 있습니다. 죽음을 둘러 싼 논란만큼이나 많은 비밀을 안고 있는 남이 장군의 묘. 그 진실은 무엇일까?.\n화자1]오늘밤 <역사저널 그날>에서 억울한 누명을 쓰고 요절한 소년 장수, 남이 장군의 진실에 대해 이야기해 봅니다."
  },
  "Annotation": {
    "Summary1": "<역사저널 그날>에서 혜성이 사라지고 역모의 죄로 처형을 당한 남이 장군의 이야기를 한다.",
    "Summary2": "",
    "Summary3": "<역사저널 그날>에서 남이 장군이 억울한 누명으로 죽은 진실에 대해 이야기한다. 1468년 09월 02일 푸르스름한 흰색을 띈 혜성이 조선 하늘에 머문다. 혜성이 사라지고 역모의 죄로 남이 장군이 처형을 당한다."
  },
  "filename": "SCRIPT-culture-05155-00001.json"
}