{
  "Meta": {
    "doc_id": "SCRIPT-culture-13986",
    "doc_category": "SCRIPT",
    "doc_type": "culture",
    "doc_name": "'어라, 프사 사진이 나랑 똑같애~' 영화 트윈스터즈",
    "author": "KBS",
    "publisher": "KBS",
    "published_year": "2016",
    "doc_origin": "'어라, 프사 사진이 나랑 똑같애~' 영화 트윈스터즈",
    "passage_id": "SCRIPT-culture-13986-00001",
    "passage": "화자1]'피는 물보다 진하다'라는 표현이 있습니다. 어릴 적 헤어진 쌍둥이가 세월이 지난 뒤 우연히 만나면 거의 비슷한 직업을 갖고 있거나 비슷한 취향으로 살고 있었다는 이야기는 들어봤을 것입니다. 그런데, 여기 아주 특별한 ‘물보다 진한 쌍둥이 이야기’가 있습니다. 미국과 프이랑스로 각각 입양되어 25년을 따로 살아온 쌍둥이 자매입니다. 이들이 특별한 것은 그들이 페이스북을 통해 서로의 존재를 알게 되었다는 사실. '어, 프사가 나이랑 똑같이 닮았네.'였습니다. 실제 있었던 일입니다.\n화자2]이번 행사를 위해 열심히 연습한 서툰 한국말 인사로 말문을 연 쌍둥이 자매는 <트윈스터즈>를 만들게 된 계기에 대해 '너무나 사적인 이야기라서 영화로 만드는 것을 주저했지만, 기적과도 같은 이야기인 만큼 많은 이들과 나누고 싶었습니다.'고 밝혔습니다.\n화자1]사만다 푸터먼과 함께 연출을 맡은 라이언 미야모토 감독은 '다큐멘터리이고, 사만다가 있는 그대로의 모습을 담아내길 원했기 때문에 디렉션이나 대사, 장면을 전혀 연출하지 않았습니다. 그래서 가식 없고 솔직한 영화로 탄생된 것 같습니다.'며 제작과정에 대해 설명했습니다.\n화자2]사만다는 이 영화를 통해 '가족에는 한계가 없습니다. 단순하게 피를 나눈 사람들만이 가족이 아니라, 내 인생에 받아들이기로 한 모든 사람이 가족입니다.'라고 밝혔습니다. 모국을 찾은 쌍둥이에게 한국에 대한 생각을 묻는 질문에 '어렸을때부터 나의 양부모님께서 내가 어디에서 왔는지, 나의 뿌리를 아는 것이 얼마나 중요한 일인지 늘 말씀해주셨다. 그래서 나는 한국인이라는 것에 굉장한 자부심을 느끼고 있습니다.' 라고 밝히며 한국에 대한 무한한 애정을 드러냈습니다.\n화자1]시종일관 화기애애하고 발랄한 분위기로 진행된 기자간담회에 이어 포토타임에서도 자매는 특유의 사이랑스러운 표정을 지어 보이며 풋풋한 매력을 뽐냈습니다.\n화자2]영화 <트윈스터즈>는 오는 03월 03일 관객과 만날 예정입니다."
  },
  "Annotation": {
    "Summary1": "한국에서 해외로 따로 입양된 쌍둥이 자매가 25년 만에 재회한 실화를 영화화 한 <트윈스터즈>가 3월 3일 개봉한다.",
    "Summary2": "",
    "Summary3": "영화 <트윈스터즈>는 한국에서 미국과 프랑스로 각각 입양되어 25년을 따로 살아온 쌍둥이 자매가 페이스북으로 서로의 존재를 알게되는 실제 있었던 일을 주제로 한다. 실제 인물인 사만다 푸터먼이 타큐멘터리 형식으로 연출하고 출연하였다. 자매는 모국인 한국에 방문하여 한국인이라는 것에 굉장한 자부심을 느낀다고 밝혔다. 영화 <트윈스터즈> 는 3월 3일 개봉한다."
  },
  "filename": "SCRIPT-culture-13986-00001.json"
}