{
  "Meta": {
    "doc_id": "SCRIPT-culture-51257",
    "doc_category": "SCRIPT",
    "doc_type": "culture",
    "doc_name": "51257_DC_걸어서세계속으로257_2019159968.txt",
    "author": "KBS",
    "publisher": "KBS",
    "published_year": "2019",
    "doc_origin": "걸어서세계속으로257",
    "passage_id": "SCRIPT-culture-51257-00003",
    "passage": "해설]현지인뿐만 아니라 세계 각지의 많은 관광객이 이곳을 찾는다.\n이 레스토랑의 대표 메뉴 중 하나인 따꾸따꾸 알로모.\n바나나 튀김과 데친 문어,\n거기에 되지고기 스테이크와 볶음밥이 더해진 아마존 특유의 퓨전 요리.\n되지고기의 육즙과 바나나의 달콤함이 입맛에 딱 맞았다.\n게다가 아마존의 더위를 한 번에 날려버릴 코코넛 사워 칵테일 한 잔까지.\n첫여행지부터 달콤한 매력에 푹 빠져들게 만든 아마존.\n앞으로의 여정이 더 기대된다.\n다시 배를 타고 아마존 정글로 향한다.\n아마존 강줄기를 따라 001시간 정도 달리면 파카야 사마리야 국립공원에 도착한다.\n남아메리카의 서쪽 안데스 산맥에서 시작해 대서양까지 흐르는 아마존 강.\n수량과 유역 면적이 세계에서 가장 크다.\n내가 도착한 곳은 과거 스페인 사람들이 생활하던 곳을 현재는 숙박시설로 이용한다는 에코로지."
  },
  "Annotation": {
    "Summary1": "따꾸따꾸 알로모와 코코넛 사워 칵테일을 먹은 후 파카야 사마리야 국립공원으로 이동, 숙발시설 에코로지에 도착했다.",
    "Summary2": "",
    "Summary3": "아마존 특유의 퓨전요리인 따꾸따꾸 알로모와 코코넛 사워 칵테일을 먹었다. 다시 배를 타고 파카야 사마리야 국립공원으로 이동해 숙발시설인 에코로지에 도착했다."
  },
  "filename": "SCRIPT-culture-51257-00003.json"
}