{
  "Meta": {
    "doc_id": "SCRIPT-culture-51207",
    "doc_category": "SCRIPT",
    "doc_type": "culture",
    "doc_name": "51207_DC_걸어서세계속으로207_2018168717.txt",
    "author": "KBS",
    "publisher": "KBS",
    "published_year": "2018",
    "doc_origin": "걸어서세계속으로207",
    "passage_id": "SCRIPT-culture-51207-00019",
    "passage": "해설]너무도 강력했던 스페인 장군 그리고 침략 세력.\n이들은 축포를 울리며 승리를 자축하고.\n시민들은 스페인 점령군과 함께 마을에 온 산타루시아 성인을 환영하며 예를 갖추고 축하행렬을 이어간다.\n전쟁을 재현하지만 전혀 비장하지 않은 푸근한 동네 축제다.\n곡식과 과일로 장식한 가마에 오른 아이들은 풍년과 무사안위를 기원하는 상징이된다 해 질 녘 다시 성당 앞으로 행렬은 모인다.\n전사한 원주민 족장의 영혼을 달래는 의식이 펼쳐진다.\n비록 몸은 떠났지만 영혼은 항상 고향에 머물라는 초혼제례다.\n축제의 마지막은 다시 산타루시아에 대한 경배.\n400년 전 시간에서 다시 현실로 돌아왔다.\n그들은 이렇게 역사를 기억하고 있었다.\n에콰도르 중부에 자리 잡은 구아모테.\n안데스 고원의 나귀와 쟁기만으로 일궈떼어 비탈밭이 야무지다."
  },
  "Annotation": {
    "Summary1": "구아모테 시민들은 스페인 점령군과 함께 원주민 족장의 영혼을 달래는 의식과 산타루시아 경배로 역사를 기억한다.",
    "Summary2": "",
    "Summary3": "에콰도르의 구아모테 시민은 스페인 점령군과 함께 축하하고, 원주민 족장의 영혼을 달래는 의식과 산타루시아 경배를 통해 400년 전 역사를 기억한다."
  },
  "filename": "SCRIPT-culture-51207-00019.json"
}