{
  "Meta": {
    "doc_id": "SCRIPT-culture-41861",
    "doc_category": "SCRIPT",
    "doc_type": "culture",
    "doc_name": "‘베트남 축구영웅’ 박항서 감독, 훈훈한 미담 공개!",
    "author": "KBS",
    "publisher": "KBS",
    "published_year": "2020",
    "doc_origin": "‘베트남 축구영웅’ 박항서 감독, 훈훈한 미담 공개!",
    "passage_id": "SCRIPT-culture-41861-00001",
    "passage": "화자1]베트남 축구 영웅 박항서 감독의 훈훈한 미담이 공개됩니다.\n화자2]전 세계 축구에 한국인 선수와 감독의 활약이 두드러지는 가운데, '투페이스'는 베트남 축구에 전성기를 안긴 박항서 감독의 일화를 소개합니다.\n화자1]베트남에서 남다른 지도력을 인정받은 박항서 감독의 인기는 하늘을 찌르고 있습니다. 이에 그의 일거수일투족이 화제가 되며 따라다니는 루머 또한 상당합니다.\n화자2]이에 박항서 감독의 루머에 관한 해당 뉴스를 본 이진호는 베트남에서 박항서 감독의 인기가 2002 월드컵 당시 히딩크 감독보다 더 ‘핫했다’며, '경기 성적뿐만 아니라, 이런 미담이 전달된 덕분에 지금의 인기가 만들어졌을 것이다'라고 덧붙였습니다.\n화자1]그는 강력하게 진짜 뉴스라고 주장했는데. ‘투페이스 대표 축구광’ 이진호의 추리는 과연 정답이었을지 방송을 통해 확인할 수 있습니다.\n화자2]이외에도 널리 퍼진 술과 이온 음료의 상관 관계를 ‘투페이스’에서 직접 실험을 통해 밝혀냅니다."
  },
  "Annotation": {
    "Summary1": "박항서 감독의 미담과 일화 그리고 그의 루머에 대한 추리의 정답이 ‘투페이스’ 방송에서 공개된다.",
    "Summary2": "",
    "Summary3": "'투페이스'에서 박항서 감독의 미담과 일화를 공개한다. 베트남에서 박항서 감독의 인기가 하늘을 찌르는 가운데 그의 루머에 대한 '투페이스 대표 축구광' 이진호의 추리가 방송에서 공개된다."
  },
  "filename": "SCRIPT-culture-41861-00001.json"
}