{
  "Meta": {
    "doc_id": "SCRIPT-culture-42683",
    "doc_category": "SCRIPT",
    "doc_type": "culture",
    "doc_name": "대자연과 국립발레단의 만남, ‘우리, 다시:The ballet’",
    "author": "KBS",
    "publisher": "KBS",
    "published_year": "2020",
    "doc_origin": "대자연과 국립발레단의 만남, ‘우리, 다시:The ballet’",
    "passage_id": "SCRIPT-culture-42683-00001",
    "passage": "화자1]코로나19의 답답함을 풀어줄 국립발레단과 KBS의 새로운 프로젝트 ‘우리, 다시 : The ballet’가 시청자를 찾습니다.\n화자2]KBS는 오는 24일 방송될 KBS 대기획 ‘우리, 다시 : The ballet (더 발레)’(CP 유웅식, 연출 고세준)의 포스터를 공개하며 본방송에 대한 기대감을 끌어올렸습니다.\n화자1]포스터에는 대한민국의 다양한 명소를 배경으로 발레 동작을 선보이는 국립발레단의 모습이 담겼습니다. 앞서 공개된 두 편의 티저 영상을 통해 기대감을 모았던 염전, 대숲, 비행연습장을 비롯해 선박 위, 늦가을 정취가 물씬 풍기는 자연 등 광활하고 아름다운 공간이 시선을 압도했습니다.\n화자2]특히 장소와 분위기에 맞춰 달라지는 국립발레단의 의상과 콘셉트가 보는 재미를 선사할 예정입니다. 따로 또 같이 펼쳐지는 발레 앙상블과 자연의 만남은 한 편의 잘 짜인 발레 공연 그 이상의 감동을 전달하며 국립발레단의 수준 높은 언택트 공연을 선물할 것으로 기대를 모읍니다."
  },
  "Annotation": {
    "Summary1": "‘우리, 다시 : The ballet’는 수준 높은 언택트 공연으로 발레 공연 이상의 감동을 전한다.",
    "Summary2": "",
    "Summary3": "KBS는 국립발레단과의 새로운 프로젝트 ‘우리, 다시 : The ballet’를 통해 발레 앙상블과 자연의 만남을 통해 발레 공연 이상의 감동을 전달하며 수준 높은 언택트 공연을 선물한다."
  },
  "filename": "SCRIPT-culture-42683-00001.json"
}