{
  "Meta": {
    "doc_id": "SCRIPT-culture-07992",
    "doc_category": "SCRIPT",
    "doc_type": "culture",
    "doc_name": "무찌르자 오랑캐! 나선정벌",
    "author": "KBS",
    "publisher": "KBS",
    "published_year": "2014",
    "doc_origin": "무찌르자 오랑캐! 나선정벌",
    "passage_id": "SCRIPT-culture-07992-00001",
    "passage": "화자1]북벌의 시대에 오랑캐를 도우러 가야했던 나선정벌, 그 당시 조선에게 나선 정벌은 어떤 의미였는지 알아봅니다.\n화자2]대중들에게 잘 알려지지 않은 전투, 나선정벌. 하지만 나선 정벌은 당시 러시아의 아시아 진출을 결정짓는 중요한 전투였고 훗날 중국과 러시아의 국경을 확정 짓는데 바탕이 된 중요한 사건이었습니다. 그리고 여기에 조선군의 활약이 있었습니다. 조선에서도 멀리 떨어진 흑룡강 유역까지 보내졌던 조선군. 이들은 대체 왜 남의 나라 전투에 참여하게 됐던 것일까?.\n화자1]특히, 그동안 러시아군에 연패를 면치 못했던 청군은 조선군이 합류하면서 단 하루만의 전투로 승리를 거두게 되는데 전쟁의 판세를 바꾼 조선군의 비밀 병기는 과연 무엇이었을까? 당시 조선군 장수로 전투에 참여했던 신유 장군이 남긴 '북정록'을 통해 그날의 생생한 현장 속으로 들어가 봅니다.\n화자2]한편, KBS 1TV '역사저널 그날'은 내일 밤 09시40분 방송됩니다."
  },
  "Annotation": {
    "Summary1": "내일 밤 방송되는 '역사저널 그날'에서는 북벌의 시대에 오랑캐를 도우러 가야했던 나선정벌에 대해 방송한다.",
    "Summary2": "",
    "Summary3": "내일 밤 방송되는 KBS 1TV '역사저널 그날'에서는 북벌의 시대에 오랑캐를 도우러 가야했던 나선정벌에 대해 방송한다. 조선군 장수 신유 장군이 남긴 '북정록'으로 현장을 들여다 본다."
  },
  "filename": "SCRIPT-culture-07992-00001.json"
}