{
  "Meta": {
    "doc_id": "SCRIPT-culture-29411",
    "doc_category": "SCRIPT",
    "doc_type": "culture",
    "doc_name": "'제20회 전주국제영화제 개막, 열흘간의 축제 시작'",
    "author": "KBS",
    "publisher": "KBS",
    "published_year": "2019",
    "doc_origin": "'제20회 전주국제영화제 개막, 열흘간의 축제 시작'",
    "passage_id": "SCRIPT-culture-29411-00001",
    "passage": "화자1]‘영화, 표현의 해방구’를 슬로건으로 내건 전주국제영화제는 53개국 275편의 작품과 20주년을 기념하는 특별 프로그램으로 관객을 맞이할 준비를 마쳤습니다.\n화자2]저녁 007시 배우 최원영과 한예리의 사회로 ‘전주 돔’에서 진행되는 개막식은 전주국제영화제 김승수 조직위원장의 개막선언에 이어 음악감독 모그(MAWG)가 이끄는 밴드의 축하공연으로 이어졌습니다. 개막작으로는 10대 소년들이 갱으로 변모하는 과정 속에서 인간의 성장과 변화에 대한 성찰을 담아낸 <나폴리: 작은 갱들의 도시>가 상영되었습니다.\n화자1]열흘 동안 전주시 고사동 영화의 거리 5개 극장 22개 관은 20회를 맞아 더욱 풍성해진 프로그램으로 채워집니다. 전주국제영화제 20년 역사에 기록된 감독들의 신작을 상영하는 20주년 기념 섹션 ‘뉴트로 전주’는 낯설지만 빛나는 영화를 발견해내고 재능 있는 영화작가와 연대해온 전주국제영화제의 정체성을 이해할 수 있는 섹션입니다.\n화자2]한국영화 100주년을 기념해 20세기, 21세기 영화를 전주만의 시선으로 모아 선보이는 ‘백 년 동안의 한국영화’도 눈여겨 볼 만합니다. <혈맥>의 김수용감독부터 <복수는 나의 것> 박찬욱 감독까지 한국영화 감독들을 대거 초청해서 그 어느 때보다 풍성한 라인업의 시네마 클래스를 구성했습니다.\n화자1]올해는 다큐멘터리의 약진도 기대 됩니다. 일본에서 태어난 한국인 건축가 이타미 준의 이야기를 담은 <이타미 준의 바다>를 비롯해, 4대 강 사업의 민낯을 보여주는 김병기 감독의 <삽질>과 일본군 위안부의 실상을 폭로한 김복동 선생의 <김복동>, 그리고 정우성이 내레이션 한 <침묵의 장벽>은 현재 미국과 이스라엘에서 일어나고 있는 난민장벽 문제를 다루고 있어 주목받고 있습니다. 2016년 <자백>, 2017년 <노무현입니다> 등 여러 해 동안 독보적인 다큐멘터리를 발굴했던 전주의 명맥을 이어갈 것으로 기대 됩니다.\n화자2]영화제 기간 동안 전주라운지 내 스타워즈 컨테이너에서는 ‘스타워즈: 갤러리’가 열립니다. 이번 전시는 독립 스튜디오에서 출발해 SF 영화의 신화가 된 ‘스타워즈’ 시리즈를 다방면으로 아카이빙하는 ‘스타워즈 아카이브: 끝나지 않는 연대기’의 일환으로 열립니다."
  },
  "Annotation": {
    "Summary1": "전주국제영화제가 열흘 동안 전주시 고사동 영화의 거리에서 53개국 275편의 작품이 상영될 예정이다.",
    "Summary2": "",
    "Summary3": "전주국제영화제의 개막식이 저녁 7시에 진행되었다. 열흘 동안 전주시 고사동 영화의 거리에서 53개국 275편의 작품과 20주년을 기념하는 뉴트로 전주라는 특별 프로그램이 상영될 예정이다. 한국 영화 100주년을 기념해 한국 영화 감독들을 대거 초청했으며 삽질, 침묵의 장벽, 김복동 등의 다큐멘터리 또한 기대가 된다. 영화제 기간 동안 스타워즈 컨테이너에서는 스타워즈 갤러리가 열린다."
  },
  "filename": "SCRIPT-culture-29411-00001.json"
}