{
  "Meta": {
    "doc_id": "SCRIPT-culture-51201",
    "doc_category": "SCRIPT",
    "doc_type": "culture",
    "doc_name": "51201_DC_걸어서세계속으로201_2018136640.txt",
    "author": "KBS",
    "publisher": "KBS",
    "published_year": "2018",
    "doc_origin": "걸어서세계속으로201",
    "passage_id": "SCRIPT-culture-51201-00020",
    "passage": "해설]물론 오랜 전쟁을 거치면서 만들어진 전설 같은 무용담이 빠지면 섭섭하다.\n성 인근은 이 거인이 지켜줬다던 조그마한 마을이 있다.\n오스트리아에서 가장 중세시대를 잘 느낄 수 있다는 마을 프리자흐.\n격년으로 큰 중세 축제가 열리는 이곳에는 적의 침입을 막기 위해 성 주변으로 판 못인 해자가 완벽히 재연돼 있다.\n해자 옆 성벽을 따라 걷다 보면 제빵사를 물에 담근다고 적힌 특이한 구조물이 있다.\n빵의 무게를 속여 판 제빵사를 벌주던 도구인데 많은 제빵사들이 철창에 갇힌 채 물에 빠져 죽었다고 한다.\n오랜 전쟁으로 얼마나 먹을 것이 귀했는지를 알 수 있는 장면이다.\n프리자흐에서는 다양한 중세 체험이 가능하다.\n이곳에서는 그 당시 밀랍을 사용해 어떻게 양초를 만들었는지 볼 수 있다.\n이렇게 꿰매진 실을 밀랍을 녹인 그릇에 담가 왔다 갔다 하며 초를 만드는데."
  },
  "Annotation": {
    "Summary1": "오스트리아의 마을 프리자흐에서는 격년으로 중세 축제가 열리며, 다양한 중세 체험이 가능하다.",
    "Summary2": "",
    "Summary3": "거인이 지켜주었다는 전설을 가진 오스트리아의 조그마한 마을 프리자흐에서는 격년으로 중세 축제가 열리며, 제빵사를 벌주던 도구 등 다양한 중세 체험을 할 수 있다."
  },
  "filename": "SCRIPT-culture-51201-00020.json"
}