{
  "Meta": {
    "doc_id": "SCRIPT-culture-12361",
    "doc_category": "SCRIPT",
    "doc_type": "culture",
    "doc_name": "아직도 ‘세월호’를 말하는 사람들, ‘나쁜 나라’",
    "author": "KBS",
    "publisher": "KBS",
    "published_year": "2015",
    "doc_origin": "아직도 ‘세월호’를 말하는 사람들, ‘나쁜 나라’",
    "passage_id": "SCRIPT-culture-12361-00001",
    "passage": "화자1]아직도 ‘세월 호’를 말하는 사람이 있습니다. 세월이 그렇게나 흘렸건만 여전히 그날의 참극을 잊지 못해, 믿지 못해, 슬픔에 겨워, 분노에 쌓여 ‘세월 호’를 말하는 사람들이 있습니다. 그들이 생각하기엔 '국민 말고는 아무것도 믿을 수 없는 나라'에 살고 있다는 것입니다. 바로 그런 나라를 이야기하는 다큐멘터리가 만들어졌습니다. 세월 호 유가족들과 함께 한 1년의 기록이 담긴 다큐멘터리입니다.\n화자2]다큐멘터리가 상영이 끝난 뒤 김진열 감독, 유가족 ‘재욱 어머니’ 황영미씨, ‘성호 아버지’ 최경덕씨, 그리고 416연대의 이태호 상임운영위원이 참석한 가운데 기자간담회가 열렸습니다.\n화자1]책임연출을 맡은 김진열 감독은 '작년 4월28일부터 안산 세월 호 참사 시민기록위원회에 참여해서 기록을 하면서 많은 시민들이 세월 호 참사에 대해 함께 동참하고 진상규명이 되는 그 날까지 함께했으면 하는 바람으로 작업을 하게 되었습니다.'고 이번 작품에 참여한 계기를 소개했습니다.\n화자2]아직도 분노를 가슴에 안고 사는 유가족 대표는 영화를 본 뒤 '오늘 영화에서 보인 나쁜 나라는 빙산의 일각입니다. 정말 나쁜 나라가 어떤지 그 실상을 알게 되면 누구도 살기 힘들 것. 나쁜 나라가 좀 더 제대로 조명이 될 수 있는 사회가 되었으면 좋겠고, 그것을 토대로 좋은 나라를 만들어가야 한다'고 소감을 전했습니다.\n화자1]이날 많은 사람들이 관심을 갖고 있는 '지금의 문제'에 대해 이태호 운영위원이 이렇게 설명해주었습니다. '세 가지 쟁점이 있습니다. 온전한 인양과 인양에서의 가족 참여문제입니다. 현재 상하이 셀비지라고 하는 회사가 인양을 하고 있는데 가족 참여가 제대로 보장되고 있지 않다. 유실방지가 제대로 되고 있는지 제대로 확인이 되지 않고 있습니다. 두 번째로는 세월 호에서 같이 순직한 기간제 교사들께서, 기간제교사라는 이유로 순직처리가 되지 않고 있습니다. 마지막으로 안산에서 가장 큰 쟁점 중 하나인데, 아이들의 기록들이 고스란히 남아있는 교실을 존치시켜서 앞으로 추모와 안전사회를 위한 교육공간으로 하자는 계획입니다.'.\n화자2]1년을 유가족과 함께 생활한 김진열 감독은 '많은 카메라에 무방비로 노출되어 있는 가족들에게 저희의 카메라가 또 하나 보태지면 그것 자체로 폭력적일 수도 있다는 생각이 들었습니다. 그렇기 때문에 촬영을 할 때에는 모두 ‘416 가족협의회’의 승인 과정을 밟았고, 가족 분들이 불편해하실 것 같다는 생각이 들거나 불편해하시면 사전에 사인을 주고받으면서 신뢰를 쌓아나갔다'며 조심스럽게 진행되었던 촬영과정에 대해 이야기했습니다.\n화자1]‘세월 호’에 대한 끝나지 않은 이야기, ‘나쁜 나라’는 10월 29일 개봉됩니다. (영화/박재환)."
  },
  "Annotation": {
    "Summary1": "유가족들과 함께한 1년의 기록이 담긴 다큐멘터리 ‘세월 호’의 상영이 끝난 뒤 기자간담회가 열렸다.",
    "Summary2": "",
    "Summary3": "세월이 흘렀지만 여전히 그날의 참극을 잊지 못해 아직도 '세월 호'를 말하는 사람이 있다. 세월 호 유가족들과 함께한 1년의 기록이 담긴 다큐멘터리가 만들어졌다. 상영이 끝난 뒤 기자간담회가 열렸다. 책임연출을 맡은 김진열은 작품에 참여한 계기를 소개했다. 이어 유가족 대표가 소감을 전했다. 그리고 '지금의 문제'에 대해 이태호 운영위원이 세 가지 쟁점을 언급했다. 이어 1년 동안 유가족과 함께 생활한 김진열이 조심스럽게 진행되었던 촬영 과정에 대해 이야기했다."
  },
  "filename": "SCRIPT-culture-12361-00001.json"
}