{
  "Meta": {
    "doc_id": "SCRIPT-culture-51201",
    "doc_category": "SCRIPT",
    "doc_type": "culture",
    "doc_name": "51201_DC_걸어서세계속으로201_2018136640.txt",
    "author": "KBS",
    "publisher": "KBS",
    "published_year": "2018",
    "doc_origin": "걸어서세계속으로201",
    "passage_id": "SCRIPT-culture-51201-00021",
    "passage": "해설]얼마나 많이 왕복하느냐에 따라 초의 크기가 달라진다고 한다.\n돈이 없는 서민들은 겨우 불이 붙을 정도의 초를 사용하고 귀족들은 화려하게 꾸며진 다양한 모양의 초를 사용했다고 한다.\n당시에는 밀랍이 황금보다 비쌌다고 하니 양초가 한때는 부의 척도이기도 했다.\n내가 프리자흐 마을을 찾은 가장 중요한 이유는 이곳을 방문하기 위해서였다.\n전 세계 어느 곳에서도 없는 프로젝트가 이곳에서 진행되고 있기 때문이다.\n일체 기계의 도움 없이 오직 사람의 힘으로만 성을 만들어야 하는 프로젝트.\n작업자 한 명이 하루 꼬박 작업을 해도 성벽에 쓰일 돌 하나 다듬기가 어렵다고 한다.\n산속의 또 다른 작업장.\n대장장이와 목수들이 건설에 필요한 각종 도구들을 직접 만들고 있다.\n이렇게 하나하나 만들어가며 하다 보니 성 만들 재료 준비에만 10년이 걸렸다."
  },
  "Annotation": {
    "Summary1": "프리자흐 마을에서는 오직 사람의 힘으로만 성을 만들기 위해 재료준비에만 10년이 걸린 프로젝트가 진행중이다.",
    "Summary2": "",
    "Summary3": "밀랍이 황금보다 비싸 한때는 양초가 부의 척도였다. 프리자흐 마을에서는 사람의 힘으로만 성을 만드는 프로젝트가 진행중이다. 재료준비에만 10년이 걸렸다."
  },
  "filename": "SCRIPT-culture-51201-00021.json"
}