{
  "Meta": {
    "doc_id": "SCRIPT-culture-30335",
    "doc_category": "SCRIPT",
    "doc_type": "culture",
    "doc_name": "독립영화의 특별한 힘, '실험,저항,변혁'",
    "author": "KBS",
    "publisher": "KBS",
    "published_year": "2019",
    "doc_origin": "독립영화의 특별한 힘, '실험,저항,변혁'",
    "passage_id": "SCRIPT-culture-30335-00001",
    "passage": "화자1]한국영상자료원은 한국영화 100년을 기리기 위한 올해의 마지막 특별 상영전으로 ‘실험, 저항, 변혁의 힘 – 한국 독립영화 특별전’을 개최합니다. 자료원은 2019년 한 해 동안 ‘영화 기술’, ‘여성’ 등 지배적인 역사에서 주목의 기회가 적었던 주제들을 중점 조명해 왔으며, 그와 같은 기획의 연장에서 한국 독립영화의 과거와 현재, 미래를 관통하는 5개의 상영 프로그램을 묶어 상암동 시네마테크KOFA에서 11월 한 달 간 선보입니다.\n화자2]이번 특별전에서는 자료원이 디지털화 및 복원 작업을 실시한 12편의 작품을 선보이는 ‘한국독립영화의 재탄생: 디지털 리마스터링&복원전’, 역사 속 갈등과 투쟁을 비판적이고 성찰적으로 읽어 온 독립 다큐멘터리를 모은 ‘독립영화 쇼케이스: 현대사를 움직이는 얼굴들’, 민중의 역사적인 순간들을 인터뷰의 방법으로 주목하는 ‘인디다큐 시간여행: 한국 독립다큐멘터리의 목소리-인터뷰와 함께 쓰는 역사’, 자료원이 지난 15년 간 지속해 온 독립영화 프로그램을 관객과 함께 되돌아보는 자리 ‘위 게더, 해피투게더! 독립영화’, 마지막으로, 영상기록유산으로서 독립영화의 가치와 수집, 보존의 중요성을 짚어보는 ‘인디곳간: 독립영화 아카이브 강연’이 펼쳐집니다."
  },
  "Annotation": {
    "Summary1": "한국영상자료원은 ‘실험, 저항, 변혁의 힘 – 한국 독립영화 특별전’을 개최하며 5개의 프로그램을 선보인다.",
    "Summary2": "",
    "Summary3": "한국영상자료원은 한국 영화 100년을 기념한 ‘실험, 저항, 변혁의 힘 – 한국 독립영화 특별전’을 개최한다. 자료원은 2019년 '영화 기술', '여성' 등을 주제로 한 ‘위 게더, 해피투게더! 독립영화’등 5개의 상영 프로그램을 선보인다."
  },
  "filename": "SCRIPT-culture-30335-00001.json"
}