{
  "Meta": {
    "doc_id": "SCRIPT-culture-51202",
    "doc_category": "SCRIPT",
    "doc_type": "culture",
    "doc_name": "51202_DC_걸어서세계속으로202_2018144713.txt",
    "author": "KBS",
    "publisher": "KBS",
    "published_year": "2018",
    "doc_origin": "걸어서세계속으로202",
    "passage_id": "SCRIPT-culture-51202-00014",
    "passage": "해설]하와이의 가장 위쪽에 위치한 카우아이섬은 하와이에서 사람의 손길이 가장 닿지 않은 섬 중 하나다.\n섬의 대부분이 개발되지 않은 천연 그대로의 모습을 간직하고 있어 일명 정원의 섬이라 불린다.\n카우아이섬에도 특별한 해변이 있다.\n언뜻 보면 일반 해변과 다르지 않아 보이지만 멀리서 보면 모래사장뒤에 염전이 펼쳐져 있다.\n하와이 전통 방식을 그대로 유지한 카우 아이 염전.\n자연은 물론 이곳의 생활방식에도 아직 개발의 손이 덜 미쳤음을 보여준다.\n염전 너머에는 해변을 찾아온 가족들의 차로 가득했다.\n휴일에 가족과 함께 해변에서 캠핑을 하는 건 빼놓을 수 없는 하와이의 문화다.\n캠핑 문화를 설명하려면 바비큐 촬영이 빠질 수 없다.\n지글지글 바비큐 소리에 정신이 팔려 있는데 갑자기 질문이 들어온다.\n갑자기 받게 된 점심 초대."
  },
  "Annotation": {
    "Summary1": "천연의 모습을 간직한 하와이 카우아이 섬은 정원의 섬이라 불리며 전통 방식을 유지한 카우 아이 염전이 있다.",
    "Summary2": "",
    "Summary3": "하와이 카우아이 섬은 사람의 손길이 닿지 않은 섬이다. 천연의 모습을 간직하고 있어 정원의 섬이라 불린다. 하와이 전통 방식을 유지한 카우 아이 염전이 있다."
  },
  "filename": "SCRIPT-culture-51202-00014.json"
}