{
  "Meta": {
    "doc_id": "SCRIPT-culture-51257",
    "doc_category": "SCRIPT",
    "doc_type": "culture",
    "doc_name": "51257_DC_걸어서세계속으로257_2019159968.txt",
    "author": "KBS",
    "publisher": "KBS",
    "published_year": "2019",
    "doc_origin": "걸어서세계속으로257",
    "passage_id": "SCRIPT-culture-51257-00002",
    "passage": "해설]1863년 스페인 이주민들이 개척촌을 건설하며 도시가 됐다.\n나는 아르마스 광장을 지나 다음 장소로 이동하기 위해 버스로 올랐다.\n이키토스 주요 교통수단 중 하나인이 대형버스는 아마존의 습한 기후에 맞춰 나무로 개조됐다고 한다.\n창문을 없애 시원함을 더하고 공간도 더 넓혀 승객이 겪는 불편함을 최소화한 것이란다.\n내가 제일 먼저 도착한 곳은 나우타 메르카도 센트럴 마켓.\n아마존강에 인접해 있어 물류 거래가 가장 활발하고 현지인들도 많이 찾는 전통시장이라고 한다.\n맛있는 음식과 그 향긋한 냄새가 시장을 가득 채우고 있다.\n시장 옆에는 선착장이 있다.\n아마존 정글의 본모습을 보기 위해 배에 올랐다.\n그런데 출발한 지 5분 만에 아마존 강 위에 떠 있는 레스토랑에 도착한다.\n상상하던 아마존이 아니다.\n지상, 아니 수상낙원이 떠 있는 곳이다."
  },
  "Annotation": {
    "Summary1": "하나인이 버스를 타고 아르마스 광장을 지나 나우타 메르카도 센트럴 마켓 옆 선착장의 배를 타고 아마존 강으로 갔다.",
    "Summary2": "",
    "Summary3": "하나인이 대형버스를 타고 나우타 메르카도 센트럴 마켓으로 아르마스 광장을 지났다. 시장 옆 선착장의 배에 올라 아마존 강의 수상낙원 같은 레스토랑에 도착했다."
  },
  "filename": "SCRIPT-culture-51257-00002.json"
}