{
  "Meta": {
    "doc_id": "SCRIPT-culture-51203",
    "doc_category": "SCRIPT",
    "doc_type": "culture",
    "doc_name": "51203_DC_걸어서세계속으로203_2018152455.txt",
    "author": "KBS",
    "publisher": "KBS",
    "published_year": "2018",
    "doc_origin": "걸어서세계속으로203",
    "passage_id": "SCRIPT-culture-51203-00011",
    "passage": "해설]철갑상어알에 요즘 한국에서는 가격이 오른 오징어까지 한가득 사니 우리 돈 3만원 정도다.\n북한 관광을 오면 필수적으로 가는 코스로 향했다.\n바로 만경대학생소년궁전.\n예체능 분야의 영재를 양성하는 교육기관으로 외국 손님들이 반드시 참관하는 장소기도 하다.\n교육과정뿐만 아니라 이들의 공연을 정기적으로 관람할 수 있다.\n공연장으로 가는 길.\n학생들이 반겨준다.\n관광객들도 꽤 많이 보인다.\n곧 공연이 시작된다.\n과거 체제 선전의 장이었던 것과는 달리 근래에는 동화 공연 등으로 분위기가 많이 바뀌었다고 한다.\n북한 어린이들의 잔망스러운 공연에 관객들이 박수로 화답한다.\n북한에서의 여정 열흘 중 반 정도가 흘렀다.\n처음에는 평양에 발 딛고 숨 쉬는 것조차 신기했는데 어느새 궁금한 것 많아지고 더 보고 싶고 더 묻고 싶은 내 안에 질문들 이 생겨나고 있었다."
  },
  "Annotation": {
    "Summary1": "북한관광을 하는 사람들이 많이 찾는 만경대학생소년궁전에서 어린이 공연단의 맹랑한 모습을 볼 수 있다.",
    "Summary2": "",
    "Summary3": "북한관광을 하는 손님은 관광지로 공연을 정기적으로 관람할 수 있는 만경대학생소년궁전을 많이 간다. 어린이 공연단의 맹랑한 모습에 관객들은 박수갈채를 보냈다."
  },
  "filename": "SCRIPT-culture-51203-00011.json"
}