{
  "Meta": {
    "doc_id": "SCRIPT-culture-40837",
    "doc_category": "SCRIPT",
    "doc_type": "culture",
    "doc_name": "지성과 감성의 수다예능 ‘도올학당 수다승철’",
    "author": "KBS",
    "publisher": "KBS",
    "published_year": "2020",
    "doc_origin": "지성과 감성의 수다예능 ‘도올학당 수다승철’",
    "passage_id": "SCRIPT-culture-40837-00001",
    "passage": "화자1]인생을 잘 살고 싶은 사람들을 위한 강연토크쇼 KBS 특별기회 <도올학당 수다승철>이 11일 첫 방송됩니다.\n화자2]이 시대를 살아가고 있는 모두의 고민, '잘 살기 위해서는 어떻게 해야할까?' 란 질문에 해답을 찾기 위해 한국 최고의 철학자 도올 김용옥과 대한민국을 대표하는 가수 이승철이 만났다! 철학자와 가수의 특급 콜라보레이션답게 도올은 옛 선인들의 지혜를, 이승철은 위로가 되는 음악 한 곡을 선물합니다.\n화자1]일흔이 넘은 지금까지 ‘학문’에 매달려온 도올과 35년차 베테랑 가수 이승철. 가수의 노래 속엔 그의 인생 철학이 녹아있고, 철학자가 사랑하는 음악에는 따뜻한 이야기가 담겨 있었습니다. 매회 다른 주제를 가지고 이야기하게 될 <도올학당 수다승철>. 철학과 음악이라는 두 톱니바퀴가 얼마나 즐겁게 맞물려 갈 수 있는지는 방송을 통해 확인해 볼 수 있습니다.\n화자2]도올의 지성과 이승철의 음악 뿐 아니라 매회 특급 게스트가 출연합니다. <도올학당 수다승철>의 첫 번째 게스트는 영화배우 정우성. 25년 넘는 베테랑 연기자에, 여전히 신비주의 캐릭터를 고수하고 있는 정우성이지만 도올과 이승철의 내공 앞에서는 그 신비주의가 한 꺼풀 벗겨졌다는(?) 후문.\n화자1]스무 살에 데뷔해 지금까지 오른 라이브 콘서트 무대만 2,000번이 넘는다는 베테랑 가수 이승철도 <도올학당 수다승철>의 녹화장은 긴장되었다고 합니다.\n화자2]철학자와 가수의 만남이라는 새로운 포맷은 수 천 번 라이브 무대를 서온 이승철에게도 새로운 도전이었습니다. 첫 녹화를 앞두고 긴장감을 감추지 못했다는데? 지금까지 여러 프로그램을 통해 맛있는 입담으로 시청자를 사로잡았던 이승철. 이번 프로그램을 시작하면서는 아예 ‘수다’라는 호까지 얻었다! 과연 그의 수다는 통할 것인가요?."
  },
  "Annotation": {
    "Summary1": "철학자 도올과 가수 이승철이 만나 새로운 프로그램 <도올학당 수다승철>이 선인들 지혜와 음악으로 방송된다.",
    "Summary2": "",
    "Summary3": "인생을 잘 살고 싶은 사람들을 위한 강연토크쇼 KBS 특별기회 <도올학당 수다승철>이 11일 첫 방송된다. 에서는 철학자 도올과 가수 이승철이 나와 옛 선인의 지혜와 위로가 되는 음악을 선보인다. 매회 다른 주제를 가지고 얘기하게 될 <도올학당 수다승철>은 철학과 음악이라는 두 톱니바퀴가 얼마나 즐겁게 맞물려 갈 수 있는지 방송을 통해 확인해 볼 수 있다."
  },
  "filename": "SCRIPT-culture-40837-00001.json"
}