{
  "Meta": {
    "doc_id": "SCRIPT-culture-51204",
    "doc_category": "SCRIPT",
    "doc_type": "culture",
    "doc_name": "51204_DC_걸어서세계속으로204_2018153268.txt",
    "author": "KBS",
    "publisher": "KBS",
    "published_year": "2018",
    "doc_origin": "걸어서세계속으로204",
    "passage_id": "SCRIPT-culture-51204-00020",
    "passage": "해설]유럽에서 가장 아름다운 빙하계곡 중 하나인 이곳.\n계곡을 따라 흐르는 빙하수가 굽이굽이 길을 내어 사바돌린카 강줄기를 만들어냈다.\n청정한 물빛에 또다시 발걸음을 멈췄다.\n블레드 호수와 달리 이곳에서는 슬라잉 피시가 한창이다.\n강 상류나 산속 호수 등 낮은 온도의 물에서만 산다는 무지개송어.\n사바돌린카강은 차고 빠른 물살로 강태공들의 또 다른 도전욕구를 불러일으키는 곳이다.\n다시 길을 따라 크란스카고라를 걸었다.\n이곳이 차로 오를 수 있는 마지막 구간이다.\n1611m부터는 걷는 것 외에는 정상으로 향하는 다른 방도가 없다.\n여행자들은 대부분 이곳에서 트레킹을 시작한다.\n슬램의 정상까지 높이는 약 3백m에 불과하지만 오르는데만 꼬박 2시간 30분이 걸린다.\n빙하가 깎인 지역이라 경사도 만만치 않다."
  },
  "Annotation": {
    "Summary1": "사바돌린카강은 슬라잉피시와 무지개 송어가 많고 슬램의 정상까지는 트레킹으로 2시간 30분이 걸린다.",
    "Summary2": "",
    "Summary3": "차갑고 빠른 물살의 사바돌린카강은 슬라잉피시와 무지개송어가 많다. 이어 슬램의 정상까지 트레킹을 시작하면 300m 구간이지만 2시간 30분이 걸린다."
  },
  "filename": "SCRIPT-culture-51204-00020.json"
}