{
  "Meta": {
    "doc_id": "SCRIPT-culture-51202",
    "doc_category": "SCRIPT",
    "doc_type": "culture",
    "doc_name": "51202_DC_걸어서세계속으로202_2018144713.txt",
    "author": "KBS",
    "publisher": "KBS",
    "published_year": "2018",
    "doc_origin": "걸어서세계속으로202",
    "passage_id": "SCRIPT-culture-51202-00003",
    "passage": "해설]환영의 분위기가 가득한 노래와 춤에 나도 모르게 알로하라는 단어가 떠올랐다.\n공연을 보는 사람들의 얼굴에 환한 웃음이 돌고 춤을 추는 사람의 얼굴에도 기쁨이 가득하다.\n하와이 사람들의 몸짓과 표정에서 전해지는 알로하 정신.\n나도 흥이 한껏 올라 환호성으로 고마움 을 표시했다.\n스쿠터를 타면 하와이의 날씨와 한층 더 가까워진다.\n내 몸을 스치는 햇살과 바람을 만끽하며 노스쇼어라 불리는 북쪽 해변가로 향했다.\n이 주변에서 가장 유명하다는 맛집 지오반니 푸드트럭.\n길게 늘어선 줄을 보니 제대로 찾아온 듯하다.\n방금 트럭에서 조리한 요리를 손가락을 빨아가며 열심히 먹고 있는 사람들.\n나도 맛을 보려 줄을 섰다.\n드디어 받아 든 요리.\n노스쇼어의 명물, 갈릭버터새우다.\n버터와 마늘소스가 절묘하게 버무려진 모습이 식욕을 자극했다."
  },
  "Annotation": {
    "Summary1": "공연을 보는 사람들과 춤을 추는 사람들 얼굴에 기쁨이 가득했고 노스쇼어의 명물인 갈릭버터새우는 식욕을 자극했다.",
    "Summary2": "",
    "Summary3": "환영의 공연을 보는 사람들과 춤을 추는 사람들의 얼굴에 기쁨이 가득했다. 한편 노스쇼어의 명물인 갈릭버터새우는 버터와 마늘소스가 버무려져 식욕을 자극했다."
  },
  "filename": "SCRIPT-culture-51202-00003.json"
}