{
  "Meta": {
    "doc_id": "SCRIPT-culture-14153",
    "doc_category": "SCRIPT",
    "doc_type": "culture",
    "doc_name": "광해군의 이복동생, ‘정명공주’",
    "author": "KBS",
    "publisher": "KBS",
    "published_year": "2016",
    "doc_origin": "광해군의 이복동생, ‘정명공주’",
    "passage_id": "SCRIPT-culture-14153-00001",
    "passage": "화자1]서인 신분인 된 정명공주와 인목대비는 창덕궁 서쪽에 위치한 ‘서궁’에 유폐됩니다. 모든 걸 잃고 삶의 의지를 잃은 인목대비. 하지만 정명공주는 불경 필사에 매진하며 희망의 불씨를 놓지 않습니다. 아버지의 필체를 따라 쓰며 어머니 인목대비를 위로하고, 기약 없는 유폐 생활을 서예로 승화시킨 정명공주. 그녀는 끝없는 인고의 시간을 보내며 자연스레 삶의 처세술을 체득하게 됩니다.\n화자2]1623년 03월 인조반정이 일어나 광해군은 폐위됩니다. 인조는 인목대비와 정명공주의 신분을 복권시킵니다. 하지만 인목대비 승하 후, 인조는 자신의 병세를 누군가의 저주 때문이라고 생각한 것입니다. 인조는 정명공까지 의심합니다. 인목대비에게 최대한의 예우를 다 한 그가 저주의 배후로 인목대비를 지목하고 정명공주를 의심한 이유, 과연 무엇일까?.\n화자1]파란만장한 정명공주의 삶은 003.13 일요일 밤 10시30분 KBS 1TV <역사저널 그날>에서 펼쳐집니다."
  },
  "Annotation": {
    "Summary1": "인조는 정명공주와 인목대비 신분을 복원시키지만 이후 자신의 병세를 정명공주의 저주 때문이라고 의심한다.",
    "Summary2": "",
    "Summary3": "정명공주와 인목대비는 서인 신분이 되어 유폐된다. 1623년 인조반정으로 인조는 정명공주와 인목대비 신분을 복원한다. 그러나 인조는 자신의 병세를 정명공주의 저주 때문이라고 의심한다."
  },
  "filename": "SCRIPT-culture-14153-00001.json"
}