{
  "Meta": {
    "doc_id": "SCRIPT-culture-51208",
    "doc_category": "SCRIPT",
    "doc_type": "culture",
    "doc_name": "51208_DC_걸어서세계속으로208_2018168718.txt",
    "author": "KBS",
    "publisher": "KBS",
    "published_year": "2018",
    "doc_origin": "걸어서세계속으로208",
    "passage_id": "SCRIPT-culture-51208-00009",
    "passage": "해설]아픈 역사도 소중히 간직하는 이들의 너그러움을 배운다.\n바다동물들을 만날 수 있다는 선착장을 찾았다.\n이미 많은 사람들이 설레는 마음으로 배를 기다리고 있었는데.\n이곳에서 배를 타고 나가면 돌고래, 물개 등을 볼 수 있다고 한다.\n나도 잠시 배를 기다리기로 했는데 어디선가 노랫소리가 들려온다.\n식당 안에 손님은 한 명도 없었는데 뭐가 그리 신 났는지 나를 위해 노래를 불러준단다.\n이들의 일상 속 여유로움이 부러웠다.\n내가 살지 안 살지도 모르면서 대뜸 내 이름을 새긴다.\n자칭 예술가란 이분에게 나는 남들보다 2배의 돈을 주고 예술품을 받았다.\n나중에 보니 나미비아에는 이런 예술가가 정말 많았다.\n뜻밖의 만남을 뒤로 하고 나는 배를 탔다.\n이때 다른 이도 배에 올랐는데.\n바로 물개였다.\n이 녀석 때문에 모두들 적잖이 놀랐지만 이마저도 즐거움으로 다가왔다."
  },
  "Annotation": {
    "Summary1": "나미비아 선착장에서 배를 탔는데 물개도 배에 올라 모두들 놀랐다.",
    "Summary2": "",
    "Summary3": "나미비아 선착장에서 배를 기다리고 있었는데, 자칭 예술가에게 돈을 주고 예술품을 받았다. 만남을 뒤로 하고 배를 탔는데, 물개도 배에 올라 모두들 놀랐다."
  },
  "filename": "SCRIPT-culture-51208-00009.json"
}