{
  "Meta": {
    "doc_id": "SCRIPT-culture-51204",
    "doc_category": "SCRIPT",
    "doc_type": "culture",
    "doc_name": "51204_DC_걸어서세계속으로204_2018153268.txt",
    "author": "KBS",
    "publisher": "KBS",
    "published_year": "2018",
    "doc_origin": "걸어서세계속으로204",
    "passage_id": "SCRIPT-culture-51204-00021",
    "passage": "해설]율리안알프스의 고봉들을 한 번 이라도 등반하지 않은 사람은 진정한 슬 로베니아인이 아니라고 생각하는 이곳 사람들.\n이 산을 오를수록 그 자부심이 몸소 느껴진다.\n이 길에는 과거 만년설과 함께 쓸려 내려온 자갈이 많아 미끄러지지 않도록 조심스레 올라가야 한다.\n앞서 가던 가이드가 잠시 멈춰 섰다.\n고산에서 구름을 벗 삼아 피고 진다는 희귀꽃을 발견해 소개시켜 준다.\n고귀한 알프스의 꽃 에델바이스도 보인다.\n길은 점점 더 험해지고 길 옆 낭떠러지는 고개를 돌려 내려다보기 아찔할 정도로 가파르다 조심스러운 발걸음 끝에 슬렘의 뷰포인트에 도착했다.\n슬로베니아의 지붕이자 알프스산 맥의 끝을 알리는 산, 트리글라우의 위엄이 바로 눈앞에 우뚝 솟아 있다.\n해발 2864m의 정상은 구름도 피해간다.\n발 아래에 트리글라우 국립공원이 펼쳐져 있다."
  },
  "Annotation": {
    "Summary1": "가파른 길로 슬렘의 뷰포인트에 오르니 슬로베니아의 지붕이자 알프스산맥의 끝 트리글라우가 우뚝 솟아 있다.",
    "Summary2": "",
    "Summary3": "율리안알프스의 고봉들은 슬로베니아인의 자부심이다. 가파른 길로 슬렘 뷰포인트에 오르자, 슬로베니아의 지붕이자 알프스산맥의 끝인 트리글라우가 솟아 있다."
  },
  "filename": "SCRIPT-culture-51204-00021.json"
}