{
  "Meta": {
    "doc_id": "SCRIPT-enter-00644",
    "doc_category": "SCRIPT",
    "doc_type": "enter",
    "doc_name": "해피투게더'와 '사랑과 전쟁'이 만난다면?!",
    "author": "KBS",
    "publisher": "KBS",
    "published_year": "2013",
    "doc_origin": "해피투게더'와 '사랑과 전쟁'이 만난다면?!",
    "passage_id": "SCRIPT-enter-00644-00001",
    "passage": "화자1]부부 클리닉-사랑과 전쟁2의 주연 배우 4인방이 <해피투게더 3>을 통해 방송 최초로 예능에 출연했습니다.\n화자2]이 날 드라마 '사랑과 전쟁2'의 출연 배우 이시는, 민지영, 최영완, 이정수가 <해피투게더 3>에 출연하여 거칢없는 입담을 선보여 스튜디오를 웃음바다로 만들었습니다.\n화자1]‘사랑과 전쟁2’ 배우 4인방는 '그 여자 누구야?' '우리 이혼해'등 자신이 가장 많이 하는 대사를 실제 재연에 나서 출연자들의 관심을 모았는데 이에 MC유재석는 최영완의 톡 쏘는 대사에 얼굴을 붉히며 어쩔 줄 몰라 했다고 합니다.\n화자2]또한 이 날 네 명의 주인공이 실제 사연과 함께 원만한 남녀 관계를 위한 명쾌한 해답을 제시 해 주어 화제가 되었습니다.\n화자1]이에 유일한 남자 게스트인 이정수가 데이트 시 ‘쪼잔한 남자’가 되지 않는 자신만의 특별한 비결을 전수해 모두의 관심을 한 몸에 받았는데 자세한 이야기는 2013년 02월 14일 목요일 밤 11:20~ KBS2 <해피투게더3> 에서 확인할 수 있습니다."
  },
  "Annotation": {
    "Summary1": "'사랑과 전쟁2'의 주연 배우 4인방이 <해피투게더 3>에 출연하였고 원만한 남녀 관계의 명쾌한 해답을 제시했다.",
    "Summary2": "",
    "Summary3": "'사랑과 전쟁2'의 출연 배우 4인방이 <해피투게더 3>에 출연하였다. 이날 배우들은 자신들이 가장 많이 하는 대사로 재연을 하여 관심을 모았다. 또한 원만한 남녀 관계의 명쾌한 해답을 제시했다."
  },
  "filename": "SCRIPT-enter-00644-00001.json"
}