{
  "Meta": {
    "doc_id": "SCRIPT-enter-01112",
    "doc_category": "SCRIPT",
    "doc_type": "enter",
    "doc_name": "숨은 원석 데이비드 맥이니스의 재발견",
    "author": "KBS",
    "publisher": "KBS",
    "published_year": "2013",
    "doc_origin": "숨은 원석 데이비드 맥이니스의 재발견",
    "passage_id": "SCRIPT-enter-01112-00001",
    "passage": "화자1]‘아이리스Ⅱ’에서 미스터 블랙의 지시를 받아 움직이는 작전팀장 레이 역에 열연 중인 데이비드 맥이니스가 피도 눈물도 없는 악인의 매력으로 시청자들을 사로잡고 있는 것.\n화자2]남과 북의 분단적 상황을 이용한 지능적 테러를 일으키는 아이리스의 위협이 날로 거세지며, 레이의 무정한 살의는 극적 긴장감을 배가시키고 있습니다.\n화자1]필요에 의해서는 함께했던 동료에게도 총을 쏘는 냉혈한의 극치를 선보이고 있는 레이는 긴박한 상황속에서도 평정심을 잃지 않는 모습으로 임무수행에 대한 투철한 사명감을 발휘, 미스터 블랙의 무한 신뢰를 받고 있습니다.\n화자2]또한 데이비드 맥이니스의 시시각각 변하는 거친 눈빛과 상대를 혼란시키는 중저음의 말투는 레이 캐릭터를 더욱 극적으로 표현하고 있다는 호평이 잇따르고 있습니다.\n화자1]이에 시청자들은 '나쁜 남자 레이의 매력에 반했다!', '데이비드 맥이니스라는 배우를 다시 보게 된 것 같다!', '총을 잡으면눈빛부터 달라지는 레이의 카리스마가 대단합니다!', '섬뜩하지만 거부할 수 없는 마력 때문에 빠져들게 되는 레이!' 등의 반응으로 성원을 보내고 있는 상황.\n화자2]드라마 ‘아이리스Ⅱ’의 한 관계좌는 '올해로 14년차 연기자인 한국계 배우 데이비드 맥이니스는 뉴욕에서 정식적인 연기 공부를 하며 스펙트럼을 넓혀온 노력파이다'라고 하며 '이번주 방송에서는 레이의 활약이 절정으로 치닫을 예정으로 많은 기대 부탁 드린다'고 전해 기대를 높였습니다.\n화자1]한편 데이비드 맥이니스의 활약상으로 더욱 힘을 실어가고 있는 ‘아이리스Ⅱ’ 매주 수,목 밤 10시 KBS 2TV를 통해 방송됩니다.\n화자2]* 지난 003.20 발생한 사이버테러의 피해복구가 늦어져서 죄송합니다. *.\n화자1]* 더욱 재미있는 KBS 방송연예뉴스가 되도록 노력하겠습니다. *."
  },
  "Annotation": {
    "Summary1": "‘아이리스Ⅱ’의 데이비드 맥이니스가 거친 눈빛과 중저음의 말투로 레이 역을 소화하며 시청자들을 사로잡았다.",
    "Summary2": "",
    "Summary3": "‘아이리스Ⅱ’에서 레이 역할을 맡은 데이비드 맥이니스가 피도 눈물도 없는 악인의 매력으로 시청자들을 사로잡았다. 데이비드 맥이니스의 거친 눈빛과 상대를 혼란시키는 중저음의 말투가 레이 캐릭터를 더욱 극적으로 표현한다는 호평이 잇따른다. ‘아이리스Ⅱ’의 한 관계자는 데이비드 맥이니스가 올해로 14년 차인 연기자로 뉴욕에서 연기 공부를 했다고 밝혔다."
  },
  "filename": "SCRIPT-enter-01112-00001.json"
}