{
  "Meta": {
    "doc_id": "SCRIPT-enter-02495",
    "doc_category": "SCRIPT",
    "doc_type": "enter",
    "doc_name": "주상욱, 실장님 연기의 고충 '여름엔 덥고 겨울엔 추워'",
    "author": "KBS",
    "publisher": "KBS",
    "published_year": "2013",
    "doc_origin": "주상욱, 실장님 연기의 고충 '여름엔 덥고 겨울엔 추워'",
    "passage_id": "SCRIPT-enter-02495-00001",
    "passage": "화자1]배우 주상욱이 '실장님' 연기에 대한 고충을 고백했습니다.\n화자2]지난 1일 방송된 KBS 2TV <해피투게더 3>에서는 KBS 새월화드라마 '굿 닥터'의 주역들인 주원, 주상욱, 정만식, 김영광이 자리한 가운데 '훈남특집'으로 꾸며졌습니다.\n화자1]이 날 방송에서 주상욱은 그간 실장님 역할을 많이 맡지 않았느냐는 MC들의 말에 '실장. 과장, 팀장 등 장이란 장은 다해봤습니다.'면서 '실장님 전문배우라는 말이 듣기 싫어서 일부러 다른 역할을 맡으려고 노력했습니다.'는 비화를 밝혔습니다.\n화자2]이어 주상욱은 '작품이 들어오면 보통 연출이나 작가는 묻는데 나는 실장님 역인지아닌지부터 확인했습니다.'고 털어놨습니다.\n화자1]또 주상욱은 실장님 연기에도 힘든 점이 있다고 말해 궁금증을 자아냈습니다. 이에 주상욱은 '늘 정장차림이라 여름에는 덥고 겨울에는 춥다.'면서 '보통 실장님은 유학을 떠나거나 하는데 사무실에서 명패를 마지막으로 만지는 장면이 꼭 있습니다.'는 말로 좌중을 폭소케했습니다.\n화자2]뿐만 아니라 주상욱은 여주인공을 항상 멀리서 바라보며 부모님과의 갈등이 꼭 있고 뺨을 맞는다고 나름의 '실장님 연기법칙'을 공개했습니다. 이처럼 주상욱은 실장님 연기를 전문으로 하다보니 '이거 3년 전에도 했던 연기였는데?'라고 생각한 적도 있었다고 합니다.\n화자1]한편 이 날 방송에서는 주원이 자신을 강동원으로 오해한 팬들때문에 가방을 뺏긴 적이 있었다는 일화를 전해 시청자들의 눈길을 끌었습니다."
  },
  "Annotation": {
    "Summary1": "<해피투게더 3>에 '굿 닥터'의 배우들과 출연한 주상욱은 실장님 전문 배우로서의 고충을 고백해 폭소를 자아냈다.",
    "Summary2": "",
    "Summary3": "<해피투게더 3>에 새 월화드라마 '굿 닥터'의 주연 주원 등이 출연했다. 주상욱은 실장님 전문 배우라는 말이 듣기 싫어 작품이 들어오면 실장님 역인지부터 확인한다고 털어놨다. 그는 또한 늘 정장 차림이라 여름엔 덥고 겨울엔 춥다는 등의 고충을 이야기해 폭소를 자아냈다."
  },
  "filename": "SCRIPT-enter-02495-00001.json"
}