{
  "Meta": {
    "doc_id": "SCRIPT-enter-03899",
    "doc_category": "SCRIPT",
    "doc_type": "enter",
    "doc_name": "주원&아이비, 스케치북 무대서 진한 키스 퍼포먼스!",
    "author": "KBS",
    "publisher": "KBS",
    "published_year": "2013",
    "doc_origin": "주원&아이비, 스케치북 무대서 진한 키스 퍼포먼스!",
    "passage_id": "SCRIPT-enter-03899-00001",
    "passage": "화자1]2007년 뮤지컬 배우로 데뷔해 최근 드라마와 영화를 종횡무진하며 바쁘게 활동 중인 주원이 4년 만에 다시 자신의 고향이었던 뮤지컬 배우로 돌아온 가운데 KBS2 유희열의 스케치북에 아이비와 동반 출연합니다.\n화자2]영화 ‘사랑과 영혼’을 원작으로 한 뮤지컬 ‘고스트’를 준비 중인 주원은 뮤지컬 속 한 장면을 스케치북 관객들에게 선보이기 위해 상대 배우로 유희열을 선택했습니다. 그가 재연해 보인 장면은 서로의 애절한 사랑을 확인하는 최고의 명장면 중 하나인 물레 앞 러브씬으로 주원은 여배우 못지않게 가녀린 유희열의 등을 끌어안으며 연기파 배우다운 열연을 펼쳤습니다. 주원의 가슴팍에 온 몸을 내맡긴 유희열은 ‘영혼이 빠져나가는 기분’이었다며 소감을 밝혔습니다.\n화자1]이어 실제 뮤지컬에서 주원과 호흡을 맞추게 될 아이비가 깜작 등장, 두 사람은 뮤지컬의 한 부분인 ‘Here right now’을 열창했습니다.\n화자2]뮤지컬 공연장에 와 있는 듯한 착각이 들 정도로 뛰어난 노래와 연기를 펼쳐 보이던 주원과 아이비는 진한 포옹 및 키스 씬을 연출하며 무대를 마무리해 방심하고 있던 남녀 관객들의 질투 섞인 야유와 뜨거운 박수갈채를 받으며 퇴장했습니다.\n화자1]한편 주원&아이비, 태양, 루시드폴, 가자미소년단 더하기 신초이의 무대는 11월 15일 밤 오후 12시20분 KBS2 유희열의 스케치북을 통해 만나 볼 수 있습니다."
  },
  "Annotation": {
    "Summary1": "주원이 아이비와 함께 하는 뮤지컬 '고스트'를 준비하며 유희열의 스케치북에 출연하여 극의 한 부분을 보였다.",
    "Summary2": "",
    "Summary3": "배우 주원이 자신이 데뷔한 뮤지컬 무대로 돌아와 KBS2 유희열의 스케치북에 아이비와 함께 출연한다. 영화 '사랑과 영혼'을 원작으로 한 뮤지컬 '고스트'를 준비중이라며 깜짝 등장한 아이비와 함께 뮤지컬의 한 부분인 'Here right now' 를 불렀다."
  },
  "filename": "SCRIPT-enter-03899-00001.json"
}