{
  "Meta": {
    "doc_id": "SCRIPT-enter-03189",
    "doc_category": "SCRIPT",
    "doc_type": "enter",
    "doc_name": "주원, '아저씨' 원빈 깨알 흉내 '모조리 다 씹어먹어 줄게'",
    "author": "KBS",
    "publisher": "KBS",
    "published_year": "2013",
    "doc_origin": "주원, '아저씨' 원빈 깨알 흉내 '모조리 다 씹어먹어 줄게'",
    "passage_id": "SCRIPT-enter-03189-00001",
    "passage": "화자1]주원이 영화 <아저씨>의 원빈 성대모사를 선보였습니다.\n화자2]지난 24일 방송된 kBS 2TV 월화드라마 <굿 닥터>에서는 박시온(주원)이 병원에 입원한 피해아동을 다시 찾아온 묻지마 살인범(유재명)과 육탄전을 벌이던 김도한(주상욱)이 칼에 맞고 쓰러진 것에 분노해 묻지마 살인범에게 주먹을 꽃아 넣는 모습이 그려졌습니다.\n화자1]이 날 방송에서 태어나서 처음으로 사람을 때려봤다면서 떨리는 몸과 마음을 주체하지 못하는 시온은 '영화에서 볼 땐 악당을 때리는 걸 보면 좋았는데 그래서 나도 나쁜 사람을 때려주면 좋을 줄 알았습니다. 그런데 그렇지 않다'고 속내를 밝혔습니다.\n화자2]그러자 시온은 금세 인상을 쓰더니 '충치가 몇 개냐? 나 전당포합니다. 금니는 받습니다. 금니 빼고 모조리 씹어먹어주겠다'면서 영화 <아저씨> 속 주인공이었던 원빈의 대사를 읊었습니다. 이를 본 윤서는 '영화 좀 그만봐라. 상대가 임플란트를 했으면 어쩔 꺼냐. 그럴 땐 싸워야 하는 거다'라고 응수했습니다.\n화자1]한편 이 날 방송에서는 윤서가 유채경(김민서)에게 옷을 선물받은 시온을 질투하는 이야기가 그려지면서 시온과 윤서의 러브라인에 한층 더 기대감을 끌어올렸습니다."
  },
  "Annotation": {
    "Summary1": "<굿 닥터>에서 주원이 살인범에게 주먹을 날리고 '모조리 씹어먹어주겠다'며 <아저씨> 원빈의 성대모사를 했다.",
    "Summary2": "",
    "Summary3": "<굿 닥터>에서 박시온 역의 주원이 영화 <아저씨> 원빈의 성대모사를 했다. 살인범의 칼을 맞고 쓰러진 김도한을 보고 화가 난 박시온은 살인범에게 주먹질을 한 뒤 '금니 빼고 모조리 씹어먹어주겠다'는 <아저씨> 원빈의 대사를 읊었다."
  },
  "filename": "SCRIPT-enter-03189-00001.json"
}