{
  "Meta": {
    "doc_id": "SCRIPT-enter-01974",
    "doc_category": "SCRIPT",
    "doc_type": "enter",
    "doc_name": "김영빈 PiFan집행위원장, '부천지역경제를 살리는 영화제가 될 것이다'",
    "author": "KBS",
    "publisher": "KBS",
    "published_year": "2013",
    "doc_origin": "김영빈 PiFan집행위원장, '부천지역경제를 살리는 영화제가 될 것이다'",
    "passage_id": "SCRIPT-enter-01974-00001",
    "passage": "화자1]오늘 오후 05시30분 서울 영등포구 영등포CGV에서는 제 17회 부천국제판타스틱영화제(PiFan) 개최관련 기자회견이 열렸습니다. 이 날 기자회견에서는 김영빈 영화제 집행위원장, 박진형, 유지선, 이상호 프로그래머, 남종석 NAFF전문위원이 참석해 본격적인 개막을 앞두고 영화제의 진행상황을 설명하고 개폐막작 등 상연작품에 대해 소개했습니다.\n화자2]올해 부천판타스틱 영화제는 007.18에서 28일까지 44개 국가에서 출품된 230편(장편 135편, 단편 95편)의 작품이 상연됩니다.\n화자1]김영빈 집행위원장은 '피판은 ‘해피 어디언스(Happy Audience)’를 모토로 준비하고 있다'라며 '영화가 있어 행복한 도시 부천을 만들기 위해 축제성 강화, 정체성 강화, 지역경제 기여에 중점을 뒀다'라고 밝혔습니다.\n화자2]지방에서 열리는 국제영화제의 성공을 위해 노력하고 있다는 김영빈 집행위원장은 '올해는 7호 선 연장 개통으로 영화제의 접근성과 이동성이 높아진 만큼 더 많은 관객이 함께할 수 있는 퍼레이드와 부대행사들이 축제성을 강화시키겠습니다.'며 새로운 상권이 형성되어 지역경제에도 기여할 것이다고 기대했습니다.\n화자1]이번 부천영화제 개막작은 이스라엘 출신의 감독 아리 폴만의 신작 '더 콩그레스'가, 폐막작은 하정우가 주연을 맡은 김병우 감독의 '더 테러 라이브'가 선정됐습니다."
  },
  "Annotation": {
    "Summary1": "김영빈 영화제 집행위원장은 제17회 부천국제판타스틱영화제를 통해 지역 경제가 활성화되도록 하겠다고 전했다.",
    "Summary2": "",
    "Summary3": "제17회 부천국제판타스틱영화제 개최 관련 기자회견에서는 김영빈 영화제 집행위원장 등이 진행 상황을 말했다. 올해 부천판타스틱 영화제는 230편의 작품이 상연된다. 김영빈은 영화가 있어 행복한 도시를 만들고자 영화제 축제를 활용해 지역 경제 활성화에 기여하겠다고 전했다."
  },
  "filename": "SCRIPT-enter-01974-00001.json"
}