{
  "Meta": {
    "doc_id": "SCRIPT-enter-00836",
    "doc_category": "SCRIPT",
    "doc_type": "enter",
    "doc_name": "내 딸 서영이' 마지막 세트 녹화하던 날~",
    "author": "KBS",
    "publisher": "KBS",
    "published_year": "2013",
    "doc_origin": "내 딸 서영이' 마지막 세트 녹화하던 날~",
    "passage_id": "SCRIPT-enter-00836-00001",
    "passage": "화자1]50부 작 대장정의 마지막 세트 녹화날 KBS 별관, KBS 2TV 주말드라마 <내 딸 서영이>(극본 소현경, 연출 유현기) 배우들과 제작진은 유현기 감독으로부터 마지막 오케이 사인이 떨어지자마자 대본을 일제히 던져 올렸습니다.\n화자2]지난 2012년 09월 15일 첫방송을 시작하여 폭염과 혹한의 날씨를 모두 경험한 6개월여 동안 함께 고생하며 정들대로 정들어버린 제작진과 배우들은 세트녹화 마지막 날이라는 아쉬움과 벅찬 기분 때문인지 이 날따라 모두들 평소보다 상기된 모습으로 촬영에 임했다고 합니다.\n화자1]특히 마지막 녹화의 마지막 씬 촬영에서는 평소 NG를 잘 내지 않는 이보영(이서영 역)조차 실수를 해서 NG를 내는가하면, 최윤영(최호정 역) 역시 대사가 꼬여 귀여운 NG를 연발해 이를 지켜보던 천호진(이삼재역)으로부터 ‘밤을 새자’며 웃음 섞인 핀잔을 들은데다, 뒤이어 그녀의 대사를 받아주던 박해진(이상우 역)마저 NG를 내자, 천호진은 부부 일심동체라서 NG도 함께 내는 거냐며 유쾌한 농담을 건냄으로써 마지막 녹화에 임하는 배우들의 마음을 다잡는 등 화기애애한 분위기를 유도하면서도 끝까지 최선을 다하는 모습을 보이며 후배들의 귀감을 샀다.\n화자2]아버지에 의한 아버지에 대한 이야기를 진정성 있게 다뤄 전 국민적인 사랑을 받아오며, 시청률 50% 고지를 돌파할 수 있을지가 초미의 관심사인 ‘지금 대한민국에서 가장 핫(HOT)한’ 주말드라마 <내 딸 서영이>는 이번주 주말 저녁 07시55분에 드디어 49·50회(마지막)가 방송됩니다."
  },
  "Annotation": {
    "Summary1": "주말드라마 '내 딸 서영이'의 마지막 촬영은 NG도 농담으로 넘기며 화기애애한 분위기속에서 마무리 되었다.",
    "Summary2": "",
    "Summary3": "주말드라마 '내 딸 서영이'의 마지막 녹화 현장이 공개됐다. 6개월을 함께한 제작진과 배우들은 마지막 촬영장에서 NG를 내도 농담을 주고받는 등 화기애애한 분위기로 녹화를 마쳤다. 아버지에 대한 진정성있는 내용을 담은 '내 딸 서영이'의 마지막회는 이번주 주말 저녁 7시 55분에 확인 가능하다."
  },
  "filename": "SCRIPT-enter-00836-00001.json"
}