{
  "Meta": {
    "doc_id": "SCRIPT-enter-03556",
    "doc_category": "SCRIPT",
    "doc_type": "enter",
    "doc_name": "창원 가을밤 ‘K팝’으로 열광하다",
    "author": "KBS",
    "publisher": "KBS",
    "published_year": "2013",
    "doc_origin": "창원 가을밤 ‘K팝’으로 열광하다",
    "passage_id": "SCRIPT-enter-03556-00001",
    "passage": "화자1]K팝을 사랑하고, 아이돌을 흠모해 마지않는 전 세계 젊은이들이 K팝으로 한국에서 경연을 가졌습니다. 어제 저녁 경남 창원에 위치한 창원 광장에서는 제 3회 케이팝 월드페스티벌(( K-POP World Festival 2013)’행사가 열렸습니다. 이 행사는 전 세계 43개국 58개 도시에서 6만여 명이 치열한 예선심사를 거친 뒤 최종 15팀이 ‘한국’ 무대에 선 것입니다.\n화자2]이날 한국 창원광장의 특설무대에 오른 실력과 행운의 도전자는 러시아,아르헨티나, 케냐, 터키, 인도네시아, 미국, 체코, 코스타리카, 파라과이, 일본, 중국, 루마니아, 튀니지 등 15개 국가. 정말 전 세계 곳곳에서 K팝의 열풍이 불고 있다는 것을 증명했습니다. 이날 공연심사는 가수 김완선 , 작곡가 ‘신사동호랭이’, 그리고 KBS의 오강선 콘텐츠사업국장과 예능국 김충 CP가 맡았습니다.\n화자1]이날 저녁007시부터 시작된 공연은 전체참가자들이 무대 위에 올라 오프닝 자축무대를 가졌습니다. 이들은 판타스틱베이비와 젠틀맨, 그리고 마지막으로 ‘빠빠빠’ 48기통 춤을 화려하게 선보였습니다. 이어 이들 출연자들은 각자 좋아하는 K팝 노래를 부르거나, 커버댄스 퍼포먼스를 펼쳤습니다.\n화자2]러시아에서 온 BAP팬클럽 멤버들로 구성된 헛지갱(Hedge Gang)은 비에이피의 ‘Warrior’을 파워풀하게 선보이면서 광장을 가득매운 창원 시민들을 열광에 빠뜨렸습니다. 이어 아르헨티나에서 온 빅토리아 카페라테는 폭발적인 성량으로 에일리의 'U&I'를 시원하게 불렀다. 우즈베키스탄에서 온 ‘알라딘’은 미스 에이의 ‘배드 걸 굿 걸’을 멋지게 선보였습니다. 이후 도전자들은 K팝에 대한 열정으로 창원의 가을밤을 뜨겁게 달구었습니다.\n화자1]이날 열띤 공연 결과 이하이의 ‘1,2,3,4’를 부른 아르넬리 노논(미국)이 보컬부문 대상을, 미스에이의 ‘배드 걸 굿 걸’을 보여준 알라딘(우즈베키스탄)이 퍼포먼스 부문 대상을 수상하여 각기 천만 원의 상금을 받았습니다.\n화자2]이날 창원광장에서 열린 ‘K팝 월드페스티벌’ 공연 사이사이에는 miss A, B.A.P, 레인보우, 틴탑, EXO, 인피니트 등 K-pop 스타들의 축하공연이 진행되어 광장을 가득매운 창원시민을 열광의 도가니에 빠뜨렸습니다.\n화자1]이번 공연은 오는 11월 KBS 2TV를 통해 방송되며 KBS World 채널을 통해 전 세계 88개국 2억여 명의 시청자들과도 만나게 됩니다."
  },
  "Annotation": {
    "Summary1": "제3회 케이팝 월드 페스티벌에서 K 팝을 사랑하는 전 세계 43개국 젊은이들이 한국 무대에서 K 팝으로 경연을 가졌다.",
    "Summary2": "",
    "Summary3": "창원광장에서 열린 제3회 케이팝 월드 페스티벌 행사에서 K 팝을 사랑하는 전 세계 젊은이들이 K 팝으로 경연을 가졌다. 43개국 58개 도시에서 6만여 명이 예선 심사를 거친 뒤 최종 15팀이 한국 무대에 섰는데 보컬 부문 대상은 이하이의 '1,2,3,4'를 부른 미국의 아르넬리 노논이 받았고 퍼포먼스 부문 대상은 미스에이의 '배드 걸 굿 걸'을 보여준 우즈베키스탄의 알라딘이 받았다. 공연 사이사이에는 레인보우, 틴탑 등 K-pop 스타들의 축하공연이 진행되었다."
  },
  "filename": "SCRIPT-enter-03556-00001.json"
}