{
  "Meta": {
    "doc_id": "SCRIPT-enter-01170",
    "doc_category": "SCRIPT",
    "doc_type": "enter",
    "doc_name": "재혼커플, 사랑과 이별",
    "author": "KBS",
    "publisher": "KBS",
    "published_year": "2013",
    "doc_origin": "재혼커플, 사랑과 이별",
    "passage_id": "SCRIPT-enter-01170-00001",
    "passage": "화자1]재혼 커플의 이혼 확률은 얼마나 될까? 배우 이천희와 최윤영이 재결합 커플로 등장, 재혼 후의 리얼한 생활을 보여줄 예정입니다.\n화자2]오늘(7일) 방영될 KBS 2TV 드라마스페셜 시즌3 4부 작 드라마 ‘동화처럼’(극본 박은영, 연출 김영균) 마지막 회에서 주인공 김명제와 백장미 역을 맡은 이천희와 최윤영은 결혼 1년 만에 이혼하고 다시 1년 만에 합친 재혼 커플을 그립니다.\n화자1]재혼 커플의 결혼 후 생활을 드라마에서 사실적으로 다루기는 처음인 셈. 그간 재결합 커플은 종종 등장해왔지만 모두 과정을 생략한 채 해피엔딩으로 끝나는 경우가 많았습니다. 신중하게 고민한 끝에 재결합한 만큼 서로를 배려하며 행복한 가정을 꾸려갈 것이라는 기대를 반영해왔던 것.\n화자2]하지만 실제 재혼 커플의 재혼 후 삶은 어떨까. ‘동화처럼’ 마지막 회는 이 질문에 대한 우리 시대의 솔직한 답입니다. 명제와 장미는 신혼 때 경험해보지 못한 알콩달콩 한 순간들을 경험하며 결혼생활의 제2의 전성기를 맞을 지도 모른다. 정성스레 상을 차려놓고 남편의 퇴근만을 기다리는 아내의 모습. 출장 다녀온 자신을 기다리는 아내를 꼭 끌어안아 주는 남편의 모습. 아버지에게 식사 대접하며 은근 슬쩍 아내의 요리 실력을 자랑하는 남편 등 보통의 부부들이 한 번쯤은 경험해봤을 법한 광경이 펼쳐집니다.\n화자1]하지만 결혼이란 현실의 벽은 높습니다. 공개된 마지막회 예고편에 따르면 명제와 장미 부부의 행복과 눈물이 함께 보이면서 과연 이들 부부가 동화같은 해피엔딩을 이룰 수 있는가에 대한 궁금증을 불러일으킵니다. 또다시 시작한 결혼생활에서 예상하지 못했던 암초는 무엇일까. 그리고 둘은 과연 이 모든 어려움을 극복해낼 수 있을까.\n화자2]누구나 한 번쯤 겪어 봤을 혹은 주변에서 봤을 법한 갈등과 그런 갈등에 대처하는 지극히 평범한 명제와 장미의 자세를 통해 우리의 삶을 되돌아 볼 수 있는 동화처럼. 재결합 커플 명제-장미의 실제 같은 재혼 후 상황은 오는 7일 밤 11시45분 ‘동화처럼’ 마지막 회에서 다뤄집니다."
  },
  "Annotation": {
    "Summary1": "KBS 드라마스페셜 시즌3 ‘동화처럼’은 재혼 커플의 재혼 후 삶의 대한 답을 주며 재혼 커플의 현실을 보여준다.",
    "Summary2": "",
    "Summary3": "KBS 드라마스페셜 시즌3 ‘동화처럼’은 재혼 커플의 현실을 보여준다. 드라마에서 그동안 보였던 재결합 커플은 과정은 생략된 채 해피엔딩으로 끝나는 장면이 많았다. 하지만 실제 재혼 커플의 재혼 후 삶도 그럴지 궁금증이 인다. ‘동화처럼’ 마지막 회는 그런 궁금증에 대한 솔직한 답이 될 수 있다. 마지막 회에서 명제와 장미는 행복한 표정과 눈물을 같이 보이고 있어 결말에 대한 기대가 더 커진다."
  },
  "filename": "SCRIPT-enter-01170-00001.json"
}