{
  "Meta": {
    "doc_id": "SCRIPT-enter-03561",
    "doc_category": "SCRIPT",
    "doc_type": "enter",
    "doc_name": "안녕' 물건 못 버리게 하는 남편에 집안은 아수라장?!",
    "author": "KBS",
    "publisher": "KBS",
    "published_year": "2013",
    "doc_origin": "안녕' 물건 못 버리게 하는 남편에 집안은 아수라장?!",
    "passage_id": "SCRIPT-enter-03561-00001",
    "passage": "화자1]물건을 못 버리게 하는 남편 때문에 고민인 아내가 등장했습니다.\n화자2]지난 21일 방송된 KBS 2TV <대국민 토크쇼: 안녕하세요> 에서는 오전 02시 조권, 임슬옹, 이창민과 배우 홍수아가 출연한 가운데 사연의 주인공들과 고민을 함께 나누고 해결방안에 이야기하는 모습이 그려졌습니다.\n화자1]이 날 방송에서는 사소한 물건 하나라도 버리면 난리법석을 피우는 남편으로 인해 고충을 겪고 있는 아내의 사연이 소개됐습니다. 아내의 말에 따르면 남편은 자신의 손에 들어온 물건은 절대로 버리지 않는다는 것. 그래서 포도박스, 택배상자, 오래된 인형, 쓴지 3년도 더된 일회용 면도기 등 다양한 종류와 그 양도 어마어마하다고 합니다.\n화자2]특히 아내는 마루를 차지하고 있는 고장난 지 20년이나 된 대형수족관을 공개하면서 스튜디오를 경악케했습니다. 뿐만 아니라 아내는 '깔끔하게 살고 싶은데 답답합니다. 쓰레기 때문에 비염에 원형탈모까지 생겼다'고 고통을 토로했습니다.\n화자1]이에 남편은 '포도농장 주인 이름이 아내와 같아서 신기해 모았다'고 이유를 설명한 뒤 이렇게 잡동사니들을 모으는 것에 대해 '버리면 쓰러기지만 남아있으면 추억이다'라며 나름의 항변을 펼쳤습니다.\n화자2]이를보다 못한 MC진들은 이 날 스튜디오에 들고 나온 남편 소장품의 일부인 박스들을 보며 '이것만이라도 처분하고 가라'고 통사정을 했고 남편은 고심 끝에 이를 수락했습니다. 또 물건을 버리지 못하는 남편의 사연은고민판정단으로부터 135표를 얻어 새로운 1승을 기록했습니다.\n화자1]한편 이 날 방송에서는 배우 홍수아가 공주병이 있다는 것을 인정해 시청자들의 눈길을 끌었습니다."
  },
  "Annotation": {
    "Summary1": "21일 방송된 '대국민 토크쇼: 안녕하세요'에서는 물건을 버리지 못하는 남편 때문에 힘든 아내의 사연이 소개됐다.",
    "Summary2": "",
    "Summary3": "21일 방송된 KBS2TV '대국민 토크쇼: 안녕하세요'에서는 조권, 임슬옹, 이창민, 홍수아가 출연한 가운데 물건 하나라도 버리면 난리를 피우는 남편 때문에 고충을 겪고 있는 아내의 사연이 소개됐다. 고장 난지 20년이 된 대형 수족관이 공개되어 스튜디오를 경악케 했으며 135표를 얻어 새로운 1승을 기록했다."
  },
  "filename": "SCRIPT-enter-03561-00001.json"
}