{
  "Meta": {
    "doc_id": "SCRIPT-enter-01860",
    "doc_category": "SCRIPT",
    "doc_type": "enter",
    "doc_name": "스카프의 사랑의 묘약 'LUV VIRUS'",
    "author": "KBS",
    "publisher": "KBS",
    "published_year": "2013",
    "doc_origin": "스카프의 사랑의 묘약 'LUV VIRUS'",
    "passage_id": "SCRIPT-enter-01860-00001",
    "passage": "화자1]지난 금요일 방송된 6월 첫째 주 뮤직뱅크(703회)에서 한국과 싱가포르 출신 멤버로 구성된 걸그룹 스카프가 '러브 바이러스'( LUV VIRUS)를 선보이고 있습니다.\n화자2]이날 스카프는 마치 사랑의 묘약에 취한 듯 들뜬 마음과 행복한 고민을 적절히 표현해낸 이른바 '알약춤'을 선보여 시청자의 시선을 사로잡았습니다.\n화자1]정진운, 박세영의 사회로 진행된 이날 뮤직뱅크에는 엠블랙, 오후 02시, B1A4, 헨리(규현&태민), EXO, 레인보우, 나인뮤지스, LC9, VIXX, 원더보이즈, 100%, 4minute, 루미엘, 소년공화국, 류키, 김보경, 1N1, 서인영, 디아, Z.HERA 등이 출연하였습니다.\n화자2]이날 뮤직뱅크에서는 이효리의 '배드 걸스(Bad Girls)'가 오후 02시의 '하.니.뿐'을 꺾고 1위의 영광을 차지했습니다."
  },
  "Annotation": {
    "Summary1": "뮤직뱅크에서 걸그룹 스카프가 '알약춤'과 함께 '러브 바이러스'를 선보였으며 1위의 영광은 이효리가 차지했다.",
    "Summary2": "",
    "Summary3": "뮤직뱅크에서 걸그룹 스카프가 '러브 바이러스'를 선보였다. 스카프는 '알약춤'을 선보여 시청자 시선을 사로잡았다. 이날 뮤직뱅크에서 이효리가 1위의 영광을 차지했다."
  },
  "filename": "SCRIPT-enter-01860-00001.json"
}