{
  "Meta": {
    "doc_id": "SCRIPT-enter-01505",
    "doc_category": "SCRIPT",
    "doc_type": "enter",
    "doc_name": "아이유, 이미지 변신위해 '청순녀' 생활 돌입",
    "author": "KBS",
    "publisher": "KBS",
    "published_year": "2013",
    "doc_origin": "아이유, 이미지 변신위해 '청순녀' 생활 돌입",
    "passage_id": "SCRIPT-enter-01505-00001",
    "passage": "화자1]아이유가 연기 변신을 위해 실생활에서의 태도로 바꿨다.\n화자2]지난 5일 방송된 KBS 2TV 주말 연속극 <최고다 이순신>에서는 이순신(아이유)이 신준호(조정석) 대표의 요구대로 이미지 변신을 위해 가족들 앞에서 생활태도를 바꾸는 모습이 그려졌습니다.\n화자1]이 날 방송에서 순신는 준호로부터 '첫사랑 소녀'의 느낌을 연출하라는 명을 받는 상태, 먼저 순신는 언니인 이유신(유인이나)에게 '언니 저녁 먹으러 내려와요.'라며 평소에 쓰지 않던 말투를 구사했습니다.\n화자2]그러자 유신는 '아직도 너 그 연기를 하느냐.'고 물었고 가족들 역시 식사자리에서 다소곳하게 밥을 먹는 순신에게 놀라움을 금치 못했습니다. 그런 순신에게 할머니 심막례(김용림)는 '어디 아프냐?'면서 '밥 먹는데 체할 것 같습니다.'고 퉁을 줬습니다.\n화자1]이어 순신는 그때까지했던 말투 대신 자신의 원래 말투로 돌아와 '그렇게 이상하느냐'며 가족들의 반응에 대해 속상함을 드러냈습니다.\n화자2]이에 막례는 '그간 배운 걸 한 번 해봐라.'며 순신에게 가족들 앞에서 연기를 보여줄 것을 부탁했습니다. 그 말에 순신는 순식간에 연기에 몰입하며 눈물을 뚝뚝 흘려내는 모습을 보여 가족들을 감탄하게 만들었습니다.\n화자1]늘 사사건건 순신에게 시비를 걸던 유신 또한 '이나쁘지 않다.'며 말했고 이혜신(손태영)는 '순신이 너무 잘합니다.'고 칭찬을 아끼지 않았지만 엄마인 김정애(고두심)는 '저거보다 잘 하는 애들이 널렸습니다.'는 말로 순신을 기죽게 했습니다."
  },
  "Annotation": {
    "Summary1": "5일 '최고다 이순신'에서 이순신은 이미지 변신을 위해 생활 태도를 바꿨지만 가족들이 당황하자 속상해했다.",
    "Summary2": "",
    "Summary3": "5일 '최고다 이순신'에서는 '첫사랑 소녀'로의 이미지 변신을 위해 생활 태도를 바꾸는 이순신의 모습이 담겼다. 가족들은 평소에 쓰지 않던 이순신의 말투와 행동을 보고 당황했고 이순신은 그런 반응에 속상해했다. 가족들은 배운 연기를 선보인 이순신에게 칭찬을 건넸지만 김정애는 이순신을 기죽게 했다."
  },
  "filename": "SCRIPT-enter-01505-00001.json"
}