{
  "Meta": {
    "doc_id": "SCRIPT-enter-02669",
    "doc_category": "SCRIPT",
    "doc_type": "enter",
    "doc_name": "보아, 우비소녀로 극강의 러블리 완전 무장!",
    "author": "KBS",
    "publisher": "KBS",
    "published_year": "2013",
    "doc_origin": "보아, 우비소녀로 극강의 러블리 완전 무장!",
    "passage_id": "SCRIPT-enter-02669-00001",
    "passage": "화자1]KBS 2TV 2부 작 파일럿 드라마 ‘연애를 기대해’(극본 주화미 /연출 이은진/ 제작 KBS, 아이오케이미디어)’에서 보아가 극강의 러블리 매력을 무한 발산합니다.\n화자2]어디에서도 볼 수 없었던 최다니엘(차기대 역)-보아(주연애 역)-임시완(정진국 역)-김지원(최새롬 역)의 조합으로 집중 스포트라이트를 받고 있는 ‘연애를 기대해’가 상큼발랄 여대생 주연애로 완벽 변신한 보아의 첫 촬영현장을 공개한 것.\n화자1]이번 작품에서 보아가 분하게 될 주연애는 톡톡 튀는 상큼함을 지닌 ‘연애허당’으로 외모는 여성스럽지만 털털한 성격의 소유자. 언제 어디로 튈지 모르는 예측불허의 반전으로 천연 팔색조 매력을 발산, 안방극장을 사로잡을 예정입니다.\n화자2]특히, 우비소녀를 연상케 하는 사랑스러운 모습으로 등장한 보아는 보기만 해도 절로 흐뭇하게 만드는 해사한 미모를 한껏 뽐내며 최강 동안 미모를 자랑해 절로 눈길을 끌고 있습니다. 이와 더불어 평소 그녀가 무대에서 보여주었던 카리스마 폭발하는 여전사와는 180도 다른 청순한 여대생의 모습은 앞으로 그녀가 그려나갈 캐릭터에 대한 관심과 기대 역시 증폭시키고 있는 상황.\n화자1]뿐만 아니라 이날 보아는밤부터 새벽까지 이어지는 고된 촬영에도 지치지 않는 모습을 에너지로 해맑은 미소를 잃지 않아 촬영장 내 해피바이러스를 자처하며 작품에 대한 애정을 한껏 드러냈다는 후문.\n화자2]이에 보아는 '첫 촬영이라 긴장되는 마음 반, 설레는 마음 반이었던 것 같습니다. 많은 분들이 응원해주시고 있는 만큼 재밌고 즐겁게 촬영을 하고 있습니다. 열심히 하겠다'고 각오를 전했습니다.\n화자1]한편, 청춘남녀들이 연애를 하면서 겪는 다양한 사건들을 흥미진진하게 그려낼 스토리로 커플에게는 무한 공감을, 솔로에게는 연애 지침서 역할을 예감케 하고 있는 KBS 드라마 스페셜 ‘연애를 기대해’는 오는 9월 방송됩니다."
  },
  "Annotation": {
    "Summary1": "청춘남녀들이 연애 사건들을 그려낸 드라마 ‘연애를 기대해’에서 보아가 여대생 변신하여 팔색조 매력을 발산한다.",
    "Summary2": "",
    "Summary3": "KBS 2TV 2부작 파일럿 드라마 ‘연애를 기대해’에서 보아가 천연 팔색조 매력을 발산한다. 최다니엘과 보아, 임시완, 김지원이 함께 출연하는 ‘연애를 기대해’가 여대생 주연애로 변신한 보아의 첫 촬영현장을 공개한다. 이 드라마는 청춘남녀들이 연애를 하면서 겪는 사건들을 그려내 커플에게는 무한 공감을 주고 솔로에게는 연애 지침서가 될 것이다."
  },
  "filename": "SCRIPT-enter-02669-00001.json"
}