{
  "Meta": {
    "doc_id": "SCRIPT-enter-00173",
    "doc_category": "SCRIPT",
    "doc_type": "enter",
    "doc_name": "최정윤, 김동완에게 뽀뽀 시도 실패 '민망해~'",
    "author": "KBS",
    "publisher": "KBS",
    "published_year": "2013",
    "doc_origin": "최정윤, 김동완에게 뽀뽀 시도 실패 '민망해~'",
    "passage_id": "SCRIPT-enter-00173-00001",
    "passage": "화자1]최정윤이 김동완에게 뽀뽀를 시도했다가 실패하고 말았습니다.\n화자2]지난 14일 방송된 KBS 1TV 일일 연속극 <힘내요 미스터 김>에서는 천지영(최정윤)이 김태평(김동완)과 가족들이 모두 나간 집 안에서 데이트를 즐기는 모습이 그려졌습니다.\n화자1]이어 지영의 부름에 1층으로 내려 온 태평은 그녀가 차린 저녁 식사를 맛있게 먹었고 이어 두 사람은 마루에서 불을 꺼떼어 채 로맨스 영화를 보기 시작했습니다. 영화를 보던 도중 키스신이 나오자 이에 지영은 태평에게 입맞춤을 시도했지만 태평은 황급히 이를 피하고는 '피곤해서 먼저 올라가겠습니다.'며 서둘러 자리를 떠났습니다.\n화자2]계속해서 태평에게 스킨십을 거절 당한 지영은 부끄러움과 민망함을 감추지 못했고태평으로부터 미안 하다는 문자를 받고서도 지영의 속상함은 쉽게 풀리지 않았습니다.\n화자1]한편 이 날 방송에서는 홍해숙(김혜선)이 백건욱(양진우)가 옛 연인인 혜령(유연지)와 만나는 것을 목격했습니다."
  },
  "Annotation": {
    "Summary1": "KBS 1TV 일일 연속극 <힘내요 미스터 김>에서 지영은 태평에게 입맞춤을 시도했지만 태평은 거절했다.",
    "Summary2": "",
    "Summary3": "지난 14일 방송된 KBS 1TV 일일 연속극 <힘내요 미스터 김>에서 지영(최정윤)이 태평(김동완)에게 입맞춤을 시도했다. 하지만 태평은 이를 피하며 자리를 떠났고 지영은 속상해했다."
  },
  "filename": "SCRIPT-enter-00173-00001.json"
}