{
  "Meta": {
    "doc_id": "SCRIPT-enter-00339",
    "doc_category": "SCRIPT",
    "doc_type": "enter",
    "doc_name": "김동완, 최정윤 이기적인 발언에 '실망'",
    "author": "KBS",
    "publisher": "KBS",
    "published_year": "2013",
    "doc_origin": "김동완, 최정윤 이기적인 발언에 '실망'",
    "passage_id": "SCRIPT-enter-00339-00001",
    "passage": "화자1]김동완이 최정윤의 이기적인 말에 실망하고 말았습니다.\n화자2]지난 24일 방송된 KBS 1TV 일일 연속극 <힘내요 미스터 김> (극본 조정주, 연출 홍석구 김종연)에서는 아이들 문제로 인해 갈등을 겪는 김태평(김동완)과 천지영(최정윤)의 모습이 그려졌습니다.\n화자1]이 날 방송에서 지영은 자신의 조카인 천주희(김수연)과 태평이네의 리철룡(연준석)이 서로 가깝게 지내는 것에 대해 반대하며 철룡에게 거리를 두고 지내달라고 말했습니다. 이는 자신과 태평의 사이를 어렵게 허락한 가족들이 주희와 철룡의 관계 때문에 또 다시 반대를 할까봐 지레 걱정이 되었던 것.\n화자2]이어 철룡은 친형의 소식을 듣고 급하게 나가려던 찰나에지영으로부터 이런 얘기를 듣자 기분이 좋을 리가 없었습니다. 평소 다정다감하고 남을 배려하는 성격이었던 철룡은 자신의 처지만을 생각하는 지영의 태도에 기분이 상해 한 소리를 할 정도였습니다.\n화자1]이에 철룡에게 한마디 한 것을 알게 된 태평은 지영을 따로 불러내 철룡에게 한 말에 대해 속상함을 드러냈습니다. 지영은 태평의 오해를 풀려고 했지만 태평은 '나 지금 누나에게 천천히 마음을 열기 시작하는데 그걸로 안되는 거냐. 누나는 나와 애들까지 좋아해준다더니 모두 거짓말이었느냐? 아이들을 짐으로 취급하느냐?'고 말하면서 지영과 태평 사이의 갈등의 골은 더욱 깊어지고 말았습니다.\n화자2]한편 이 날 방송에서는 이상국(최일화)이 자신의 딸 이우경(왕지혜)의 약혼자 백건욱(양진우)에게 다른 여자가 있다는 사실을 알게 되어 또 다른 파장을 예고했습니다.\n화자1]* 캡쳐 이미지를 누르면 찜 동영상을 볼 수 있습니다. *."
  },
  "Annotation": {
    "Summary1": "KBS 1TV <힘내요 미스터 김>에서 김동완이 최정윤의 이기적인 발언에 실망을 느끼고 두 사람이 갈등을 겪게된다.",
    "Summary2": "",
    "Summary3": "KBS 1TV 연속극 <힘내요 미스터 김>에서 김동완이 최정윤의 이기적인 발언에 실망감을 드러냈다. 이날 방송에서 천지영 역의 최정윤은 김태평 역의 김동완과의 사이를 가족들이 다시 반대할 걱정에 자신의 조카와 태평이네의 철룡이 어울리지 않기를 당부한다. 이를 알게 된 태평이 지영에게 실망하며 두 사람의 갈등이 깊어진다."
  },
  "filename": "SCRIPT-enter-00339-00001.json"
}