{
  "Meta": {
    "doc_id": "SCRIPT-enter-01267",
    "doc_category": "SCRIPT",
    "doc_type": "enter",
    "doc_name": "미스김'의 카리스마 넘치는 무표정 모음집!",
    "author": "KBS",
    "publisher": "KBS",
    "published_year": "2013",
    "doc_origin": "미스김'의 카리스마 넘치는 무표정 모음집!",
    "passage_id": "SCRIPT-enter-01267-00001",
    "passage": "화자1]‘미스김’ 김혜수의 활약상을 가득 담아낸 ‘카리스마 무표정 짤’이 네티즌들 사이에서 화제를 모으고 있습니다.\n화자2]미스김은 왜 웃지 않는가. 일단 웃지 않아야 캐릭터가 산다. 미스김은 정체를 알 수 없는 인물입니다. 어쩌다 실명(김점순)이 공개되긴 했지만 그 외의 나이, 학력, 배경 등은 전부 미스터리다. 드러나는 건 사막에서도 살아남을 수 있는 능력자라는 사실 뿐. 124개의 자격증을 소지하고 영어 중국어 일어 등 다양한 외국어를 구사할 수 있는 세상 어디에서도 보기 힘든 능력자입니다. 그러나 정규직을 마다하고 3개월 계약직만 고집합니다.\n화자1]미스김에겐 ‘미스김 사용설명서’란 독특한 설명서가 따라다닙니다. 자신을 마치 ‘상품’처럼 어필하는 그녀는 설명서에 ‘불필요한 인간관계를 일절 거부한다’고 명시해뒀다. 살가운 구석이라고는 눈곱만큼도 없는, 어찌 보면 냉혈하기까지 한 캐릭터가 미스김입니다. 김혜수는 명배우답게 이런 캐릭터를 무표정과 당당한 대사톤으로 제압했습니다.\n화자2]미스김의 이와 같은 무표정은 ‘직장의 신’ 코믹의 핵심 무기. 지난 4회 방송에 등장한 미스김의 탬 버린 춤이 ‘신공’에 가깝게 느껴졌던 이유도 그녀가 흔들림 없는 표정을 유지했기 때문입니다. 망가지는 순간에도 절제된 표정을 짓는 모습이 더 큰 웃음과 반전의 재미를 선사한 것입니다. 미스김의 무표정은 가뜩이나 웃긴 ‘직장의 신’을 더욱 웃기게 만드는 일등공신입니다.\n화자1]다양한 표정연기 만큼 힘든 게 무표정 연기다. 실제로 웃음이 많기로 유명한 배우 김혜수. 대본 연습에서도 가장 많이 폭소를 터뜨리는 그녀다. 그러니 정말 웃긴 캐릭터 ‘미스김’을 무표정으로 소화해내기란 보통 일이 아닐 터. 하지만 김혜수는 혀를 내두를 만큼 경직된 무표정으로 촬영장은 물론 안방극장을 제압했습니다.\n화자2]한편 보면 볼수록 궁금한 미스김의 스토리는 오는 15일(월) 밤 10시 KBS 2TV ‘직장의 신’ 5회에서 방영됩니다."
  },
  "Annotation": {
    "Summary1": "'직장의 신'에서 베일에 싸인 인물 '미스김' 역을 맡은 김혜수의 완벽한 무표정 짤이 네티즌 사이에서 화제이다.",
    "Summary2": "",
    "Summary3": "이름을 제외하고는 모든 것이 베일에 싸인 '미스김'은 백 개나 넘는 자격증을 가지고 다양한 외국어를 할 수 있지만 3개월 계약직만 고집하는 인물이다. 불필요한 인간관계를 거부하는 '미스김' 역을 맡은 김혜수의 무표정 짤이 네티즌 사이에 퍼지며 '작품을 더 재미있게 만들고 있다. 김혜수는 웃음이 많아 연습에서도 폭소를 터뜨리기 일쑤지만 '미스김'을 완벽히 소화하고 있다."
  },
  "filename": "SCRIPT-enter-01267-00001.json"
}