{
  "Meta": {
    "doc_id": "SCRIPT-enter-03282",
    "doc_category": "SCRIPT",
    "doc_type": "enter",
    "doc_name": "이소연, 과거 연인 박광현 사고 소식듣고 오열",
    "author": "KBS",
    "publisher": "KBS",
    "published_year": "2013",
    "doc_origin": "이소연, 과거 연인 박광현 사고 소식듣고 오열",
    "passage_id": "SCRIPT-enter-03282-00001",
    "passage": "화자1]이소연이 박광현의 사고 소식에 눈물을 흘렸습니다.\n화자2]지난 1일 방송된 KBS 2TV 일일드라마 <루비반지>에서는 정루비(이소연)이 과거 정루나의 시절 사랑했던 연인 나인수(박광현)이 칼에 맞아 부상을 당했다는 소식에 오열하는 모습이 그려졌습니다.\n화자1]이 날 방송에서 앞서 루비는 자신의 정체를 알고있는 인수가 치명적인 증거를 가지고 남편인 배경민(김석훈)은 물론 JM그룹 전체에 폭로해버리겠다고 하자 사람을 시켜 인수의 집에서 컴퓨터 관련 자료들을 모두 빼오라고 지시했던 터, 이 과정에서 인수는 몸싸움을 벌이다 칼에 몸을 다치고 말았습니다.\n화자2]이에 루나와 통화를 마친 루비는 걷잡을 수 없는 눈물을 쏟아내며 '다 포기하라고 했잖아. 결국 이렇게 죽으려고 버틴 거였느냐. 그렇게 나에게 복수만 하지 않았더라면 좋았지않느냐. 사랑했는데'라며 그를 향한 마음이 아직은 완벽하게 미움으로 돌아서지 않았음을 내비췄다.\n화자1]한편 이 날 방송에서는 정초림(변정수)이 노동팔(이현우)에게 이별을 고하며 그를 향한 마음을 접겠다는 뜻을 밝혔습니다."
  },
  "Annotation": {
    "Summary1": "<루비반지>에서 루비는 자신이 인수의 집에서 자료를 빼오라고 지시한 상황중에 생긴 인수의 사고 소식에 오열했다.",
    "Summary2": "",
    "Summary3": "<루비반지>에서 루비가 인수의 사고 소식에 오열했다. 앞서 루비는 자신의 정체를 알고 있는 인수가 남편인 경민과 JM그룹에 폭로하겠다고 하자 인수의 집에서 관련 자료를 빼오라고 지시한 상황에서 인수가 다친 것이다."
  },
  "filename": "SCRIPT-enter-03282-00001.json"
}