{
  "Meta": {
    "doc_id": "SCRIPT-enter-00690",
    "doc_category": "SCRIPT",
    "doc_type": "enter",
    "doc_name": "이재룡, 이훈이 읽는 '샬롯의 거미줄'",
    "author": "KBS",
    "publisher": "KBS",
    "published_year": "2013",
    "doc_origin": "이재룡, 이훈이 읽는 '샬롯의 거미줄'",
    "passage_id": "SCRIPT-enter-00690-00001",
    "passage": "화자1]달빛프린스'에 어린이 시청자들이 찾아왔습니다. 매회 새롭게 진화하는 '달빛프린스'(기획 문은애/연출 이예지)가 이번에는 10명의 시청자를 직접 스튜디오에 초대해 독서 퀴즈를 냅니다. 특히, 9명의 어린이가 참여해 달프들의 독서수업을 체크할 예정입니다.\n화자2]'샬롯의 거미줄'을 읽은 어린이들은 어떤 퀴즈를 준비해 왔을까? 또한, 이제 막 책을 읽기 시작한 달프들은 평소 책 읽기를 즐겨 하는 어린이들의 퀴즈를 맞출 수 있을까? 한글은 제대로 몰라도 책을 좋아하는 아이들과 함께하는 독서 퀴즈. 과연, 달프들의 점수는 몇 점이 될지 관심이 집중되고 있습니다.\n화자1]'달빛프린스' 5회는 이재룡, 이훈과 함께 동화책 '샬롯의 거미줄'로 '친구의 우정'에 관해서 이야기할 예정입니다. 또한, 퀴즈를 많이 맞춘 팀의 이름으로 장애인 공동체 가정인 '주사랑 공동체'에 기부될 예정입니다.\n화자2]이에, '달빛프린스' 제작진은 '최근 우리 사회는 어린이가 어른보다 더 많은 독서량을 자랑하는 가운데 달프들 역시 어린이 시청자들을 맞아 독서의 즐거움을 배우는 계기가 됐습니다. 매회 성장하는 달프들과 '달빛프린스'가 되도록 노력하겠습니다.'고 전했습니다.\n화자1]강호동, 탁재훈, 정재형, 용감한 형제, 최강창민의 '달빛프린스'는 매주 책에 따라 주제가 선정되며, 퀴즈를 통해 획득한 상금 천 만원은 게스트가 정한 기부처에 기부하는 신개념 버라이어티 북 토크쇼. 다섯 번째 게스트 이재룡, 이훈과 함께할 '달빛프린스' 5회는 002.19(화) 밤 11시10분 KBS 2TV를 통해 방송됩니다."
  },
  "Annotation": {
    "Summary1": "'달빛프린스' 5회는 '샬롯의 거미줄'의 독서 퀴즈를 내고, 퀴즈를 많이 맞춘 팀의 이름으로 기부가 될 예정이다.",
    "Summary2": "",
    "Summary3": "강호동, 탁재훈 등의 북토크쇼 '달빛프린스'는 2월 19일 방송되는 5회에서 어린이 시청자들이 독서 퀴즈를 낸다. 또한 게스트 이재룡과 이훈이 '샬롯의 거미줄'을 통해 친구의 우정에 대해서 이야기를 하고, 퀴즈를 많이 맞춘 팀의 이름으로 장애인 공동체 가정에 기부가 전달될 예정이다."
  },
  "filename": "SCRIPT-enter-00690-00001.json"
}