{
  "Meta": {
    "doc_id": "SCRIPT-enter-01997",
    "doc_category": "SCRIPT",
    "doc_type": "enter",
    "doc_name": "배우 유지태, KBS 파노라마 내레이션 맡아",
    "author": "KBS",
    "publisher": "KBS",
    "published_year": "2013",
    "doc_origin": "배우 유지태, KBS 파노라마 내레이션 맡아",
    "passage_id": "SCRIPT-enter-01997-00001",
    "passage": "화자1]배우이자 감독인 유지태가 KBS파노라마 ‘세계최초, 1,000km 엠티쿼터를 가다’의 내레이션을 맡았습니다.\n화자2]'KBS 파노라마'가20일부터 2주에 걸쳐 방송할 ‘세계 최초, 1,000km 엠티쿼터를 가다’는 아랍 반도에 있는 세계 최대의 모래사막 엠티쿼터(Empty Quarter)를 세계 최초로 도보횡단에 도전한 한국인 원정대의 40일간 과정을 기록한 다큐멘터리다. 세계 10대 사막 횡단에 도전 중인 남영호 대장을 비롯, 스페인의 자전거 탐험가 아구스틴과 얼마 전 유라시아 12,000km 횡단을 마치고 돌아온 이시우씨가 세계 최초의 탐험에 도전했습니다. 제작진 역시 50도를 넘나드는 사막에서의 열악한 환경 속에서 원정대와 함께 이동하며 그들의 도전을 밀착해서 담아냈습니다.\n화자1]KBS<국권침탈 100년>, <잃어버린 언어>, SBS <남겨진 미래, 남극> 등의 다큐멘터리와 여러 CF에서 나지막하고 울림 있는 목소리로 강한 인상을 심어줬던 유지태씨는 이번 목소리 출연으로 약 40일의 엠티쿼터 여정에 생생함을 더할 예정입니다. 평소 녹지의 사막화, 사막 지대의 물 부족 문제 등 환경 문제에 관심을 가져왔던 유지태씨는 이번 ‘세계최초, 1,000km 엠티쿼터를 가다’ 내레이션을 통해 잘 알려지지 않은 아랍 사막의 현실을 들려줄 예정입니다.\n화자2]한편 배우 유지태는 단편 ’초대’와 ’나도 모르게’ ’장님은 무슨 꿈을 꿀까요’ ’자전거 소년’으로 국내외 유수의 영화제에서 수상하며 연출력을 인정받아 왔으며, 06월 06일 개봉한 영화 '마이 라띠마'를 통해 단편이 아닌 장편을 연출 감독으로 데뷔했습니다. 그는 ‘마이 라띠마’로 지난해 도빌 아시아영화제 심사위원대상을 받은 바 있습니다.\n화자1]쉽게 발길을 허락하지 않았던 미답지를 걷는 세 사람의 도전기. ‘세계최초, 1,000km 엠티쿼터를 가다!’는 오는 006.20, 27일 목요일 밤10시부터 KBS 1TV를 통해 방송됩니다."
  },
  "Annotation": {
    "Summary1": "‘세계 최초, 1,000 km 엠티 쿼터를 가다’는 유지태가 내레이션을 맡은 사막을 도보 횡단하는 다큐멘터리다.",
    "Summary2": "",
    "Summary3": "‘세계 최초, 1,000 km 엠티 쿼터를 가다’는 세계 최대 규모의 모래사막 엠티 쿼터를 세계 최초로 도보 횡단하는 세 사람의 40일간의 도전기다. 유지태는 이 다큐멘터리의 내레이션을 맡았으며 아랍 사막의 현실을 알려줄 예정이다. 세계 10대 사막 횡단을 시도 중인 남영호와 유라시아 횡단을 마친 이시우가 도전에 나섰으며 제작진 역시 그들과 함께 하며 그들의 도전을 밀착해서 화면에 담았다."
  },
  "filename": "SCRIPT-enter-01997-00001.json"
}