{
  "Meta": {
    "doc_id": "SCRIPT-enter-02414",
    "doc_category": "SCRIPT",
    "doc_type": "enter",
    "doc_name": "인피니트 성규, '인기는 영원하지 않은 것' 소신 밝혀",
    "author": "KBS",
    "publisher": "KBS",
    "published_year": "2013",
    "doc_origin": "인피니트 성규, '인기는 영원하지 않은 것' 소신 밝혀",
    "passage_id": "SCRIPT-enter-02414-00001",
    "passage": "화자1]인피니트의 성규가 인기에 대한 자신의 생각를 털어놨습니다.\n화자2]지난 25일 방송된 KBS 2TV <생생정보통>에서는 최근 신곡 '데스티니(Destiny)'로 컴백한 인피니트의 12시간를 밀착취재한 현장를 방송했습니다.\n화자1]이 날 방송에서 인피니트의 리더인 성규는제작진으로부터 '인기에 따른 부담감은 없느냐?'는 질문를 받고 '솔직히 부담감이 많이 있습니다. 1년, 2년, 3년 시간이 지날수록 불안감이 더 커지는 것 같습니다. 항상 새로운 모습를 보여드려야 한다'고 말했습니다.\n화자2]또 성규는 '인기라는 건 영원한 게 아니니까 더 그렇다'면서 연예인으로서 생각하는 인기에 대한 솔직한 심경를 털어놔 눈길를 끌었습니다.\n화자1]뿐만 아니라 이 날 <뮤직뱅크>를 통해 컴백한 인피니트를 보기위해 무려 500명의 팬들이 운집해 놀라움를 자아냈습니다. 게다가 인피니트는 더운 날 컴백무대를 응원하러 온 팬들를 위해 손수 준비한 떡에 제작한 스티커까지 붙여 선물하는 등 팬들를 향한 섬세한 배려를 보여줬습니다.\n화자2]한편 인피니트는 오늘(26일) 오후 06시10분 KBS 2TV <뮤직뱅크>를 통해 '데스티니(Destiny)'를 선보일 예정입니다.\n화자1]* 캡쳐 이미지를 누르면 찜 동영상를 볼 수 있습니다."
  },
  "Annotation": {
    "Summary1": "KBS 2TV <생생정보통>에서 <뮤직뱅크>를 통해 컴백한 인피니트의 밀착 취재 현장을 방송했다.",
    "Summary2": "",
    "Summary3": "지난 25일 방송된 KBS 2TV <생생정보통>에서 인피니트의 12시간을 밀착 취재한 현장을 방송했다. 이날 신곡 '데스티니(Destiny)'로 <뮤직뱅크>를 통해 컴백한 인피니트를 보기 위해 무려 500명의 팬들이 모였다."
  },
  "filename": "SCRIPT-enter-02414-00001.json"
}