{
  "Meta": {
    "doc_id": "SCRIPT-enter-01219",
    "doc_category": "SCRIPT",
    "doc_type": "enter",
    "doc_name": "우리동네 예체능' 동시간대 시청률 1위 기록",
    "author": "KBS",
    "publisher": "KBS",
    "published_year": "2013",
    "doc_origin": "우리동네 예체능' 동시간대 시청률 1위 기록",
    "passage_id": "SCRIPT-enter-01219-00001",
    "passage": "화자1]강호동의 파워업이 화요일 밤 예능판을 장악했습니다.\n화자2]지난 9일 첫 방송을 시작한 '우리 동네 예능과 체육의 능력자'(이하 '우리 동네 예체능')가 시청률 6.2%(닐슨 코리아 전국기준)을 기록, 동시간 시청률 1위를 기록하며 힘차게 포문을 열게 된 것.\n화자1]그 동안 의자에 앉아있던 강호동은 시종일관 뛰어다니며 탁구를 배우기 위해 고분분투하고, 벌칙으로 얼굴에 먹물점을 찍으며 '점박이 되지'로 변신하거나, 최강창민이 쓴 모자와 안경을 써보며 몸소 대두인증에 나서는 등 몸을 사리지 않으며 시종일관 웃음을 선사했습니다.\n화자2]이 같은 그의 노력은 시청자들의 호평으로 이어졌습니다. 시청자들은 '강호동, 살아있네~', '역시 강호동, 국민 MC의 내공은 저런 것', '웃느라 시간 가는 줄 몰랐네', '호동좌 부활완료' 등 뜨거운 반응을 보이며 다음 회에 대한 기대를 높였습니다.\n화자1]'우리 동네 예체능'의 1회 경기 미션은 '탁구'였습니다. 탁구 동호회인들로 구성된 상도동 탁구 전사들과의 대결이 정해지자 강호동, 이수근, 최강창민은 잔뜩 긴장한 채 7인 중 나머지 4인의 멤버 모집에 나섰습니다. 연예인 탁구단 회장인 박성호에게는 섭외를 위해 연신 '선생님 감사합니다.'라며 머리를 조아리는가 하면, 숨은 탁구 고수 조달환의 등장에는 '국민배우 조달환 선생님'이라 칭하며 '그냥 호동아~ 이렇게 부르세요'라는 비굴한 아부를 일삼았습니다.\n화자2]그러나 막상 탁구 서열 게임이 시작되자 강호동은 불타는 승부욕의 사나이로 변신했습니다. 그 동안 머리를 조아리며 존경을 표했던 조달환에게 언제 그랬냐는 듯 기습 전진스핀을 활용, 당당히 1점을 따내며 천하장사 강호동의 운동신경이 죽지 않았음을 과시했습니다.\n화자1]'우리 동네 예체능'을 맞아 완전히 살아난 강호동의 카리스마와 리더십은 짓궂은 형의 모습과 비굴한 제자의 모습 그리고 승부에 불타는 스포츠맨의 모습까지 종횡무진 활약하며 웃음을 안겼습니다.\n화자2]한편,다음주 '상도동 VS 예체능'의 탁구 빅 매치를 예고하며 관심을 증폭시키고 있는 가운데 '우리 동네 예체능'은 매주 화요일 오후 11시10분 KBS 2TV에서 방송됩니다."
  },
  "Annotation": {
    "Summary1": "강호동이 출연하는 '우리 동네 예체능'이 동시간 시청률 1위를 하며 탁구 미션으로 첫 방송을 시작했다.",
    "Summary2": "",
    "Summary3": "KBS 2TV에서 매주 화요일 오후 11시 10분 방송하는 '우리 동네 예체능'이 시청률 6.2% 동시간 1위로 첫 방송을 시작했다. '우리 동네 예체능'의 경기 미션인 상도동 탁구 동호회 팀과의 탁구 대결을 앞두고 출연진인 이수근 등은 탁구 서열 게임을 진행했다. 강호동은 '우리 동네 예체능'을 통해 운동신경이 죽지 않았음을 과시하며 승부욕 넘치는 스포츠맨의 모습을 보여줬다."
  },
  "filename": "SCRIPT-enter-01219-00001.json"
}