{
  "Meta": {
    "doc_id": "SCRIPT-enter-00922",
    "doc_category": "SCRIPT",
    "doc_type": "enter",
    "doc_name": "오지호, 아줌마 파마변신 셀카 유출?",
    "author": "KBS",
    "publisher": "KBS",
    "published_year": "2013",
    "doc_origin": "오지호, 아줌마 파마변신 셀카 유출?",
    "passage_id": "SCRIPT-enter-00922-00001",
    "passage": "화자1]코믹황제 오지호가 ‘아줌마 파마’ 변신 인증샷을 전격 공개했습니다.\n화자2]오지호가 맡은 ‘장규직’은 부장님이 총애하는 능력 좋은 팀장이지만, 미스김만 만나면 유치한 질투를 분출하는 이른바 초딩멘탈 정사원. 에이스인 장규직의 극 중 별칭은 ‘빠마머리씨’. 본인은 고급 헤어숍에서 한 머리로 대단한 자부심을 가지고 있지만 미스김(김혜수)에겐 매번 빠마머리씨로 불리는 굴욕을 당합니다.\n화자1]오지호는 이 역할을 완벽히 수행하기 위해 지난 1일 삼일절 서울 강남의 모 헤어숍에서 아줌마 파마에 도전했습니다. 머릿결이 가는 직모의 소유자로 평소에도 파마를 즐겨 했지만, 이렇게 세게 말아보기는 처음이라고 합니다. 이 날 실제 아줌마들처럼 오래가는 파마를 하기 위해 그는 장시간 미용실에 머물렀다.\n화자2]그는 '이렇게까지 머리를 말아보긴 처음인데, 일단 굉장히 편하다'며 생애 첫 시도해본 아줌마 파마에 대한 만족도는 100점 만점에 100점. 헤어스타일에 특별히 신경 쓸 필요가 없고 누웠다 일어나도 눌리지 않아 편하다는 오지호는 아줌마 파마 예찬론을 펼쳤습니다.\n화자1]여러 장의 ‘셀카’를 찍어 몇몇 지인들에게도 공개했는데, ‘웃기다’는 주위 반응을 예상했던 것과는 달리 칭찬이 이어졌다는 후문. ‘아줌마 파마를 해도 멋지다’, ‘패션의 완성은 결국 얼굴’, ‘더 잘생겨 보인다’는 평이 주를 이뤘다고 합니다. 오지호의 상대역 김혜수의 반응 역시 '이 머리를 내가 하면 큰일 납니다. 오지호씨니까 이렇게 멋진 거다'라고 추켜세웠습니다.\n화자2]한편 오지호가 ‘첫 출근’에서 어떤 모습으로 시청자들에게 강렬한 인상을 남길지 많은 기대를 모으고 있는 ‘직장의 신’은 오는 04월 01일 밤 10시 KBS 2TV를 통해 첫 방송됩니다."
  },
  "Annotation": {
    "Summary1": "'직장의 신'의 오지호가 극 중 캐릭터를 위해 아줌마 파마를 하고 사진을 공개했으나 잘생겼다는 칭찬이 돌아왔다.",
    "Summary2": "",
    "Summary3": "‘직장의 신’의 오지호가 분한 장규직의 극 중 별칭인 ‘빠마머리씨’의 완벽한 모습을 위해 오지호는 강남의 모 헤어숍에서 아줌마 파마에 도전했다. 그는 굉장히 편하다며 아줌마 파마에 100프로 만족한다고 예찬론을 펼쳤다. 오지호는 재밌는 반응을 염두에 두고 ‘셀카’를 찍어 공개했으나 파마를 해도 잘생겼다는 칭찬 일색이었다고 전했다."
  },
  "filename": "SCRIPT-enter-00922-00001.json"
}