{
  "Meta": {
    "doc_id": "SCRIPT-enter-03195",
    "doc_category": "SCRIPT",
    "doc_type": "enter",
    "doc_name": "‘빠빠빠’ 크레용팝 금미, 갈비뼈 골절에도 점핑 투혼",
    "author": "KBS",
    "publisher": "KBS",
    "published_year": "2013",
    "doc_origin": "‘빠빠빠’ 크레용팝 금미, 갈비뼈 골절에도 점핑 투혼",
    "passage_id": "SCRIPT-enter-03195-00001",
    "passage": "화자1]최근 ‘빠빠빠’로 사랑받고 있는 크레용팝 금미가 KBS2 <비타민>에서 갈비뼈 골절을 진단받았습니다.\n화자2]오는 25일에 방송되는 KBS2 <비타민>에서는 일교차가 큰 환절기에 자주 발병하는 환절기 질환 알레르기 비염, 건선, 폐렴에 대해 알아보는 시간을 가졌습니다. 이 날 금미는 환절기 3대 질환 중 폐렴의 위험도를 확인하기 위한 폐 CT 검사에서 갈비뼈에 골절이 있다고 진단받은 것.\n화자1]금미는 '최근 한 달 정도 심하게 감기를 앓았습니다. 재채기와 기침을 너무 많이 해서 무리가 간 게 아닐까 싶습니다. 한 번은 ‘빠빠빠’ 안무를 추다가 갑자기 갈비뼈 쪽이 숨도 못 쉴 정도로 아팠던 적이 있었는데 병원에 가서도 정확한 원인을 찾지 못했습니다.'며 평소에 갈비뼈 쪽 통증에 대해 설명하기도 했습니다.\n화자2]이 날 전문의로 출연한 한림대학교 성심병원 병원장 호흡기내과 정기석 교수는 '금미는 흉부 CT 검사에서 우측 갈비뼈에 골절이 관찰됐습니다. 갈비뼈 골절은 아물어 가는 상태이지만 크게 무리가 가는 행동은 하지 않는 것이 좋습니다.'며 검사 결과에 대한 의견을 더했습니다.\n화자1]한편 같이 출연한 크레용팝의 초아는 '멤버 금미의 코골이가 너무 심합니다. 금미가 코 고는 소리는 탱크가 지나가는 소리처럼 우렁차다.'며 금미의 심한 코골이를 폭로하기도 했습니다.\n화자2]유현상, 이혜정, 윤영미, 변기수, 정태호, 박성광, 크레용팝 초아, 금미가 출연한 본방송은 오는 25일 수요일 밤 08시55분에 KBS2 <비타민>에서 확인할 수 있습니다."
  },
  "Annotation": {
    "Summary1": "KBS2 <비타민>에서 갈비뼈 골절 진단을 받은 금미에게 정기석 교수는 무리가 될 수 있는 행동 지양하길 권장했다.",
    "Summary2": "",
    "Summary3": "크레용팝 금미가 KBS2 <비타민>에서 폐렴의 위험도를 알아보고자 받은 CT 검사에서 갈비뼈 골절 진단을 받았다. 금미는 '빠빠빠' 안무를 추던 중 갈비뼈에 극심한 통증을 느낀 적이 있었다는 사실을 털어놓았다. 전문의로 출연한 정기석 교수는 금미에게 무리가 될 수 있는 행동을 지양하는 것을 권장했다."
  },
  "filename": "SCRIPT-enter-03195-00001.json"
}