{
  "Meta": {
    "doc_id": "SCRIPT-enter-03320",
    "doc_category": "SCRIPT",
    "doc_type": "enter",
    "doc_name": "대한민국 똑소리나는 '워킹맘' 들이 궁금하다면?",
    "author": "KBS",
    "publisher": "KBS",
    "published_year": "2013",
    "doc_origin": "대한민국 똑소리나는 '워킹맘' 들이 궁금하다면?",
    "passage_id": "SCRIPT-enter-03320-00001",
    "passage": "화자1]뛰는 엄마들 위에 나는 자녀들입니다. 오는 6일 방송되는 KBS 2TV '해피선데이-맘마미아'(이하 '맘마미아') 26회는 '워킹맘' 특집으로 그려지는 가운데 대한민국 똑 소리 나는 워킹맘들과 그들의 자녀들이 출연, 예상치 못한 발군의 예능감으로 안방극장에 웃음을 선사할 예정입니다.\n화자2]이에, '워킹맘' 특집은 개그우먼 조혜련과 이성미, 한의사 김소형, 방송인 이다도시의 자녀들이 출연한 가운데 자녀들은 엄마와의 잊지 못할 에피소드는 물론 그들의 비밀을 적나라하게 폭로할 예정이라 눈길을 끕니다.\n화자1]박보영을 닮은 깜찍한 눈웃음과 함께 엄마가 나의 옷을 탐낸다는 비밀을 폭로한 이성미 딸. 이에, 이성미는 '평소 아동복 가게에서 옷을 구입한다'며 '한 번은 같은 수영복을 입은 3살짜리와 마주쳐 물 밖으로 나오지 못했다'고 말해 스튜디오를 웃음바다로 만들었습니다.\n화자2]이어, 슈퍼 모델 뺨치는 8등신 몸매의 딸과 함께 예능 나들이에 나선 김소형은 단아한 외모와 조근조근한 말투와는 달리 '그 동안 나는 왜 안 불렀냐. 섭외 기다리고 있었다'며 야망녀의 면모를 드러내 '맘마미아'의 복병으로 떠올랐습니다.\n화자1]그런가 하면 전교 1등으로 그간 엄마의 자랑으로 언급되어 왔던 조혜련 딸이 엄마와 함께 토크쇼에 첫 동반 출연해 솔직담백 가슴에 담아뒀던 이야기를 풀어내는가 하면, 엄마만큼 애교만점인 이다도시 아들은 방송 중 이성미 딸에게 깜짝 고백해 보는 이들을 웃음 짓게 했습니다.\n화자2]이렇듯 엄마들도 당황하게 만들며 그들을 능가하는 자녀들의 재치만점 예능감이 기대감을 모으는 가운데 네티즌들은 ''워킹맘' 특집! 정말 기대된다', '드디어 조혜련 전교 1등 딸을 '맘마미아'에서 보다니! 기대만땅!', '이다도시 아들 훈남으로 잘 자랐으려나.. 궁금하네', '김소형 원장님도 수애 못지않은 야망을ㅋ', '박미선-이영자-이성미! 입담 기대되네' 등 다양한 반응을 나타냈습니다.\n화자1]이처럼 엄마들 못지않은 예능 열정으로 스튜디오를 뜨겁게 달군 자녀들의 맹활약은 '맘마미아' 26회에서 공개되는 가운데 매주 일요일 오후 04시55분 방송."
  },
  "Annotation": {
    "Summary1": "'해피선데이-맘마미아'에서는 '워킹맘' 특집으로 이성미, 조혜련, 김소형, 이다도시가 자녀들과 출연한다.",
    "Summary2": "",
    "Summary3": "KBS 2TV '해피선데이-맘마미아'에서는 '워킹맘' 특집으로 개그우먼 조혜련과 이성미, 한의사 김소형, 방송인 이다도시가 출연해 자녀들과 잊지 못할 에피소드로 웃음을 선사할 예정이라고 한다. 이성미 딸은 이성미가 딸의 옷을 탐낸다는 비밀이 폭로했으며 김소형은 8등신 딸과 함께 야망녀의 면모를 드러냈고 조혜련은 전교 1등 딸과 출연해 가슴에 담아뒀던 이야기를 해서 시청자들의 기대를 모으고 있다."
  },
  "filename": "SCRIPT-enter-03320-00001.json"
}