{
  "Meta": {
    "doc_id": "SCRIPT-enter-01373",
    "doc_category": "SCRIPT",
    "doc_type": "enter",
    "doc_name": "JK김동욱 '불명' 역사상 최고 점수로 우승!",
    "author": "KBS",
    "publisher": "KBS",
    "published_year": "2013",
    "doc_origin": "JK김동욱 '불명' 역사상 최고 점수로 우승!",
    "passage_id": "SCRIPT-enter-01373-00001",
    "passage": "화자1]JK김동욱이 '불후의 명곡' 최고 점수를 기록하며 우승을 차지했습니다.\n화자2]지난 20일 방송된 KBS 2TV <불후의 명곡>에서는 시청자가 뽑은 다시 보고 싶은 전설로 가수 심수봉이 선정된 가운데 바다, JK김동욱, 박재범, 장미여관, 왁스, 포맨 등이 출연해 심수봉의 주옥같은 명곡들을 재해석하는 시간을 가졌습니다.\n화자1]이 날 방송에서 심수봉의 '백만송이 장미'를 선곡한 JK김동욱은 과거 오디션 형식의 프로그램으로 인해 트라우마를 겪었다고 고백하며 '또 무대위에서 평가받는다는 게 부담스럽지만 무대를 향한 열정으로 출연하게 됐습니다.'고 밝혔습니다.\n화자2]이어 무대에 오른 JK김동욱은 특유의 짙은 저음과 무게감 있는 목소리로 그 간의 트라우마를 날려 보내려는 듯 호소력 있는 무대로 관객들의 귀를 사로 잡았습니다.\n화자1]이 무대를 통해 JK김동욱은 관객들로부터 기립박수를 받음과 동시에 438표를 획득, <불후의 명곡> 사상 최다 득표를 기록했던 부활의 정동화와 기록을 나란히 하게 되면서 이 날 최종 우승을 차지하게 되었습니다.\n화자2]이에 JK김동욱은 '운이 좋았던 것 같습니다. 이런 점수를 줄 거라고 생각하지 못했습니다. 정말 감사합니다. 마음을 비우고 경연을 해서 좋은 결과가 나온 것 같습니다.'고 수상 소감을 전했습니다.\n화자1]한편 이 날 방송에서는 바다가 '사랑밖에 난 몰라'를 열창하며 전설 심수봉을 눈물 흘리게 해 많은 화제를 불러 일으켰습니다."
  },
  "Annotation": {
    "Summary1": "<불후의 명곡>의 20일 방송에서 심수봉의 '백만송이 장미'를 부른 JK김동욱이 최종 우승했다.",
    "Summary2": "",
    "Summary3": "KBS <불후의 명곡>의 20일 방송에서 JK김동욱, 박재범 등이 전설의 가수 심수봉의 명곡들을 재해석했다. 이날 경연은 '백만송이 장미'를 부른 JK김동욱이 최종 우승을 가져갔다. 한편 '사랑밖에 난 몰라'를 열창한 바다의 무대를 보며 눈물을 흘리는 심수봉의 모습도 화제가 되었다."
  },
  "filename": "SCRIPT-enter-01373-00001.json"
}