{
  "Meta": {
    "doc_id": "SCRIPT-enter-03804",
    "doc_category": "SCRIPT",
    "doc_type": "enter",
    "doc_name": "김조한, 유재하 '내 마음에 비친 내 모습' 열창",
    "author": "KBS",
    "publisher": "KBS",
    "published_year": "2013",
    "doc_origin": "김조한, 유재하 '내 마음에 비친 내 모습' 열창",
    "passage_id": "SCRIPT-enter-03804-00001",
    "passage": "화자1]R&B의 황제 김조한이 '유희열의 스케치북' 무대에서 고 유재하의 곡 ‘내 마음에 비친 내 모습’을 열창했습니다. 김조한은 유재하의 곡을 리메이크하게 된 이유에 대해 13년 전 한국 노래를 전혀 모르는 브라질 친구에게 유재하의 CD를 선물한적 있는데 그때 ‘내 마음에 비친 내 모습’ 노래를 들은 친구가 '한국에도 이런 노래가 있냐' 감탄했었다며 그때 이 노래의 리메이크를 결심하게 됐다고 말했습니다.\n화자2]특히 이 노래는 아카펠라 그룹으로 유명한 TAKE6가 참여해 특별한 재즈 앙상블을 보여준 곡이기도 합니다. 김조한은 원곡 자체가 멋지기에, R&B 스타일로 부르면 너무 겉멋 든 것처럼 보일까, 마음을 비우고 유재하의 영혼과 비슷하게 부르려했다며 고유재하가 들으면 ‘잘했다’라는 얘기 듣고 싶다고 말해 눈길을 끌었습니다.\n화자1]오늘밤 오후 12시20분 KBS 2TV에서 방송되는 '유희열의 스케치북'에는 김조한 외에 정인, 브로큰 발렌타인, 백승헌이 나와 노래와 함께 멋진 이야기를 펼칩니다.\n화자2]KBS 2TV <유희열의 스케치북>."
  },
  "Annotation": {
    "Summary1": "김조한은 브라질 친구가 유재하의 '내 마음에 비친 내 모습'을 듣고 감탄하여 리메이크하게 됐다고 말했다.",
    "Summary2": "",
    "Summary3": "김조한은 유희열의 스케치북에서 유재하의 '내 마음에 비친 내 모습'을 리메이크해 선보였다. 그는 원곡을 들은 브라질 친구가 감탄하여 곡을 리메이크하게 됐다며 원곡이 멋져 유재하와 유사하게 부르려 했다고 말했다."
  },
  "filename": "SCRIPT-enter-03804-00001.json"
}