{
  "Meta": {
    "doc_id": "SCRIPT-enter-01193",
    "doc_category": "SCRIPT",
    "doc_type": "enter",
    "doc_name": "양상국, 금속 탐지기로 번 '20원의 행복'",
    "author": "KBS",
    "publisher": "KBS",
    "published_year": "2013",
    "doc_origin": "양상국, 금속 탐지기로 번 '20원의 행복'",
    "passage_id": "SCRIPT-enter-01193-00001",
    "passage": "화자1]개그맨 양상국이 금속 탐지기로 20원을 벌었습니다.\n화자2]지난 6일 방송된 KBS 2TV <인간의 조건>에서는 새로운 미션으로 '돈 없이 살기'에 도전하는 인간의 조건 멤버들의 고군분투기가 그려졌습니다.\n화자1]이 날 방송에서 양상국은 동료 개그맨 김기열로부터 금속 탐지기 사용 아이디어를 얻어 돈을 줍겠다는 일념하에 금속 탐지기를 소지한 채 늦은 밤 동네 놀이터를 찾았습니다.\n화자2]그러나 금속 탐지기에 걸린 것은 녹슨 못과 쇳덩어리들 뿐으로 양상국을 실망하게 만들기 충분했으나 양상국은 포기하지 않고 굳건한 의지를 보이며 어두운 와중에도 돈 찾기에 몰두했습니다.\n화자1]이어 한참동안이나 놀이터 곳곳을 금속 탐지기로 누비던 양상국은 또 한 번 금속 탐지기의 알람음이 울리며 무엇인가 찾았다는 신호를 보이자 뛸 듯이 기뻐했습니다. 하지만 그런 그의 기대를 저버리듯이 발견된 것은 10원짜리 동전.\n화자2]결국 양상국이 놀이터에서 건진 것은 20원 뿐으로 그는 허탈함을 숨기지 못하며 '이 시간에 일을 했으면 1천5백원을 벌었을 것입니다. 요행을 바라면 안됩니다. 이래서 돈을 벌어야 합니다.'고 깊은 깨우침을 얻은 채 쓸쓸히 놀이터를 떠나 보는 이들의 웃음을 자아냈습니다.\n화자1]한편 이 날 <인간의 조건>에서는 박성호가 후배 개그맨 김지민의 커피 심부름을, 정태호는 개그맨 이희경의 차를 세차해주는 등 인간의 조건 멤버들이 각양각색의 방법으로 돈을 벌기 위해 노력하는 모습이 전파를 탔다."
  },
  "Annotation": {
    "Summary1": "<인간의 조건>에서 '돈 없이 살기'에 도전한 양상국이 금속 탐지기로 20원을 벌고는 허탈해 하는 모습이 방영됐다.",
    "Summary2": "",
    "Summary3": "<인간의 조건>에서 '돈 없이 살기'에 도전한 양상국이 금속 탐지기로 놀이터를 뒤져 20원을 벌었다. 양상국은 이 시간에 일을 했으면 1천 5백 원은 벌었을 거라며 요행을 바라선 안된다고 허탈해 했고, 박성호는 김지민의 커피 심부름을, 정태호는 이희경의 세차 심부름을 하며 고군분투했다."
  },
  "filename": "SCRIPT-enter-01193-00001.json"
}