{
  "Meta": {
    "doc_id": "SCRIPT-enter-01205",
    "doc_category": "SCRIPT",
    "doc_type": "enter",
    "doc_name": "김나영, 개명 사실 고백 '본명은 김 설'",
    "author": "KBS",
    "publisher": "KBS",
    "published_year": "2013",
    "doc_origin": "김나영, 개명 사실 고백 '본명은 김 설'",
    "passage_id": "SCRIPT-enter-01205-00001",
    "passage": "화자1]방송인 김나영이 개명 사실을 고백했습니다.\n화자2]지난 8일 방송된 KBS 2TV <대국민 토크쇼: 안녕하세요>에서는 방송인 낸시랭, 사유리, 김나영이 출연한 가운데 사연의 주인공들과 함께 고민을 나누고 해결방안을 함께 찾아보는 모습이 그려졌습니다.\n화자1]이 날 방송에서는 아라비아 숫자가 이름 안에 포함되어 있어 고충을 겪고 있는 이0 씨의 사연이 소개됐습니다. 이를 본 MC들은 게스트들에게 이름 때문에 곤란한 적이 있었느냐고 질문을 던졌습니다.\n화자2]이에 김나영은 '내 원래 이름은 김 설이었습니다. 난 이 이름 때문에 스트레스를 너무 많았습니다. '네 생일은 설날이냐', '설아, 서라, 앉아라' 등 놀림을 많이 받았습니다.'며 결국 초등학교 4학년 때 지금의 이름인 김나영으로 개명을 했다고 밝혔습니다.\n화자1]또한 함께 출연한 사유리는 자신의 이름이 '후지다 사유리'라고 말하며 '사람들이 '후졌습니다. 사유리'라고 놀립니다.'고 털어놔 웃음을 자아냈습니다.\n화자2]한편 이 날 방송에서는 점쟁이를 너무 맹신하는 엄마 때문에 정신병원까지 갈 뻔했던 아들의 고민이 전파를 타면서 시청자들의 이목을 집중 시켰습니다."
  },
  "Annotation": {
    "Summary1": "<대국민 토크쇼: 안녕하세요>에서 김나영은 원래 이름이 김 설이었는데 놀림 때문에 김나영으로 개명했다고 밝혔다.",
    "Summary2": "",
    "Summary3": "지난 8일 <대국민 토크쇼: 안녕하세요>에는 이름 때문에 고충을 겪은 사연이 소개되었다. MC들이 이름 때문에 스트레스 받은 적이 있는지 묻자 김나영은 원래 이름은 김 설이었는데 놀림을 당해 김나영으로 개명했다고 밝혔다."
  },
  "filename": "SCRIPT-enter-01205-00001.json"
}