{
  "Meta": {
    "doc_id": "SCRIPT-enter-02281",
    "doc_category": "SCRIPT",
    "doc_type": "enter",
    "doc_name": "장혁, '수애 촬영장에 없으면 감염도시 그 자체'",
    "author": "KBS",
    "publisher": "KBS",
    "published_year": "2013",
    "doc_origin": "장혁, '수애 촬영장에 없으면 감염도시 그 자체'",
    "passage_id": "SCRIPT-enter-02281-00001",
    "passage": "화자1]장혁을 비롯한 마동석, 이희준이 '수애앓이'를 고백했습니다.\n화자2]지난 13일 방송된 KBS 2TV <연예가중계>에서는 영화 <감기>의 배우들인 장혁,수애,마동석,이희준과의 인터뷰 현장이 전파를 탔다.\n화자1]이 날 방송에서 이희준은 영화 <감기>를 선택한 이유에 대해 '수애 때문에 이 작품을 선택했습니다. 평소에 좋아하던 배우였다'고 밝혔습니다.\n화자2]그러자 장혁,마동석 역시 입을 모아 그렇다고 동의해 눈길을 끌었습니다. 특히 수애는 '수애가 촬영장장에 있을 때의 현장은 빛과 환호 햇볕에 넘치는 곳이었습니다. 하지만 수애가 없으면 감염도시 그 자체였다'고 비유해 웃음을 자아냈습니다.\n화자1]이런 남자 배우들의 전폭적인 지지를 받는 수애는 영화 <감기>에 출연하게 된 계기를 묻자 '신선한 소재와 설정이 좋았습니다.'고 솔직하게 답변해 좌중을 폭소케했습니다. 또한 수애는 '(촬영현장이) 너무 행복했습니다. 항상 촬영이 끝나고 배우들과 맥주를 마셨던 게 즐거웠습니다.'고 소감을 전했습니다.\n화자2]한편 이 날 방송에서는 하정우가 자신을 이상형으로 뽑은 배우 신세경에게 남다른 애정이 있다고 말해 시청자들의 이목을 집중시켰습니다.\n화자1]* 캡쳐 이미지를 누르면 찜 동영상을 볼 수 있습니다."
  },
  "Annotation": {
    "Summary1": "영화 '감기' 배우 이희준, 장혁, 마동석이 인터뷰 도중 영화 선택과 촬영 현장 분위기에서 수애의 중요성을 언급했다.",
    "Summary2": "",
    "Summary3": "'연예가중계'의 인터뷰에 영화 '감기'의 네 배우가 둥장했다. 이희준, 장혁, 마동석은 영화 선택 이유로 수애를 꼽으며 그녀의 존재 유무로 인한 현장 분위기의 차이를 언급했다. 수애는 영화 소재가 이유였다며 웃음을 자아냈고 현장이 즐거웠다고 전했다."
  },
  "filename": "SCRIPT-enter-02281-00001.json"
}