{
  "Meta": {
    "doc_id": "SCRIPT-enter-00564",
    "doc_category": "SCRIPT",
    "doc_type": "enter",
    "doc_name": "한채영, 여심을 사로잡는 오피스 룩 화제만발",
    "author": "KBS",
    "publisher": "KBS",
    "published_year": "2013",
    "doc_origin": "한채영, 여심을 사로잡는 오피스 룩 화제만발",
    "passage_id": "SCRIPT-enter-00564-00001",
    "passage": "화자1]KBS 새 월화드라마 ‘광고천재 이태백’(극본 설준석, 이재하, 이윤종/ 연출 박기호, 이 소연/ 제작 래몽래인)의 한채영의 패셔너블한 오피스 룩이 화제를 낳고 있습니다.\n화자2]한채영은 극 중 상대의 시선을 붙잡는 화려한 외모와 뛰어난 언변, 탁월한 사교력 등 능력과 스타일을 모두 갖춘 ‘워너비 레이디’ 고아리로 분해 시크하면서도 세련된 오피스 룩을 선보여 도시적인 커리어우먼의 면모를 유감 없이 드러내 여성 시청자들의 눈길을 사로잡고 있습니다.\n화자1]광고주와의 직접적인 커뮤니케이션을 담당, 계약의 성패를 좌우하는 AE(광고기획자)는 빈틈없는 프로페셔널 한 모습으로 광고주들에게 좋은 인상과 믿음을 심어주어야 하는 터. 한채영은 금산애드 최고의 영업력을 자랑하는 AE 고아리다운 패션센스로 매회 4-5벌의 의상을 소화, 다양한 스타일을 선보이며 극의 볼거리를 제공하고 있습니다.\n화자2]특히 화려한 패턴의바지부터 비비드 컬러의 자켓은 물론 초록색으로 깔 맞춤 된 스타일까지 패셔너블하게 완벽히 소화해 내 많은 오피스 레이디들의 본보기가 돼 구미를 자극하고 있습니다. 이에벌써부터 홈페이지 등 각종 사이트를 통해 문의가 잇따르고 있다고 합니다.\n화자1]누리꾼들은 '능력도 최고 패션 감각도 최고! 정말 워너비 레이디 맞네요!', '역시 한채영! 뭘 입어도 예쁘다!', '한채영 나올 때 마다 자꾸자꾸 옷에 눈이 간다!', '고아리 스타일링을 배우고 싶어요!'등 뜨거운 반응이 이어지고 있습니다.\n화자2]한편, 지난 화요일(5일) 방송된 ‘광고천재 이태백’ 2회에서는 이태백(진구 분)이 광고계의 살아있는 전설 마진가(고창석 분)의 만남이 그려지며 두 남자의 환상의 앙상블을 기대하게 만들고 있습니다.\n화자1]세련미 넘치는 고아리 표 시크 도도 룩으로 수많은 오피스 레이디들의 열광적인 지지를 받고 있는 KBS 월화드라마 ‘광고천재 이태백’은 다음 주 월요일(11일) 밤 10시에 3회가 방송됩니다."
  },
  "Annotation": {
    "Summary1": "KBS '광고천재 이태백' 고아리 역을 맡은 한채영의 오피스룩이 누리꾼들에게 뜨거운 반응을 얻고 있다.",
    "Summary2": "",
    "Summary3": "KBS '광고천재 이태백'에서 고아리 역을 맡은 한채영의 패셔너블한 오피스룩이 눈길을 끌었다. 이 드라마에서 고아리는 매회 4,5벌의 의상을 소화할 정도로 다양한 스타일의 오피스룩을 선보이며 프로페셔널 한 모습으로 광고주에게 좋은 인상을 남기는 광고 기획자로 그려지고 있다. 이런 세련된 고아리표 패션에 누리꾼들은 뜨거운 반응을 나타내고 있다."
  },
  "filename": "SCRIPT-enter-00564-00001.json"
}