{
  "Meta": {
    "doc_id": "SCRIPT-enter-00553",
    "doc_category": "SCRIPT",
    "doc_type": "enter",
    "doc_name": "김동완-최정윤 이별에 아이들 '우리 탓이야?' 걱정",
    "author": "KBS",
    "publisher": "KBS",
    "published_year": "2013",
    "doc_origin": "김동완-최정윤 이별에 아이들 '우리 탓이야?' 걱정",
    "passage_id": "SCRIPT-enter-00553-00001",
    "passage": "화자1]김동완과 최정윤이 이별하자 아이들이 자신의 탓이라며 걱정했습니다.\n화자2]지난 7일 방송된 KBS 1TV 일일 연속극 <힘내요 미스터 김> (극본 조정주, 연출 홍석구 김종연)에서는 천지영(최정윤)과 이별한 김태평(김동완)을 보고 걱정하는 아이들의 모습이 그려졌습니다.\n화자1]이 날 방송에서 앞서 지영에게 이별을 통보당한 태평이 앓아누울 정도로 휴유증을 앓자 아이들의 걱정은 이만저만이 아니었습니다. 특히 김희래(서지희)는 자신이 그간 지영에게 못되게 굴었던 것을 후회하며 지영을 찾아가 사과를 했을 정도.\n화자2]또 철룡은 태평에게 '우리때문에 지영 선생님과 헤어진 게 아니냐. 우리 탓인 거 아니냐.'고 자신들이 태평의 연애에 짐이 된 것은 아닌지 염려했습니다.\n화자1]이어 학교에서 지영을 마주친 고주성(오재무)는 쌀쌀맞은 태도로 '갑자기 왜 마음이 변했느냐. 이제 다시는 우리에게 친한 척 하지 말라.'고 말했습니다. 그 때 이 광경을 본 이우경(왕지혜)은 상황이 심상치않음을 느끼고 지영에게 태평과 헤어진 것이냐는 뜻을 담은 질문을 넌지시 던졌지만 지영은 대답하지 않았습니다.\n화자2]한편 이 날 방송에서는 백건욱(양진우)가 다시 회사로 돌아와 홍해숙(김혜선)과의 전면전을 선언해 한층 극에 대한 긴장감을 높였습니다.\n화자1]* 캡쳐 이미지를 누르면 찜 동영상을 볼 수 있습니다. *."
  },
  "Annotation": {
    "Summary1": "<힘내요 미스터 김> 에서 태평이 지영에게 이별 통보를 받고 앓자 아이들이 자신들을 탓하며 걱정하는 모습이 방송됐다.",
    "Summary2": "",
    "Summary3": "연속극 <힘내요 미스터 김> 에서 지영에게 이별을 통보당하고 태평이 앓자 아이들이 자신들의 탓이라며 걱정하는 모습이 방송됐다. 학교에서 지영을 마주친 고주성은 왜 마음이 변했냐며 다시는 친한 척하지 말라고 하고 이를 본 이우경은 지영에게 태평과 헤어졌는지 묻는다."
  },
  "filename": "SCRIPT-enter-00553-00001.json"
}