{
  "Meta": {
    "doc_id": "SCRIPT-enter-02865",
    "doc_category": "SCRIPT",
    "doc_type": "enter",
    "doc_name": "이해인, 전무송 죽음 앞에서 '악녀본능' 또 고개드나?",
    "author": "KBS",
    "publisher": "KBS",
    "published_year": "2013",
    "doc_origin": "이해인, 전무송 죽음 앞에서 '악녀본능' 또 고개드나?",
    "passage_id": "SCRIPT-enter-02865-00001",
    "passage": "화자1]이해인의 악녀본능이 전무송의 죽음앞에 또 다시 고개를 치켜들었습니다.\n화자2]지난 29일 방송된 KBS 1TV 일일연속극 <지성이면 감천> (극본 김현희, 연출 김명욱)에서는 이예린(이해인)이 한재성(유건)의 할아버지인 한기석(전무송)이 세상을 떠나자 그를 이용해 재성과 결혼하려는 야욕을 꿈꾸는 모습이 그려졌습니다.\n화자1]이 날 방송에서 예린은 기석의 집 안 식구들이 각자의 일들로 바쁜 나머지 자리를 비워 막상 기석의 식사를 챙겨줄 사람이 없자 저가 흔쾌히 나서 차리겠다고 했습니다. 이 때 기석은 예린에게 한 반지를 꺼내보여주며 그 반지는 집안 대대로 종부에게 물려주는 반지라고 말했습니다.\n화자2]이어 기석은 재성과 예린의 관계를 의식, 반지를 직접 건네줄 수 없는 현실에 안타까움을 드러내며 재성의 마음을 얻은 뒤 주는 게 맞는 것 같다고 말했습니다. 이에 예린은 속내를 감추고 애써 웃으며 괜찮은 듯 굴었습니다.\n화자1]이후 예린은 기석에게 식사를 다 차렸다는 말을 전해기 위해 기석의 방에 들렀다가 그가 꼼짝도 안고 있는 것을 발견하게 됐습니다. 기석이 이미 세상을 떠난 뒤였던 것. 예린은 재성에게 이같은 사실을 알렸고 놀란 재성 역시 가족들에게 소식을 전하겠노라고 했습니다.\n화자2]계속해서 재성이 잠깐 자리를 비운 사이, 기석의 곁에 있던 예린은 앞서 기석이 보여줬던 반지가 눈에 띄었습니다. 기석의 죽음 앞에 슬퍼하던 예린은 그 반지를 보고 표정이 싹 바뀌며 결국 반지를 손아귀에 집어넣고 그를 가지고 무서운 계획을 꾸밀 듯한 기세를 보였습니다.\n화자1]한편 이 날 방송에서는 예린이 입양아라는 사실을 만천하에 폭로한 뒤 비난여론을 못 견디고 사직서를 제출한 채 집을 떠난 김주희(심혜진)가 최진사(이기영)에게 위안을 얻는 장면이 전파를 탔다."
  },
  "Annotation": {
    "Summary1": "29일 <지성이면 감천>에서는 기석이 세상을 떠나고 예린은 종부에게 물려주는 반지를 손에 넣으며 표정이 변했다.",
    "Summary2": "",
    "Summary3": "29일 일일연속극 <지성이면 감천>에서는 예린이 기석의 식사를 챙기겠다고 나섰고 기석은 예린에게 집안 대대로 종부에게 물려주는 반지를 소개했다. 기석은 예린이 재성의 마음을 얻은 후에 반지를 건네줄 수 있다고 했지만 예린은 기석이 세상을 떠나자 반지를 손에 넣으며 표정이 바뀌었다. 한편 사직서를 제출한 김주희는 최진사에게서 위안을 얻는다."
  },
  "filename": "SCRIPT-enter-02865-00001.json"
}