{
  "Meta": {
    "doc_id": "SCRIPT-enter-02500",
    "doc_category": "SCRIPT",
    "doc_type": "enter",
    "doc_name": "박지선, '결혼계획' 준비된 골드미스 인증(?)",
    "author": "KBS",
    "publisher": "KBS",
    "published_year": "2013",
    "doc_origin": "박지선, '결혼계획' 준비된 골드미스 인증(?)",
    "passage_id": "SCRIPT-enter-02500-00001",
    "passage": "화자1]개그우먼 박지선이 친오빠 결혼 자금을 보태주었다고 밝혀 이목을 모았습니다.\n화자2]‘돈 좀 모으고 결혼하자는 남자친구, 기다려줘야 할까?’를 주제로 다뤘던 지난 풀하우스에서 박지선은 '결혼하려면 나 같은 여동생을 만들어라'며 '친오빠가 얼마 전 결혼했는데 오빠를 위해 내가 결혼 자금을 많이 보태주었다'고 밝혀 출연진들을 감동케 했습니다.\n화자1]하지만 이에 조우종 아나운서가 '본인결혼부터 잘해야 할 것 같다'며 걱정하자 박지선은 '나는 한복이 잘 어울려 전통혼례를 하고 싶다'고 나름의 결혼 계획(?)을 밝혀 웃음을 자아냈습니다.\n화자2]한편 이번 주 풀하우스에서는 ‘예비 신부들이 꿈꾸는 결혼식’과 패밀리들 인생의 ‘최상의 선택’에 대한 놀라운 에피소드들이 공개됩니다. 또 새 MC로 정지원 KBS 아나운서가 합류하며 각 세대별로 새로운 패밀리들이 함께해 새로움을 더합니다."
  },
  "Annotation": {
    "Summary1": "풀하우스에서 박지선이 친오빠의 결혼자금을 많이 보탠 것을 말하며 전통 혼례로 결혼하고 싶다는 계획을 밝혔다.",
    "Summary2": "",
    "Summary3": "풀하우스에서 박지선은 결혼한 친오빠의 결혼 자금을 보태주었다고 말해 출연진들을 감동시켰다. 조우종이 박지선의 결혼을 걱정하자 그는 전통 혼례를 하고 싶다는 계획을 밝혔다."
  },
  "filename": "SCRIPT-enter-02500-00001.json"
}