{
  "Meta": {
    "doc_id": "SCRIPT-enter-01625",
    "doc_category": "SCRIPT",
    "doc_type": "enter",
    "doc_name": "TV자서전-대한민국 영화감독 임권택 (보도자료)",
    "author": "KBS",
    "publisher": "KBS",
    "published_year": "2013",
    "doc_origin": "TV자서전-대한민국 영화감독 임권택 (보도자료)",
    "passage_id": "SCRIPT-enter-01625-00001",
    "passage": "화자1]아버지의 좌익 활동으로 혼란스러운 어린 시절을 보냈던 그는 고향을 떠나 부산으로 가 생활했고, 정창화 감독의 제작부에 들어가게 되면서 영화 인생을 시작합니다. 그는 <만다라>,<서편제>,<춘향뎐>,<천년학> 등 가장 한국적인 영화를 찍는 감독임과 동시에 2007년 베를린영화제 명예 황금곰상 등을 수상하며 해외에서도 인정받는 영화감독입니다.\n화자2]1981년 발표한 <만다라>가 베를린 영화제 경쟁부문에 진출한 이후,임권택은 비구니의 삶은 다룬 영화를 기획하게 됩니다. 하지만 1984년 촬영이 진행되자 불교계는 명예 실추를 이유로 제작 중단을 요구했고 승려들은 시위를 벌이게 되는 상황까지 놓입니다. 결국, 임권택은 <비구니>의 제작중단을 결정하게 되는데….\n화자1]이번 주 대한민국 영화감독 임권택 1부에서는 젊은 나이에 감독으로 데뷔하게 된 일화와 초창기 작품 세계 등 그의 치열했던 영화 인생울 되돌아 봅니다."
  },
  "Annotation": {
    "Summary1": "비구니의 삶을 다룬 영화는 불교계의 반발로 제작을 중단하는 등 영화감독 임권택 1부에서 그의 영화 인생을 돌아 본다.",
    "Summary2": "",
    "Summary3": "영화 인생을 시작한 임권택은 비구니의 삶을 다룬 영화를 기획하지만 불교계의 반발로 결국 제작 중단을 결정한다. 영화감독 임권택 1부에서는 초창기 작품 세계를 비롯해 영화 인생을 돌아 본다."
  },
  "filename": "SCRIPT-enter-01625-00001.json"
}