{
  "Meta": {
    "doc_id": "SCRIPT-enter-02169",
    "doc_category": "SCRIPT",
    "doc_type": "enter",
    "doc_name": "장근석, 김포공항에 환영 인사담은 광고 자체 제작",
    "author": "KBS",
    "publisher": "KBS",
    "published_year": "2013",
    "doc_origin": "장근석, 김포공항에 환영 인사담은 광고 자체 제작",
    "passage_id": "SCRIPT-enter-02169-00001",
    "passage": "화자1]배우 장근석이 한국을 찾는 한류팬들을 위한 특별한 행보를 선보여 화제를 모으고 있습니다.\n화자2]김포공항의 국제선 출입국 관리소 입구에 배치된 초대형 간판과 국내선 스크린 영상속에는 심플한 화이트 셔츠와 환한 미소로 눈길을 사로잡고 있는 장근석이 국내외국인들을 맞아주는 터.\n화자1]이와 함께 ‘장근석, Welcomes you(장근석이 당신을 환영합니다)’라는 멘트가 적혀 있어 한국 대표 배우로서의 친근한 이미지로 한국을 방문하는 외국인들에게 특별한 환영이 되어주고 있습니다.\n화자2]장근석의 이러한 스페셜한 환영 인사는 그동안 수많은 해외 공연을 통해 한국을 알리는 전도사 역할을 톡톡히 하며 실제로도 관광객 유치에 이바지를 해왔던 만큼, 팬들의 관심과 사랑에 보답하기 위한 특별한 의미를 담아 준비하게 되었다고 합니다.\n화자1]7월1일부터 약 3개월 간 공항을 이용하는 세계인들의 이목을 집중시킬 장근석은 상업을 목적으로 한 광고가 아닌 장근석 개인이 자체 제작, 국내 배우로서는 이례적인 일로 그가 지닌 범아시아적 스타성을 돋보이게 합니다.\n화자2]특히 이번 광고속에는 공식 홈페이지는 물론 그가 론칭한 오리 지날 브랜드 ‘직진’(ZIKZIN)‘과 직진 페스티발을 알려 한류 브랜드 메이커로서의 진면목까지 여실히 드러내고 있습니다.\n화자1]한편 장근석은 세상에서 가장 예쁜 남자 독고마테가 잃어버린 가족과 진정한 사랑을 찾기 위해 대한민국 상위 1%의 여자 열 명을 정복해 나가는 이야기를 그린 드라마 ‘예쁜 남자’로 안방극장 복귀를 앞두고 있습니다."
  },
  "Annotation": {
    "Summary1": "배우 장근석은 팬들에게 감사하는 마음을 담아 김포공항 광고를 걸어 한국을 찾아오는 외국인과 이용객들을 맞이한다.",
    "Summary2": "",
    "Summary3": "배우 장근석이 김포공항 간판과 영상으로 한국을 찾는 외국인과 공항을 오가는 내국인을 맞아준다. '장근석이 당신을 환영합니다'라는 말로 팬들의 성원에 감사하고 자신의 브랜드 '직진'과 직진 페스티벌도 알린다. 한편 장근석은 가족과 사랑을 찾는 예쁜 남자의 이야기 '예쁜 남자'로 안방극장을 찾아온다."
  },
  "filename": "SCRIPT-enter-02169-00001.json"
}