{
  "Meta": {
    "doc_id": "SCRIPT-enter-00611",
    "doc_category": "SCRIPT",
    "doc_type": "enter",
    "doc_name": "진구, 한순간에 노숙자로 전락한 사연은?",
    "author": "KBS",
    "publisher": "KBS",
    "published_year": "2013",
    "doc_origin": "진구, 한순간에 노숙자로 전락한 사연은?",
    "passage_id": "SCRIPT-enter-00611-00001",
    "passage": "화자1]KBS 새 월화드라마 ‘광고천재 이태백’(극본 설준석, 이재하, 이윤종/ 연출 박기호, 이 소연/ 제작 래몽래인)에서 진구(이태백 역)가 노숙자(?)가 됐습니다.\n화자2]어제(11일) 3회 방송에서 우여곡절 끝에 마진가(고창석 분)의 제자가 되어 조폭 짜장면이라는 첫 합작 광고를 성공리에 끝내 승승장구할 것만 같던 그가 상념에 잠긴 표정으로 하염없이 길거리를 걷고 있는 모습에선 그의 앞날에 또 어떤 일이 펼쳐지는 것인지 호기심을 자극, 흥미진진한 전개를 예고하고 있습니다.\n화자1]더욱이 후줄근한 차림에도 불구, 진구의 모습에서는 상남자의 포스가 물씬 풍겨져 그만의 거친 매력이 여심마저 설레게 하고 있습니다.\n화자2]‘광고천재 이태백’의 한 관계좌는 '오늘 방송에서 이태백이 노숙자가 된 데에는 특별한 사연이 있습니다.'며 '항상 밝기만 했던 이태백의 색다른 모습이 시청자들에게 진한 여운을 남길 예정입니다. 많은 기대 부탁 드립니다.'고 전했습니다.\n화자1]한편, 울림이 있는 광고로 코 끝 찡한 감동을 선사해줄 KBS 월화드라마 ‘광고천재 이태백’은 오늘(12일) 밤 10시에 4회가 방송됩니다."
  },
  "Annotation": {
    "Summary1": "‘광고천재 이태백’에서 첫 합작 광고를 성공시킨 진구가 더러운 모습으로 상념에 잠긴 표정을 하고 있어 궁금증이 인다.",
    "Summary2": "",
    "Summary3": "‘광고천재 이태백’에서 첫 합작 광고를 성공시킨 진구가 후줄근한 모습으로 상념에 젖은 표정을 하고 있어 호기심을 일으킨다. 한 관계자는 항상 밝던 그가 노숙자가 된 데에는 사연이 있다며 그의 행보에 많은 기대를 바란다고 전했다."
  },
  "filename": "SCRIPT-enter-00611-00001.json"
}