{
  "Meta": {
    "doc_id": "SCRIPT-enter-00940",
    "doc_category": "SCRIPT",
    "doc_type": "enter",
    "doc_name": "김태우, 유희열에게 '키 굴욕' 선사?!",
    "author": "KBS",
    "publisher": "KBS",
    "published_year": "2013",
    "doc_origin": "김태우, 유희열에게 '키 굴욕' 선사?!",
    "passage_id": "SCRIPT-enter-00940-00001",
    "passage": "화자1]신곡 ‘Cosmic Girl’을 발표한 김태우가 스케치북을 찾았습니다.\n화자2]이 날 김태우와 MC유희열의 만남에서 충격적인 그림이 이어졌는데, MC의 등장에 자리에서 일어난 김태우와 유희열의 키가 놀라울 만한 차이를 빚었던 것.\n화자1]이에 유희열은 가까이 다가가지 않고, 계속 앉으라는 손짓을 하는 센스를 발휘, 관객들이 폭소했습니다. 김태우는 스케치북 무대에서 이번 앨범와 음악적 가치관에 대한 진지한 얘기를 털어놨는데 요즘 나오는 음악들이 인스턴트, 패스트푸드라 쉽게 질리고 잊혀진다며 요즘 가요계 현실을 안타까워했습니다.\n화자2]그는 최근 3년 간 기억에 남는 곡으로 백지영의 ‘그 남자’ 아이유의 ‘좋은 날’ 그리고 자신의 노래 ‘사랑 비’ 정도를 꼽았습니다. 또한 이번 앨범이 사람들의 기억에 오래 남을 수 있기를 바란다고 전했습니다.\n화자1]한편 김태우는 신곡 ‘Cosmic Girl’와 퀸의 ‘Don`t Stop Me Now’, 샤이니, 커피소년, 장희영, 김보경의 무대는 2013년 03월 08일 금요일 밤 오후 12시20분 KBS2 유희열의 스케치북을 통해 만나볼 수 있습니다."
  },
  "Annotation": {
    "Summary1": "신곡 'Cosmic Girl'을 발표한 김태우가 스케치북에 출연했으며 유희열과의 키 차이로 관객들이 폭소했다.",
    "Summary2": "",
    "Summary3": "신곡 'Cosmic Girl' 을 발표한 김태우가 스케치북에 출연했고, MC 유희열과 김태우의 키 차이에 관객들이 폭소하였다. 김태우는 앨범과 자신의 음악적 가치관에 대한 진지한 얘기를 나누며 현실의 안타까움도 전했다."
  },
  "filename": "SCRIPT-enter-00940-00001.json"
}