{
  "Meta": {
    "doc_id": "SCRIPT-enter-00658",
    "doc_category": "SCRIPT",
    "doc_type": "enter",
    "doc_name": "테러리스트 이범수, 그가 헝가리에 간 까닭은?",
    "author": "KBS",
    "publisher": "KBS",
    "published_year": "2013",
    "doc_origin": "테러리스트 이범수, 그가 헝가리에 간 까닭은?",
    "passage_id": "SCRIPT-enter-00658-00001",
    "passage": "화자1]북측 비밀 요원 출신의 정체를 감추고 보헤미안처럼 살아가는 유중원으로 완벽히 분해 개성 강한 모습으로 시청자들의 이목을 사로잡았던 이범수가 서슬 퍼런 테러리스트로 180도 변신해 날 선 카리스마를 내뿜고 있는 모습으로 초미의 관심을 모으고 있는 것.\n화자2]지난 14일 밤 방송된 2회에서 연화(임수향 분)가 홀연히 사라졌던 유중원(이범수 분)이 있는 캄보디아로 찾아가 아이리스로부터 받은 임무에 함께해줄 것을 부탁했지만 유중원은 강한 거부 의사를 밝혔던 터.\n화자1]그렇게 펄쩍 뛰었던 그가 돌연 완전 무장한 모습으로 헝가리에 나타난 연유는 무엇인지 흥미진진한 전개를 예고해 궁금증을 폭발시키고 있습니다.\n화자2]무엇보다 극 초반 꽃남방을 입고 한량처럼 자유롭던 모습의 능청 이범수와는 달리눈빛에서부터 180도 페이스오프한 그의 비주얼, 그리고 강렬한 카리스마는 그가 펼쳐낼 반전 연기와 스피디한 전개를 더욱 기대케 만들고 있습니다.\n화자1]드라마 ‘아이리스Ⅱ’의 한 관계좌는 '1,2회에서 보여주었던 이범수의 모습과는 전혀 다른 인물이라고 생각해도 될 만큼 180도 다른 반전 연기를 펼칠 예정입니다. 그의 변신으로 더욱 박진감 넘치고 스피디해질 전개를 기대하셔도 좋을 것 같습니다.'라고 기대감을 높였습니다.\n화자2]테러리스트로 변신한 이범수의 반전 모습에 더욱 긴장감을 불러일으키고 있는 ‘아이리스Ⅱ’ 3회는 오는 20일(수) 밤 10시에 방송됩니다."
  },
  "Annotation": {
    "Summary1": "'아이리스Ⅱ' 에서는 극 초반과 다른 모습으로 갑자기 나타난 이범수의 변화로 앞으로 전개될 이야기를 궁금하게 한다.",
    "Summary2": "",
    "Summary3": "아이리스Ⅱ' '초반 북측 비밀 요원 출신임을 숨기고 꽃 남방에 한량의 모습을 보이던 이범수가 갑자기 완전무장한 테러리스트로 헝가리에 나타나 전과는 전혀 다른 카리스마를 발산했다. 이범수의 변화로 앞으로 전개될 이야기에 대한 궁금증을 유발하며 기대감을 높였다."
  },
  "filename": "SCRIPT-enter-00658-00001.json"
}