{
  "Meta": {
    "doc_id": "SCRIPT-enter-01473",
    "doc_category": "SCRIPT",
    "doc_type": "enter",
    "doc_name": "위풍당당 '미스김' 그녀가 눈물 흘린 이유?",
    "author": "KBS",
    "publisher": "KBS",
    "published_year": "2013",
    "doc_origin": "위풍당당 '미스김' 그녀가 눈물 흘린 이유?",
    "passage_id": "SCRIPT-enter-01473-00001",
    "passage": "화자1]‘직신’ 김혜수가 오열했습니다. 눈물이란 단어를 상상할 수 없는 그녀에게 무슨 일이 일어난 것일까.\n화자2]사진만으로도 가슴이 아려오는 미스김의 눈물. 무엇이 그토록 강한 히어로인 미스김을 울게 한 것일까. 지금까지 무표정 연기의 달인이라 불릴 정도로 감정을 조절해왔던 김혜수도 이번 촬영에서만큼은 모든 감정을 쏟아냈습니다. 그녀의 눈물 연기에 제작진마저 숙연해졌다는 후문이 나왔을 정도.\n화자1]도대체 무슨 사연일까. 지금까지는 지난 29일 방영된 9회 ‘당신의 인사고과는 안녕하십니까’ 편에서 구조조정의 칼바람을 맞은 고정도(김기천) 과장과 연관을 지어 추측을 해보는 정도. 그러나 '개인의 일은 개인이 알아서 하시기 바란다'며 고과장의 영어 숙제 부탁도 단칼에 잘랐던 그녀 아니었던가.\n화자2]이에 제작진은 '오늘 10회분에서는 웃음과 공감, 힐링을 넘어서 감동의 이야기가 그려질 것입니다. 기대해달라'고만 밝혀 궁금증을 더욱 증폭시켰습니다.\n화자1]폭풍 눈물과 함께 폭풍 감동을 예고하는 미스김의 눈물. 오늘(30일) 밤 10시 KBS 2TV ‘직장의 신’ 10회 ‘고과장의 시계는 거꾸로 간다’ 편에서 그 눈물의 사연이 공개됩니다."
  },
  "Annotation": {
    "Summary1": "'직장의 신'제작진은 김혜수의 오열 사진을 공개하며 10회에서는 감동적인 사연이 펼쳐질 거라 밝혀 기대를 모았다.",
    "Summary2": "",
    "Summary3": "KBS 2TV '직장의 신'제작진이 김혜수가 오열하는 사진을 공개했다. 그간 무표정으로 일관하던 김혜수의 눈물 연기에 제작진도 숙연해졌다고 한다. 제작진은 10회에서 감동적인 사연이 방영될 거라고 해 궁금증을 더욱 자아내고 있다."
  },
  "filename": "SCRIPT-enter-01473-00001.json"
}