{
  "Meta": {
    "doc_id": "SCRIPT-enter-01031",
    "doc_category": "SCRIPT",
    "doc_type": "enter",
    "doc_name": "김영철, 화제의 침묵 방송 전격 해명?!",
    "author": "KBS",
    "publisher": "KBS",
    "published_year": "2013",
    "doc_origin": "김영철, 화제의 침묵 방송 전격 해명?!",
    "passage_id": "SCRIPT-enter-01031-00001",
    "passage": "화자1]개그맨 김영철이 <해피투게더 3>에 출연하여 워쇼스키 남매와의 방송에서 영어실력을 제대로 펼치지 못한 이유를 밝혀 출연자들의 관심을 모았습니다.\n화자2]이날 김영철은 영어 관련 서적을 7권이나 출간한 사실을 밝히며 영어 달인으로서의 면모를 과시해 출연자들의 눈길을 끌었습니다. 이에 MC 박미선이 '워쇼스키 남매와의 방송에서는 왜 아무 말하지 않았냐'고 질문해 김영철을 당황하게 만들었는데 이에 김영철은 '당시 촬영 현장에 동시통역하는 분이 있어서 끼어들 틈이 없었습니다.'고 해명했습니다.\n화자1]또한 김영철은 자신은 ‘학원 영어 출신’이라고 털어 놓으며 워쇼스키 남매의 영어 대화가 너무 빨라 못 알아들었다고 얘기해 출연자들을 폭소하게 만들었는데 자세한 이야기는 2013년 03월 14일 목요일 밤 11:20~ KBS <해피투게더 3>에서 공개됩니다."
  },
  "Annotation": {
    "Summary1": "<해피투게더 3>에서 영어 달인의 모습을 보였던 김영철은 워쇼스키 남매를 만나서는 아무말도 못했다고 전했다.",
    "Summary2": "",
    "Summary3": "<해피투게더 3>에 출연한 개그맨 김영철은 영어 달인의 모습을 보였지만 워쇼스키 남매와의 방송에서는 그들의 말이 너무 빨라서 아무 말도 못했다고 밝혔다."
  },
  "filename": "SCRIPT-enter-01031-00001.json"
}