{
  "Meta": {
    "doc_id": "SCRIPT-enter-01639",
    "doc_category": "SCRIPT",
    "doc_type": "enter",
    "doc_name": "위기탈출 포미닛' 자연산 홍합 먹고 병원행?",
    "author": "KBS",
    "publisher": "KBS",
    "published_year": "2013",
    "doc_origin": "위기탈출 포미닛' 자연산 홍합 먹고 병원행?",
    "passage_id": "SCRIPT-enter-01639-00001",
    "passage": "화자1]20일 밤 08시50분, KBS 2TV <위기탈출 넘버원>.\n화자2]아이돌 '4minute'과 'B1A4'가 전하는 안전상식!.\n화자1]대한민국 톱스타들의 참여로 화제를 모으고 있는 KBS 2TV<위기탈출 넘버원>에 아이돌 '4minute'과 대세돌 'B1A4'가 출연했습니다.\n화자2]연일 주가를 상승시키며 다양한 활동을 하고 있는 가수 '포미닛'! 그런데 얼마 전, 이들이 병원을 찾는 사고를 겪었다고 하는데…과연 그 속내는?.\n화자1]봄철이면 증가하는 자연산 홍합의 패류독소!.\n화자2]끓는 물에도 독성이 죽지 않아 생명을 위협하는 홍합의 위험성을 알리기 위해 포미닛이 직접 경험담을 고백해 화제입니다.\n화자1]특히, 이날 방송에는 MC 장윤정의 뒤를 잇는 행사의 여왕! 쌍둥이 트로트 가수 '윙크'가 VCR에 직접 출연! 자연산 홍합의 위험성을 알리기 위해.\n화자2]열연을 보였다는 후문.\n화자1]이 밖에도 KBS 대표 아나운서 황정민과 개그맨 윤형빈의 위험한 신혼 생활.\n화자2]고백은 KBS2TV <위기탈출 넘버원>은 오늘 005.20 월요일 밤 08시50분에 방송됩니다.\n화자1]전교1등 김경진! 진짜 바보로 진로변경?.\n화자2]오는 20일 밤 08시50분, KBS 2TV <위기탈출 넘버원>.\n화자1]조금 모자라고 바보스러운 황당도둑 TOP3 김경진 바보 연기 합격 점!.\n화자2]KBS 2TV <위기탈출 넘버원>에서는 바보캐릭터의 넘버원! 김경진이 바보연기의 최고봉에 도전합니다. 천상 바 보일 줄 알았던 그가 알고 보니 학창시절 전교1등을 놓치지 않았던 수재였다는데.. 전교 1등 바보연기로 세계 각지의 황당 사연을 실감 나는 연기로 풀어내어 촬영 내내 웃음이 끊이지 않았다는 후문! 사흘 전에 도둑질한 곳을 건망증 때문에 제 발로 다시 금은방을 찾아간 김경진! 그곳에는 그를 잊지 못한 메기 이상운이 기다리고 있었는데.. 김경진은 과연 그곳을 다시 나갈 수 있을지?.\n화자1]그 외에도 신분을 차단하지 못해 어설픈 범행을 감행한 사연, 침입도 하지 못하고 자신이 던진 돌에 그대로 넉 다운된 덤앤더머 도둑 등 세계 각지의 황당 퍼레이드 사연들을 소개합니다.\n화자2]또한 실제 황당 도둑의 모습이 담긴 CCTV영상과 인터뷰내용을 여과 없이 공개된다는데! 김경진의 최고의 바보연기와 세계 각지의 황당 도둑의 모습은 20일 (월) 오후 08시50분 KBS 2TV를 통해 확인할 수 있습니다."
  },
  "Annotation": {
    "Summary1": "<위기탈출 넘버원>에서 포미닛이 출연하여 홍합 때문에 병원을 갔었던 일을 털어놓고 김경진은 바보 연기에 도전한다.",
    "Summary2": "",
    "Summary3": "<위기탈출 넘버원>에서 대세 아이돌 포미닛과 B1A4가 출연하였다. 포미닛은 최근 홍합 때문에 병원을 갔었던 일을 털어놓았다. 또 쌍둥이 가수 윙크가 VCR에 출연하여 홍합이 얼마나 위험한지 알려주고 아나운서 황정민과 개그맨 윤형빈도 출연하여 신혼 생활 때 있었던 위험한 일들을 고백한다. 또한 <위기탈출 넘버원>에서는 세계 각지의 황당한 도둑들이 녹화된 CCTV와 인터뷰 내용을 공개하고 개그맨 김경진이 바보 연기와 세계 각지의 황당한 도둑 연기를 선보였다."
  },
  "filename": "SCRIPT-enter-01639-00001.json"
}