{
  "Meta": {
    "doc_id": "SCRIPT-enter-03534",
    "doc_category": "SCRIPT",
    "doc_type": "enter",
    "doc_name": "주원, 운전면허증 사진 공개 '강동원 판박이' 화제",
    "author": "KBS",
    "publisher": "KBS",
    "published_year": "2013",
    "doc_origin": "주원, 운전면허증 사진 공개 '강동원 판박이' 화제",
    "passage_id": "SCRIPT-enter-03534-00001",
    "passage": "화자1]주원의 운전면허증 사진이 화제를 모으고 있습니다.\n화자2]지난 20일 방송된 KBS 2TV <해피선데이: 1박 2일>에서는 제주도로 배낭 여행을 떠난 1박 2일 멤버들의 모습이 그려진 가운데 '제주, 10월의 어느 멋진 날' 특집으로 꾸며졌습니다.\n화자1]이 날 방송에서 멤버들은 비행기를 기다리며 본격적인 여행길에 앞서 공항에서 수속을 밟기 위해 준비하던 중, 엄태웅은 자신의 신분증을 공개했습니다. 멤버들의 자신의 증명사진이 관심을 갖자 엄태웅은 '사진관 아저씨가 어떻게 한 것 같다'며 사진에 대한 불만족을 드러내 웃음을 자아냈습니다.\n화자2]이어 주원이 꺼내 든 운전면허증 역시 멤버들의 눈길을 단번에 사로잡았습니다. 주원의 운전면허증 속 증명사진은 그가 20살 때의 얼굴로 배우 강동원과 쏙 빼닮은 모습이였기 때문. 멤버들은 '이때가 더 강동원을 닮았다', '완전 강동원이다'라며 놀라움을 금치 못했습니다.\n화자1]그런가하면 이 날 1박 2일 하차를 앞둔 주원은 이수근과 서귀포 시장을 방문해 오분 자기 뚝곱를 맛보며 폭풍먹방을 선보였습니다. 특히 이 때 이수근은 주원에게 '하루의 시간을 더 주겠다'고 하차에 대한 생각을 바꿀 것을 은근히 제의하는 등 하차에 대한 아쉬움을 드러냈습니다.\n화자2]한편 이 날 방송에서는 제주도로 배낭여행을 떠난 1박 2일 멤버들이 노래자랑에 참가할 시민들을 모으기 위해 동분서주하는 이야기가 전파를 탔다."
  },
  "Annotation": {
    "Summary1": "'해피선데이: 1박 2일'에서 강동원을 닮은 주원의 운전면허증 사진이 공개되어 놀라움을 불러일으켰다.",
    "Summary2": "",
    "Summary3": "'해피선데이: 1박 2일'에서는 멤버들이 제주도로 떠나는 장면이 방송되었다. 공항에서 수속하던 중에 공개된 주원의 운전면허증 사진이 강동원을 빼닮아 멤버들의 놀라움을 불러일으켰다. 한편 이수근은 주원과 함께 시장을 방문하며 주원의 하차에 대한 아쉬움을 표현했다."
  },
  "filename": "SCRIPT-enter-03534-00001.json"
}