{
  "Meta": {
    "doc_id": "SCRIPT-enter-00750",
    "doc_category": "SCRIPT",
    "doc_type": "enter",
    "doc_name": "이영자, 지금까지 결혼 못한 이유?!",
    "author": "KBS",
    "publisher": "KBS",
    "published_year": "2013",
    "doc_origin": "이영자, 지금까지 결혼 못한 이유?!",
    "passage_id": "SCRIPT-enter-00750-00001",
    "passage": "화자1]이영자가 결혼을 앞두고 있는 개그커플 윤형빈, 정경미의 청첩장을 받는 도중 지금까지 자신이 결혼을 못 한 이유를 고백했습니다.\n화자2]22일 결혼식을 앞둔 윤형빈과 정경미는 청첩장을 돌리기 위해 '안녕하세요' 녹화장을 찾았습니다. 이에 신동엽, 컬투는 결혼 선배로서 결혼생활에 대한 진지한 충고를 아끼지 않았는데 반면 아직까지 결혼을 하지 못 한 이영자는 부러움을 감추지 못했는데..\n화자1]특히 이영자는 자신이 지금까지 결혼을 못 한 이유를 고백해 눈길을 끌었습니다. 이영자의 말에 따르면 '남자를 볼 때 그 남자 그대로를 보는 게 아니라, 자꾸만 이 사람이 내 아이의 아빠로서 괜찮은지 생각을 하게 됩니다.' 면서 그러다 보면 자꾸 결점이 보이게 되고 그래서 결국 지금까지 결혼을 하지 못 한 것이라고 합니다.\n화자2]이어 이영자는 윤형빈과 정경미에게 '이 사람이 내 아이의 아빠다. 내 아이의 엄맙습니다.'라고 생각하면서 살았으면 좋겠다고 말하며 훈훈한 마무리를 하는 듯하였으나 이내 '아 나.. (축의금 때문에) 또 적금 깨야 되는 거여~'하면서 농담을 건네기도.\n화자1]한편 이영자의 솔직담백한 고백은 오는 002.24 일요일 오후 05시 <해피선데이 - 남자의 자격>에서 확인할 수 있습니다."
  },
  "Annotation": {
    "Summary1": "윤형빈과 정경미의 청첩장을 받은 이영자가 결혼 못한 이유를 고백한 <해피선데이 - 남자의 자격>이 방영될 예정이다.",
    "Summary2": "",
    "Summary3": "‘안녕하세요’ 녹화장을 찾은 윤형빈과 정경미의 청첩장을 받은 이영자가 자신이 결혼 못한 이유를 고백했다. 남자를 아이의 아빠로 보니 자꾸 결점이 보여 결국 결혼 못한 것이라는 이영자의 고백이 <해피선데이 - 남자의 자격>에서 방송된다."
  },
  "filename": "SCRIPT-enter-00750-00001.json"
}