{
  "Meta": {
    "doc_id": "SCRIPT-enter-01550",
    "doc_category": "SCRIPT",
    "doc_type": "enter",
    "doc_name": "세상 단 하나뿐인 선물이 필요하다면?",
    "author": "KBS",
    "publisher": "KBS",
    "published_year": "2013",
    "doc_origin": "세상 단 하나뿐인 선물이 필요하다면?",
    "passage_id": "SCRIPT-enter-01550-00001",
    "passage": "화자1]5월 가정의 달을 맞이하여 어버이, 스승, 어린이까지 감사와 사랑의 마음을 전해야 할 이들은 한 가득이건만 뻔하지도 않고 흔하지도 않으며 상대방을 생각하는 내 마음이 담겨 있는 선물을 고르기란 언제나 어려운 일입니다.\n화자2]하지만 KBS <황금 카메라>와 함께라면 이야기가 달라집니다. KBS <황금카메라>의 공식 홈페이지 (http://www.kbs.co.kr/2tv/enter/goldencam/)의 ‘힐링 카메라’ 페이지에서는 5월에 감사를 전하고 싶은 소중한 이들 뿐 아니라 고백, 화해, 소원성취 등 그간 마음에 담아두고도 차마 전하지 못했던 사연들을 UCC로 제작해 그 대상에게 전달해주는 특별한 코너를 진행 중에 있습니다.\n화자1]수줍음 때문에 늘 속으로만 생각했던 진심을 상대방에게 전할 수 있는 절호의 기회이자 세상에 단 하나밖에 없는 선물을 완성하고 싶다면 망설이지 말고 지금 당장 KBS <황금카메라>의 ‘힐링 카메라’에 사연을 작성해보길 권유합니다."
  },
  "Annotation": {
    "Summary1": "KBS <황금카메라> 홈페이지의 '힐링 카메라'에서는 가정의 달을 맞아 감사의 마음을 전하는 코너를 진행한다.",
    "Summary2": "",
    "Summary3": "가정의 달을 맞아 KBS <황금카메라> 홈페이지의 '힐링 카메라'에서는 마음을 전하는 코너를 진행한다. 전하고 싶은 감사, 고백 등 사연을 UCC로 제작해 전달하는 것이다."
  },
  "filename": "SCRIPT-enter-01550-00001.json"
}