{
  "Meta": {
    "doc_id": "SCRIPT-enter-02196",
    "doc_category": "SCRIPT",
    "doc_type": "enter",
    "doc_name": "이수근, '대상포진 경고문'으로 남다른 센스 발휘?!",
    "author": "KBS",
    "publisher": "KBS",
    "published_year": "2013",
    "doc_origin": "이수근, '대상포진 경고문'으로 남다른 센스 발휘?!",
    "passage_id": "SCRIPT-enter-02196-00001",
    "passage": "화자1]이수근이 대상포진 경고문을 주제로 한시를 완성했습니다.\n화자2]지난 7일 방송된 KBS 2TV <해피선데이: 1박 2일>에서는 명당특집으로 진행된 가운데 한여름에 얼음을 찾아 경상북도 의성군으로 여행을 떠난 1박 2일 멤버들의 두 번째 이야기가 그려졌습니다.\n화자1]이 날 방송에서는 얼음찾기 레이스에서 승리하면서 왕이 된 엄태웅은 '엄왕이 최고시다'라는 주제 아래 1박 2일 멤버들에게 '기본적으로 나를 찬양하는 글을 써라. 그리고 내 딸의 태명인 맑음이 들어가야하고 엉덩이 바로 밑에 나있는 나의 대상포진을 위로하는 글을 써달라'고 요구했습니다.\n화자2]이에 이수근은 '대상포진은 듣거라. 지금 이 시간이후로 왕의 곁에서 떠나도록 해라. 네 놈이 붙어있는 엉덩이가 어떤 엉덩이인지 아느냐. 지금 떠나준다면 왕의 엉덩이는 '평생 맑음''이라면서 대상포진 경고문을 즉석에서 지어 엄태웅을 흡족하게 만들었습니다.\n화자1]그런가하면 1박 2일의 막내 주원은 이 한시의 주제를 받고 '나는 드라마 '굿닥터'에 출연예정인 소아외과 의사 주원입니다. 전하께서 현재 대상포진을 앓고 계셔서 맑음이에게 피해를 입힐까, 걱정하신다 들었습니다.'며 자신이 출연할 드라마 <굿닥터>를 깨알같이 홍보에 나서 웃음을 자아냈습니다.\n화자2]한편 이 날 방송에서는 이수근과 차태현이 영화 <왕의 남자> 속의 줄타기를 완벽 재연해 시청자들의 이목을 집중시켰습니다.\n화자1]* 캡쳐 이미지를 누르면 찜 동영상을 볼 수 있습니다."
  },
  "Annotation": {
    "Summary1": "<1박 2일> 멤버들이 얼음 찾기 레이스 승리자 엄태웅의 요구대로 재치 넘치는 한시를 지어 시청자에게 웃음을 안겼다.",
    "Summary2": "",
    "Summary3": "KBS <1박 2일>에서 얼음 찾기 레이스 승리로 왕이 된 엄태웅이 자신을 찬양하는 글을 쓰되 딸의 태명인 '맑음'과 자신의 대상포진에 대한 위로가 포함될 것을 주문했다. 이수근의 재치 넘치는 한시에 엄태웅은 흡족해 했고 주원은 자신의 드라마 '굿닥터'를 홍보하는 한시로 웃음을 자아냈다."
  },
  "filename": "SCRIPT-enter-02196-00001.json"
}