{
  "Meta": {
    "doc_id": "SCRIPT-enter-01232",
    "doc_category": "SCRIPT",
    "doc_type": "enter",
    "doc_name": "극한에 다다른 세 남자의 충돌 '분노의 총격전'",
    "author": "KBS",
    "publisher": "KBS",
    "published_year": "2013",
    "doc_origin": "극한에 다다른 세 남자의 충돌 '분노의 총격전'",
    "passage_id": "SCRIPT-enter-01232-00001",
    "passage": "화자1]오늘밤(10일) 방송되는 ‘아이리스Ⅱ’ 17회 방송에서는 유건(장혁 분)과 마주하게 된 중원(이범수 분)이 ‘이번에는 결판을 짓자’고 선전포고를 하게 되며 피의 총격전이 펼쳐지게 되는 것.\n화자2]유건은 머릿속에 남아있는 총알 파편으로 인해 인격변화는 물론 감정제어가 불가능한 상태, 이에 그를 지배하고 있는 중원을 향한 증오심이 폭발하게 될 것을 예고해 긴장감을 높이고 있습니다.\n화자1]특히 이번 사투는 두 사람뿐만이 아닌 백산(김영철 분)마저 뛰어들게 될 예정인만큼, 부자의 복수혈전이 어떤 결과를 초래하게 될지 귀추가 주목되고 있습니다.\n화자2]또한 유건이 그토록 집요하게 찾아내려 애썼던 중원의 아지트를 무슨 수로 알아낸 것인지, 그리고 중원의 일행이 삼엄하게 분포되어있는 위험지대에 홀로 잠입하게 된 정황에 대한 궁금증을 증폭시키고 있습니다.\n화자1]세 사람은 서로에 대한 살의를 폭발시킬 예정으로, 피가 난무하는 이들의 살벌한 전쟁속에 어떤 위험이 도사리고 있을지 불안감을 조성하고 있습니다.\n화자2]한편 장혁-이범수-김영철의 분노의 총격전이 잔혹하게 그려질 ‘아이리스Ⅱ’ 17회는 오늘 밤 10시에 방송됩니다."
  },
  "Annotation": {
    "Summary1": "10일 방송될 ‘아이리스Ⅱ’에서 중원과 유건의 총격전에 백산까지 합세해 서로에 대한 살의를 폭발시킨다.",
    "Summary2": "",
    "Summary3": "10일 방송되는 ‘아이리스Ⅱ’에서 중원이 유건에게 ‘이번에는 결판을 짓자’고 선전포고를 하며 총격전이 펼쳐진다. 이번 사투에는 백산마저 뛰어들게 되어 귀추가 주목되는데, 세 사람은 서로에 대한 살의를 폭발시킨다."
  },
  "filename": "SCRIPT-enter-01232-00001.json"
}