{
  "Meta": {
    "doc_id": "SCRIPT-enter-00784",
    "doc_category": "SCRIPT",
    "doc_type": "enter",
    "doc_name": "야망남' 조현재, 박하선 향한 그의 진심은 무엇?",
    "author": "KBS",
    "publisher": "KBS",
    "published_year": "2013",
    "doc_origin": "야망남' 조현재, 박하선 향한 그의 진심은 무엇?",
    "passage_id": "SCRIPT-enter-00784-00001",
    "passage": "화자1]KBS 월화드라마 ‘광고천재 이태백’(극본 설준석, 이재하, 이윤종/ 연출 박기호, 이 소연/ 제작 래몽래인)의 조현재가 박하선을 송두리째 흔듭니다.\n화자2]지난 방송에서 애디 강(조현재 분)은 지윤(박하선 분)이 좋아하는 클라이밍을 함께 즐기며 자상한 면을 어필, 호감을 표시했습니다. 또한 사귀는 사람이 없다는 지윤에게 ‘다행입니다. 나도 사귀는 사람은 없는데 요즘 관심 가는 사람이 생겼다’라는 의미심장한 발언으로 지윤을 설레게 만들었습니다.\n화자1]그런 가운데 오늘(25일) 방송되는 7회에서 조현재(애디 강 역)가 박하선(백지윤 역)의 마음을 뒤흔드는 깜짝 발언을 할 예정입니다.\n화자2]‘광고천재 이태백’의 한 관계좌는 '애디 강의 발언이 지윤에게 어떤 영향을 미치게 될지 많은 관심 부탁 드리며 오늘 방송은 네 주인공의 변화가 생기는 중요한 회차로서 더욱 긴장감 있는 전개가 이어질 예정이니 기대 부탁 드린다'고 전했습니다.\n화자1]한편, 지윤을 뒤흔들 애디 강의 깜짝 발언이 공개될 KBS 월화드라마 ‘광고천재 이태백’ 7회는 오늘(25일) 밤 10시에 방송됩니다."
  },
  "Annotation": {
    "Summary1": "‘광고천재 이태백’ 관계자는 오늘 애디강의 말이 지윤을 어떻게 변화시킬지와 네 주인공의 변화를 기대해 달라고 했다.",
    "Summary2": "",
    "Summary3": "KBS 월화드라마 ‘광고천재 이태백’ 지난 방송에서 애디강은 지윤에게 호감을 보였다. 드라마 관계자는 오늘 애디강의 말이 지윤에게 어떤 변화를 가져올지 그리고 네 주인공의 변화가 생기는 중요 회차이니 기대해 달라고 했다."
  },
  "filename": "SCRIPT-enter-00784-00001.json"
}