{
  "Meta": {
    "doc_id": "SCRIPT-enter-01835",
    "doc_category": "SCRIPT",
    "doc_type": "enter",
    "doc_name": "최강창민, 일본서 볼링 에버리지 200점 돌파",
    "author": "KBS",
    "publisher": "KBS",
    "published_year": "2013",
    "doc_origin": "최강창민, 일본서 볼링 에버리지 200점 돌파",
    "passage_id": "SCRIPT-enter-01835-00001",
    "passage": "화자1]최강창민의 볼링 홀릭이 국내를 넘어 아시아까지 퍼지고 있습니다. KBS 2TV '우리 동네 예체능'은 인천 동춘동 히어로즈팀과 박빙의 볼링 승부를 펼치는 가운데 최강창민의 볼링 에버리지가 공개돼 눈길을 끌고 있습니다.\n화자2]공개된 스틸은 최강창민이 볼링 에버리지 최고 기록을 달성한 후 '우리 동네 예체능' 제작진에게 인증컷을 보내온 것. 현재 203점을 기록하고 있는 인증컷은 5프레임에서 8프레임까지 4연속 스트라이크인 포 배가(4 Bagger)를 달성했습니다. 이에, 탁멍(탁구멍청이)에서 볼멍(볼링멍청이)이라 불렸던 최강창민의 성적이 맞나 놀라움을 자아내게 할 정도다.\n화자1]특히, 본 기록은 국내가 아닌 일본 볼링장에서 이룬 것으로 월드스타의 위엄을 보이고 있습니다. 최강창민은 일본 공연 중에도 틈틈이 볼링장을 찾아 볼링 연습으로 구슬땀을 흘리고 있다는 후문입니다.\n화자2]이에, 불과 얼마 전까지 볼링 레일에 서면 어김없이 미끄러져 '3단 몸개그 굴욕'까지 당했던 최강창민의 놀라운 변화에 다음 경기에 대한 기대감을 높이고 있습니다. 또한, 꾸준히 고득점을 올리고 있는 상황에도 연습을 게을리 하지 않는 등 한 단계씩 성장해나가는 진정성 있는 모습을 보이고 있습니다.\n화자1]'우리 동네 예체능' 제작진은 '최근 볼링에 임하는 최강창민의 눈은 레이저가 나올 것처럼 진지합니다. 특히, 뒤늦은 볼링 사랑으로 촬영이 없을 때나 해외에서도 볼링 삼매경에 빠진 것으로 알려져 제작진조차 놀랄 정도. 예체능팀의 막내 최강창민이 나날이 성장해가는 모습을 지켜봐달라'며 '다음주 인천 동춘동 히어로즈와의 경기에서는 놀라운 변화를 보여줄 것'이라고 전했습니다.\n화자2]최강창민의 여정은 이제 시작입니다. 아직은 형들에 비해 부족한 실력이지만 매 경기 성심 성의껏 준비한 최강창민. 볼멍(볼링 멍청이)에서 숨은 에이스로 거듭난 최강창민의 성장 스토리가 어떻게 그려질지 그의 활약을 기대 해봅니다.\n화자1]멘탈 스포츠 볼링을 통해 가슴 찡한 감동을 선사하는 '우리 동네 예체능'은 운동을 즐기는 이웃과의 스포츠 대결을 통해 건강과 행복을 증진시키는 프로그램. 화요일 오후 11시20분 방송."
  },
  "Annotation": {
    "Summary1": "아시아까지 퍼진 볼링 홀릭 최강창민의 203점을 기록한 볼링 에버리지가 공개돼 눈길을 끌고 있다.",
    "Summary2": "",
    "Summary3": "국내를 넘어 아시아까지 퍼진 볼링 홀릭 최강창민의 에버리지가 공개되며 눈길을 끌고 있다. 최강창민은 5프레임에서 8프레임까지 4연속 스트라이크인 포 배가를 달성해 203점을 기록한 인증컷을 '우리 동네 예체능' 제작진에 보냈다. 부족한 실력이지만 경기마다 성심 성의껏 준비해 볼멍(볼링 멍청이)에서 숨은 에이스로 거듭난 최강창민의 성장 스토리가 어떻게 펼쳐질지 활약이 기대된다."
  },
  "filename": "SCRIPT-enter-01835-00001.json"
}