{
  "Meta": {
    "doc_id": "SCRIPT-enter-03081",
    "doc_category": "SCRIPT",
    "doc_type": "enter",
    "doc_name": "에일리, 명불허전 '불명'의 디바로 남진편 1부 우승",
    "author": "KBS",
    "publisher": "KBS",
    "published_year": "2013",
    "doc_origin": "에일리, 명불허전 '불명'의 디바로 남진편 1부 우승",
    "passage_id": "SCRIPT-enter-03081-00001",
    "passage": "화자1]에일리가 <불후의 명곡> 남진편 1부 우승을 거머쥐었습니다.\n화자2]지난 14일 방송된 KBS 2TV <불후의 명곡>에서는 오빠 특집 3탄으로 에일리, EXO, 아이비, 제국의 아이들, 레드애플, 정동하, JK김동욱, 양동근, 조장혁 등 초호화 라인업의 가수들이 총출동한 70년대 오빠 '남진'편 1부가 그려졌습니다.\n화자1]이 날 방송에서 오랜만에 <불후의 명곡> 무대를 찾은 에일리는 남진의 '빈 잔'을 선곡했습니다. 특유의 폭발적이고 풍부한 성량으로 객석의 몰입도를 한껏 끌어올린 것은 물론 의자를 이용한 섹시한 퍼포먼스로 더욱 시선을 잡아끌었습니다.\n화자2]뿐만 아니라 에일리는 마술사 모자와 지팡이 등 소품을 이용하며 무대를 풍성하게 꾸민 것은 물론 곡 중간 하이힐을 벗어던지고 맨발로도 무대를 장악하는 압도적인 카리스마로 스튜디오의 환호성을 자아냈습니다.\n화자1]이처럼 열정을 다한 에일리의 무대는 남진의 최고 히트곡으로 손꼽히는 '님과 함께'로 데뷔 이래 첫 트로트를 부른 EXO를 단 5표차이로 제치고명곡판정단으로부터 386표를 획득하면서 <불후의 명곡> 남진편 1부 우승을 차지했습니다. 이로써 에일리는 다음주에 등장하는 가수들과 새로운 대결을 펼쳐나가게 됐습니다.\n화자2]한편 이 날 방송에서는 오랜만에 <불후의 명곡>을 찾은 아이비가 농염한 퍼포먼스로 시청자들의 이목을 집중시켰습니다."
  },
  "Annotation": {
    "Summary1": "지난 14일 방영된 <불후의 명곡> '남진'편 1부에서 '빈 잔'을 선곡한 에일리가 EXO를 제치고 우승했다.",
    "Summary2": "",
    "Summary3": "지난 14일 방영된 <불후의 명곡> '남진'편 1부에서 에일리가 우승을 차지했다. 이 날 에일리는 남진의 '빈 잔'을 선곡해 폭발적인 성량과 섹시한 퍼포먼스로 눈길을 끌었다. 결국 에일리는 '님과 함께'를 부른 EXO를 단 5표 차이로 추월하고 우승을 차지했다."
  },
  "filename": "SCRIPT-enter-03081-00001.json"
}