{
  "Meta": {
    "doc_id": "SCRIPT-enter-01078",
    "doc_category": "SCRIPT",
    "doc_type": "enter",
    "doc_name": "PD대상 실험정신상의 주인공은...",
    "author": "KBS",
    "publisher": "KBS",
    "published_year": "2013",
    "doc_origin": "PD대상 실험정신상의 주인공은...",
    "passage_id": "SCRIPT-enter-01078-00001",
    "passage": "화자1]지난 14일 서울 여의도 KBS신관 스튜디오에서 열린 제 25회 한국PD대상 시상식에서 MBC경남의 특집다큐 <사투리의 눈물>과 CBS의 <2012 대한민국 소리여행 – 장인, 생각하는 손>이 각각 TV부문과 라디오오부문 실험정신상을 수상했습니다. 이날 시상은 장성환 KBS콘텐츠본부장과 탤런트 채시라가 맡았습니다.\n화자2]한편 이날 최고상인 한국PD대상 선정 ‘올해의 피디상’은 '개그콘서트‘의 연출을 담당한 KBS서수민 피디에게 돌아갔습니다. 한국PD대상 시상식은 오늘(18일) 오후 02시10분부터 KBS 1TV에서 녹화방송됩니다.\n화자1]실험정신상 TV부문 = CBS <2012 대한민국 소리여행 – 장인, 생각하는 손>.\n화자2]실험정신상 라디오부문 = MBC경남 특집다큐 <사투리의 눈물>."
  },
  "Annotation": {
    "Summary1": "한국 PD 대상 시상식에서 서수민이 올해의 피디상을, 실험정신상은 CBS와 MBC가 각각 받았다.",
    "Summary2": "",
    "Summary3": "여의도 KBS 신관 스튜디오에서 열린 제25회 한국 PD 대상 시상식에서 올해의 피디상은 개그콘서트의 서수민이, 실험정신상은 CBS와 MBC가 각각 받았다."
  },
  "filename": "SCRIPT-enter-01078-00001.json"
}