{
  "Meta": {
    "doc_id": "SCRIPT-enter-02537",
    "doc_category": "SCRIPT",
    "doc_type": "enter",
    "doc_name": "광희, 김예림에게 구애(?) '우리 집에 놀러오세요'",
    "author": "KBS",
    "publisher": "KBS",
    "published_year": "2013",
    "doc_origin": "광희, 김예림에게 구애(?) '우리 집에 놀러오세요'",
    "passage_id": "SCRIPT-enter-02537-00001",
    "passage": "화자1]이날 녹화에는 철없는 부모님 때문에 고민이라는 20대 남성이 출연했습니다. 주인공은 '철없는 엄마 아빠 대신 내가 부모 노릇을 해야 합니다. 술 취한 엄마를 업고 집에 온 적도 여러 번'이라며 고민을 털어놨습니다.\n화자2]이 사연과 관련해 MC들은 '부모님이 철없다고 느껴질 때가 있냐'며 질문을 던졌습니다. 이에 광희는 '얼마 전, 팔찌를 샀는데 부모님이 서로 갖겠다며 실랑이를 벌였는데 그 모습이 아이 같았다'고 이야기 해 웃음을 자아냈습니다. 함께 출연한 김예림은 '저희 부모님은 워커홀릭이셔서 철없는 모습을 본 적이 없다'고 말문을 열었습니다.\n화자1]이에 광희는 '그럼 우리 엄마한테 한 번 오세요'라고 했고, 광희의 깜짝 발언에 MC와 방청객 모두가 깜짝 놀랐다는 후문.\n화자2]제국의 아이들과 김예림은 고민 사연자들의 이야기에 경청하며, 자신들의 경험담을 과감하게 밝혀 녹화 분위기에 활력을 더했다는 후문.\n화자1]한편 광희의 재치 넘치는 발언은 오는 08월 05일 월요일 밤 11시15분 KBS2TV 대국민 토크쇼 <안녕하세요>에서 확인할 수 있습니다."
  },
  "Annotation": {
    "Summary1": "'안녕하세요'에서 광희가 워커 홀릭인 부모를 둔 김예림에게 철이 없는 자신의 모친한테 한번 오라고 말했다.",
    "Summary2": "",
    "Summary3": "'안녕하세요'에서 광희는 부모님이 아이 같은 면이 있다고 밝혔다. 그러자 김예림이 일을 좋아하는 자신의 부모님은 그렇지 않다고 말했다. 그러자 광희는 그럼 자신의 모친에게 한번 오라고 했다."
  },
  "filename": "SCRIPT-enter-02537-00001.json"
}