{
  "Meta": {
    "doc_id": "SCRIPT-enter-02376",
    "doc_category": "SCRIPT",
    "doc_type": "enter",
    "doc_name": "김남길, 정인기 정체에 '혼란' 복수는 어떻게 되나",
    "author": "KBS",
    "publisher": "KBS",
    "published_year": "2013",
    "doc_origin": "김남길, 정인기 정체에 '혼란' 복수는 어떻게 되나",
    "passage_id": "SCRIPT-enter-02376-00001",
    "passage": "화자1]김남길이 정인기의 진짜 정체를 알게 됐습니다.\n화자2]지난 23일 방송된 KBS 2TV 월화드라마 <상어>에서는 한이수(김남길)이 억울한 죽음를 당한 아버지 한영만(정인기)의 복수를 행하는 가운데 사실은 아버지 역시 누군가의 생명를 위협한 고문기술자였다는 것를 알고 충격를 받는 모습이 그려졌습니다.\n화자1]이 날 방송에서 이수는 과거 아버지와 함께 경찰로 근무했던 지인를 만나 내막를 듣게 됩니다. 바로 아버지가 광주시위진압를 했던 사람이었으며 그 후에 동생 한이현(남보라)를 납치했던 암살자X 최병기(기국서)와 고문기술관으로 악명를 떨쳤다는 이야기였습니다.\n화자2]이어 아버지의 충격적인 비화는 거기서 끝이 아니었습니다. 이수의 친구로 곁에서 도움를 줬던 친구 김수현(이수혁)의 아버지 강희수(최덕문)를 죽인 것 역시 고문관 '그림자'인 이수의 아버지였던 것.\n화자1]특히 이수는 이같은 사실에 거리에서 주저앉아 믿기 힘든 진실 앞에 오열하고 말았습니다. 하지만 이수는 이내 어지러운 속내를 정리하고 '돌아보지 말자. 끝를 내야합니다.'며 시작한 복수를 멈추지 않겠다는 기색를 보였습니다.\n화자2]한편 이 날 방송에서는 오준영(하석진)과 싸움 끝에 술를 마시고 이수를 찾아간 조해우(손예진)이 그에게 투정를 부리는 이야기가 전파를 탔다.\n화자1]* 캡쳐 이미지를 누르면 찜 동영상를 볼 수 있습니다."
  },
  "Annotation": {
    "Summary1": "'상어'에서 한이수는 아버지가 고문기술관이었으며 친구의 아버지를 죽였다는 사실을 알게 되었다.",
    "Summary2": "",
    "Summary3": "'상어'에서 아버지의 복수를 하던 한이수는 지인을 통해 아버지 한영만이 고문기술자였다는 사실을 듣고 놀란다. 또한 자신의 곁에서 도움을 준 친구 김수현의 아버지 또한 자신의 아버지가 죽였다는 사실을 알게 된다. 이에 오열하던 한이수는 복수를 멈추지 않으려는 모습을 보였다."
  },
  "filename": "SCRIPT-enter-02376-00001.json"
}