{
  "Meta": {
    "doc_id": "SCRIPT-enter-03049",
    "doc_category": "SCRIPT",
    "doc_type": "enter",
    "doc_name": "인피니트 성규, 요트 줄 묶는 실력 수준급 '줄규' 등극",
    "author": "KBS",
    "publisher": "KBS",
    "published_year": "2013",
    "doc_origin": "인피니트 성규, 요트 줄 묶는 실력 수준급 '줄규' 등극",
    "passage_id": "SCRIPT-enter-03049-00001",
    "passage": "화자1]인피니트의 성규가 '줄규'로 등극했습니다.\n화자2]지난 11일 첫 방송된 KBS 2TV 파일럿 프로그램 <바라던 바다>에서는 신현준, 남희석, 이훈, 정형돈, 정겨운, 인피니트의 성규가 한 팀를 이뤄 바다로 나가는 모습이 그려진 가운데 본격적인 출발에 앞서 요트에 대한 지식과 실전체험에 나선 출연진의 이야기가 전파를 탔다.\n화자1]이 날 첫 방송된 KBS <바라던 바다>는 국내 예능 최초 바다를 배경으로 한 리얼 버라이어티 프로그램으로 여섯남자들이 바다위에서 요트를 타고 벌이는 생생하고 독특한 여행기를 담아낼 예정입니다.\n화자2]이어 처음으로 한자리에 모인 <바라던 바다> 멤버들앞에 정겨운이 '예능이 익숙지 않아서 배우러 나왔습니다.'고 전하자 성규는 '내가 예능를 알려주겠습니다. 나만 믿어라.'라고 능청스럽게 말하며 좌중를 폭소케했습니다.\n화자1]계속해서 성규는 바다로 나가 요트에 대해 체험를 하던 도중 요트의 줄를 능수능란하게 다루며 남다른 기량를 뽐내 '줄규'라는 애칭까지 얻었습니다. 성규를 지켜보던 멤버들은 '줄규가 성장하고 있습니다.'며 아낌없는 칭찬를 남기기도.\n화자2]그러나 성규는 막상 자신를 응원하기 위해 요트를 깜짝 방문한 같은 팀 동료 우현과 동우 앞에서는 앞에서처럼 능숙하게 줄를 다루지 못하는 허당스러운 매력를 뽐내며 시청자들에게 큰 웃음를 선사했습니다.\n화자1]한편 이 날 방송에서는 남희석의 두 딸과 영상통화를 하는 장면이 공개되면서 시청자들의 이목를 집중시켰습니다."
  },
  "Annotation": {
    "Summary1": "<바라던 바다>는 바다를 배경으로 한 프로그램으로 성규는 요트의 줄을 익숙하게 다루며 '줄규'라는 별명을 얻었다.",
    "Summary2": "",
    "Summary3": "KBS 2TV 파일럿 프로그램 <바라던 바다>는 국내 예능 최초 바다를 배경으로 한 리얼 버라이어티 프로그램으로 여섯 남자들이 요트를 타고 벌이는 독특한 여행기이다. 성규는 바다에서 요트에 대해 체험을 하던 도중 요트의 줄을 익숙하게 다루며 남다른 기량을 뽐내 '줄규'라는 별명을 얻었다."
  },
  "filename": "SCRIPT-enter-03049-00001.json"
}