{
  "Meta": {
    "doc_id": "SCRIPT-enter-01802",
    "doc_category": "SCRIPT",
    "doc_type": "enter",
    "doc_name": "홍진희, 오승은 '별주부' 발언에 머리채 잡아?!",
    "author": "KBS",
    "publisher": "KBS",
    "published_year": "2013",
    "doc_origin": "홍진희, 오승은 '별주부' 발언에 머리채 잡아?!",
    "passage_id": "SCRIPT-enter-01802-00001",
    "passage": "화자1]홍진희가 오승은의 머리채를 잡았습니다.\n화자2]지난 3일 방송된 KBS 1TV 일일 연속극 (극본 김현희, 연출 김명욱)에서는 이예린(이해인)의 친모 장미화(홍진희)가 김주희(심혜진)의 집에서 요양을 하게 된 모습이 그려졌습니다.\n화자1]이 날 방송에서 간이식 수술을 위해 체력회복이 필요하다고 진단받은 미화는 주희의 허락하에 그녀의 집에서 머무르게 됐습니다. 환자인 미화의 병수발을 드는 것은 자연스럽게 오영아(오승은)의 차지로 돌아갔습니다.\n화자2]하지만 영아를 정작 스트레스 받게하는 것은 바로 미화의 태도, 미화는 자신의 처지도 모른 채 영아가 차려준 식사에 대해 잔소리를 늘어놓는 등 안하무인의 행동으로 영아의 눈살을 찌푸리게 만들었습니다.\n화자1]이어 미화는 영아가 제 시간에 물을 가져다 주지 않았다는 이유로 영아에게 '새대가리'라는 모욕적인 발언을 내뱉었습니다. 그러자 화가 난 영아는 '내가 그 쪽에게 별 주부라고 하면 좋겠느냐. 아가씨는 토끼고 아줌마는 별주부가 맞지 않느냐.'며 지지않고 응수했습니다.\n화자2]그러자 미화는 영아의 머리채를 잡고 흔들기 시작했습니다. 그 때 집에 들어오던 주희와 예린이 두 사람을 보고 뜯어말려 겨우 사태가 진정되었고 영아는 '난 이 여자 뒤치닥거리하면서 못 산다.'고 말했습니다.\n화자1]한편 이 날 방송에서는 최세영(박세영)이 최일영(임 지은)에게 아나운서 시험을 포기하겠다고 털어놔 시청자들의 이목을 집중시켰습니다.\n화자2]* 캡쳐 이미지를 누르면 찜 동영상을 볼 수 있습니다."
  },
  "Annotation": {
    "Summary1": "일일연속극에서 주희의 집에서 요양하는 미화에게 화난 영아는 미화를 별주부라고 하고 미화는 영아의 머리채를 잡는다.",
    "Summary2": "",
    "Summary3": "일일 연속극에서 예린의 친모 미화는 간 이식 수술을 위해 김주희의 집에서 요양하고, 영아가 병수발을 든다. 미화는 영아가 물을 빨리 주지 않는다고 욕을 한다. 화가 난 영아는 미화를 별주부전에 견주어 말하고 미화는 영아의 머리채를 잡고 싸운다. 영아는 싸움을 말리는 주희에게 미화의 시중을 못 든다고 한다."
  },
  "filename": "SCRIPT-enter-01802-00001.json"
}