{
  "Meta": {
    "doc_id": "SCRIPT-enter-02395",
    "doc_category": "SCRIPT",
    "doc_type": "enter",
    "doc_name": "종갓집 막내' 하연주, ‘순백의 레이스 여신’ 파격 변신",
    "author": "KBS",
    "publisher": "KBS",
    "published_year": "2013",
    "doc_origin": "종갓집 막내' 하연주, ‘순백의 레이스 여신’ 파격 변신",
    "passage_id": "SCRIPT-enter-02395-00001",
    "passage": "화자1]배우 하연주가 ‘순백의 레이스 여신’으로 파격 변신했습니다.\n화자2]하연주가 보그걸 8월호 화보를 통해 올 시즌 S/S 트렌드인 화이트톤 ‘베일드룩’을 완벽히 소화하며 시크하면서도 여성스러운 매력을 발산한 것. 보일 듯 말 듯한 는밀한 매력의 화이트 톤 레이스 원피스를 입고 슬릿 디테일 화이트 스커트를 레이어드 해 지금까지 와는 또 다른 매혹적인 모습을 드러냈습니다.\n화자1]무엇보다 하연주는 자연스럽게 늘어트린 웨이브 헤어와 몸에 딱 맞아 떨어지는 우아하면서도 감각적인 화이트 레이스 원피스 차림으로 촬영장에 등장, 현장을 설레게 만들었던 상태. 하연주의 모습을 접한 스태프들는 '우아한 레이스 여신이 나타났다'며 입을 모아 극찬을 아끼지 않았습니다.\n화자2]현장의 기대에 부응하듯 하연주는004시간 동안 이어진 촬영 내내 다양한 얼굴표정과 엣지 있는 포즈를 선보이며 ‘팔색조 매력’을 발산했습니다. 시종일관 유쾌하고 발랄한 웃음으로 러블리한 매력을 표출하는 하연주의 모습이 현장의 포토그래퍼와 스태프들의 눈길을 사로잡았다는 후문입니다.\n화자1]그런가 하면 하연주는 KBS 일일극 ‘지성이면 감천’에서는 천진난만한 성격을 가진 종갓집 막내딸 한기는 역을 맡아 엉뚱하고 귀여운 ‘4차원 여대생’으로 맹활약을 펼치고 있습니다.\n화자2]한편 하연주가 열연 중인 드라마 ‘지성이면 감천’는 매주 월~금 저녁 08시25분 KBS 1TV를 통해 방송됩니다."
  },
  "Annotation": {
    "Summary1": "하연주는 보그걸 화보 촬영장에서 '베일드 룩' 스타일로 팔색조 같은 매력을 뽐내며 순백의 레이스 여신으로 변신했다.",
    "Summary2": "",
    "Summary3": "하연주가 보그걸 8월 호 화보에서 화이트톤 '베일드 룩'을 완벽히 살리며 '순백의 레이스 여신'으로 변신했다. 하연주는 촬영장에 웨이브 헤어와 화이트 레이스 원피스 차림으로 나타나 촬영 시간 내내 다양한 표정과 포즈로 팔색조 같은 매력을 뽐내며 사람들의 눈길을 사로잡았다."
  },
  "filename": "SCRIPT-enter-02395-00001.json"
}