{
  "Meta": {
    "doc_id": "SCRIPT-enter-00447",
    "doc_category": "SCRIPT",
    "doc_type": "enter",
    "doc_name": "최정윤, 김동완과의 관계 고민에 '심란해져'",
    "author": "KBS",
    "publisher": "KBS",
    "published_year": "2013",
    "doc_origin": "최정윤, 김동완과의 관계 고민에 '심란해져'",
    "passage_id": "SCRIPT-enter-00447-00001",
    "passage": "화자1]최정윤이 김동완과의 관계를 고민했습니다.\n화자2]지난 31일 방송된 KBS 1TV 일일 연속극 <힘내요 미스터 김> (극본 조정주, 연출 홍석구 김종연)에서는 천지영(최정윤)이 주변 상황들로 인해 김태평(김동완)과의 사이에 대해 고민하는 모습이 그려졌습니다.\n화자1]이 날 방송에서는 지영이 동료 교사들과 만난 자리에서 결혼 소식을 전하는 동료 교사를 보고 자신의 처지를 뒤돌아 보게 됐습니다. 또 동료 교사는 지영에게 '이 남자다 싶으면 딱 잡아라. 둘만 좋으면 되는 거지 뭐가 더 중요하느냐.'며 조언을 건넸습니다.\n화자2]이어 지영은 버스 정류장에 마중을 나온 태평을 보고 '우리도 남들 눈에 예쁘게 보이면 좋겠습니다.'고 털어놨습니다. 그런 지영에게 태평은 '내가 더 노력하겠습니다.'며 지영을 위로했고 지영이 무언가 더 말을 건네려던 찰나 태평이네 아이들이 등장해 대화는 여기서 끊기고 말았습니다.\n화자1]한편 이 날 방송에서는 백건욱(양진우)이 헤어짊을 선언한 이우경(왕지혜)의 마음을 돌리려 노력했습니다.\n화자2]* 캡쳐 이미지를 누르면 찜 동영상을 볼 수 있습니다. *."
  },
  "Annotation": {
    "Summary1": "연속극 '힘내요 미스터 김'의 지난 방송에서 동료 교사의 조언을 들은 지영은 태평과의 관계에 대해 생각하게 되었다.",
    "Summary2": "",
    "Summary3": "연속극 '힘내요 미스터 김'의 지난 방송에서 지영이 태평과의 관계에 대해 생각하는 장면이 나왔다. 동료 교사의 결혼 소식과 조언을 들은 지영은 마중 나온 태평에게 자신들도 남들 눈에 보기 좋은 커플이 되었으면 좋겠다고 말했다."
  },
  "filename": "SCRIPT-enter-00447-00001.json"
}