{
  "Meta": {
    "doc_id": "SCRIPT-enter-03317",
    "doc_category": "SCRIPT",
    "doc_type": "enter",
    "doc_name": "지성, 황정음에 싸늘한 협박 '안에 있을 때 편하게 지내'",
    "author": "KBS",
    "publisher": "KBS",
    "published_year": "2013",
    "doc_origin": "지성, 황정음에 싸늘한 협박 '안에 있을 때 편하게 지내'",
    "passage_id": "SCRIPT-enter-03317-00001",
    "passage": "화자1]지성이 황정음에게 본격적으로 복수의 손길을 뻗쳤습니다.\n화자2]지난 3일 방송된 KBS 2TV 수목드라마 <비밀>에서는 조민혁(지성)이 자신의 연인과 뱃속의 아이까지 뺑소니 사고로 죽인 범인이라고 생각하는 강유정(황정음)이 있는 교도소로 직접 면회를 오는 모습이 그려졌습니다.\n화자1]이 날 방송에서 유정은 검사가 된 남자친구 안도훈(배수 빈)대신 뺑소니범의 죄를 뒤집어 쓴 채 복역중으로 그 안에서 도훈의 아이까지 낳아 감방 동료들의 따가운 시선을 견디며 가석방에 대한 희망으로 힘겨운 하루하루를 버티고 있는 상황.\n화자2]이어 유정은 젊은 남자가 면회를 왔다는 소식에 초라한 자신의 모습을 보여줄 수 없어 인주까지 바른 채 나름 치장을 하고 나갔지만 민혁이 온 것을 보고 소스라치게 놀랐습니다. 민혁은 유정에게 '오랜만입니다. 대리'라며 과거의 인연을 회상시키는 인삿말로 말문을 열었습니다.\n화자1]또 민혁은 '살기 좋은가보다. 얼굴이 더 좋아졌습니다. 안에 있을 때 편하게 지내라. 바깥으로 나오면 상당히 불편해질 거다'라고 협박을 했습니다. 이에 유정이 '나한테 왜 이러느냐. 왜 여기까지 찾아와서 이러느냐?'고 묻자 '왜 이럴까 궁금하지? 시간 많으니까 천천히 생각해봐라'며 여유 있는 미소로 유정을 압박했습니다.\n화자2]계속해서 유정에게 복수하기 위한 민혁의 움직임은 곳곳에서 곧 흔적을 드러냈습니다. 유정의 가석방 심사에 훼방을 놓는 것은 물론 미리 매수한 유정의 감방 동료에게 일부러 아이를 떄리게 만들어 유정을 아동학대죄로 몰아넣으며 그녀에게 아이까지 빼앗어버린 것.\n화자1]이에 누명을 쓰고 아이까지 빼앗기자 이성을 잃은 유정은 온 몸으로 분노를 터뜨리면서 민혁이 원했던대로 복수의 계획은 술술 흘러갔습니다. 또 도훈에게 검사로써 승승장구할 수 있는 제안을 건네며 그가 유정의 가석방 여부에 대해 반대하도록 일을 꾸미는 잔인한 일도 서슴지 않았습니다.\n화자2]한편 이 날 방송에서는 교도소를 나와 도훈과 재회하는 유정의 이야기가 전파를 타면서 앞으로의 전개에 대한 기대감을 한층 더 증폭시켰습니다."
  },
  "Annotation": {
    "Summary1": "드라마 '비밀'에서 조민혁이 강유정을 만나러 그녀가 복역 중인 교도소로 면회 가는 장면이 방영됐다.",
    "Summary2": "",
    "Summary3": "드라마 '비밀'에서 조민혁이 자신의 연인과 뱃속 아이까지 뺑소니 사고로 죽인 범인이라 생각하는 강유정이 있는 교도소로 직접 면회 오는 모습이 그러졌다. 유정은 검사가 된 남자친구 안도훈 대신 뺑소니 범죄를 뒤접어 쓰고 복역 중이다. 민혁이 유정에게 복수하기 위한 계획이 술술 달성되어 갔고 그는 도훈에게 유정의 가석방 여부에 대해 반대하도록 하는 잔인한 일도 서슴지 않았다."
  },
  "filename": "SCRIPT-enter-03317-00001.json"
}