{
  "Meta": {
    "doc_id": "SCRIPT-enter-02423",
    "doc_category": "SCRIPT",
    "doc_type": "enter",
    "doc_name": "방학에 찾아온 인형발레 ‘백조의 호수’",
    "author": "KBS",
    "publisher": "KBS",
    "published_year": "2013",
    "doc_origin": "방학에 찾아온 인형발레 ‘백조의 호수’",
    "passage_id": "SCRIPT-enter-02423-00001",
    "passage": "화자1]어린이들이 손꼽아 기다리는 여름방학이 본격적으로 시작되었습니다. 장마와 무더위가 번갈아 기습을 하는 요즘 어린이에게 가장 큰 선물은 아마도 일상(?)을 벗어난 재미와 감동을 안겨주는 것. 산과 들로 나가는 것도 좋고 좋은 공연과 전시회를 찾는 것도 한 방법입니다. 여름을 맞아 많은 볼거리가 준비되어 있는데 특별한 공연 하나를 소개합니다. 인형발레극 ‘백조의 호수’입니다.\n화자2]러시아의 대음악가 차이코프스키가 1876년 쓴 ‘백조의 호수’는 발레음악의 최고봉. 볼쇼이나 아메리칸 발레 씨어터는 물론 매튜 본에 이르기까지 수많은 버전이 클래식 팬들을 열광시켰습니다. 이번 여름에 다시 돌아온 ‘백조의 호수’는 인형발레극입니다. 어제(7월27일)부터 008.18까지 광진구 나루아트센터 대공연장에서 공연을 갖습니다.\n화자1]이번 공연은 숲속의 동물발레단입니다. 숲 속 최고의 발레리나 오데트는 백조의 탈을 쓰고, 숲속의 지혜로운 여왕은 여우로, 오데트를 질투하는 마법사의 딸 오딜은 청둥오리가 됩니다. 숲속을 지배하는 나쁜 마법자 로트바르트는 멧되지 분장입니다. 그 외에도 많은 등장인물들이 동물을 탈을 쓰고 무대 위에서 가뿐하게, 우아하게, 때로는 격정적인 발레 사위를 선사합니다. 모두 12명(!)의 동물캐릭터가 등장합니다.\n화자2]방학이면 어린이/가족 관객을 겨냥한 수많은 공연이 쏟아지지만 ‘백조의 호수’는 그 명성만큼이나 공들인 무대를 준비했습니다. 무대에 오르는 발레리나/발레리노의 의상이 장인의 솜씨로 한 땀 한 땀, 한 올 한 올 만든 게 객석에 앉아서도 보일 듯합니다. 제작사는 동물인형 발레복에만 1억 원 이상을 투입했다고 밝힌다.\n화자1]공연은 차이코프스키의 ‘백조의 호수’의 위대한 음악과 상상력이 조화를 이룬다. 발레리나를 꿈꾸던 소녀가 테디 베어 ‘두두’에 이끌려 신비한 숲 속 마법의 세계로 들어가면서 본격적인 동물발레의 세상이 펼쳐집니다. 소녀는 멧되지 마법사 로트바르트의 마법에 걸려 백조 오데트로 변하고, 마법사의 딸 ‘청둥오 리’ 오딜은 숲속의 용감한 왕자 ‘여우’ 지그프리트 왕자의 사랑을 가로채려합니다. 공연은 어린이 관객의 호기심과 긴장을 충분히 이끌어냅니다. 결국 소녀는 두두와 동물친구들의 도움으로 마법사를 물리칩니다.\n화자2]관객의 가슴을 ‘바운스 바운스’ 하게 만드는 차이코프스키의 음악과 함께 가사가 들어간 창작곡이 3곡과 중간중간 대사를 집어넣은 친적한 구성은 클래식 발레극 의 이해를 돕습니다.\n화자1]이번 여름, 방학을 맞은 어린 자녀들에게 차이코프스키의 우아한 동물 발레극을 선물하는 것도 좋을 듯합니다. 공연문의 1577-3363 (사진제공: 설앤컴퍼니)."
  },
  "Annotation": {
    "Summary1": "여름방학을 맞아 차이콥스키의 '백조의 호수'에 상상력을 더해 동물 인형 발레극으로 공연된다.",
    "Summary2": "",
    "Summary3": "어린이들의 여름방학을 맞아 광진구 나루아트센터에서 인형 발레극 '백조의 호수'가 공연된다. 이번 공연은 차이콥스키의 '백조의 호수'의 음악에 발레리나를 꿈꾸는 소녀가 테디 베어 '두두'와 숲속 마법의 세상으로 들어간다는 상상력이 더해진 인형 발레극이다. '백조의 호수'의 등장인물들이 동물로 표현되었고 숲속의 동물 발레단을 위한 발레복에만 1억 원 이상을 투입하는 등 공들인 무대가 준비되어 있다."
  },
  "filename": "SCRIPT-enter-02423-00001.json"
}