{
  "Meta": {
    "doc_id": "SCRIPT-enter-02946",
    "doc_category": "SCRIPT",
    "doc_type": "enter",
    "doc_name": "오종혁 '해병대 출신 이정, 현빈 마주치기 두려워?!'",
    "author": "KBS",
    "publisher": "KBS",
    "published_year": "2013",
    "doc_origin": "오종혁 '해병대 출신 이정, 현빈 마주치기 두려워?!'",
    "passage_id": "SCRIPT-enter-02946-00001",
    "passage": "화자1]오종혁은 이 날 토크 도중 '사실 작은 내 머리가 싫다. 소두 때문에 몸이 더 왜소해 보여 싫다'고 고백해 해투식구들을 놀라게 했습니다. 이어 허경환은 '해병대를 가기 전까지만 해도 오종혁은 작은 머리에 약간 야들야들한 느낌이었습니다. 그런데 제대 후 몸이 돌덩이가 되어왔다'고 말하며 '실전에서 만들어진 복근 보여 달라'고 요청했습니다. 이에 오종혁은 체지방 2%의 완벽 복근을 공개했는데 이를 본 MC들은 '진짜 선으로 그려떼어 것 같다'며 감탄했습니다.\n화자2]또한, 오종혁은 해병대 라이벌인 이정과 함께 방송하는 것에 대해 '제대하면 끝인 줄 알았습니다. 이렇게 방송에서 이정, 현빈 등 선임을 만날 때마다 긴장이 된다'고 밝히며 해병대 훈련 도중 힘들어 선임한테 대들었던 이야기 등 재밌는 훈련 에피소드를 말해 웃음을 자아냈는데 더 자세한 이야기는 오는 목요일 밤 11:20~ KBS2 <해피투게더 3>에서 확인할 수 있습니다."
  },
  "Annotation": {
    "Summary1": "목요일 밤 방송되는 KBS2 '해피 투게더 3'에서 오종혁은 완벽 복근을 보여주고 해병대 이야기를 한다.",
    "Summary2": "",
    "Summary3": "목요일 밤 방송되는 KBS2 '해피 투게더 3'에서 오종혁은 소두 때문에 왜소해 보인다고 하지만 그의 복근을 본 MC들은 감탄했다. 그는 방송에서 해병대 선임을 보면 긴장 된다고 했다."
  },
  "filename": "SCRIPT-enter-02946-00001.json"
}