{
  "Meta": {
    "doc_id": "SCRIPT-enter-01250",
    "doc_category": "SCRIPT",
    "doc_type": "enter",
    "doc_name": "깁갑수, 거대한 비밀 안고 '아이리스2' 재등장",
    "author": "KBS",
    "publisher": "KBS",
    "published_year": "2013",
    "doc_origin": "깁갑수, 거대한 비밀 안고 '아이리스2' 재등장",
    "passage_id": "SCRIPT-enter-01250-00001",
    "passage": "화자1]김갑수는 지난 2009년 방영된 시즌1에서 반(반) 아이리스 세력이며 이병헌(김현준 역)의 조력자였지만 김영철(백산 역)에게 총살당하는 최후를 맞이했던 만큼, 네티즌들은 그가 살아돌아온 것인지 궁금증을 고조시키며 추리력을 발휘해왔습니다.\n화자2]이에 ‘아이리스Ⅱ’ 제작진은 ‘시즌 1과는 다른 인물’임을 밝히며 그의 정체가 상상 이상의 비밀을 품고 있음을 예고했습니다.\n화자1]또한 그가 품고 있는 거대한 비밀은 심상찮은 파장력을 발휘할 것으로, 극 전개에 어떤 영향을 끼치게 될지 귀추가 주목됩니다.\n화자2]한편 지난 17회 방송에서는 머릿속에 남아있는 총알 파편으로 인해 이상 증세를 보이기 시작한 유건(장혁 분)이 갑자기 의식을 잃고 쓰러지는 엔딩을 맞이하며 긴장감을 최고조로 끌어올린 ‘아이리스Ⅱ’ 18회는 오늘(11일) 밤 10시에 방송됩니다."
  },
  "Annotation": {
    "Summary1": "'아이리스 Ⅱ' 제작진은 김갑수가 지난 시즌과는 전혀 다른 인물이며 엄청난 비밀을 품고 있는 인물임을 예고했다.",
    "Summary2": "",
    "Summary3": "'아이리스 Ⅱ' 제작진은 지난 시즌 김갑수의 행방에 대한 네티즌의 궁금증에 지난 시즌과는 전혀 다른 인물이며 그가 심상찮은 파급력을 발휘할 거대한 비밀을 품고 있다 답했다."
  },
  "filename": "SCRIPT-enter-01250-00001.json"
}