{
  "Meta": {
    "doc_id": "SCRIPT-enter-02082",
    "doc_category": "SCRIPT",
    "doc_type": "enter",
    "doc_name": "심혜진-박세영, 이해인 계략에 오해만 점점 '깊어져'",
    "author": "KBS",
    "publisher": "KBS",
    "published_year": "2013",
    "doc_origin": "심혜진-박세영, 이해인 계략에 오해만 점점 '깊어져'",
    "passage_id": "SCRIPT-enter-02082-00001",
    "passage": "화자1]심혜진이 이해인의 계략에 의해 박세영을 오해하게 됐습니다.\n화자2]지난 26일 방송된 KBS 1TV 일일 연속극 <지성이면 감천> (극본 김현희. 연출 김명욱)에서는 앞서 예린이 일부러 진사당 빵을 상하게 해서 김주희(심혜진)에게 먹인 뒤 배탈이 나게 했던 터, 그로 인해 주희는 진사당에 안 좋은 감정을 갖게 됐지만 이내 그것이 잘못된 오해였다는 것을 알게 됐습니다.\n화자1]이어 주희는 그 일에 대해 사과하고자 예린을 데리고 최진사(이기영)의 진사당 빵집으로 향했습니다. 예린은 주희가 지켜보고 있음에 어쩔 수 없이 거짓으로 참회의 눈물을 흘리며 진사에게 사죄했고 진사는 이를 흔쾌히 받아들였습니다.\n화자2]계속해서 진사당을 나가던 예린을 붙잡은 최세영(박세영)은 일전에 예린이 무례하게 자신의 뺨을 쳤던 것 역시 사과하라고 말했습니다. 그러나 예린은 '싫다. 내가 싫다고 하면 어쩔 것이냐. 속이 풀린다면 똑같이 한 대 때려라.'고 어깃장을 부리며 세영에게 얼굴을 들이밀었습니다.\n화자1]이 때 먼저 가던 주희는 예린이 뒤따라오지 않음을 의아함을 느끼고 다시 진사당 쪽으로 돌아왔습니다. 예린은 주희가 온 것을 보고 재빨리 무릎을 끓고 아까와는 판이하게 다른 태도로 세영에게 용서를 구하는 척 했습니다.\n화자2]이를 본 주희는 예린이 무릎까지 끓고있는 모습에 세영이 과하다고 생각하고는 '내가 대신 사과하겠습니다. 나도 예린이도 여기까지 오기 쉽지 않았습니다.'며 예린을 데리고 자리를 떠났습니다.\n화자1]한편 이 날 방송에서는 친 딸 찾기에 나선 김주희를 막기위해 장미화(홍진희)가 흥신소에 거짓정보를 흘리는 장면이 전파를 탔다.\n화자2]* 캡쳐 이미지를 누르면 찜 동영상을 볼 수 있습니다."
  },
  "Annotation": {
    "Summary1": "26일 방송된 일일 연속극 '지성이면 감천'에서 예린은 주희 앞에서만 세영에게 사과하는 척했다.",
    "Summary2": "",
    "Summary3": "26일 방송된 일일 연속극 '지성이면 감천'에서 주희(심혜진)는 예린 때문에 진사당에 악감정을 품었지만, 오해였다는 걸 깨닫고 사과를 위해 진사당 빵집으로 향했다. 세영(박세영)은 예린을 붙잡아 뺨을 때린 일에 사과를 요구했고, 예린은 이를 거부했지만 주희가 돌아오자 무릎을 꿇고 사과하는 척했다."
  },
  "filename": "SCRIPT-enter-02082-00001.json"
}