{
  "Meta": {
    "doc_id": "SCRIPT-enter-02441",
    "doc_category": "SCRIPT",
    "doc_type": "enter",
    "doc_name": "하석진, 아버지 죽이려 한 범인 알게된 그의 선택은?",
    "author": "KBS",
    "publisher": "KBS",
    "published_year": "2013",
    "doc_origin": "하석진, 아버지 죽이려 한 범인 알게된 그의 선택은?",
    "passage_id": "SCRIPT-enter-02441-00001",
    "passage": "화자1]하석진은 드라마 <상어>에서 해우(손예진 분)의 남편 오준영으로 등장, 그녀를 끝까지 믿고 챙겨주는 자상한 남자로 등장해 많은 여성 팬들의 인기를 얻고 있습니다. 지난주 방송에서 준영은 아버지와의 필담을 통해 아버지를 죽이려 했던 범인이 조상국 회장(이정길 분)임을 알게 되어 큰 충격을 받았습니다.\n화자2]그 동안 해우를 비롯 준영 역시 가장 믿고 의지했던 인물인 조상국 회장에게 당한 배신이라 그 충격과 분노는 더 컸다. 과거 뺑소니로 동생을 잃었던 아픈 기억이 있는 준영은 아버지를 또 한번 뺑소니로 잃을 뻔 한 이번 사건을 쉽게 넘기지 못할 것으로 예상되어 과연 준영이 조상국 회장을 향해 반기를 들 수 있을지에 이목이 집중되고 있습니다.\n화자1]또한 준영이 복수를 감행한다면 그 방법 역시 어떤 방법일 지에 대해 관심이 높습니다. 넘을 수 없고 무너뜨리기 힘든 거대한 존재로 등장하는 조상국 회장을 향해 일격을 가하기 위한 준영의 한 수는 무엇일지, 또 그 준영의 일격에 과연 조상국 회장은 어떤 타격을 받고 어떤 반응을 보일지에 대해서도 궁금증이 고조되고 있습니다.\n화자2]한없이 자상하고 부드러운 남자일 것만 같던 준영의 강한 모습에 시청자들은 ‘반전 매력’이라고 칭하며 아낌없는 사랑과 응원을 보내고 있습니다. 종영을 2회 앞둔 상황에서 준영의 복수가 어떻게 진행될 지에 대해 많은 시청자들의 기대가 높아지고 있습니다."
  },
  "Annotation": {
    "Summary1": "'상어'에서 하석진이 연기한 오준영이 아버지를 죽이려 한 범인을 알게 되어 충격을 받아 시청자들의 기대가 높아졌다.",
    "Summary2": "",
    "Summary3": "하석진은 드라마 '상어'에서 손예진이 연기한 해우의 자상한 남편 오준영으로 등장해 인기를 얻고 있다. 지난 방송에서 그는 아버지를 죽이려 했던 범인을 알게 되어 큰 충격을 받았다. 종영을 2회 앞둔 상황에서 그의 복수가 어떻게 진행될지 시청자들의 기대가 상승하고 있다."
  },
  "filename": "SCRIPT-enter-02441-00001.json"
}