{
  "Meta": {
    "doc_id": "SCRIPT-enter-02581",
    "doc_category": "SCRIPT",
    "doc_type": "enter",
    "doc_name": "박세영, 고민 끝에 친엄마 심혜진 집으로 들어갈 '결심'",
    "author": "KBS",
    "publisher": "KBS",
    "published_year": "2013",
    "doc_origin": "박세영, 고민 끝에 친엄마 심혜진 집으로 들어갈 '결심'",
    "passage_id": "SCRIPT-enter-02581-00001",
    "passage": "화자1]박세영이 심혜진과 함께 살겠다는 뜻을 내비췄다.\n화자2]지난 7일 방송된 KBS 1TV 일일 연속극 <지성이면 감천> (극본 김현희, 연출 김명욱)에서는 최세영(박세영)이 주위 사람들의 이야기를 통해 마음의 변화를 일으키고 친엄마 김주희(심혜진)의 집으로 들어갈 결심을 세웠습니다.\n화자1]이 날 방송에서 세영은 오빠 이민국(이정호)의 아내이자 새언니인 오영아(오승은)에게 민국에 대한 이야기를 듣습니다. 세영을 잃어버린 후 줄곧 어머니인 주희와 어색한 사이를 유지했다며 민국을 위해서라도 집으로 돌아와 달라는 부탁을 한 것.\n화자2]이어 한재성(유건)의 어머니인 이미숙(양금석)도 세영에게 그녀가 미처 몰랐던 주희의 과거를 들려줍니다. 미숙은 '네 엄마는 누구보다 내가 더 잘 안다. 너 잃어버렸을 때 제정신이 아니었습니다. 녹화할 때 카메라가 안 비출 때마다 눈물을 펑펑 흘려서 쉬는 시간마다 화장을 고쳐야 했습니다.'고 전했습니다.\n화자1]또 재성을 사이에 두고 입양한 딸 이예린(이해인)과 세영이 애정문제로 엮여있는 것을 두고 제일 힘들어하고 있는 것은 바로 주희라면서 재성의 할아버지 한기석(전무송)에게 예린이만 신부감으로 단정 짓지 말라달라는 부탁을 했다는 것도 알려줬습니다.\n화자2]이후 세영은 한참을 고민하던 끝에 아버지 최진사(이기영)에게 '아빠 저 국장님 집으로 들어가야겠습니다.'면서 주희와 함께 살겠다고 선언했습니다.\n화자1]한편 이 날 방송에서는 세영이 장미화(홍진희)와 예린의 사이를 의심하는 이야기가 전파를 탔다.\n화자2]* 캡쳐 이미지를 누르면 찜 동영상을 볼 수 있습니다."
  },
  "Annotation": {
    "Summary1": "<지성이면 감천>에서 박세영이 주위 사람들이 이야기를 듣고 심경의 변화를 일으켜 엄마 김주희와 살겠다고 결심했다.",
    "Summary2": "",
    "Summary3": "<지성이면 감천>에서 최세영이 심경의 변화를 일으켜 엄마 김주희와 살겠다고 결심했다. 새언니인 오영아가 오빠 이민국을 위해서라도 집으로 돌아오길 부탁하고 한재성의 어머니 이미숙도 박세영이 몰랐던 김주희의 과거를 들려주었다. 이후 고민하던 세영은 아빠 최진사에게 엄마 김주희와 함께 살겠다고 선언했다."
  },
  "filename": "SCRIPT-enter-02581-00001.json"
}