{
  "Meta": {
    "doc_id": "SCRIPT-enter-00347",
    "doc_category": "SCRIPT",
    "doc_type": "enter",
    "doc_name": "홍인규, '아들 연예인 병에 걸릴까 걱정?!'",
    "author": "KBS",
    "publisher": "KBS",
    "published_year": "2013",
    "doc_origin": "홍인규, '아들 연예인 병에 걸릴까 걱정?!'",
    "passage_id": "SCRIPT-enter-00347-00001",
    "passage": "화자1]개그맨 홍인규가 아들의 연예인 병을 걱정했습니다.\n화자2]지난 24일 방송된 KBS 2TV <해피투게더 3>에서는 겨울방학특집으로 꾸며진 가운데 배우 김응수와 그의 딸 김은서, 개그맨 홍인규와 아들 홍태경, 아역배우 박민하와 방송인 붐이 자리했습니다.\n화자1]이 날 방송에서 홍인규는 얼마 전 KBS <개그 콘서트>에서 자신이 출연하고 있는 코너 '갑을 컴퍼니'에 아들 홍태경 군이 깜짝 출연한 뒤 검색어 1위에 오르는 등 많은 화제를 모았다면서 '포털 사이트에서 내 이름을 치면 홍인규 아들이 나오고 그 다음에 내가 나옵니다. 나보다 검색어 순위도 높습니다.'고 전했습니다.\n화자2]이어 그는 '아들이 친구들과 만나면 '개그 콘서트 봤어?', '사진 찍어줄까?' 이런 말을 합니다. 버릇이 나빠질까 걱정됩니다.'고 속내를 밝혔습니다. 게다가 홍인규를 더욱 걱정하게 하는 것은 할머니가 동생인 줄 알아 반말까지 했다는 일화를 고백해 스튜디오에 웃음을 자아냈습니다.\n화자1]또 홍인규는 '나는 사교육에 집착하는 부모가 되고 싶지 않았는데 유치원에 들어가니 달라지더라. 5만원을 추가하면 잘 때 매트를 주고 또 5만원을 추가하면 등받이를 줍니다. 10만원을 추가하면 유기농 식사도 먹을 수 있더라.'고 육아 고민을 토로해 눈길을 끌었습니다.\n화자2]한편 이 날 방송에서는 아역 인기스타로 활약하고 있는 박민하가 문메이슨과의 열애설에 대해 해명에 나서 시청자들의 이목을 집중 시켰습니다.\n화자1]* 캡쳐 이미지를 누르면 찜 동영상을 볼 수 있습니다. *."
  },
  "Annotation": {
    "Summary1": "'해피투게더 3'에 출연한 홍인규는 아들이 '개그콘서트' 출연 뒤로 연예인 병에 걸릴까봐 걱정이라고 털어놓았다.",
    "Summary2": "",
    "Summary3": "개그맨 홍인규가 KBS 2TV '해피투게더 3'에 출연해 아들 홍태경이 '개그 콘서트'에 깜짝 출연해 큰 화제가 된 이후 연예인 병에 걸려 버릇이 나빠질까 걱정된다고 속내를 고백했다. 덧붙여 홍인규는 아이가 유치원에 들어가니 사교육에 집착하는 부모가 되는 것 같다는 고민을 이야기했다."
  },
  "filename": "SCRIPT-enter-00347-00001.json"
}