{
  "Meta": {
    "doc_id": "SCRIPT-enter-02782",
    "doc_category": "SCRIPT",
    "doc_type": "enter",
    "doc_name": "<불후의 명곡> 이시대 최고의 명곡을 노래하다",
    "author": "KBS",
    "publisher": "KBS",
    "published_year": "2013",
    "doc_origin": "<불후의 명곡> 이시대 최고의 명곡을 노래하다",
    "passage_id": "SCRIPT-enter-02782-00001",
    "passage": "화자1]오는 24일 방송될 KBS<불후의 명곡 - 전설을 노래하다>에서는 이미 고인이 된 전 세계적인 전설을 헌정하는 무대를 가집니다. 특히 이번 주 방송이 특별한 이유는, 전설의 노래를 부르는 것뿐만이 아닌, 그들과의 듀엣무대를 준비했다는 점에서 그 의의가 남다르다고 합니다.\n화자2]앞서 제작진이 프로그램을 처음 기획할때부터 고민했던 아이템으로 <불후의 명곡> 역대 최고점을 나란히 기록한 정동하는 고김현식과의 콜라보 무대를 JK 김동욱은 홍콩의 청춘스타 장국영의 노래를 다시 불러 이목을 끌었습니다.\n화자1]또한 이정은 자신의 우상인 마이클잭슨, 문명진은 김광석, 바다는 윤심덕, 임태경은 프랑크 시나트라, 제국의 아이들은 도나썸머의 명곡을 재해석합니다.\n화자2]한편 여느 때보다 화려한 무대들은 오는 24일 오후 06시15분 KBS<불후의 명곡 - 전설을 노래하다>The legend 7편에서 공개됩니다."
  },
  "Annotation": {
    "Summary1": "24일 <불후의 명곡>에서는 이정, 문명진 등이 고인이 된 세계적인 가수들을 기리며 그들과의 듀엣 무대를 펼친다.",
    "Summary2": "",
    "Summary3": "24일 <불후의 명곡>에서 세상을 떠난 세계적 가수들을 기리며 그들과의 듀엣 무대를 가진다. 정동하가 고 김현식과의 듀엣 무대를 펼친 것을 비롯 이정, 문명진 등의 무대도 준비돼있다."
  },
  "filename": "SCRIPT-enter-02782-00001.json"
}