{
  "Meta": {
    "doc_id": "SCRIPT-enter-02879",
    "doc_category": "SCRIPT",
    "doc_type": "enter",
    "doc_name": "노민우, 배우가 아닌 뮤지션으로 여심 공략",
    "author": "KBS",
    "publisher": "KBS",
    "published_year": "2013",
    "doc_origin": "노민우, 배우가 아닌 뮤지션으로 여심 공략",
    "passage_id": "SCRIPT-enter-02879-00001",
    "passage": "화자1]여자보다 예쁜 남자로 폭풍 질투를 불러일으킨 배우 노민우가, 배우가 아닌 뮤지션으로 ‘글로벌 리퀘스트 쇼 A Song For You (어송포유)’에 출연했습니다.\n화자2]이날, ‘글로벌 리퀘스트 쇼 A Song For You (어송포유)’에 출연한 노민우는 팬들을 위해 직접 만든 ‘BABY’를 선보였는데, 특히, '이 노래는 팬들의 자장가로 만든 곡이지만, 예상과 달리 팬들이 노래를 들은 후, 더욱 잠을 못 이루게 되었다'고 밝혀 현장을 웃음바다로 만들었습니다.\n화자1]또한, 노민우는 수준급의 어쿠스틱 기타 연주와 함께 감미로운 라이브 연주까지 선보여 그의 색다른 모습에 촬영장 여성 스텝들의 열기가 더욱 뜨거웠다는 후문입니다.\n화자2]여심을 흔드는 노민우의 달콤한 라이브는 오는 09월 06일(금) 저녁 06시10분, KBS 2TV와 KBS WORLD를 통해 방송되는 ‘글로벌 리퀘스트 쇼 A Song For You’에서 확인할 수 있습니다."
  },
  "Annotation": {
    "Summary1": "'글로벌 리퀘스트 쇼 A Song For You'에 배우 노민우가 뮤지션으로 출연하여 직접 만든 곡을 선보였다.",
    "Summary2": "",
    "Summary3": "9월 6일에 방송되는 '글로벌 리퀘스트 쇼 A Song For You'에 배우 노민우가 뮤지션으로 출연했다. 팬들을 위해 직접 만든 곡 'BABY'와 어쿠스틱 기타 연주를 선보였다."
  },
  "filename": "SCRIPT-enter-02879-00001.json"
}