{
  "Meta": {
    "doc_id": "SCRIPT-enter-01753",
    "doc_category": "SCRIPT",
    "doc_type": "enter",
    "doc_name": "시청자 호기심 제대로 자극한 '상어' 관심 폭주",
    "author": "KBS",
    "publisher": "KBS",
    "published_year": "2013",
    "doc_origin": "시청자 호기심 제대로 자극한 '상어' 관심 폭주",
    "passage_id": "SCRIPT-enter-01753-00001",
    "passage": "화자1]지난 27일 밤 드디어 그 베일을 벗은 KBS 2TV 새 월화드라마 <상어>는 김남길, 손예진 두 주연배우의 안정적 연기와 이정길, 김규철, 박원상, 정경순 등 조연들의 묵직한 연기로 안정적 출발을 했습니다. 또 여기에 연준석과 경수진이 어린 한 이수와 어린 조해우 역할을 맡아 시청자들에게 아련하고 풋풋한 첫사랑의 기억을 떠올리게 하며 화제된 바 있습니다.\n화자2]어젯밤 방송된 드라마 <상어>의 2회에서는 첫 회와는 사뭇 다른 사건의 시작을 알리는 내용들이 방송되며 폭풍과도 같은 빠른 전개가 이어졌습니다. 한이수의 아버지 한영만이 살해당하고 그의 죽음에 관해 석연치 않은 점들이 방송을 타며 앞으로 펼쳐질 내용에 대해 더욱 호기심을 자극하고 있는 것.\n화자1]복수극의 서막을 알리는 드라마 <상어>의 2회가 방송되고 난 직후 각종 드라마 관련 게시판 및 포털 사이트에 시청자들의 의견이 줄을 이어 올라오며 ‘역시 웰메이드 드라마’, ‘역시 믿고 보는 드라마’라는 평가가 줄을 잇고 있습니다. 시청자 게시판 및 각종 드라마 게시판에는 '지우신공 다시 부활하셨다! 이제 2회만 봤을 뿐인데 너무 설렌다!' '한시도 눈을 뗄 수 없게 만드는 드라마는 처음이다' '예상치 못한 전개로벌써부터 충격, 다음주까지 어떻게 기다리나!' '신인 배우야 그렇다 치고 연륜 있으신 배우들도 새롭게 보인다! 대본, 연출 다 좋아~' '그야말로 웰메이드 드라마, 명드 탄생!' 등의 의견들이 방송이 끝난 후에도 줄을 잇고 있습니다.\n화자2]이번 주 사건의 시작을 알리며 스타트를 끊은 <상어>는 다음주 방송되는 3회에서는 성인 연기자들로 바뀌며 김남길과, 손예진의 본격적인 스토리가 예고되며 시청자들의 더욱 큰 관심을 받고 있습니다. KBS 2TV 새 월화드라마 <상어>는 매주 월, 화요일 밤 10시에 방송됩니다.\n화자1]* 캡쳐 이미지를 누르면 찜 동영상을 볼 수 있습니다."
  },
  "Annotation": {
    "Summary1": "<상어>는 잔잔한 분위기의 첫 회와 달리 한영만이 살해를 당하는 등 급격한 전개의 2회로 궁금증과 호평을 이끌어냈다.",
    "Summary2": "",
    "Summary3": "27일 방송된 <상어> 첫 회에서는 깊이 있는 연기와 첫사랑을 떠올리게 하는 아련한 분위기로 관심을 모았고 어제 방송된 2회에서는 한영만이 의문의 살해를 당하며 첫 회와는 달리 급격한 전개로 궁금증을 유발했다. 방송 후 시청자들의 호평이 이어진 <상어>는 3회에서는 김남길, 손예진 등 성인 연기자들이 본격적으로 출연할 것으로 알려져 이목을 집중시키고 있다."
  },
  "filename": "SCRIPT-enter-01753-00001.json"
}