{
  "Meta": {
    "doc_id": "SCRIPT-enter-00067",
    "doc_category": "SCRIPT",
    "doc_type": "enter",
    "doc_name": "슈퍼주니어-M 정규 2집으로 중국 공략",
    "author": "KBS",
    "publisher": "KBS",
    "published_year": "2013",
    "doc_origin": "슈퍼주니어-M 정규 2집으로 중국 공략",
    "passage_id": "SCRIPT-enter-00067-00001",
    "passage": "화자1]슈퍼주니어-M이 정규 2집 앨범를 발표합니다.\n화자2]슈퍼주니어-M은 7일 오후 04시 바이두, 시나, 소후, 왕이, 인위에타이 등 중국의 각종 음악사이트 및 국내 음악 사이트를 통해 타이틀 곡 '브레이크다운(BREAK DOWN)'를 비롯한 정규 2집 앨범 전곡의 음원과 뮤직비디오를 공개할 계획이라고 밝혔습니다.\n화자1]특히 슈퍼주니어-M은 이날 오후 02시(현지시각) 중국 베이징에서 컴백 기자회견도 개최하며, 여기서 정규 2집 타이틀곡의 뮤직비디오도 최초로 선보일 예정인 것으로 전해졌습니다.\n화자2]슈퍼주니어-M의 정규 2집 앨범 타이틀 곡 '브레이크다운'은 트렌디한 사운드의 덥스탭 위에 세련된 멜로디가 더해진 퍼포먼스 팝 댄스 곡입니다. 또한 멤버 헨리가 만든 프로듀싱팀 Noize Bank가 선사한 'GO'는 밝은 멜로디와 덥스탭의 반전 조화가 인상적인 곡으로 멤버 조미가 직접 쓴 가사에는 사랑에 빠진 마음를 당당하고 자유롭게 표현했습니다.\n화자1]이 밖에도 이번 앨범에는 슈퍼주니어-M의 가창력이 돋보이는 발라드 곡 '완미적재견(완벽한 안녕)', 밝은 에너지가 느껴지는 일렉트로닉한 모던 팝곡 'A-Oh!', 몽환적인 사운드의 'Tunnel', 강렬한 카리스마가 느껴지는 댄스 퍼포먼스 곡으로 화제의 중국 영화 '충렬양 가장'의 OST로도 삽입된 '아정니(너를 응원해)' 등 총 10곡이 수록되어 팬들의 귀를 더욱 즐겁게 할 예정입니다.\n화자2]한편 슈퍼주니어-M은 정규 2집 앨범 '브레이크 다운'를 통해 중국에서 활발한 활동를 이어 나갈 예정입니다."
  },
  "Annotation": {
    "Summary1": "슈퍼주니어-M은 타이틀곡 '브레이크다운'과 정규 2집 전곡의 음원, 뮤직비디오를 공개할 계획이라고 밝혔다.",
    "Summary2": "",
    "Summary3": "슈퍼주니어-M은 타이틀곡 '브레이크다운'를 비롯한 정규 2집 앨범 전곡의 음원과 뮤직비디오를 공개할 계획이라고 밝혔다. 특히 중국 베이징에서 컴백 기자회견 개최와 타이틀곡 뮤직비디오도 최초 공개할 예정이다. 타이틀곡 외에 'GO', '완미적재견' 등 10곡이 수록되어 팬들을 즐겁게 할 예정이다."
  },
  "filename": "SCRIPT-enter-00067-00001.json"
}