{
  "Meta": {
    "doc_id": "SCRIPT-enter-03749",
    "doc_category": "SCRIPT",
    "doc_type": "enter",
    "doc_name": "임정은, 이소연의 검은 야망 알아차리고 '충격'",
    "author": "KBS",
    "publisher": "KBS",
    "published_year": "2013",
    "doc_origin": "임정은, 이소연의 검은 야망 알아차리고 '충격'",
    "passage_id": "SCRIPT-enter-03749-00001",
    "passage": "화자1]임정은이 이소연의 꿍꿍이를 알아차렸습니다.\n화자2]지난 4일 방송된 KBS 2TV 일일드라마 <루비반지>에서는 정루나(임정은)이 나인수(박광현)의 방 안에서 의문의 USB를 발견하고 그 안에 있는 루비와 인수의 영상을 확인하고 충격에 휩싸이는 모습이 그려졌습니다.\n화자1]이 날 방송에서 인수는 앞서 회사에서 떠난 워크숍에서 배경민(김석훈)과 한 팀을 되었던 루나가 미션 도중 산에서 길을 잃자 그녀를 찾으려 온 산을 헤메고 다녀 앓아눕고 말았습니다. 자신 때문에 아픈 인수에게 미안해진 루나는 성심성의껏 그의 집에서 인수를 간호했습니다.\n화자2]이 때 루나는 인수의 집에서 우연히 한 USB를 발견했습니다. 이를 본 루나는 이 USB가 바로 정루비(이소연)이 인수를 해치려하면서까지 필사적으로 사수하려했던 USB임을 직감적으로 느끼고 몰래 숨겨 집으로 가져왔습니다.\n화자1]이어 루나는 집에서 USB영상을 재생해보다가 뭔가 석연치않은 구석을 발견하고 인수가 집에 없는 것을 확인하고 그 틈을 타 다시 인수의 집에 잠입해 새로운 USB를 찾아냈습니다. 그 안에는 인수의 집에서 대화 중인 루비와 인수의 영상이 담겨있었습니다.\n화자2]계속해서 영상 속 루비는 인수에게 무릎을 끓은 채 '내가 당신 아이를 낳아주겠습니다. 대신 그 아이를 JM그룹의 후계좌로 만들겠다'면서 경민의 아이로 부족함 없이 키우겠다는 루비의 검은 속내가 그대로 담겨있어 루나를 경악케했습니다.\n화자1]또한 루나는 루비와 자신이 뒤바뀐 것을 인수가 알고 있었다는 사실에 다시금 충격을 받고 '인수 씨가 이 사실을 알리가 없다'면서 좀처럼 현실을 받아들이지 못했습니다.\n화자2]한편 이 날 방송에서는 루비와 루나 사이에서 혼란을 느끼는 경민이 루나에게 쌀쌀맞게 대하는 이야기가 전파를 탔다."
  },
  "Annotation": {
    "Summary1": "'루비반지'에서 루나는 USB의 영상을 확인 후 루비와 자신이 바뀐 것을 인수가 알고 있었다 사실에 충격을 받는다.",
    "Summary2": "",
    "Summary3": "'루비반지'에서 루나는 의문의 USB에 저장된 루비와 인수의 영상을 확인하고 충격을 받았다. 아픈 인수를 간호하다 발견한 USB가 루비가 필사적으로 지키던 것임을 직감한 루나는 몰래 집으로 가져간다. 루나가 인수의 방에 다시 잠입해 발견한 다른 USB에 저장된 영상을 보고 루비와 자신이 뒤바뀐 것을 인수가 알고 있었다는 사실에 충격을 받는다."
  },
  "filename": "SCRIPT-enter-03749-00001.json"
}