{
  "Meta": {
    "doc_id": "SCRIPT-enter-02200",
    "doc_category": "SCRIPT",
    "doc_type": "enter",
    "doc_name": "한효주, 日 지하철서 헌팅 경험 '해외에서도 통하는 미모'",
    "author": "KBS",
    "publisher": "KBS",
    "published_year": "2013",
    "doc_origin": "한효주, 日 지하철서 헌팅 경험 '해외에서도 통하는 미모'",
    "passage_id": "SCRIPT-enter-02200-00001",
    "passage": "화자1]배우 한효주가 일본 지하철에서 헌팅을 당했던 에피소드를 털어놨습니다.\n화자2]지난 6일 방송된 KBS 2TV <연예가중계>에서는 최근 영화 <감시자>들을 통해 스크린에 컴백한 배우 한효주와의 게릴라 데이트가 전파를 탔다.\n화자1]이 날 방송에서 리포터는 일본 지하철에 찍힌 한효주의 사진을 공개하며 '일본에 촬영 차 갔다가 찍힌 사진입니다.'라고 소개했습니다.\n화자2]이어 한효주는 '어떤 남자 분이 와서 말을 걸더라. '(여배우인) 나를 알아봤나보다'라고 생각해서 대답했더니 연락처를 달라고 하더라.'며 당시를 설명했습니다. 그 말에 리포터는 '모자를 쓰고 있어서 못 알아본 게 아니냐?'고 말했지만 한효주는 '모자도 안 쓰고 있었습니다.'고 솔직히 밝혀 좌중을 폭소케했습니다.\n화자1]한편 이 날 방송에서는 영화 <숨바꼭질>의 주연배우 손현주가 결벽증이 있다는 사실을 고백해 시청자들의 눈길을 끌었습니다.\n화자2]* 캡쳐 이미지를 누르면 찜 동영상을 볼 수 있습니다."
  },
  "Annotation": {
    "Summary1": "<연예가중계>의 게릴라 데이트 중 배우 한효주가 일본 지하철에서 헌팅을 당했던 에피소드를 말했다.",
    "Summary2": "",
    "Summary3": "KBS 2TV '연예가중계'에서 영화 '감시자'의 한효주와의 게릴라 데이트가 방송되었다. 방송에서는 일본 지하철에서 찍힌 한효주의 사진이 공개되었고 그녀는 헌팅을 당했던 에피소드를 밝혔다."
  },
  "filename": "SCRIPT-enter-02200-00001.json"
}