{
  "Meta": {
    "doc_id": "SCRIPT-enter-00206",
    "doc_category": "SCRIPT",
    "doc_type": "enter",
    "doc_name": "한류스타 최강창민, 책을 말한다",
    "author": "KBS",
    "publisher": "KBS",
    "published_year": "2013",
    "doc_origin": "한류스타 최강창민, 책을 말한다",
    "passage_id": "SCRIPT-enter-00206-00001",
    "passage": "화자1]오늘 오전 서울 여의도 KBS신관 국제회의실에서는 강호동이 진행하는 새 예능프로그램 '달빛 프린스'의 기자간담회가 열렸습니다. 이 날 기자간담회에는 연출을 맡은 이예지 PD와 다섯 명의 진행자 강호동, 탁재훈, 정재형, 용감한 형제, 최강창민이 참석하여 새 프로그램에 대한 각오를 밝혔습니다.\n화자2]'달빛 프린스'는 다섯 명의 MC와 매주 한 명의 새로운 게스트가 출연하여 한 권의 책을 두고 이야기를 나누는 북토크 형식으로 꾸며지는 예능프로그램입니다. 방송을 통해 얻은 상금은 기부하는 방식을 취합니다.\n화자1]동방신기의 최강창민은 '엄마는 나의 활동에 관심이 많으신데 내가 차단을 시킵니다. 매주 텔레비전에서 고정으로 본다는 게 들뜨시는 것 같습니다. 자중하셨으면 좋겠다'고 예능프로그램 진출의 소감을 밝혔습니다. 이어 최강창민은 '해외 활동이 빈번하다 보니까 해외가수가 내한했다고 생각하기도 합니다. 나를 응원해주는 팬들이 매주 본다는 기대감에 차있습니다. 기대감을 충족 시켜야 한다는 책임감이 듭니다. 쉽지 않지만 노력하겠습니다.'며 덧붙였습니다.\n화자2]한편 강호동은 기자의 질문에 최강창민과 이승기를 견주었습니다. '이승기와 최강창민의 공통점은 어떤 위치에 있더라도 얄밉지 않고 노력한다는 것입니다. 이제 시작이니까 창민의 무한 가능성을 봐 달라. 선배로서 형으로서 최선을 다 해 돕겠습니다.'고 말했습니다.\n화자1]이예지 PD와 문은애 작가, 그리고 다섯 프린스가 함께 만드는 '달빛프린스'는 '승승장구' 후속으로 매주 화요일 밤 11시10분 방송됩니다. 이서진을 첫 손님으로 맞이하는 '달빛 프린스' 1회는 오는 22일 방송됩니다."
  },
  "Annotation": {
    "Summary1": "북토크 형식의 새 예능프로그램 '달빛 프린스'의 기자간담회에서 MC와 PD가 각오를 밝혔다.",
    "Summary2": "",
    "Summary3": "새 예능프로그램 '달빛 프린스'의 기자간담회에서 MC와 PD가 각오를 밝혔다. '달빛 프린스'는 다섯 명의 MC와 매주 한 명의 게스트가 출연하는 북토크 형식의 프로그램이고 방송을 통해 얻은 상금은 기부된다. 최강창민은 책임감을 가지고 노력하겠다고 했고, 강호동은 선배로서 이승기와 최강창민을 최선을 다해 돕겠다고 말했다."
  },
  "filename": "SCRIPT-enter-00206-00001.json"
}