{
  "Meta": {
    "doc_id": "SCRIPT-enter-00801",
    "doc_category": "SCRIPT",
    "doc_type": "enter",
    "doc_name": "녹화현장★이재룡, 이훈이 읽는 샬롯의 거미줄",
    "author": "KBS",
    "publisher": "KBS",
    "published_year": "2013",
    "doc_origin": "녹화현장★이재룡, 이훈이 읽는 샬롯의 거미줄",
    "passage_id": "SCRIPT-enter-00801-00001",
    "passage": "화자1]책도 보고 돈도 따고, 책도 보고 좋은 일도 하는 달빛 프린스! '달빛프린스' 5회 차 게스트로는 이재룡, 이훈이 초청되었습니다. 이재룡, 이훈은 KBS 2TV에서 새로 시작하는 시트콤 ‘일말의 순정’에 출연하는 배우들. 전날 야간촬영을 했고 달프 녹화날엔 드라마 제작발표회까지 참석한 이들은 저녁 006시에 KBS여의도 별관에 도착했습니다. 이들이 오늘 읽을 책은 엘윈 브룩스 화이트의 아동소설 <샬롯의 거미줄>입니다. ‘읽을’ 책? ‘읽은’ 책이 아니고? 그렇습니다.\n화자2]항상 변화하는 달프는 5회차에서 또 조금 바뀌었습니다. 이제는 진행자와 게스트가 서로 섞여, 읽은 사람은 선생님, 읽지 않은 사람은 제자가 되어 ‘한 권의 책’의 내용과 주제를 속성으로 전수해 줍니다. 물론, 책 이야기와 함께 인생이 야기를 자연스레 나누게 됩니다. 그리고 독서수업을 마치면 시청자퀴즈단의 퀴즈를 맞춰야합니다.\n화자1]'책은 다들 읽으셨겠죠?'.\n화자2]' 최강창민의 가슴엔 마릴린 먼로가 있다'.\n화자1]녹화장은 정말 화기애애. 박장대소.. 끊임없이 웃음보가 터집니다.\n화자2]자. 너무 웃기만 하면 안되요.. 이 프로는 교양 반,연예 반입니다.\n화자1]'음. 이 프로가 산으로 간다는 그 프로인가요?'.\n화자2]' 다음 장면은?' '학생은 아직 이 책 안 읽었으니.. 잘 가르쳐주세요.'.\n화자1]'오늘 학생이 누군데?'.\n화자2]'창민아 이 책은 말야..'.\n화자1]밤은 깊어가고 합니다.. 창민학생은 열심히 공부합니다.\n화자2]씨름선수 출신 선생님은 고대생을 윽박지르고, 한 학생은 수업시간에 전화를 받습니다.\n화자1]이재룡 선생님은 책을 통해 인생을 가르치고 있나 봅니다.\n화자2]흐뭇한 수업광경입니다.\n화자1]이재룡, 이훈이 출연한 '달빛 프린스' 5회는 지난 002.19 밤 11시10분 방송되었습니다. 시청률은... 당분간 생각하지 맙시다. 책만 봅시다.\n화자2]참. 지난 5회차 녹화날이 최강창민 생일이었던 모양입니다."
  },
  "Annotation": {
    "Summary1": "'달빛프린스' 5회차 게스트로 이재룡과 이훈이 출연해 <샬롯의 거미줄>을 낭독할 예정이다.",
    "Summary2": "",
    "Summary3": "'일말의 순정'에 출연하는 이재룡, 이훈이 '달빛프린스' 5회 게스트로 출연한다. 두 배우가 오늘 읽을 책은 '샬롯의 거미줄'이다. 5회를 맞아 진행 방식에 약간의 변화가 생긴 '달빛프린스'는 진행자와 게스트의 구분 없이 책을 읽은 사람이 선생님, 책을 읽지 않은 사람은 제자가 된다. 책의 내용과 주제뿐만 아니라 인생 이야기를 나누는 독서 수업 후에는 시청자퀴즈단의 퀴즈가 준비되어 있다."
  },
  "filename": "SCRIPT-enter-00801-00001.json"
}