{
  "Meta": {
    "doc_id": "SCRIPT-enter-01064",
    "doc_category": "SCRIPT",
    "doc_type": "enter",
    "doc_name": "한국PD대상 작품상 TV부문 = 추적자/DMZ/투구꽃/스플렌디드..순천",
    "author": "KBS",
    "publisher": "KBS",
    "published_year": "2013",
    "doc_origin": "한국PD대상 작품상 TV부문 = 추적자/DMZ/투구꽃/스플렌디드..순천",
    "passage_id": "SCRIPT-enter-01064-00001",
    "passage": "화자1]지난 14일 서울 여의도 KBS신관 스튜디오에서 열린 제 25회 한국PD대상 시상식에서 한국 TV드라마계에서 보기 힘든 실감 나는 정치드라마 <추적자>(SBS 연출 조남국)가 TV드라마부문 작품상를 수상했습니다.\n화자2]이날 시상식에서 박치형 EBS평생교육본부장과 드라마 <추적자>에서 야심만만한 보좌관 신혜라 역를 맡았던 장신영이 작품상 TV부문(2)의 시상를 맡아 무대에 올랐습니다.\n화자1]이날 최고상인 한국PD대상 선정 ‘올해의 피디상’은 '개그콘서트‘의 연출를 담당한 KBS서수민 피디에게 돌아갔습니다. 한국PD대상 시상식은 오늘(18일) 오후 02시10분부터 KBS 1TV에서 녹화방송됩니다.\n화자2]작품상 드라마부문= SBS '추적자'.\n화자1]작품상 TV지역 정규부문 G1강원민방 <DMZ스토리>.\n화자2]작품상 TV지역특집부문 충주MBC 창사42주년 특집다큐 <투구꽃 그마를>.\n화자1]작품상 TV독립제작 수상작 <스플렌디드 벗 새드데이즈(Splendid but sad days) 순천>."
  },
  "Annotation": {
    "Summary1": "정치 드라마 <추적자>가 한국 PD 대상 시상식에서 TV 드라마 부문 작품상을 수상했다.",
    "Summary2": "",
    "Summary3": "한국 PD 대상 시상식에서 정치 드라마 <추적자>가 TV 드라마 부문 작품상을 수상했다. 이날 최고상인 한국 PD 대상 선정 ‘올해의 피디상’은 KBS '개그콘서트‘를 연출한 서수민 피디에게 돌아갔다."
  },
  "filename": "SCRIPT-enter-01064-00001.json"
}