{
  "Meta": {
    "doc_id": "SCRIPT-enter-03256",
    "doc_category": "SCRIPT",
    "doc_type": "enter",
    "doc_name": "김기택 vs 유남규, 세월을 거스른 세기의 명승부",
    "author": "KBS",
    "publisher": "KBS",
    "published_year": "2013",
    "doc_origin": "김기택 vs 유남규, 세월을 거스른 세기의 명승부",
    "passage_id": "SCRIPT-enter-03256-00001",
    "passage": "화자1]천하의 유남규가 경기 도중 다리 경련을 호소했습니다. 25년만의 리벤지 매치에 극도의 긴장감을 느낀 탓일까. 10월 01일 방송되는 KBS2 '우리 동네 예체능' 26회는 지난주에 이어 '88서울올림픽 25주년- 탁구' 2부가 그려지는 가운데 김기택과 유남규의 자존심을 건 박빙의 탁구 대결이 펼쳐집니다.\n화자2]결승전이 된 김기택 vs 유남규의 경기는 11점이 아닌 88서울올림픽 결승전 당시 점수 그대로 21점 규정으로 치러졌습니다. 연습경기부터 팽팽한 기싸움을 벌이며 눈빛만으로도 묘한 긴장감을 자아낸 두 사람의 모습에 현 정화는 '두 사람의 수 싸움이 장난 아냐'라며 고수들의 대결이 시작도전부터 얼마나 뜨거운지 전했습니다.\n화자1]이에, 김기택은 '25년 만에 긴장했습니다. 왼쪽 다리가 달달 떨리는 것은 처음'이라고 말하는가 하면 유남규는 '기택이 형랑 싸움하면 부담된다' 며 다리 경련을 호소하는 등 치열한 대결이 이어졌습니다.\n화자2]마치 88서울올림픽 남자 단식 결승전을 재현하는 듯, 현장은 선수들의 숨소리와 네트를 넘나드는 탁구공 소리만 들릴 뿐 그야말로 긴장감이 넘쳤습니다. 특히, 4번의 동점을 이루며 역전에 역전을 거듭하는 박빙의 경기가 펼쳐져 한 편의 드라마와도 같았다는 후문.\n화자1]'예체능' 탁구 경기 사상 최고의 명승부가 된 이번 경기는 현 국가대표 감독으로 자존심을 지키기 위한 유남규가 승리할지, 25년 전 패배를 설욕하기 위한 김기택이 승리할지 관심이 높아가는 가운데 이들 대결은 '우리 동네 예체능' 26회를 통해 펼쳐집니다.\n화자2]한편, 우리 동네 이웃과의 생활 체육 대결이 펼쳐지는 '우리 동네 예체능'은 매주 화요일 밤 11시20분에 방송됩니다."
  },
  "Annotation": {
    "Summary1": "'우리 동네 예체능' 속 '88서울올림픽 25주년 탁구' 2부에서 유남규는 김기택과 경기 중 다리 경련을 호소했다.",
    "Summary2": "",
    "Summary3": "'88서울올림픽 25주년- 탁구' 2부가 그려지는 KBS2 '우리 동네 예체능'에서 유남규는 경기 중 다리 경련을 호소했다. 김기택과 유남규는 88서울올림픽 결승전 당시 점수와 같은 21점 규정으로 경기를 펼쳤다. 4번의 동점을 이루는 등 박빙의 경기가 이어진 가운데 이들의 대결은 '우리 동네 예체능' 26회에서 펼쳐진다."
  },
  "filename": "SCRIPT-enter-03256-00001.json"
}