{
  "Meta": {
    "doc_id": "SCRIPT-enter-02262",
    "doc_category": "SCRIPT",
    "doc_type": "enter",
    "doc_name": "유재석, 'god는 김태우 때문에 망할 것 같았다?!'",
    "author": "KBS",
    "publisher": "KBS",
    "published_year": "2013",
    "doc_origin": "유재석, 'god는 김태우 때문에 망할 것 같았다?!'",
    "passage_id": "SCRIPT-enter-02262-00001",
    "passage": "화자1]유재석이 그룹 god의 첫인상에 대해 회상했습니다.\n화자2]지난 11일 방송된 KBS 2TV <해피투게더 3>에서는 god 출신 데니안, 젝키 출신 은지원, HOT 출신의 문희준, 토니안, NRG 출신 천명훈이 모여 결성한 '핫젝갓 알지' 특집으로 꾸며진 가운데 이들은 재치 있는 입담을 자랑했습니다.\n화자1]이 날 방송에서 문희준은 과거 god가 한 유명 연예정보뉴스 프로그램에서 데뷔했던 당시를 떠올리며 'god라는 아이돌이 나온다고 해서 (HOT)멤버들이 모두 모여서 봤습니다. 노래도 정말 좋더라. 그런데 그 때 태우 씨의 얼굴을 보고 다들 당황했다'고 밝혔습니다.\n화자2]이어 MC유재석은 '내가 메뚜기 탈을 쓰던 시절에 내가 출연하는 프로그램에 신인그룹 god가 출연했었습니다. 노래가 정말 좋아서 기대를 많이 했는데 딱 한 사람, 김태우 씨의 외모를 보고 '이 친구 때문에 안 되겠구나'라고 생각했다'며 거칢없이 속내를 털어놔 스튜디오를 웃음바다로 만들었습니다.\n화자1]이에 god의 멤버 데니안은 '나도 그 때 메뚜기 탈을 쓰고 온 유재석을 보고 용 쓴다고 생각했다'고 역공격을 펼쳐 또 한 번 좌중을 폭소케했습니다.\n화자2]한편 이 날 방송에서는 데니안이 god를 국민그룹으로 만들어준 프로그램 가 사실은 HOT에게 섭외가 갔었다는 비화를 공개해 시청자들의 눈길을 끌었습니다.\n화자1]* 캡쳐 이미지를 누르면 찜 동영상을 볼 수 있습니다."
  },
  "Annotation": {
    "Summary1": "'핫젝갓 알지' 특집이었던 11일 '해피투게더 3'에서는 유재석 등이 god 김태우를 처음 보았던 때를 회상했다.",
    "Summary2": "",
    "Summary3": "11일 '해피투게더 3'에서는 데니안 등이 결성한 '핫젝갓 알지'의 특집이 방송된다. 문희준이 god의 김태우의 처음 봤을 당시를 회상하자 유재석 역시 김태우 때문에 god의 성공을 예상하지 못했다고 밝혔다. 데니안 역시 그 당시 유재석의 메뚜기 탈을 지적하며 역공을 가했다."
  },
  "filename": "SCRIPT-enter-02262-00001.json"
}