{
  "Meta": {
    "doc_id": "SCRIPT-enter-02971",
    "doc_category": "SCRIPT",
    "doc_type": "enter",
    "doc_name": "<맘마미아> 대국민 공개퀴즈 '규현의 엄마를 찾아라'",
    "author": "KBS",
    "publisher": "KBS",
    "published_year": "2013",
    "doc_origin": "<맘마미아> 대국민 공개퀴즈 '규현의 엄마를 찾아라'",
    "passage_id": "SCRIPT-enter-02971-00001",
    "passage": "화자1]KBS 2TV '맘마미아'가 대국민 퀴즈를 진행합니다. 이에, '맘마미아'는 8일 방송 예정인 '대한민국 대표 아이돌' 특집을 앞두고 슈퍼주니어의 규현과 카라의 박규리, 2NE1 공민지, 틴탑의 천지, 천명훈 등의 엄마 얼굴과 함께 이들이 누구의 엄마인지를 맞추는 퀴즈를 공개했습니다.\n화자2]'맘마미아' 제작진은 5일 프로그램 홈페이지를 통해 '오는 8일과 15일 총 2회에 걸쳐 방송 예정인 '대한민국 대표 아이돌' 특집을 앞두고 '스타의 엄마를 맞춰라' 퀴즈를 진행키로 했습니다.'고 밝힌 후 '오는 7일 오후 04시30분까지 시청자 투표를 실시할 예정'이라고 밝혔습니다.\n화자1]이와 함께 '대한민국 대표 아이돌' 특집에 참여하는 규현, 박규리, 공민지, 천명훈, 천지 등 엄마들의 얼굴을 공개했습니다. 시청자들은 7일 오후 04시30분까지 5인의 엄마가 어떤 스타의 엄마인지 게시판(http://www.kbs.co.kr/2tv/enter/happysunday/corner03/m04/index.html)에 올리면 됩니다. 답을 맞춘 시청자들에게는 추첨을 통해 소정의 상품이 제공됩니다.\n화자2]아이돌 스타 엄마들의 얼굴이 공개되자 온라인을 중심으로 네티즌들의 반응이 뜨거워지고 있습니다. 아들, 딸과 똑 닮은 붕어빵 엄마가 있는가 하면 전혀 다른 얼굴로 궁금증을 자아냅니다. 특히, 이 가운데에는 아이돌 못지않은 인지도를 자랑하는 스타 엄마도 있어 관심이 모아집니다.\n화자1]'맘마미아' 제작 관계좌는 '아이돌 특집을 앞두고 엄마들에 대한 관심이 뜨거워 이같은 퀴즈를 진행하기로 했습니다.'며 '퀴즈와 함께 방송을 보면 색다른 재미를 느낄 수 있을 것'이라고 대국민 퀴즈 진행에 대한 배경을 설명했습니다.\n화자2]이에, 네티즌들은 '정말 기대된다', '보인다 보여. 규현 엄마가 보인다~', '도통 누구 엄마인지 모르겠네.. 본방으로 확인해야지', '핫젝갓 알지는 빨리 돈 걷어서 외상값 갚아야 할 듯.. 천명훈 엄마 대박!', '오~ 누구 엄마인지 삘이 확~' 등 다양한 반응을 전했습니다.\n화자1]이처럼 아이 돌보다 한 술 더 뜨는 열정으로 스튜디오를 뜨겁게 달군 엄마들의 맹활약은 '맘마미아' 22회에서 공개됩니다. 매주 일요일 오후 05시 방송."
  },
  "Annotation": {
    "Summary1": "'맘마미아' 제작진은 '대한민국 대표 아이돌' 특집 방영 전 '스타의 엄마를 맞춰라' 퀴즈를 7일까지 진행한다.",
    "Summary2": "",
    "Summary3": "KBS 2TV '맘마미아' 제작진은 '대한민국 대표 아이돌' 특집 방영 전 '스타의 엄마를 맞춰라' 퀴즈를 진행하기로 결정하고 7일까지 시청자 투표를 실시할 예정임을 발표했다. 특집에 참가하는 아이돌 스타 엄마들의 공개된 얼굴을 보면 자식과 닮은 엄마가 있는 반면 전혀 다른 경우도 있어 누리꾼들의 호기심을 자아내고 있다. '맘마미아' 측은 특집을 앞두고 엄마들에 대한 관심이 높아 퀴즈를 진행하기로 했다고 추진 배경을 설명했다."
  },
  "filename": "SCRIPT-enter-02971-00001.json"
}