{
  "Meta": {
    "doc_id": "SCRIPT-enter-00673",
    "doc_category": "SCRIPT",
    "doc_type": "enter",
    "doc_name": "데이브레이크 '불명' 우승 &quot;역시 홍대 아이돌&quot;",
    "author": "KBS",
    "publisher": "KBS",
    "published_year": "2013",
    "doc_origin": "데이브레이크 '불명' 우승 &quot;역시 홍대 아이돌&quot;",
    "passage_id": "SCRIPT-enter-00673-00001",
    "passage": "화자1]밴드 데이브레이크가 불후의 명곡 최종우승을 차지했습니다.\n화자2]지난 16일 방송된 KBS 2TV <불후의 명곡>에서는 90년대 청춘스타 김민종이 전설로 초대된 가운데 브라운 아이드 걸스 나르샤, 유미, 클래지콰이의 알렉스, 데이브레이크, 부활의 정동하, 아이비 등이 출연해 저마다의 개성을 살린 무대로 치열한 경합을 펼쳤습니다.\n화자1]이 날 방송에서 다섯번째 순서로 무대에 오른 데이브레이크는 과거 김민종이 손지창과 The blue로 활동할 당시 불렀던 '그대와 함께'를 선곡했습니다.\n화자2]앞서 데이브레이크는 '우승에 연연하지 않지만 1승만을 해보고 싶습니다.'는 작은 소망을 드러내며 무대에 임하는 각오를 밝힌 그들은 원곡의 밝은 분위기를 그대로 유지하면서 관객들의 흥을 돋우는 한편 자신들의 곡인 '들었다놨다'를 곡에 깜짝 삽입해 더욱 관객들의 귀를 즐겁게 했습니다.\n화자1]또한 데이브레이크는 노래를 함께 부르도록 관객의 참여를 유도해내고 관객석에 있는 여성의 손을 잡는 등의 퍼포먼스로 무대를 더욱 풍성하게 꾸몄다.\n화자2]이를 본 전설 김민종은 '역시 홍대 아이돌답다.무대로 뛰어나갈 뻔했다'고 극찬했습니다.\n화자1]이후 데이브레이크는 명곡판정단으로부터 472표를 얻으며 <불후의 명곡> 출연 2주만에 우승을 차지하는 쾌거를 달성했습니다.\n화자2]* 캡쳐 이미지를 누르면 찜 동영상을 볼 수 있습니다. *."
  },
  "Annotation": {
    "Summary1": "데이브레이크가 16일 방송된 <불후의 명곡> 김민종 편에 출연해 '그대와 함께'를 불러 우승을 차지했다.",
    "Summary2": "",
    "Summary3": "밴드 데이브레이크가 16일 방송된 <불후의 명곡> 김민종 편에 출연해 총 472표를 얻으며 우승을 차지했다. 이날 출연한 가수들은 전설 김민종의 노래로 경연을 치렀는데, 데이브레이크는 김민종과 손지창이 함께 부른 '그대와 함께'로 관객과 함께 즐거운 무대를 꾸몄다."
  },
  "filename": "SCRIPT-enter-00673-00001.json"
}