{
  "Meta": {
    "doc_id": "SCRIPT-enter-00312",
    "doc_category": "SCRIPT",
    "doc_type": "enter",
    "doc_name": "<광고천재 이태백> ‘유쾌 발랄’ 티저 전격 공개",
    "author": "KBS",
    "publisher": "KBS",
    "published_year": "2013",
    "doc_origin": "<광고천재 이태백> ‘유쾌 발랄’ 티저 전격 공개",
    "passage_id": "SCRIPT-enter-00312-00001",
    "passage": "화자1]KBS 새 월화드라마 ‘광고천재 이태백’(극본 설준석, 이재하, 이윤종/ 연출 박기호, 이 소연/ 제작 래몽래인)의 티저 영상이 공개됐습니다.\n화자2]공개된 티저 영상에는 특유의 개성으로 똘똘 뭉친 이태백(진구 분), 엘리트 출신다운 여유가 넘치는 모습의 애디 강(조현재 분), 그 분이 오시는 순간 번뜩이는 아이디어를 떠올린 ‘백지윤(박하선 분)’, 화려한 옷차림과 함께 매혹의 기술을 발휘하는 ‘고아리(한 채영 분)’의 모습이 빠르게 등장, 네 명의 주인공들을 통해 12시간 숨 쉴 틈 없이 바쁘게 지나가는 광고계를 다이나믹 하게 그려냈습니다.\n화자1]특히, 네 명의 각기 다른 개성만점 주인공들과 다채로운 색감의 페인트가 한 데 어우러져 앞으로 그들이 펼쳐낼 4인(인) 4색(색) 스토리에 대한 기대감을 고조시켰습니다.\n화자2]티저를 접한 누리꾼들은 ‘광고 느낌 물씬 나는 티저였다!‘, ’영상만 봐도 주인공들 직업이 한눈에 보인다‘, ’티저만 봐도 기대감 폭발! 2월이 빨리 오길!‘, ’네 명의 배우들 호흡 완전 기대된다!‘ 등의 폭발적인 반응을 보이고 있습니다.\n화자1]한편, ‘광고천재 이태백’은 최고의 광고인을 꿈꾸는 네 명의 남녀가 서로 부딪히며 광고를 만들어 나가는 과정을 통해 청춘들에게 꿈과 희망을 전하며 가슴 따뜻한 감동을 선사할 드라마.\n화자2]티저 영상이 공개되며 더욱 뜨거운 관심을 모으고 있는 KBS 새 월화드라마 ‘광고천재 이태백’은 오는 02월 04일(월) 밤 10시 ‘학교 2013’ 후속으로 첫 방송됩니다."
  },
  "Annotation": {
    "Summary1": "최고의 광고인을 꿈꾸는 네 명의 이야기인 ‘광고천재 이태백’ 티저 영상이 공개됐고 4인 4색의 스토리가 기대된다.",
    "Summary2": "",
    "Summary3": "‘광고천재 이태백’ 티저 영상이 공개됐다. 이 영상에는 개성적인 '이태백', 엘리트 출신의 '애디 강', 기발한 아이디어의 '백지윤', 화려한 옷차림의 '고아리'의 모습이 등장한다. 최고의 광고인을 꿈꾸는 네 명의 이야기인 드라마는 다채로운 색감의 페인트를 보여 4인 4색 스토리가 기대된다."
  },
  "filename": "SCRIPT-enter-00312-00001.json"
}