{
  "Meta": {
    "doc_id": "SCRIPT-enter-00412",
    "doc_category": "SCRIPT",
    "doc_type": "enter",
    "doc_name": "김수로, 33살까지 매달 용돈 500만원씩 받아?",
    "author": "KBS",
    "publisher": "KBS",
    "published_year": "2013",
    "doc_origin": "김수로, 33살까지 매달 용돈 500만원씩 받아?",
    "passage_id": "SCRIPT-enter-00412-00001",
    "passage": "화자1]배우 김수로가 30대까지 용돈을 받았다는 사실을 공개해 화제입니다.\n화자2]지난 29일 방송된 KBS 2TV <달빛 프린스>에서는 두 번째 게스트로 배우 김수로가 초대된 가운데 셰익스피어의 4대 비극으로 널리 알려진 책 '리어왕'을 가지고 나와 다양한 이야기를 함께 나누었습니다.\n화자1]이 날 방송에서 김수로는 '33살 때까지 집에서 용돈을 받았는데 한 달에 4~5백만원씩 받아서 썼다. 그 땐 그게 당연했습니다. 나는 나중에 잘 될 거고 또 다시 돌려 드릴 거라고 생각했습니다.'고 말문을 열었습니다.\n화자2]이어 그는 '하지만 아버지가 46세의 나이로 돌아가셨다. 어느순간부터 재산이 점점 없어지는 걸 느끼고 '돈을 받아 공부할 시간이 얼마 안 남았구나'를 깨닫게 됐습니다.'면서 '연극을 그만두고 영화해야 겠다고 생각했습니다. 한 편 찍고 벌어서 여동생 시집보내고 했습니다.'고 가정사에 대해 털어놨습니다.\n화자1]이를 들은 MC 탁재훈은 그로 인해 후회는 없었냐고 묻자 '후회는 없지만 아버지가 일찍 돌아가신게 화납니다. 내가 40세가 넘으면서 아버지가 더 그리워집니다. '난 이렇게 건강한데 이 때 아버지가 돌아가셨네'라는 생각이 듭니다.'고 돌아가신 아버지에 대한 애틋한 마음을 드러냈습니다.\n화자2]한편 이 날 방송에서는 김수로가 <달빛 프린스> MC들을 각성 시키는 촌철살인의 발언들로 시청자들의 이목을 집중 시켰습니다.\n화자1]* 캡쳐 이미지를 누르면 찜 동영상을 볼 수 있습니다. *."
  },
  "Annotation": {
    "Summary1": "KBS 2TV '달빛 프린스'에 출연한 김수로는 33살까지 집에서 500만원씩 용돈을 받은 일을 밝혔다.",
    "Summary2": "",
    "Summary3": "KBS 2TV '달빛 프린스'에 두 번째 게스트로 출연한 김수로가 '리어왕' 책을 가지고 나와 이야기를 나누었다. 그는 33살까지 월 500만원의 용돈을 받았으나 아버지가 죽고 가산이 줄자 연극을 그만두고 영화를 찍게 됐다고 했다. 또 일찍 돌아가신 아버지에 대한 그리움을 보이기도 했다."
  },
  "filename": "SCRIPT-enter-00412-00001.json"
}