{
  "Meta": {
    "doc_id": "SCRIPT-enter-02341",
    "doc_category": "SCRIPT",
    "doc_type": "enter",
    "doc_name": "씨엔블루 이정신母, 셀프디스에 '맘마미아' 초토화~",
    "author": "KBS",
    "publisher": "KBS",
    "published_year": "2013",
    "doc_origin": "씨엔블루 이정신母, 셀프디스에 '맘마미아' 초토화~",
    "passage_id": "SCRIPT-enter-02341-00001",
    "passage": "화자1]솔비 모녀, 김영희 모녀, 박은영 모녀와 함께 청일점 자녀로 출연한 이정신은 스타 자녀가 엄마와 함께 승마장 체험에 나선 이번 ‘맘마미아’에 어머니와 함께 첫 방송 나들이에 나섰습니다. 이날 녹화에서 이 정신의 어머니는 큰 키와 귀여운(?) 외모 뿐 아니라 과거 스튜어디스 출신이었던 점을 공개해 눈길을 끌었습니다. 이어, 평소 ‘맘마미아’를 즐겨본다며 프로그램 섭외를 받고 ‘맘마미아’를 수차례 다시 보면서 다른 어머니들의 캐릭터를 분석했다고 방송 첫 출연에 대한 각오를 밝혔습니다.\n화자2]또한, 이 정신의 어머니는 박은영 어머니의 외모가 특히나 아름답다는 칭찬과 함께 과거 ‘스튜어디스’ 출신임을 다소 가우뚱하게 하는 본인의 현재 외모를 ‘셀프 디스’하며 큰 웃음을 주기도 했습니다.\n화자1]한편, 사극 <칼과 꽃> 촬영으로 승마에 익숙한 이정신과 달리 말을 무척이나 무서워한 이정신 어머니는 방송 첫 데뷔를 톡톡히 치렀다는 후문입니다.\n화자2]이정신 어머니의 만만치 않았던 방송 첫 데뷔(?)식은 오는 21일 오후 04시55분 KBS2 ‘해피선데이 – 맘마미아’에서 공개됩니다."
  },
  "Annotation": {
    "Summary1": "이정신은 엄마와 ‘맘마미아’에 출연해 소풍에 나섰고 이정신의 엄마는 본인의 외모를 ‘셀프 디스’ 해 큰 웃음을 줬다.",
    "Summary2": "",
    "Summary3": "‘맘마미아’에 출연한 이정신은 엄마와 함께 첫 방송 소풍에 나섰다. 이정신의 엄마는 박은영 엄마의 외모가 예쁘다 하고 과거 ‘스튜어디스’ 출신임을 갸우뚱하며 본인의 외모를 ‘셀프 디스’해 큰 웃음을 줬다."
  },
  "filename": "SCRIPT-enter-02341-00001.json"
}