{
  "Meta": {
    "doc_id": "SCRIPT-c_event-00267",
    "doc_category": "SCRIPT",
    "doc_type": "c_event",
    "doc_name": "최경영의 최강시사",
    "author": "KBS",
    "publisher": "KBS",
    "published_year": "2021",
    "doc_origin": "김경래의 최강시사",
    "passage_id": "SCRIPT-c_event-00267-00005",
    "passage": "김경래]이번 총선 앞두고 정원이 늘어나거나 이럴 가능성은 어떻게 보십니까. 거의 없다고 보세요? 지금 말씀하시는 뉘앙스를 보면.\n박지원]지금 없다고 보면 결국 선거구 조정은 또 물 건너가는 거죠. 그런다고 국민을 설득해서 10%, 30명을 늘리는 것은 또 설득이 되겠어요? 그렇기 때문에 그 방법으로 지금 현재의 세비 등 예산을 동결시키고 증원하더라도 그 예산 범위 내에서 사용하자 이런 것을 내고 있지만 민주당도 한국당도 안한다고 하면 안되죠. 그래서 저는 어떻게 됐든 지금 현재 민주당이 리더십을 잃었어요. 처음 약속할 때는 선거구 조정, 그 다음에 검경수사권조정, 공수처 이런 순서대로 투표를 하기로 했는데 느닷없이 공수처 먼저 하자. 또 그랬다가 소위 그들이 말하는 군소정당, 대안신당이나 정의당이나 평화당에서 반대를 하니까 그러면 같이하자 그러면서 이제 정의당에서 또 우리 바른신당에서, 우리가 제일 먼저 제기를 한 거예요. 물론 패스트트랙 이전에는 심상정 대표가 많이 주장을 했습니다.\n김경래]그랬죠.\n박지원]그러나 패스트트랙 하고 나서는 제가 저희 대안신당에서 먼저 제기를 했는데 우리는 몰매를 맞았어요. 그렇지만 지금 현재 굉장히 어려워지고 있다 저는 그렇게 봅니다.\n김경래]그러면 지금 공수처법도 사실 유승민 의원 같은 경우에 반대하고 있고요. 그렇죠?"
  },
  "Annotation": {
    "Summary1": "선거구 조정보다 공수처를 먼저 처리하자는 민주당의 결정으로 이번 총선에서 증원과 선거구 조정이 불가능할 전망이다.",
    "Summary2": "",
    "Summary3": "이번 총선에서도 증원이나 선거구 조정이 불가능하다는 전망이다. 민주당이 처음에 선거구 조정을 먼저 하고 검경 수사권 조정과 공수처를 순서대로 투표하기로 약속했는데, 갑작스레 공수처를 먼저 하자고 주장했다. 이에 다른 당들이 반대를 했다."
  },
  "filename": "SCRIPT-c_event-00267-00005.json"
}