{
  "Meta": {
    "doc_id": "SCRIPT-c_event-00309",
    "doc_category": "SCRIPT",
    "doc_type": "c_event",
    "doc_name": "최경영의 최강시사",
    "author": "KBS",
    "publisher": "KBS",
    "published_year": "2021",
    "doc_origin": "김경래의 최강시사",
    "passage_id": "SCRIPT-c_event-00309-00001",
    "passage": "김경래]한국유치원총연합회가 어제 개학 연기 투쟁을 조건 없이 철회한다고 밝혔습니다. 정부와 학부모에게 사실상 백기를 든 셈인데요. 하지만 학부모들은 유치원들을 상대로 손해배상을 청구하는 소송에 나설 예정이라고 합니다. 지금 국회에는 유치원 3법이 여전히 계류 중이지 않습니까? 관련 소식 자세히 알아보겠습니다. 먼저 한유총을 상대로 손해배상 청구 소송을 진행할 예정인 전국유치원 학부모 비상대책위원회 김한메 위원장 연결하겠습니다. 안녕하세요?\n김한메]안녕하세요?\n김경래]어제 그래도 저녁 늦게 개학 연기 투쟁을 철회한다고 밝혀서 학부모들은 좀 안심하고 있는 분위기겠어요?\n김한메]예, 그렇습니다. 어제 하루가 1년 같았고요. 아주 패닉 상황에서 굉장히 안도하는 상황이 돼서 완전히 롤러코스터 같은 느낌이었습니다. 그래서 저희는 사필귀정이다, 그렇게 보고요. 그리고 결국은 교육 수요자인 학부모들이나 아이들이 우리 유치원의 주인이라고 확인이 된 거고 그러나 다행이지만 아직은 안심하기 이르다, 그런 의견들이 상당히 많습니다, 지금.\n김경래]안심하기 이르다는 말씀은 어떤 말씀이시죠?\n김한메]왜냐하면 지금 신뢰가 상당히 중요한데 수요자 입장에서 신뢰가 상당히 많이 붕괴됐거든요. 그래서 이분들이 혹시 또 뭔가 상당히 여론이 가라앉은 다음에 기상천외한 방식으로 뭔가를 하는 게 아닌가라는 불안한 마음이 아직은 조금 남아 있어서 경계심을 늦추면 안된다, 그런 의견들이 학부모들에게 아직도 많은 상황입니다."
  },
  "Annotation": {
    "Summary1": "한국유치원총연합회가 개학 연기 투쟁을 조건 없이 철회한다고 밝혔고 신뢰가 무너진 학부모들은 불안함이 남아있다.",
    "Summary2": "",
    "Summary3": "한국유치원총연합회가 개학 연기 투쟁을 조건 없이 철회한다고 밝혔지만 전국 유치원 학부모 비상대책위원회에서는 손해배상 청구 소송을 진행할 예정이다. 학부모들은 아직 안심하기 이르다는 의견이 많으며 수요자 입장에서 신뢰가 상당히 많이 붕괴됐기 때문에 불안한 마음이 남아있는 상황이다."
  },
  "filename": "SCRIPT-c_event-00309-00001.json"
}