{
  "Meta": {
    "doc_id": "SCRIPT-c_event-00395",
    "doc_category": "SCRIPT",
    "doc_type": "c_event",
    "doc_name": "최경영의 최강시사",
    "author": "KBS",
    "publisher": "KBS",
    "published_year": "2021",
    "doc_origin": "김경래의 최강시사",
    "passage_id": "SCRIPT-c_event-00395-00005",
    "passage": "김경래]대대적으로 이루어져야 된다는 말씀이 지금 비서실장과 정무수석, 국민소통수석 이 정도 이야기 나오는데 이것보다 더 가야 된다고 말씀하시는 건가요?\n박지원]저는 할 수 있으면 문재인 대통령께서 국민이 감동할 수 있는 발상의 전환을 해서 대대적으로 이루어지는 것이 훨씬 더 바람직하다, 이렇게 생각합니다.\n김경래]예컨대 뭐 민정수석도 교체를 해야 된다. 이렇게 보세요? 어떻게 보세요?\n박지원]저는 민정수석 문제에 대해서는 검찰개혁이나 사법부 개혁, 검경 수사권 조정 등 당면한 문제가 있기 때문에 지금 현재 조국 수석이 아니면 제 경험에 제가 12년 가까이 지금 법사위원을 하고 있는데 어렵다, 그렇기 때문에 저는 민정수석은 개혁에 더 박차를 가할 필요가 있다고 해서 유임을 지지합니다.\n김경래]대대적인 개편이 필요하지만 민정수석은 지금 개혁에 할 일이 남아 있다, 이런 말씀이시군요.\n박지원]그렇습니다.\n김경래]그러면 지금 거론되시는 분들 있잖아요. 노영민 대사라든가 아니면 강기정 전 의원 등등이 있는데 청와대 인사로 계속 거론되시는 분들. 이분들 면면은 어떻게 보십니까? 감동적이라고 보세요?\n박지원]글쎄요, 다 좋으신 분들이지만 지금 아직 개편이 되지 않고 있는데 제가 얘기하는 것은 좀 문제가 있다고 생각해서 어떻게 됐든 문재인 대통령은 국민이 바라는 그러한 인적 개편을 해야지 대통령이 바라는 쉬운 소위 말하는 친문 세력의 일색으로의 개편은 국민에게 감동을 주지 못할 것이다, 저는 그렇게 봅니다."
  },
  "Annotation": {
    "Summary1": "문재인 대통령은 친문 세력의 일색인 개편이 아닌 국민이 감동할 수 있는 청와대 인사의 대대적인 개편이 필요하다고 본다.",
    "Summary2": "",
    "Summary3": "비서실장, 정무수석, 국민소통수석 등 청와대 인사 개편 얘기가 나오고 있다. 문재인 대통령은 개편할 때 국민이 바라고, 감동할 수 있는 방향으로 해야 하나, 민정수석은 개혁에 아직 할 일이 남아 있다고 본다. 문재인 대통령의 친문 세력의 일색인 개편으로는 국민에게 감동을 주지 못할 것이다."
  },
  "filename": "SCRIPT-c_event-00395-00005.json"
}