{
  "Meta": {
    "doc_id": "SCRIPT-c_event-00079",
    "doc_category": "SCRIPT",
    "doc_type": "c_event",
    "doc_name": "최경영의 최강시사",
    "author": "KBS",
    "publisher": "KBS",
    "published_year": "2021",
    "doc_origin": "최강시사",
    "passage_id": "SCRIPT-c_event-00079-00001",
    "passage": "김경래]미래한국당, 미래통합당과 자매 정당이죠. 미래한국당의 공천이 지금 많이 이야기가 되고 있습니다. 비례후보 명단 순번이 나왔는데, 이 부분을 가지고 모 정당이죠, 미래통합당에서 제동을 걸고 있는 상황이고, ‘그것을 조정을 했다, 조정을 하기로 했다.’ 이런 이야기가 지금 나오고 있습니다. ‘한 5명 정도 조정이 될 것 같다.’ 이런 이야기인데 어떻게 조정이 됐고, 그동안 또 조정을 안하겠다, 이런 강경한 입장 아니었습니까, 미래한국당 공천관리위원회에서? 좀 다른 입장으로 선회한 것이 아닌가, 이런 생각도 들고요. 공병호 공천관리위원장 연결하겠습니다. 안녕하세요? \n공병호]반갑습니다. \n김경래]공 위원장께서 어제 오전에 말씀하신 부분들이 기사가 많이 됐어요. ‘1명 정도는 조정할 수 있는데, 미래통합당 이야기 듣고 더 이상은 안된다.’ 그런데 이게 입장이 좀 바뀌신 건가요? 어떤 거예요? \n공병호]어제 10시에 최고위가 열렸어요. 최고위에서 요청한 것이 한 5건 정도가 되는데, 그 내용을 보니까 납득할 수 있는 그런 구체적인 이런 것이 있기 때문에 저희들이 돌아와서 한002시부터 009시까지 그런 논의를 공천관리위원회가 열었거든요. 그래서 한 4건 정도는 우리가 수용하는 것으로 했고 수용한 이유는 최고위가 납득할 만한 그런 요구를 한 것도 있지만 더 중요한 것은 공천관리위원회가 심혈을 기울여서 작품을 내놨는데 첫날은 굉장히 반응이 괜찮았지만 다음 날에 미래통합당이 반발하며 여론이 조금 악화가 됐어요. 그런데 더 큰 것은 국민들이 불안해한다는 생각이 참 많이 들었습니다. 그래서 어떤 정당이란 그런 편의를 생각하는 것이 아니고 국민들이 불안해하면 정치라는 것이 결국 국민들을 안심시키는 것이잖아요. 그래서 원칙을 훼손하지 않는 범위 내에서 우리가 적극적으로 최고위 요구를 수용해서 해법을 만들어내자, 그렇게 해서 어제 한 007시간 정도 작업을 진행했습니다."
  },
  "Annotation": {
    "Summary1": "미래한국당의 공천관리위원회는 강경한 입장을 보였으나, 어제 열린 최고위에서 요구한 5건 중 4건을 수용했다.",
    "Summary2": "",
    "Summary3": "미래한국당의 공천이 많이 거론되고 있으며, 모 정당인 미래통합당은 미래한국당의 비례후보 명단 순번에 관하여 제동을 걸어온 상황이다. 미래한국당 공천관리위원회는 그동안 강경한 입장을 보여왔다고 한다. 어제 10시에 열린 최고위에서 요구한 5건에 관하여, 공천관리위원회는 원칙을 훼손하지 않은 범위 내에서 최고위의 요구 4건을 수용하기로 하였다."
  },
  "filename": "SCRIPT-c_event-00079-00001.json"
}