{
  "Meta": {
    "doc_id": "SCRIPT-c_event-00095",
    "doc_category": "SCRIPT",
    "doc_type": "c_event",
    "doc_name": "최경영의 최강시사",
    "author": "KBS",
    "publisher": "KBS",
    "published_year": "2021",
    "doc_origin": "김경래의 최강시사",
    "passage_id": "SCRIPT-c_event-00095-00007",
    "passage": "최재성]그것은 유시민 이사장이 한 가지 방법으로 특정해서 이야기한 것은 아니고요. 여러 시뮬레이션 유형 속에 서너 가지 방안 중에 하나로 이야기한 건데요. 지금 그것은 정의당이 참여를 하면 끝나는 문제입니다. \n김경래]그런데 안한다고 하니까 여쭤보는 거잖아요. \n최재성]그래서 저희 당이 정말 어렵고 복잡하고 그런 길을 지금 가고 있는데요. 정의당과 민주당이 창당하는 게 아니잖아요. 바깥의 위기를 느끼고 미래한국당의 파렴치한 1당, 인위적 1당 기도로 입법권력 찬탈하는 것을 저지하자는 것으로 시민사회에서 제도권 바깥에서 호출한 것이거든요. 그러면 여기에 임하게 되면 소수정당 정의당의 명분과 또 득표율과 이런 것들이 비례대표 의석수 이런 것들이 동반해서 확보가 될 수 있는 길입니다. 그래서 그것은 제가 보기에는 참여를 하지 아니하는데 소수정당에게 표를 몰아주자, 이렇게 하는 것은 제가 보기에는 정의당의 참여로 아주 명분 있고 현실적으로 끝날 수 있는 문제를 매우 복잡하게 만드는 것이고 현실적으로 가능하겠느냐? 이런 반론이 있죠. \n김경래]그런데 정의당은 지금 오히려 지역구 추가 공모를 시작했습니다. 이게 사실 지역구 출마로 맞불을 놓겠다, 이런 것으로도 해석이 돼요. 이런 상황에서 정의당이 지금 여지가 있는 겁니까? 어떻게 보세요, 이 부분?"
  },
  "Annotation": {
    "Summary1": "정의당의 참여로 끝날 문제를 참여를 하지 않는 소수정당에 표를 몰아주자고 하는 것은 현실적이지 않은 것 같다.",
    "Summary2": "",
    "Summary3": "미래한국당의 기도로 입법 권력을 뺏는 것을 막으려고 시민사회에서 호출했다. 이에 응하면 정의당의 명분과 득표율, 비례대표 의석수도 함께 확보할 수 있다. 정의당이 참여하면 끝날 문제임에도 참여 않는 소수정당에 표를 주자 하는 것은 현실적이지 않다 본다."
  },
  "filename": "SCRIPT-c_event-00095-00007.json"
}