{
  "Meta": {
    "doc_id": "SCRIPT-c_event-00027",
    "doc_category": "SCRIPT",
    "doc_type": "c_event",
    "doc_name": "최경영의 최강시사",
    "author": "KBS",
    "publisher": "KBS",
    "published_year": "2021",
    "doc_origin": "최강시사",
    "passage_id": "SCRIPT-c_event-00027-00002",
    "passage": "김종인]그건 그 사람의 본인의 생각이고 본인이 그런 말을 했다는 그 자체가 문제가 되는 것이기 때문에 본인이 이러쿵저러쿵 이야기하는 것은 당으로서 신경을 쓸 필요가 없어요.\n김경래]그런데 당에서 차명진 후보를 공천을 한 것 자체가 문제가 아니냐? 왜냐하면 이런 비슷한 세월 호 막말, 이런 논란이 이미 있었거든요, 작년에.\n김종인]아니, 그런 막말을 갖다가 과거에 한 적이 있으셨으니까 공천위가 그런 것을 다 고려를 해서 결승을 했어야 하는 건데, 그런 것을 그냥 간과해서 결승을 했기 때문에 또 그런 막말이 나온 것 같은데, 그거야 뭐 공천위가 한 일이기 때문에 뭐라고 왈가왈부할 생각이 없어요.\n김경래]제명은 마무리가 되는 겁니까? 이제 오늘 윤리위 회의 열리는 거죠? 그리고 최고위 의결까지 오늘 중에 마무리가 될 것 같습니까? 어떻습니까?\n김종인]내가 보기에 아마 당이 순차적으로 절차를 밟을 거예요.\n김경래]김대호 후보 같은 경우에는 재심에서 구제 가능성이 있겠습니까, 지금? 어떻게 보세요?\n김종인]지금 상황에서 구제 상황이 없다고 봐요.\n김경래]없다고 보시고. 그런데 김대호, 차명진 이후에 또 여러 명들이 지금 얘기가 구설에 오르고 있습니다. 주동식 후보, 광주 서구갑, 군산 이근열 후보. 뭐 광주에 대한 약간 비하 발언을 했고 과거에 세월 호 막말도 좀 있었고요. 이근열 후보는 이거는 또 어떻게 봐야 되죠? 성매매 집결지 이야기하는 유곽을 만들겠다, 이런 공약을 내놨다고. 이거 좀 당에서 굉장히 어떻게 보십니까? 심각한 상황으로 보시나요?"
  },
  "Annotation": {
    "Summary1": "막말 논란이 있는 차명진 후보에 대해 윤리위를 거쳐 당 차원에서 순차적으로 제명 절차를 밟을 예정이다.",
    "Summary2": "",
    "Summary3": "차명진, 김대호 등 여러 후보의 막말 논란이 문제가 되고 있다. 당으로서는 차명진 후보 개인의 발언에 대해서 신경 쓸 필요가 없고, 공천 시 고려하지 않고 결승한 것도 공천위가 한 일이라 왈가왈부할 생각이 없다. 차명진 후보에 대한 제명에 관해서는 윤리위 회의를 거쳐 당이 차례대로 절차를 밟을 것이다."
  },
  "filename": "SCRIPT-c_event-00027-00002.json"
}