{
  "Meta": {
    "doc_id": "SCRIPT-c_event-00143",
    "doc_category": "SCRIPT",
    "doc_type": "c_event",
    "doc_name": "최경영의 최강시사",
    "author": "KBS",
    "publisher": "KBS",
    "published_year": "2021",
    "doc_origin": "최강시사",
    "passage_id": "SCRIPT-c_event-00143-00001",
    "passage": "김경래]코로나19 상황으로 의료붕괴 이런 우려까지 나오고 있지 않습니까? 이 와중에 전공의들이 집단행동을 계속하기로 결정했습니다. 이 부분에 대한 이야기를 해볼게요. 오늘은 인도주의 실천의사협의회 이보라 공동대표 연결해서 관련 이야기 좀 나눠보죠. 이보라 대표님, 나와 계시죠? 안녕하세요? \n이보라]안녕하십니까? \n김경래]주말에 예상하셨어요? 이게 사실은 과반이 안 나와서 한 차례 더 투표를 한 상황이었는데, 의견이 좀 갈렸다고 볼 수 있잖아요, 숫자로만 보면. 어떻게 결과가 나올 거라고 예상하셨어요, 이 부분은? \n이보라]사실 예측이 불가한 상태였는데요. 그래도 전공의 선생님들이 현명하게 파업을 접는 방향으로 했으면 좋겠다, 그렇게 기대를 했었는데 좀 결과는 처음에는 파업을 중단한다에 대해 반대가 과반이 넘지 않아서 보통 일반적으로 단체행동을 하고 이런 경우에는 이게 부결된 것이니까 파업을 지속할 수 없는데 일단 거기서 이걸 다시 또 일종에 번복이 된 것인데요. 번복이 되면서 파업 지속을 결정했다고 해서 다음 날 아침에 그 소식을 듣고 저는 실망스러웠던, 그렇습니다. \n김경래]그런데 이 파업을 전공의들이 어떤 논란이 뻔히 예상이 되잖아요. 과반이 안됐는데 또 한 번 투표를 해서 다시 파업을 결정한다, 이게 본인들도 알고 있을 거예요. 이게 분명히 논란은 될 것이다. 그런데 그럼에도 불구하고 이걸 강행한 이유는 뭐라고 봐야 됩니까?"
  },
  "Annotation": {
    "Summary1": "코로나19로 의료 붕괴가 우려되는 와중에 전공의들이 투표로 부결된 것을 번복하여 파업을 지속하기로 결정했다.",
    "Summary2": "",
    "Summary3": "코로나19로 의료 붕괴가 우려되는 와중 전공의들이 집단행동을 지속하기로 결정했다. 투표 결과 처음에는 파업을 중단한다에 대한 반대가 과반을 넘지 않았다. 이런 경우 일반적으로 이것이 부결된 것이므로 파업을 지속할 수 없음에도 번복하여 파업을 지속했다."
  },
  "filename": "SCRIPT-c_event-00143-00001.json"
}