{
  "Meta": {
    "doc_id": "SCRIPT-c_event-00302",
    "doc_category": "SCRIPT",
    "doc_type": "c_event",
    "doc_name": "최경영의 최강시사",
    "author": "KBS",
    "publisher": "KBS",
    "published_year": "2021",
    "doc_origin": "김경래의 최강시사",
    "passage_id": "SCRIPT-c_event-00302-00002",
    "passage": "김경래]그런데 이게 계속 이렇게 어떤 대규모 집회가 기획되고 열리게 되는 건가요? 촛불집회도 그렇고 광화문집회도 그렇고 이번 주를 기점으로 해서 좀 정리하는 거 아니냐 이런 이야기들도 나오고 있고요. 정미경 위원께서는 어떻게 보세요?\n정미경]저는 이렇게 생각해요. 이게 무슨 정리를 하고 안하고 그런. 이거는 정리를 문재인 대통령만이 하실 수가 있는 거예요.\n김경래]대통령이 정리해야 한다?\n정미경]그러니까 누가 정리를 하고 안하고의 문제가 아니에요. 그 다음에 잘 보세요. 지금 한 달여 동안 정신이 없잖아요, 나라가. 그런데 문재인 대통령 취임사 자꾸 사람들이 생각하고 지금 이야기가 되는데요. '기회는 동등할 거고 과정은 공정할 거고 결과는 정의로울 것' 이렇게 이야기하셨잖아요. '특권 없는 세상, 반칙 없는 세상' 만들겠다고 했잖아요. 그런데 이번에 조국 사태를 보면서 정말 야, 어떻게 말과 행동이 이렇게 다를 수가 있냐, 대통령이. 그런데 일반인들은 이렇게 말과 행동이 다른 거요. 그러니까 내로남불이라고 하는 걸 일반인들은 뭐라고 말씀하시는지 아세요?\n김경래]뭐라고 하죠?\n정미경]이거를 보통은 사기라고 그래요. 사기당했다, 사기다 이렇게 이야기해요. 그래서 지금 국민들이 진짜로 분노하는 건 뭐냐 하면 문재인 정권이 사기 정권일 수 있다고 생각하는 거예요. 그러니까 대통령 자꾸 이러시면 안돼요. 왜냐하면 지금은 아, 왜 대통령이 거짓말을 하지? 이러는데 나중에는 어떻게 되는 줄 아세요? 대통령이 이야기하는 거에 전혀 힘이 실리지를 않고 대통령이 이야기하는 거에 대해서 절대 국민들이 믿지를 않게 되는 거예요. 굉장히 무서운 일을 지금 본인들 스스로 하고 계시는데 그게 뭔지를 잘 모르고 계시는 것 같아요."
  },
  "Annotation": {
    "Summary1": "국민들이 대통령이 거짓말을 한다고 생각한다면 나중에는 이야기하는 것에 힘이 실리지 않고 국민들이 믿지 않게 된다.",
    "Summary2": "",
    "Summary3": "촛불집회도 광화문 집회도 이번 주를 시작으로 해서 정리돼야 한다는 의견들이 나오고 있다. 문재인 대통령이 '특권 없는 세상, 반칙 없는 세상'을 만들겠다고 했지만 조국 사태에 말과 행동이 다른 것을 대부분 사기라고 한다. 국민들이 대통령이 거짓말을 한다고 생각한다면 나중에는 이야기하는 것에 힘이 실리지 않고 국민들이 믿게 않게 된다."
  },
  "filename": "SCRIPT-c_event-00302-00002.json"
}