{
  "Meta": {
    "doc_id": "SCRIPT-c_event-00266",
    "doc_category": "SCRIPT",
    "doc_type": "c_event",
    "doc_name": "최경영의 최강시사",
    "author": "KBS",
    "publisher": "KBS",
    "published_year": "2021",
    "doc_origin": "김경래의 최강시사",
    "passage_id": "SCRIPT-c_event-00266-00001",
    "passage": "김경래]문재인 대통령이 시정 연설하면서 여러 가지 이야기를 했는데 그중에 논란이 됐던 부분이 교육 정책 이야기가 가장 큰 논란이 되고 있습니다, 지금도. 정시를 확대하겠다는 입장을 대통령이 공개적으로, 공식적으로 이야기를 한 거죠. 그 뒤에 금요일에 관련된 정책 방향을 또 밝히기도 했고요. 그런데 교육계에서는 좀 반발이 있습니다, 일부. 그리고 특히 실천교육교사모임 이쪽에서는 강하게 반발을 하고 있는데 오늘 그쪽 모임의 대변인 좀 스튜디오에 모셨습니다. 전대원 선생님 나와 계십니다. 안녕하세요.\n전대원]안녕하세요.\n김경래]시정 연설에서 대통령이 그렇게 명시적으로 이야기를 할 줄은 모르셨죠?\n전 대원]전혀 예상 못했죠.\n김경래]조금 놀랐죠, 교육계에서는.\n전 대원]많이 놀랐습니다. 어떻게 보면 당황스럽고 조금 더 나아가면 황당했다 이런 느낌이었습니다.\n김경래]황당했다는 건 왜 그런 거죠? 교육에 대해서 뉴스를 이렇게 쭉 팔로우를 안하신 분들은 이게 무슨 뜻인가 싶으실 거예요. 왜 황당하신 건지.\n전대원]그렇죠. 우리가 행정부가 어떤 일을 한다고 할 때는 과학기술에 관련된 일이라면 과학기술부 장관의 워딩을 좀 중점적으로 들을 것이고 그 다음에 우리가 저 같은 경우 교육에 있으니까 당장 구체적인 건 교육감의 의견을 많이 듣겠지만 국가 거시 정책에 관한 것, 특히 수능과 같은 국가 단위의 어떤 정책 같은 경우에는 교육부 장관의 워딩을 우리가 중점적으로 듣게 되어 있는데 사실 그 전날까지만 해도 교육부 장관의 워딩이나 이런 데서 그런 뉘앙스를 눈치를 못 채고 있었거든요."
  },
  "Annotation": {
    "Summary1": "정시를 확대하겠다는 문재인 대통령의 연설에 교육계가 반발하는 등 논란이 생겼다.",
    "Summary2": "",
    "Summary3": "문재인 대통령이 시정 연설을 했는데 그중에 교육 정책 이야기가 가장 큰 논란이 되고 있다. 공개적으로 정시를 확대하겠다는 입장에 교육계에서 반발이 있다. 수능과 같은 거시 정책에 관한 것은 교육부 장관의 워딩을 중점적으로 듣게 되어있는데 전날까지 교육부 장관의 워딩에서 그런 뉘앙스를 눈치채지 못했다."
  },
  "filename": "SCRIPT-c_event-00266-00001.json"
}