{
  "Meta": {
    "doc_id": "SCRIPT-c_event-00243",
    "doc_category": "SCRIPT",
    "doc_type": "c_event",
    "doc_name": "최경영의 최강시사",
    "author": "KBS",
    "publisher": "KBS",
    "published_year": "2021",
    "doc_origin": "김경래의 최강시사",
    "passage_id": "SCRIPT-c_event-00243-00002",
    "passage": "유명희]이거는 1개, 2개 나라가 모여서 하는 양자적 FTA가 아니라 16개국이 참여하는 세계 최대의 메가 FTA입니다. 인구로는 세계 절반이고 GDP나 이런 걸로는 세계 3분의 1을 차지하는 세계 최대의 메가 FTA이자 우리가 참가한 최초의 메가 FTA입니다. 그래서 양국 간의 시장이 아니라 16개국 간의 시장을 하나의 기회로 활용할 수 있는 거기 때문에 우리 경제에 미치는 영향이 굉장히 크고 긍정적이며 앞으로 새로운 사업 기회를 창출할 수 있다고 봅니다.\n김경래]그러니까 지금 말씀하신 RCEP에 들어가는 나라들이 아세안 10개국. 보통 알고 있는 태국, 말레이시아, 인도네시아 이런 나라들하고 또 한, 중, 일 다 들어가고요.\n유명희]네, 맞습니다. 호주, 뉴질랜드, 인도.\n김경래]인도가 안 들어간다는 뉴스를 언뜻 본 것 같아요. 인도는 왜 논란이 되고 있는 거죠?\n유명희]인도는 지금 16개국 간에 마지막까지 협상을 하고 그 전날 밤까지 했을 때 인도는 자기네는 아직까지도 무역수지 적자에 대한 우려가 있어서 그런 부분들이 완전히 해소되지 않아서 일단은 15개국끼리 협정문 타결 선언을 하고 인도와는 계속 상호 만족스러운 해결책을 찾고 그 이후에 결정을 하겠다 이렇게 됐습니다.\n김경래]인도를 제외한 다른 나라들 입장에서 보면 인도가 시장이 굉장히 크잖아요, 인구도 많고."
  },
  "Annotation": {
    "Summary1": "일단 인도가 제외된 16개국이 참여하는 세계 최대의 메가 FTA에 우리도 참가하여 긍정적인 경제영향을 기대했다.",
    "Summary2": "",
    "Summary3": "우리는 16개국이 참여하는 세계 최대의 메가 FTA를 참가했다. 16개국 간의 시장을 활용할 수 있어 우리 경제에 미치는 영향이 긍정적이고, 새로운 사업 창출을 기대할 수 있다. 인도는 무역수지 적자의 우려로 일단 15개국끼리 협정문 타결을 선언했다."
  },
  "filename": "SCRIPT-c_event-00243-00002.json"
}