{
  "Meta": {
    "doc_id": "SCRIPT-c_event-00327",
    "doc_category": "SCRIPT",
    "doc_type": "c_event",
    "doc_name": "최경영의 최강시사",
    "author": "KBS",
    "publisher": "KBS",
    "published_year": "2021",
    "doc_origin": "김경래의 최강시사",
    "passage_id": "SCRIPT-c_event-00327-00001",
    "passage": "김경래]국회가 꽉 막혀 있습니다. 어제 교섭단체 3당 원내 대표들이 열흘 만에 다시 만나서 머리를 맞대서 논의를 했지만 결렬이 됐다고 하네요. 각 당이 전부 다 국회 정상화 촉구를 하고 있지만 실제로 진짜 국회를 소집할 의지가 있는지는 좀 답답합니다. 어제 회동을 했던 바른미래당 김관영 원내 대표 연결해서 관련 얘기 좀 여쭤보겠습니다. 안녕하세요?\n김관영]안녕하세요? 김관영입니다.\n김경래]어제 3당 교섭단체 원내 대표 만나서 금방 헤어졌다면서요?\n김관영]아, 예. 한 45분 정도했습니다.\n김경래]얘기가 전혀 진척이 안되던가요? 어떻습니까?\n김관영]네, 어제 또 나경원 대표께서 전당대회 일정 때문에 대구에 가셔야 돼서 시간도 제약이 있었고요. 기본적인 각 당의 입장을 정확하게 다시 한 번 확인을 한 것이 의미라면 의미다, 이렇게 생각하고요. 그것을 가지고 상대방 당의 입장을 정확하게 확인했기 때문에 이걸 가지고 어떻게 각 당이 양보할 것인지를 아마 어제저녁 때 고민하지 않았을까 싶습니다.\n김경래]일단 민주당은 조건 없이 국회 소집하자, 이런 입장인 것 같고 한국당은 여당한테 합리적인 조건을 제시했는데 여당이 지금 받아주고 있지 않다, 이렇게 얘기하고 있고요. 바른 미래당은 입장이 어떻습니까?\n김관영]뭐 저희는1월부터 계속 국회는 열어야 된다, 아무리 정치적으로 입장이 다르고 정치공방을 하더라도 국회는 열어서 일은 하고 또 싸울 건 싸우고 이렇게 해야 된다는 것이 저희 당 입장인데요. 사실 1월 국회를 비토한 것은 민주당입니다. 민주당이 당시에 가지 정치적인 현안 때문에 국회 열면 정치적 공방이 두려워서 1월 국회를 오히려 안하고 끊었거든요. 그래서 2월에는 또 자유한국당이 조해주 선관위원 임명 강행을 핑계 삼아서 또 보이콧하고 있습니다. 그래서 1월은 민주당이 보이콧, 2월은 자유한국당이 보이콧. 저희로서는 참 이해하기 어려운데요. 저희는 줄곧 계속 아무리 상대방을 비난하고 정치적 공방하더라도 국회는 열자. 그것을 국회에서 얘기를 하자고 하는 것이 바른 미래당의 입장입니다."
  },
  "Annotation": {
    "Summary1": "교섭단체 3당 원내 대표 회동이 결렬되고, 바른 미래당의 국회 개회 주장에도 민주당과 자유한국당이 보이콧을 했다.",
    "Summary2": "",
    "Summary3": "어제 열흘만의 교섭단체 3당 원내 대표 회동이 있었지만 결렬되었다. 시간의 제약이 있는 상황에서 각 당이 서로의 기본적 입장을 확인했다. 바른 미래당은 국회를 열어서 일을 하며 공방을 이어가자는 입장으로 1월부터 국회 개회를 주장했지만 1월에는 민주당이 정치적 공방이 두려워 보이콧을 하고, 2월에는 자유한국당이 조해주 선관위원 임명 강행을 핑계로 보이콧하고 있다."
  },
  "filename": "SCRIPT-c_event-00327-00001.json"
}