{
  "Meta": {
    "doc_id": "SCRIPT-c_event-00151",
    "doc_category": "SCRIPT",
    "doc_type": "c_event",
    "doc_name": "최경영의 최강시사",
    "author": "KBS",
    "publisher": "KBS",
    "published_year": "2021",
    "doc_origin": "최강시사",
    "passage_id": "SCRIPT-c_event-00151-00002",
    "passage": "김경래]근 50년 됐네요? \n박태숙]그렇죠. \n김경래]와, 50년 동안 그러면 같은 일을 계속하신 거예요? \n박태숙]그렇죠. \n김경래]계속 미싱을 만지시고. \n박태숙]미싱공. 네. \n김경래]아니, 그러면 지금은 노동자들이 많이 없을 것 같다. 왜냐하면 옷이라는 게 동남아에서 많이 만들고 싸게 들어오고 이래서 없을 것 같다고 생각하는데 지금 규모가 어느 정도됩니까, 김 선생님? \n김형탁]봉제에 종사하시는 분들이 추계입니다만 전국적으로 한 13만 명이 좀 넘는 것으로 되어 있고요. 그러니까 서울시도 한 9만 명 이상 일을 하시는 것으로 그렇게 추계를 하고 있습니다. \n김경래]같이 일하시는 분들 많죠. 박태숙 선생님 혼자 일하시는 건 아닐 거고. \n박태숙]예전보다는 많지 않아요. 예전에는 제가 70년대 일할 때는 한 공장에 미싱이 보통 7~8대 되고 예전에는 다들 6.25 전쟁 이후로 먹고살기도 힘들고 이래서 공부 제대로 안하고 돈 벌러 온 사람들이 많았잖아요. 그래서 인구가 많고 제가 초등학교를 봄에 졸업했는데 평화시장에 바로 못 들어왔어요, 자리가 없어서. 가을에 들어왔거든요. \n김경래]자리가 없어서 들어가려고 해도? \n박태숙]예, 그 시절에는 그랬어요. 그래서 인구가 많아서 그랬는데 지금은 세월도 흐르고 또 지금은 다들 자녀들을 가능하면 대학교까지 다 보내려고 노력을 하잖아요. 그러니까 그러기도 하고 또 평화시장 근로조건이 너무 안 좋다 보니까 다들 평화시장에 잘 안 들어오죠. 그래서 지금은 저같이 나이 먹은 사람들이 주를 이루고 있죠."
  },
  "Annotation": {
    "Summary1": "추계이지만 전국에 13만 명 정도가 봉제업에 종사하고, 취약한 근로 조건으로 나이가 많은 사람들이 주를 이룬다.",
    "Summary2": "",
    "Summary3": "50년 동안 계속 미싱공으로 일했다. 추계이지만 전국적으로 13만 명 정도의 인원이 봉제업에 종사를 하고 있는 것으로 본다. 70년대 일할 때는 공부 안하고 돈 벌러 온 사람들이 많았지만 지금은 취약한 근로 조건으로 나이가 많은 사람들이 이 업종의 주를 이루고 있다."
  },
  "filename": "SCRIPT-c_event-00151-00002.json"
}