{
  "Meta": {
    "doc_id": "SCRIPT-c_event-00072",
    "doc_category": "SCRIPT",
    "doc_type": "c_event",
    "doc_name": "최경영의 최강시사",
    "author": "KBS",
    "publisher": "KBS",
    "published_year": "2021",
    "doc_origin": "최강시사",
    "passage_id": "SCRIPT-c_event-00072-00003",
    "passage": "김경래]그러면 장비를 들고 음압병실을 가는 거예요? \n박용준]그러니까 저희가 아까 말씀 드렸듯이 건물 전체가 코호트 격리가 되고 있는데요. 기존에 잘되어 있는 시설에서 촬영을 하고 있고요. 중증환자나 거동이 불편한 환자인 경우에는 이동식 촬영장비를 이용해서 촬영하고 있습니다. \n김경래]이동식도 있군요, 그게. \n박용준]네, 이동식 촬영도 있습니다. \n김경래]그것도 들고 다니려면 이것도 굉장히 힘든 상황이겠네요, 그게. \n박용준]네, 무게가 꽤 나가서 보호복을 입은 상태로 그것을 끌고 다니면서 각 병실을 다녀야 되는 상황이거든요. 그래서 무척 덥고 땀도 많이 나고 체력적으로 좀 힘든 상태입니다. \n김경래]대구 쪽에 한창 폭발적으로 증가할 때 그때보다는 상황이 좀 나아졌죠, 그래도? \n박용준]사실 그때는 조금 경증환자가 되게 많았는데요. 지금 중증환자가 점점 많아지면서 실제로는 더 업무량이 더 과중되어 있는 상태거든요. \n김경래]그렇군요. \n박용준]안 좋아진 환자 분들이 되게 많이 늘어났거든요, 지금. 그런 분들도 계시고 지금 대구 같은 경우에는 요양병원 환자들도 많이 늘어나서 협조가 좀 어려운 부분들도 많거든요. 그래서 저희가 그런 부분에 대해서 힘든 것 같습니다. \n김경래]대구가 좀 한숨 돌린 것 아니냐고 생각하실 텐데 실제 현장에서는 오히려 중증환자가 늘어서 더 어려운 상황이다, 이런 말씀이시네요."
  },
  "Annotation": {
    "Summary1": "코호트 격리 병동 근무자는 체력적으로 힘이들며 점차 경증환자보다 중증환자가 많아져 업무량이 더욱 과중되고있다.",
    "Summary2": "",
    "Summary3": "코호트 격리가 된 건물에서 보호복을 입은 상태로 촬영장비를 이동하다보니 체력적으로 힘든 상황이다. 그리고 대구에서 환자가 증가했을때는 경증환자가 많았지만 지금은 점점 중증환자가 많아지면서 실제로는 대구 때 보다 업무량이 더 과중되고있다."
  },
  "filename": "SCRIPT-c_event-00072-00003.json"
}