{
  "Meta": {
    "doc_id": "SCRIPT-c_event-00275",
    "doc_category": "SCRIPT",
    "doc_type": "c_event",
    "doc_name": "최경영의 최강시사",
    "author": "KBS",
    "publisher": "KBS",
    "published_year": "2021",
    "doc_origin": "김경래의 최강시사",
    "passage_id": "SCRIPT-c_event-00275-00010",
    "passage": "김경래]지금 중요한 게 하나가 입시제도입니다. 지금 정시를 확대하겠다는 입장을 명시적으로 대통령이 밝혔습니다. 이게 오늘 아침 언론들도 보면 정책이 엇박자를 내고 있는 것 아니냐? 이런 비판이 나올 수도 있는 상황인 것 같아요. 어떻게 보세요?\n이재정]사실 재벌개혁, 검찰개혁보다 가장 첨예하고 민감할 수밖에 없는 게 교육제도 개혁입니다. 특히 수시제도를 통한 사실상 그간의 입시개혁을 타파해야 되는 것은 장기적인 안목에서 그 길이 달라질 수는 저는 없다고 생각하고요. 다만 무엇이 문제느냐의 얘기에 대해서는 여당 내에서도 여러 전문가들 사이에서도 의견이 나뉩니다. 당장의 효과로는 지금 수시에 대한 신뢰가 무너진 상황에서 여러 평가지표들에 대한 공정성을 담보할 수 있느냐는 측면에서는 정시 확대라는 것 충분히 고민할 수 있겠지만, 장기적 안목에서는 결과적으로 서열별로 줄 세우는 사회 구조적 변화가 병행되어야 되거든요. 그런 제반 여건들이 개선이 된다면 이런 교육제도의 문제도 사실상 바람직하다고 생각되는 제도를 그냥 선택할 수 있지만 지금 조금 복잡 미묘한 여러 가지 계산법이 들어갈 수밖에 없는 상황이고요. 그런 의미에서 대통령도 정시 확대에 대한 국민의 신뢰가 무너진 상황에서 정시 확대를 요구하는 국민의 목소리를 경청하셨다고 봅니다."
  },
  "Annotation": {
    "Summary1": "대통령은 수시에 대한 국민의 신뢰가 무너진 상황에서 정시를 확대하겠다는 입장을 명시적으로 표명하였다.",
    "Summary2": "",
    "Summary3": "교육제도 개혁은 첨예하고 민감할 수밖에 없는 사안이다. 대통령은 지금 수시에 대한 국민의 신뢰가 무너진 상황에서 정시를 확대하겠다는 입장을 명확히 표명하였다. 그러나 복잡 미묘한 여러 가지 계산법으로 인해 전문가들 사이에서도 의견이 나뉘고 있다."
  },
  "filename": "SCRIPT-c_event-00275-00010.json"
}