{
  "Meta": {
    "doc_id": "SCRIPT-culture-00003",
    "doc_category": "SCRIPT",
    "doc_type": "culture",
    "doc_name": "T2000-0030_S000_20201026_PS-2020176533-01-000_fixed.vtt",
    "author": "KBS",
    "publisher": "KBS",
    "published_year": "2020",
    "doc_origin": "명견만리",
    "passage_id": "SCRIPT-culture-00003-00001",
    "passage": "화자0](해설) 세계를 뒤흔들고 \n우리 삶의 거대한 변화를 가져온 코로나19.\n코로 나와 함께 살아가야 하는 시대.\n우리는 무엇을 어떻게 대비해야 하는가.\n23만 KBS 국민 패널과 함께하는 명견만리.\n미래를 묻는 100가지 질문.\n대한민국이 묻고 명견만리가 답한다.\n대한민국 최고의 트렌드 전문가 \n김난도 교수와 함께 미래를 예측해본다.\n화자1]트렌드를 연구하는 것은 사람들의 일상을 관찰해 \n그 속에 담긴 진짜 욕망을 읽어내는 것입니다.\n하지만.\n사람들의 욕망은 다양하고 \n또 변화무쌍해서 좀처럼 끄집어내기가 쉽지 않죠.\n게다가 처음에는 아주 사소해 보이고 \n또 보잘것이 없어서 \n설마 저런 것이 거대한 변화로 이어지겠어라고 \n의아할 때도 있습니다.\n하지만.\n트렌드를 남보다 \n조금이라도 더 빨리 이해하면 \n미래를 대비하고 또 성공을 이끄는 데 \n아주 중요한 열쇠가 되는데요.\n지금부터 2021년의 트렌드를 \n예측해 보고자 합니다.\n지금 저와 함께 이야기 나누실 \n패널 여러분도 나와 계십니다.\n안녕하세요? \n반갑습니다.\n나와주셔서 감사합니다.\n아름다운 벚꽃이 휘날리던 \n지난 4월 여의도 윤중로의 모습입니다.\n예전 이맘때이면 벚꽃을 즐기려는 인파가 몰려들어서요.\n라디오 진행자들이 제 시간에 오지 못할 만큼 \n붐비던 곳이었는데 올해 우리는 \n한 번도 경험하지 못한 풍경 속에 있었습니다.\n코로나 팬데믹으로 전례 없는 \n불안과 고통도 경험했는데요.\n사실 2020년은 지난 15년간 \n트렌드를 예측해온 저에게도 \n아주 특별한 해였습니다."
  },
  "Annotation": {
    "Summary1": "코로나19로 인해 한번도 경험하지 못한 오늘을 살아가는 우리는 2021년 트렌드를 살피며, 미래를 예측한다.",
    "Summary2": "",
    "Summary3": "트렌드란 사람들의 일상을 관찰하여 그 속의 욕망을 읽어내는 것이다. 이는 미래의 성공을 이끄는 중요한 열쇠가 된다. 세계는 코로나19로 인해 한번도 경험하지 못한 불안과 고통의 시간을 보냈다. 2021년의 트렌드를 예측하여 미래를 준비하고자 한다."
  },
  "filename": "SCRIPT-culture-00003-00001.json"
}