{
  "Meta": {
    "doc_id": "SCRIPT-fm_drama-11001",
    "doc_category": "SCRIPT",
    "doc_type": "fm_drama",
    "doc_name": "11001_NC_당신옆이좋아_20020701.txt",
    "author": "KBS",
    "publisher": "KBS",
    "published_year": "2002",
    "doc_origin": "당신옆이좋아",
    "passage_id": "SCRIPT-fm_drama-11001-00009",
    "passage": "해설]민들레 안(밤).\n문희와 재희, 강희, 주희 딸 넷 머리를 맞대고 이야기 중이다.\n재희]이고 지고 나가서 팔자구?\n문희]그래. 최하 너랑 나랑 스물다섯권씩은 팔아야 해.\n재희]언니, 혼자 잘난 척 하지만 어쩔 때 보면 머리 굉장히 나쁜 거 알아?\n해설]일등하는 거 정말 신기해..\n문희]미안 하다, 머리 나빠서.\n재희]나한테 미안할 건 없지. 늦어두 칠년 안엔 우리 따로 살게 될꺼잖아.\n주희]왜 따루 사는데? 짝은 언니.\n재희]대학 졸업하자마자 결혼하는 게 내 꿈이니깐. 물론 일학년때라두 좋은 사 람만 만나면 언제든 할꺼구.\n주희]아아..(알아들었다는 듯 고개 끄덕이며)\n문희](재희가 한심해 죽겠다)한 소절 했으니까 그만해. 그만하구. 반짝이는 머리 가진 너가 말해봐..\n재희]첫째 단행본 팔아봐야 돈 안돼. 팔라믄 전집 팔아야 해. 한국단편소설문학전 집 스물두권짜리, 세계명작전집 스무 권짜리. 아님 어린이명작동화.\n해설]그걸 어떻게 들고 나가니? 그냥 목록만 적어가서 주문받어. 선금 얼마 걸 라 그러구.\n문희]와아... (감탄하는)\n재희]그래두 별 소득 없어, 언니 계획은 꽝 될 꺼야.\n문희]왜?\n재희]누가 사겠어? 나래두 안 살 꺼 같아. 돈만 뜯기구 책 못받을지 모르잖아.\n문희]속구만 살았니?\n해설]재희, 이야기하는 동안 턱 괴고 조는 강희. 두 눈에 잠이 가득한 주희.\n재희]안속구 산 언니 같음 사겠어?\n문희]몰라. 우리 집 책방이라 딴 애들한테 책 사야겠다 생각 안 해봤으니까.\n재희]...\n문희]그래..나두 안사. (잠시 고민하다) 깍아주자. 단행본은 5%. 전집은 십 퍼센트 싸게 파는 거야.\n재희]그러든지.\n문희]너 머리 좋다. 재희야.\n재희]원래 좋아, 공부 머리 없어서 그렇지. 이제 자두 돼?\n문희](웃으며) 그래. (강희와 주희의 모습을 보면서) 자자- 자."
  },
  "Annotation": {
    "Summary1": "문희는 책을 25권 이상을, 재희는 전집을 팔자고 하고, 문희는 책 없이 주문과 선금을 받는 방식에 놀라한다.",
    "Summary2": "",
    "Summary3": "민들래에서 문희는 책 판매에 대해 재희와 강희, 주희와 이야기한다. 문희는 스물다섯권씩 이상을 팔아야 한다고 하고, 재희가 칠 년 안에 분가할 거라고 하니 주희가 무슨 말인지 묻자, 재희는 대학 졸업 후 바로 결혼하는 게 꿈이라고 한다. 재희는 단행본 말고 전집을 팔자고 하고, 물건 없이 목록만으로 주문을 받고 선금 받는 방법에 대해 문희는 감탄한다."
  },
  "filename": "SCRIPT-fm_drama-11001-00009.json"
}