{
  "Meta": {
    "doc_id": "SCRIPT-c_event-00002",
    "doc_category": "SCRIPT",
    "doc_type": "c_event",
    "doc_name": "최경영의 최강시사",
    "author": "KBS",
    "publisher": "KBS",
    "published_year": "2021",
    "doc_origin": "최강시사",
    "passage_id": "SCRIPT-c_event-00002-00001",
    "passage": "김경래]진정한 보수의 가치와 품격이 무엇인지, 우리 사회의 뜨거운 현안을 보수의 시각으로 들여다보는 시간입니다. 이 음악 오랜만에 듣네요, ‘여인의 향기’. 이 음악이 나오면 나오는 분이 계십니다. 윤여준 전 장관님, 오랜만에 모셨습니다. 안녕하세요?\n윤여준]안녕하십니까? 오랜만입니다.\n김경래]원래 일주일에 한 번씩 뵙다가 저희들이 중요한 일이 있을 때 한 번씩 모시려고 했는데, 그것도 사실 사양하셨잖아요.\n윤여준]저는 그만 불러주셔도 돼요.\n김경래]그래도 이번 총선 결과가 누구에게는 안 그러겠지만 대부분의 사람들에게는 약간 좀 놀라운 성적이었어요, 어느 쪽으로 보더라도. 패배한 쪽으로 보더라도, 승리한 쪽으로 보더라도. 이것은 좀 윤여준 장관님의 해설, 해석을 좀 듣고 싶었습니다. 그래서 억지로 모셨습니다, 안 나오시는 분을. 일단은 아까 방송 시작하기 전에 제가 여쭤봤는데 이 정도 숫자를 예상하셨다고 하세요.\n윤여준]아니, 제가 예상한 게 아니고요. 제 후배 중에 이런 판세 분석을 예리하게 하는 친구가 있어요. 그래서 제가 선거운동이 시작되던 날이 04월 02일인가 그랬을 텐데.\n김경래]4월 초.\n윤여준]그날 물어봤어요, 어떻게 보느냐? 그랬더니 그날은 민주당의 압도적 승리일 거다, 그렇게 이야기하더라고요. 그래서 압도적이라면 어느 정도로 예상하는 거냐, 그랬더니 한 150석에서 160석 사이를 본다는 거죠."
  },
  "Annotation": {
    "Summary1": "이번 4월 총선 결과 민주당의 압승은 대부분의 사람들에게는 놀라운 성적이었다.",
    "Summary2": "",
    "Summary3": "이번 4월 총선 결과로 나타난 민주당의 압승은 대부분의 사람들에게는 놀라운 성적이었다. 이에 대해 진정한 보수의 가치와 품격, 우리 사회의 뜨거운 현안을 들여다 보는 시간을 마련했다. 이번 선거는 선거 운동이 시작되던 날 부터 민주당의 승리를 예상 했다고 한다."
  },
  "filename": "SCRIPT-c_event-00002-00001.json"
}