{
  "Meta": {
    "doc_id": "SCRIPT-c_event-00006",
    "doc_category": "SCRIPT",
    "doc_type": "c_event",
    "doc_name": "최경영의 최강시사",
    "author": "KBS",
    "publisher": "KBS",
    "published_year": "2021",
    "doc_origin": "최강시사",
    "passage_id": "SCRIPT-c_event-00006-00003",
    "passage": "이인영]심재철 원내대표께서도 추경안 내용을 일단 살펴보겠다, 그리고 시정연설 후에 김한표 원내수석은 여야의 원내대표 간에 회동이 열리면 의사일정을 협의해나가면서 판단하겠다, 이런 입장이셨던 것 같은데, 그 이전에 황교안 대표가 전 국민에게 1인당 50만원을 즉각 지급하라, 이렇게도 이야기했고 김종인 총괄선대위원장이 50만원을 전 국민에게 긴급명령으로 빨리 지급하라는 이야기는 자신이 이야기했던 100조 원의 예산 범위 내에서 가능하기 때문에 큰 차이가 없다, 이렇게까지 이야기했지 않습니까? 그래서 선거가 끝났다고 해서 야당의 입장이 그렇게 한순간에 바뀌지는 않을 것이다, 그렇게 기대하고 야당의 입장도 충분히 경청하면서 원만한 합의를 도출할 수 있도록 그렇게 노력하겠습니다.\n김경래]야당 입장도 따로 들어야 될 부분인 것 같은데, 그런데 지금 국민들 입장에서는 아까 말씀하신 여러 가지 백신 이야기 그리고 고용 문제, 이런 것들도 중요한데, 당장 돈이 50만원이든 100만원이든 언제 들어올까? 이게 궁금하신 분들도 꽤 많을 겁니다. 지금 굉장히 어려운 분들이 많기 때문에 언제쯤이라고 대략 기대를 해도 될까요?\n이인영]글쎄요, 오늘 정부 시정연설이 끝나고 거듭 말씀 드리지만 심재철 원내대표와 회동이 있으니까요. 그때 의사일정을 어떻게 진행시킬 것인지 최종적으로 조율하겠습니다만 저희 입장에서는 그래도 이 달 중으로 4월 중으로 추경 심사를 완료하고 5월에는 우리 국민들한테 재난지원금이 지급될 수 있도록 그렇게 좀 속도를 내야 되지 않을까, 이렇게 생각합니다."
  },
  "Annotation": {
    "Summary1": "국민들은 궁금해하는 재난지원금 지급 시기는 심재철 원내대표와 조율해야겠지만, 5월에 지급해야 한다고 생각한다.",
    "Summary2": "1인당 50만원을 즉각 지급하라는 황교안 대표의 발언 등 선거가 끝났더라도 재난지원금에 대한 야당의 입장이 급변하지는 않을 것이다. 하지만 국민들 입장에서는 당장 지원금의 지급 시기가 가장 궁금한 사안이다. 따라서 심재철 원내대표와의 회동에서 의사일정을 조율하겠지만, 4월 중으로 추경심사를 완료하고 5월에 지급해야 한다고 생각한다.",
    "Summary3": ""
  },
  "filename": "SCRIPT-c_event-00006-00003.json"
}