{
  "Meta": {
    "doc_id": "SCRIPT-fs_drama-15002",
    "doc_category": "SCRIPT",
    "doc_type": "fs_drama",
    "doc_name": "15002_NC_어여쁜당신_20070112162908660094.txt",
    "author": "KBS",
    "publisher": "KBS",
    "published_year": "2007",
    "doc_origin": "어여쁜당신",
    "passage_id": "SCRIPT-fs_drama-15002-00030",
    "passage": "해설]숍.(약혼 드레스 입고 서 있는 희주).\n기준모](마음에 안 드는) 얘 너무 파졌어, 그러면 천해.. 다른 걸로 입어 봐..\n해설]좀 우아한 걸로...\n희주](아쉬운) 아줌마, 요샌 다 끈만 달린 거 입어요.\n기준모]얘, 다들 그런다고 따라하면 안 이뻐, 다르게 입어야 이뻐... 끈 다리가 뭐냐, 품위 없이.\n희주모](마땅치 않은) 조여사 보기보단 구식이네..? 괜찮은데.\n기준모]희주야, 아마 기준이도 싫어할 꺼다.\n희주]알았어요, 아줌마, 다른 거 입어 볼께요...\n기준모]실장님 좀 우아한 걸로 입혀 봐요.\n실장]네 사모님 (희주 데리고 들어간다).\n희주모]조여사 어지간하면 애들한테 맡겨, 일일이 참견하지 말구... 요새 애들 다 나름대로 생각도 있고 감각도 있어.\n기준모]아니, 내가 일일이 참견하는 거 같해..?\n희주모]크게 거슬리는 건 말을 해야겠지만 어지간하면 알아서 하라구 내버려 두면 좋겠다구...\n기준모]드레스 푹푹 파진 거 맘에 안 든다구 한 게 간섭이야..?\n희주모](못마땅하지만 참는) 그렇잖아도 그렇게 들을까봐 할까 말까 했어,\n해설]어지간한 건 희주가 알아서 하게 해두 되잖냐는 얘기야.\n기준모]약혼식을 어떻게 애들한테 맡겨...약혼식은 집안 일이잖아.\n희주](드레스 입고 나오며) 아줌마, 보세요.\n기준모]열 번 낫다, 열 번 나아.\n희주모](못 마땅한)"
  },
  "Annotation": {
    "Summary1": "기준의 어머니가 희주의 약혼 드레스에 참견하는 것을 보며 희주의 어머니는 애들이 알아서 하게 내버려 두자고 한다.",
    "Summary2": "",
    "Summary3": "희주가 입은 약혼 드레스가 맘에 안 드는 기준의 어머니는 다른 걸로 입어보라고 하고 희주는 불만에 가득 찬 채 그 말을 따른다. 이를 본 희주의 어머니는 너무 참견한다며 애들이 알아서 하게 내버려 두라고 하지만 기준의 어머니는 자신이 참견을 하는 게 아니라고 생각한다."
  },
  "filename": "SCRIPT-fs_drama-15002-00030.json"
}