{
  "Meta": {
    "doc_id": "SCRIPT-enter-00104",
    "doc_category": "SCRIPT",
    "doc_type": "enter",
    "doc_name": "김경진, 최희 아나운서에 깜짝 프러포즈",
    "author": "KBS",
    "publisher": "KBS",
    "published_year": "2013",
    "doc_origin": "김경진, 최희 아나운서에 깜짝 프러포즈",
    "passage_id": "SCRIPT-enter-00104-00001",
    "passage": "화자1]개그맨 김경진이 방송을 통해 공개구혼에 나섰습니다.\n화자2]김경진은 9일 방송되는 KBS2 건강 프로그램 <비타민> '2013 새해건강계획 남성편' 위험인물 5인방 왕중왕전의 게스트로 출연해 KBS N 최희 아나운서에게 고백하며 공개적으로 구혼을 펼쳤습니다.\n화자1]그는 예전 비타민 ‘두뇌건강’ 편에 출연해 모두를 놀라게 한 위험인물로 선정되었으며 새해를 맞아 다시 한 번 건강 상태를 점검받기 위해 출연했습니다.\n화자2]김경진은 새해 계획으로'2013년부터 운동을 열심히 해서 몸과 정신을 건강하게 만들고, 결혼을 하고 싶습니다.'고 밝혔습니다. 이에 MC 김용만은 '이상형이 누구냐'고 물었고, 김경진은 망설임 없이 ‘최희 아나운서’라고 말해 주위를 놀라게 했습니다.\n화자1]이어 '제 전두엽은 새 것입니다. 한 번도 쓰지 않았거든요. 최희 아나운서, 제 전두엽을 받아주세요.'라고 덧붙여 웃음을 자아냈습니다.\n화자2]한편 이날 녹화에는 김경진 외에 김학래, 곱성, 박완규, 허각이 출연하여 현재 건강 상태를 꼼꼼하게 점검받았으며 이들의 건강상태는 9일 수요일 밤 08시50분 KBS2 비타민에서 확인할 수 있습니다."
  },
  "Annotation": {
    "Summary1": "개그맨 김경진이 최희 아나운서에게 공개 청혼한 건강 프로그램 KBS2 '비타민'이 9일 밤 8시 50분에 방영된다.",
    "Summary2": "개그맨 김경진이 KBS2 건강 프로그램 '비타민'에 출연해서 최희 아나운서에게 공개 구혼을 했다. MC 김용만이 이상형을 묻자 김경진은 최희 아나운서가 이상형이라고 대답했다. 김학래, 박완규 등이 이날 녹화에 출연해서 건강 상태를 점검받았으며, 이 내용은 9일 수요일 밤 8시 50분에 방송된다.",
    "Summary3": ""
  },
  "filename": "SCRIPT-enter-00104-00001.json"
}