{
  "Meta": {
    "doc_id": "SCRIPT-fs_drama-15002",
    "doc_category": "SCRIPT",
    "doc_type": "fs_drama",
    "doc_name": "15002_NC_어여쁜당신_20070112162908660094.txt",
    "author": "KBS",
    "publisher": "KBS",
    "published_year": "2007",
    "doc_origin": "어여쁜당신",
    "passage_id": "SCRIPT-fs_drama-15002-00006",
    "passage": "해설]거리 (현재).(운전하며 가는 기준) \n로비.(걸어오는 기준모와 희주모).\n기준모]김여사 우리 만난 김에 보석까지 보면 어때..? 일부러 또 나올 필요 없이.\n희주모]내일 애들랑 같이 점심 먹자며...\n기준모]내 정신 좀 봐, 또 깜빡했네, 돌아서면 잊어버린다니까, 우리가 미리 좀 봐두면 더 좋잖아, 돈 낼 사람은 우리들인데.\n희주모]그러지 뭐 \n해설]호텔 앞.(기준모와 희주모 나온다).\n도어맨](깍듯하게) 차 부를까요..?\n기준모]에, 그래요,우리 차로 가지 뭐...\n희주모]그럴까..?\n해설](인영과 사진작가와 열심히 얘기하며 다가온다).\n기준모](무심히 인영이를 보는데? 누굳이?).\n희주모]왜 아는 사람이야..?\n기준모]아니 아는 애 같은데 생각이 안나네.. (시선 돌리는 순간 확 생각나며 휙 다시 인영쪽 본다).\n해설](인영과 사진작가 웃으며 지나간다. 애인사이로 보일 수 있는) * (1회-인영이 기준모와 부딪치고 쳐다보는 얼굴).\n기준모]아니 그 기집애 아냐, 뭔 좋은 인연이라고 또 만나, 재수없게..?\n희주모]누구..?\n기준모]아니야 (생각하기도 싫다는 듯)"
  },
  "Annotation": {
    "Summary1": "기준모와 희주모가 차를 기다리고 있는데 기준모가 인영을 보고, 좋지 않은 기억을 떠올리며 재수없어 한다.",
    "Summary2": "기준모와 희주모가 만난김에 보석까지 미리 봐두기로 이야기한다. 둘이 호텔 앞에서 차를 기다리고 있는데 기준모는 인영과 사진작가가 얘기를 나누는 모습을 보게 된다. 기준모가 인영과의 안좋은 기억을 떠올리며 재수없어 한다.",
    "Summary3": ""
  },
  "filename": "SCRIPT-fs_drama-15002-00006.json"
}