{
  "Meta": {
    "doc_id": "SCRIPT-culture-00001",
    "doc_category": "SCRIPT",
    "doc_type": "culture",
    "doc_name": "T2000-0030_S000_20201026_PS-2020176533-01-000_fixed.vtt",
    "author": "KBS",
    "publisher": "KBS",
    "published_year": "2020",
    "doc_origin": "걸어서세계속으로",
    "passage_id": "SCRIPT-culture-00001-00006",
    "passage": "화자1]경기가 끝난 후 해변에서 작은 파티가 열렸다.\n인구가 700명뿐인 작은 마을이지만.\n폴로 선수들에 마을 사람들까지 모여 \n해변이 북적인다.\n슬슬 배가 고파질 무렵 \n고소한 냄새가 솔솔 났다.\n세 시간의 기다림 끝에 200인분 파에야 완성.\n보기만 해도 배가 정말 고프다.\n촬영하는 제작진이 안돼 보였는지 \n친절한 아저씨가 한 접시 더 챙겨주신다.\n게다가 편안한 탁자까지.\n덕분에 허기를 달랠 수 있었다.\n이렇게 따뜻한 사람들과 함께 먹고 또 몸을 흔들며 \n발데스 반도에서의 하루가 지나갔다.\n다음 날 아침, \n전날 파티에서 만난 시장님이 제작진을 초대했다.\n도착한 곳은 베인 티오 초 데 홀리오라는 작은 마을.\n바로 요리가 시작됐다.\n이 아사도 방식은 모든 부위가 골고루 익을 수 있도록 \n이렇게 고기를 완전히 펼치고 \n칼집을 내 속살도 열어준다.\n그런 다음 십자가 모양의 쇠꼬챙이에 \n고기를 눕히고 단단히 고정시켜주면 준비가 끝난다.\n온도계가 필요 없는 파타고니아의 손맛.\n그렇게 002시간 만에 노릇노릇 아사도가 완성됐다.\n이곳에서는 보통 주말에 가족과 함께 \n아사도를 먹는다고 한다.\n그 맛도 일품이었다."
  },
  "Annotation": {
    "Summary1": "경기가 끝나고 해변가에서 열린 파티에 참석했고, 다음날 시장의 초대로 작은 마을에 가서 아사도를 먹었다.",
    "Summary2": "경기가 끝나고 폴로 선수와 마을 사람들까지 모여 해변에서는 파티가 열렸다. 200인분의 파에야가 완성되고, 촬영하는 취재진까지 챙겨주신 '아저씨' 덕에 발데스 반도에서의 하루가 파티로 마무리되었다. 다음날 시장의 초대로 베인 티오 초 데 홀리오라는 작은 마을에 가서 그곳 사람들이 평소 주말에 먹는다는 아사도를 먹었다.",
    "Summary3": ""
  },
  "filename": "SCRIPT-culture-00001-00006.json"
}