{
  "Meta": {
    "doc_id": "SCRIPT-fm_drama-33001",
    "doc_category": "SCRIPT",
    "doc_type": "fm_drama",
    "doc_name": "33001_NC_아버지가이상해01_2017.txt",
    "author": "KBS",
    "publisher": "KBS",
    "published_year": "2017",
    "doc_origin": "아버지가이상해01",
    "passage_id": "SCRIPT-fm_drama-33001-00036",
    "passage": "해설]부동산 내부.\n한 수 소파에 앉아있다. 박사장 한 수 앞에 종이컵 내려놓고 마주 앉는다.\n한 수]...고맙습니다. (받고, 조금 마시고)...가게 재계약 기간이 다가왔어요.\n박사장](웃는)...안 그래도 연락 드리려고 했는데...재계약하실 생각이시죠?\n한 수]당연하지요. 이제 좀 자리도 잡아가고 바로 위가 살림집이구요...그런데 치킨집 얘기가 새 건물주가 임대료를 인상하고 있다고 하던데?\n박사장]예. 이 일대 임대료가 최근 일년 간 다 올랐어요..\n한 수]그래서 얼마나?(불안 하다)\n박사장]50이요.\n한 수](입이 딱 벌어진다) 50?그건 너무한데요? 어떻게 그렇게 한꺼번에...한 20까지 예상했는데?\n박사장]...그럼 한 번 잘 말씀해 보세요...세탁소도 얼마 전 얘기 잘해서 적정 금액에 잘 재계약했어요..\n한 수](다행이다)...아...그래도 꽉 막힌 분은 아닌가 보네요?.얼마나 조정을 했어요?"
  },
  "Annotation": {
    "Summary1": "한 수는 가게 재계약을 원하고 박사장은 한 수에게 이 일대 임대료가 50이나 올랐다며 건물주와 금액 조정을 권유한다.",
    "Summary2": "한 수는 부동산에서 박사장과 마주 앉아 가게 재계약 기간이 다가왔다 말한다. 박사장은 재계약 의사를 묻고, 한 수는 당연히 할 생각이나 새 건물주의 임대료 인상을 걱정한다. 이 일대 임대료가 50이나 올랐다는 박사장의 말에 한 수는 20까지 예상했다며 놀라고, 박사장이 새 건물주와 잘 얘기해서 조정해 보라며 권하자 일단은 안도한다.",
    "Summary3": ""
  },
  "filename": "SCRIPT-fm_drama-33001-00036.json"
}