{
  "Meta": {
    "doc_id": "SCRIPT-history-00153",
    "doc_category": "SCRIPT",
    "doc_type": "history",
    "doc_name": "00153_20140901_1_다시보는불멸의이순신_PS-2014171870-01-000.txt",
    "author": "KBS",
    "publisher": "KBS",
    "published_year": "2014",
    "doc_origin": "다시보는불멸의이순신",
    "passage_id": "SCRIPT-history-00153-00002",
    "passage": "화자1]이순신 장군의 집안은 원래는 상당히 명망이 있는 양반가문이었습니다.\n그래서 당대에 여느 사대부처럼 과거공부를 하기도 했습니다.마는 이순신 장군의 최종 선택은 그 당시 모든 양반이 선망하는 문관이 아닌 바로 무관쪽이었습니다.\n결국 이순신 장군은 서른두살의 나이에 무관으로 과거에 급제를 하게 됩니다.\n하급관리시절에는 상관들과 많은 갈등관계를 보이기도 합니다.\n이순신 장군에게 특혜인사를 요구를 했다.가 이순신 장군의 반대로 무산됐던 서희라는 인물이 요즘으로 치면 국방부의 감사반장이 되어서 당시로는 군기경찰관이라는 직책인데요.\n이순신 장군 부대를 보복, 보취 같은 것.\n요즘으로 치면 표적감사에 걸리는 이러한 일을 당하게 됩니다.\n발포의 군사들은 모두 다 흩어지고.\n칼과 창은 녹슬었다.\n제대로 이순신 장군이 무기관리 같은 것을 하지 않았다라 이런 보고서를 올립니다.\n당연히 이순신 장군의 어떤 꼼꼼하고 치밀한 성격을 본다면 절대 그랬을 리가 없지만.\n결국은 허위감사 보고서가 중앙에 전달이 됐고 결국 이순신 장군은 벼슬길에 나선 지 6년 만에 파직이 되는 아픔을 겪게 됩니다."
  },
  "Annotation": {
    "Summary1": "서른 두 살에 무관으로 급제한 이순신은 서희에게 표적감사를 당하고 허위 보고로 파직당하는 등 상관들과 갈등이 많았다.",
    "Summary2": "",
    "Summary3": "명문 양반가 출신인 이순신은 서른 두 살에 무관으로 급제한다. 그는 상관들과 갈등이 많았는데 그의 반대로 특혜인사가 무산된 서희에게 표적 감사를 당한 일이 있었다. 이때 서희가 올린 허위 보고로 이순신은 파직까지 당한다."
  },
  "filename": "SCRIPT-history-00153-00002.json"
}