{
  "Meta": {
    "doc_id": "SCRIPT-history-00185",
    "doc_category": "SCRIPT",
    "doc_type": "history",
    "doc_name": "00185_DC_하종은_1_역사저널그날PS-2020030612-01-000.txt",
    "author": "KBS",
    "publisher": "KBS",
    "published_year": "2020",
    "doc_origin": "역사저널그날",
    "passage_id": "SCRIPT-history-00185-00004",
    "passage": "화자1]양녕대군은 세종대왕의 형.\n세종대왕의 형.\n혹시 몰라서.\n화자2]그런데 생각해보면 거의 혈연에다가학연에다가 지연에다가 심지어 사상까지도미국이 너무나도 잘 맞는 최고의적임자였다고도 볼 수 있겠네요.\n화자3]미군정 쪽에서는 이승만이 이런 생각이나여러 가지 활동 면에서 분명히 큰 역할을할 것이다.\n거의 국빈급 대우를 해요.\n들어왔을 때도 조선 호텔 스위트룸 3개를빌려서 하고 2000만 원 정도 그러니까.\n지금돈으로 거의 환산이 안 되는 정도의 엄청난액수예요.\n그중의 반을 이승만 대통령한테 딱 떼어서줬죠.\n화자2]몰방에 가까울 정도네요.\n화자3]그러니까.\n다른 조직에는요.\n화자4]100배를 준 거네요.\n화자3]그렇죠.\n화자1]전폭적인 지원이 있었군요.\n화자5]김구 선생은 국민당한테 받는 돈 못 갖고갔어요.\n돈이 없었어요, 그래서.\n화자1]국민당은 저 중국에서.\n너무 차별대우했군요.\n화자3]그런데 이게 반전이 있어요.\n계속 이승만 박사를 미군정이 지지를 한거냐 그렇지가 않습니다.\n굉장한 우여곡절들이 발생을 합니다."
  },
  "Annotation": {
    "Summary1": "최초에 미군정은 이승만에게 전폭적인 지원과 지지를 보냈으나, 이후에는 여러 우여곡절을 거쳐 지지를 철회하게 된다.",
    "Summary2": "미군정은 처음에 이승만에게 국빈급 대우를 베푸는 등 전폭적인 지원을 했다. 반면 김구는 국민당에게 받은 돈을 가지고 입국하지 못하는 등 금전 사정이 어려웠다. 하지만 여러 우여곡절이 발생하여 미군정은 이승만에 대한 지지를 철회하게 된다.",
    "Summary3": ""
  },
  "filename": "SCRIPT-history-00185-00004.json"
}