{
  "Meta": {
    "doc_id": "SCRIPT-fm_drama-33009",
    "doc_category": "SCRIPT",
    "doc_type": "fm_drama",
    "doc_name": "33009_NC_아버지가이상해09_2017.txt",
    "author": "KBS",
    "publisher": "KBS",
    "published_year": "2017",
    "doc_origin": "아버지가이상해09",
    "passage_id": "SCRIPT-fm_drama-33009-00032",
    "passage": "해설]구민센터 복도(밤).\n복도로 튕겨지듯 밀려나온 라영. 철수 바로 따라 나오더니 숙직실 문 탁 닫고 가로막고 서서.\n철수]할 말 일목요연하게 정리해서 다시 오세요.\n라영](어이없다) 허?! 이렇게 비협조적으로 나온다 이거죠? (핸드폰 꺼내 들고) 보자.. 센터장님 번호가??\n철수]내일 결혼식 혼자 가시던가요.\n라영](움찔)... 알았어요. 기다려 봐요!\n해설]<시간경과> 뾰로퉁한 얼굴로 복도를 왔다 갔다 하던 라영 숙직실 문을 노크한다. 문이 열리고 철수 불쑥 나온다. 움찔 놀란 라영 한 발자국 물러서면 역시 문을 가로 막고 서는 철수.\n철수]얘기해요!\n라영](치이) 1번. 날 엄~청 사랑하는 듯 행동할 것. 2번. 명품 수트!는 아니더라도 최소한 그 엇비슷 한 거라도 입고 올 것. 그쪽은 뭐.. 껍데기가 괜찮으니까 명품 삘만 나도 돼요.\n철수](무슨 소리??) 껍데기가 뭔데요??\n라영](손으로 얼굴 가리키며) 요거요. 요거! 껍데기! 외모! 겉모습!\n철수](순간적으로 한심한 표정 감추지 못하다. 수습하고)...옷 없는데요? 명품 삘 나는 거?\n라영](그 말에 핸드폰 꺼내들며) 센터장님 전화번호가 (채어)\n철수]01시30분! 성신 컨벤션 앞에서 만나죠.\n라영]콜! (하다 어? 다시 핸드폰 보고 놀라는) 뭐! 변혜영 독립???\n해설]철수 그 모습 본 척도 않고 그대로 안으로 들어가 문 쾅! 닫는다. 라영 이씨! 돌아본다."
  },
  "Annotation": {
    "Summary1": "라영은 철수에게 결혼식에서 지켜야 할 세 가지를 이야기하고 철수는 한심해하지만 내일 만나기로 한다.",
    "Summary2": "숙직실 문 앞에서 비협조적으로 나오는 철수에게 라영은 센터장님 얘기를 꺼내자 철수는 내일 결혼식에 혼자 가라고 한다. 시간이 지나고 복도에서 왔다 갔다 하던 라영은 철수에게 결혼식에서 지켜야 할 세 가지를 이야기하고 철수가 한심해하자 라영은 센터장님 이야기를 한다. 철수는 내일 보자고 할 때 라영은 혜영이 독립한다는 문자를 보게 되고 철수는 들어간다.",
    "Summary3": ""
  },
  "filename": "SCRIPT-fm_drama-33009-00032.json"
}