{
  "Meta": {
    "doc_id": "SCRIPT-fm_drama-46031",
    "doc_category": "SCRIPT",
    "doc_type": "fm_drama",
    "doc_name": "46031_DC_오작교형제들31_2011.txt",
    "author": "KBS",
    "publisher": "KBS",
    "published_year": "2011",
    "doc_origin": "오작교형제들31",
    "passage_id": "SCRIPT-fm_drama-46031-00006",
    "passage": "해설]갑년방/ 밤.\n창식 자리끼 들고 들어온다. 갑년 이불 펴고 앉아서 세상 떠난 아들 생각에 잠겨 있다.\n창식]아직 안 주무셨어요?\n갑년]몇 신대 벌써 자?(보는) 황사장?\n창식]그 김홍인가 한 번 알아보라 말씀이시죠?안 그래도 지금 태범이헌티 전화 넣고 오는 길이에요...저도 영 찜찜해서요.\n갑년]그려?(그 말에 끄떡이는)...(다시 표정 회한에 젖는다)...\n창식](공연히 방바닥 만지며)...불 좀 넣었는데...올라오네...잠 안 오고 출출허시면 찹쌀떡 좀 사오까요?\n갑년]아녀...단거 안 땡겨...요맘 때 아녀?우리 둘째 간 때가?\n창식]...예 요맘 때죠...며칠전 꿈에 창훈이 보였어요.\n갑년](보는)...댕겨가라는 지 에미헌티는 안 댕겨가구?워서 뭐랴?\n창식]태희 잘 컸냐고 몇 번이나 물어요...엄니 건강하신가도요?\n갑년](보는. 눈빛에 아들에 대한 그리움이 가득하다)...행색은 워뗘?\n창식]...모습도 사고나기 전에 훤칠하고 잘생긴 엄니 둘째 아들 모습 그대로에유...편안하고 좋아 보였어요?\n갑년](끄떡인다. 회한이 가득하다)...다행이구먼...그래야지...편안해야지...그러구 부모 앞서 가는 씻을 수 없는 불효를 저질렀구만 편안해야지...26년 전 일인데도 왜 이리 엊그제 일처럼 또릿허니 생생할꼬?부모는 선산에 묻고 자식은 가슴에 묻는다는 말도 꼭 맞는 소리는 아닌 거 같어...자식은 묻어지지가 않어...묻어지지가 않어...\n창식](보는)..."
  },
  "Annotation": {
    "Summary1": "죽은 창훈 생각에 잠겨 있던 갑년은 창식이 꿈에서 봤는데 편안해 보였다고 하자 다행이라면서 잊히지가 않는다고 한다.",
    "Summary2": "갑년이 죽은 창훈 생각에 잠겨 있는데 창식이 들어와 본인도 찜찜해서 김홍에 대해서 알아보라고 태범에게 전화했다고 한다. 창훈이 죽은 게 이맘때라는 갑년에게 창식은 창훈이 꿈에 보였다면서 편안하고 좋아 보였다고 한다. 갑년은 편안해서 다행이라면서 '부모는 선산에 묻고 자식은 가슴에 묻는다'라는 말과 달리 자식은 묻어지지 않는다고 한다.",
    "Summary3": ""
  },
  "filename": "SCRIPT-fm_drama-46031-00006.json"
}