{
  "Meta": {
    "doc_id": "SCRIPT-fm_drama-46027",
    "doc_category": "SCRIPT",
    "doc_type": "fm_drama",
    "doc_name": "46027_DC_오작교형제들27_2011.txt",
    "author": "KBS",
    "publisher": "KBS",
    "published_year": "2011",
    "doc_origin": "오작교형제들27",
    "passage_id": "SCRIPT-fm_drama-46027-00048",
    "passage": "해설]텐트안/밤.\n자은 잠들어 있다. 복자의 외투를 덮고 오랜만에 행복한 듯 미소까지 지으며 잠들어 있다. \n주방/밤.\n복자 잘게 썬 전복을 냄비에 넣고 달달 볶는다. 손길이 바쁘다. 긴장하고 서둘러 콧잔등에 땀방울이 송글송글. 복자 쌀까지 다 붓고 달달 볶는다. 손길 더욱 바빠진다.\n텐트안/밤.\n자은 자다 눈을 뜬다. 어? 여기가 어디지?.그러다 화들짝 놀라서 벌떡 일어나 앉는 자은. 내가 왜 여깄지? 당황스럽다. 그러다 자신이 덮고 있는 복자의 외투를 본다. 솟구치는 당혹감. 외투 한쪽에 던져 버린다. 단박에 상황파악이 된다. 자은 서둘러 텐트를 빠져나간다. \n앞마당/ 밤.\n자은 텐트에서 나온다. 현관쪽 돌아본 후 빠르게 마당을 벗어난다. 자은 이 마당을 벗어나고나면, 현관문 열리고 복자 나온다. 복자 쟁반을 들고 잰걸음으로 텐트로 다가온다. 만면에 미소가 한가득이다. 복자 텐트에 다가오면, 텐트 텅 비어 있다. 한쪽에 내던져진 복자의 외투. 복자 얼른 마당 이쪽 저쪽을 둘러보지만 이미 자은 의 모습 보이지 않는다. 쟁반을 한쪽에 내려놓고, 망연자실 텐트에 주저앉는 복자. 다시금 아픔과 슬픔으로 가슴이 먹먹해진다.\n복자]..."
  },
  "Annotation": {
    "Summary1": "텐트에서 자다 깬 자은은 덮고 있던 복자의 외투를 치워버린 후 집을 빠져나가고 복자는 자은이 보이지 않자 슬픔에 잠긴다.",
    "Summary2": "텐트 안에서 자다 깬 자은은 덮고 있던 복자의 외투를 보자 놀라 옆으로 치워버리고 황급히 텐트 밖으로 나가 마당을 빠져나간다. 함박웃음 지으며 텐트로 온 복자는 텐트가 빈 것을 보고 마당을 살펴보지만 자은은 이미 보이지 않는다. 들고 온 쟁반을 텐트 한편에 놓고 복자는 바닥에 주저앉아 비탄에 잠긴다.",
    "Summary3": ""
  },
  "filename": "SCRIPT-fm_drama-46027-00048.json"
}