{
  "Meta": {
    "doc_id": "SCRIPT-fm_drama-33014",
    "doc_category": "SCRIPT",
    "doc_type": "fm_drama",
    "doc_name": "33014_NC_아버지가이상해14_2017.txt",
    "author": "KBS",
    "publisher": "KBS",
    "published_year": "2017",
    "doc_origin": "아버지가이상해14",
    "passage_id": "SCRIPT-fm_drama-33014-00017",
    "passage": "해설]택배 물류센터 (밤).\n비어있는 레일, 그 앞에 정차된 빈 탑차. 그 앞으로 영식과 준영(유니폼 조끼 입었다)를 데리고 가는 직원. 준영, 영식 처음 보는 광경에 어리둥절하다.\n직원]간단해요. 이 레일 따라 택배들이 들어오면 한 분은 레일에 서고 한 분은 탑차 안에 서서 차곡차곡 쌓아 넣으면 됩니다. 무거운걸 아래에 깔고.. 음식 같은 건 절대 던지지 말고. 알겠어요?\n영식/준영]예/그럼요.\n직원]그럼 시작하시죠. (다른 직원에게) 여기 택배 보내.\n해설]레일이 돌아가기 시작하고 영식 레일에 자리 잡고 준영 탑차 내부에 자리 잡는다. 택배상자들이 레일를 따라 밀려 내려오기 시작하고 영식 첫 번째 박스를 집어 든다. 제법 무겁다. 절로 “어이쿠” 소리가 나는 영식. 준영 역시 “억” 소리 내며 박스 받아들어 탑차안쪽부터 박스를 채워 나가는데, (3배속) 박스가 쉬지 않고 밀려들어온다. 허리 한 번 펴지 못하고 박스를 들어 올려 탑차에 넣어주는 영식, 박스 들어 올려 사이즈별로 테트리스 하듯 끼워 맞추고 있는 준영. 쉴 새 없이 같은 동작이 반복되고 점점 울상이 되어가는 영식과, 준영. 드디어 마지막 상자를 끼워 넣고 탑차 문를 탁 닫는 준영. (테트리스 음악이면 어떨까요?)\n준영]... 죽를 것 같아요. 삼촌.\n영식]고생했다, 조카야..\n해설]서로 위로를 주고받고 있는데 그때 다시 빈 탑차 하나가 준영과 영식를 향해 후진해 다가온다. 레일 앞에 딱 정차한 탑차. 그리고 다시 돌아가는 레일. 절망적인 눈빛를 교환하는 준영과 영식."
  },
  "Annotation": {
    "Summary1": "택배 물류센터에서 영식과 준영이 힘들게 택배 상자를 운반하는 작업을 끝냈는데 또 다시 작업이 시작되어 절망한다.",
    "Summary2": "택배 물류센터에서 직원이 영식과 준영을 데리고 택배 작업에 대해 설명한 후 바로 작업을 시작시킨다. 레일이 돌아가자 택배 상자들이 쉬지 않고 밀려 들어오고 영식과 준영이 힘들게 박스를 들어 탑차 안을 채워 나간다. 작업이 끝나고 서로 위로를 주고 받고 있는데 빈 탑차가 후진해 와 다시 작업이 시작되고 둘은 절망적인 눈빛을 교환한다.",
    "Summary3": ""
  },
  "filename": "SCRIPT-fm_drama-33014-00017.json"
}