{
  "Meta": {
    "doc_id": "SCRIPT-fm_drama-33001",
    "doc_category": "SCRIPT",
    "doc_type": "fm_drama",
    "doc_name": "33001_NC_아버지가이상해01_2017.txt",
    "author": "KBS",
    "publisher": "KBS",
    "published_year": "2017",
    "doc_origin": "아버지가이상해01",
    "passage_id": "SCRIPT-fm_drama-33001-00008",
    "passage": "해설]미영방.\n싱글침대 하나, 좌식책상, 서랍장 (두 칸/ 한 칸 위엔 화장품, 한 칸 위엔 이불), 행거, 등 놓여있다. 침대에는 라영이 이어링 탄력 마스크 팩을 붙이고 자고 있고, 바닥에는 미영이 널브러져 자고 있다. 벽에는 환상적 비주얼의 남, 여 외국모델 브로마이드. 방안은 엉망이다. 빈 컵 빈 접시들, 필라테스 복 상하의 실내복 양말 캐미솔 등 아무 데나 벗어던져 있고, 행거 위, 책상에는 외투 바지 상의 치마 등 옷이 걸쳐있다. 특히 행거는 무너질 만큼 많은 옷이 걸려있다. 라영, 눈도 뜨지 못하고 잠결에 핸드폰 받고 있다. 얼굴 주변에 얼굴 축소롤러 뒹굴고 있고..\n라영]...아써... (끊는다)(엎드린 상태로 한발만 침대로 빼서 미영을 발로 툭 찬다)...나가봐. 누가 왔나봐...(딩동! 딩동, 딩동! 벨 소리 울린다)(이번엔 힘껏 한 번 발길질) 나가봐아!\n해설]라영의 발길질에 휙 나뒹구는 미영. 그러나 그 상태 그대로 계속 자는 미영. “딩동 딩동 딩동” 초인종 소리는 계속 더욱 신경질적으로 울린다. 결국 라영이 짜증을 발산하며 일어나고 만다.\n라영]야! 나가보라니까! (띵동 띵동) 아C 누구야아침부터! (휙 문으로)"
  },
  "Annotation": {
    "Summary1": "지저분한 미영방에서 자고 있던 라영이 초인종 소리에 미영을 깨우지만 미영이 깨지 않자 짜증을 내며 나간다.",
    "Summary2": "지저분한 미영방에 미영과 라영이 자고 있다. 라영은 잠결에 핸드폰을 받다가 초인종 소리에 나가보라며 미영을 발로 차 깨운다. 미영이 깨지 않자 라영이 짜증을 내며 나간다.",
    "Summary3": ""
  },
  "filename": "SCRIPT-fm_drama-33001-00008.json"
}