{
  "Meta": {
    "doc_id": "SCRIPT-fm_drama-33009",
    "doc_category": "SCRIPT",
    "doc_type": "fm_drama",
    "doc_name": "33009_NC_아버지가이상해09_2017.txt",
    "author": "KBS",
    "publisher": "KBS",
    "published_year": "2017",
    "doc_origin": "아버지가이상해09",
    "passage_id": "SCRIPT-fm_drama-33009-00051",
    "passage": "해설](과거) KBC 사무실.\n정환 책상다리 하고 벌 서는 중이다. 정환의 눈앞에 붙어있는 엑소 포스터. PD 포스터에 엑소 멤버들 하나씩 짚으면..\n정환](다리 아파 끙끙거리며) 오세훈! 김종인! (헷갈린다) 어... 수... 수호!\nPD]본명은?\n정환]...기...기임 수호?\nPD]1분 추가.\n정환]아 선배님임!\n해설]방송국 옥상.\n정환 허공을 바라보고 서 있다. 가슴이 쓰라리고 씁쓸하다. \n신부 대기실 내부.\n라영 철수 팔짱을 끼고 들어선다. 신이이랑 신부 친구들 사이에 둘러 싸여 보이지 않는다. 라영 신이이랑 신부의 모습 보느라 두리번거리다 철수의 팔을 놓고 앞으로 다가가 두리번. 그러다 하객들 흩어지고. 태수의 모습 보인다. 라영 얼른 얼굴에 가식적인 미소 장착하고 다가간다.\n라영](세상 가식적으로) 어머~결혼 축하해?!\n태수](라영 발견, 황당) 어?? (비웃음 띄고) 야~ 진짜 왔네?\n라영]청접장까지 (강 조) 직.접. 줬는데, 안 와볼 수가 있어야지?\n태수](빈정거림) 진짜 올 줄은 몰랐지만, 온 김에 축의금이나 두둑하게 하고 가라? 너이이랑 내 사이의 인연이 보통 인연이라야지?\n라영](이 악물고 어색하게 웃는다) 어 뭐.. 하하하..\n태수]아! 인사해. 알지? 우리 와이프. (사진 찍던 와이프 돌아보고 까딱 목례하면)\n라영](가식적으로) 축하 드려요~ 너무 아름다우세요..\n신부](고개 까딱 인사하고)...\n태수](라영 아래위로 훑어보며) 너 살쪘다? 이별 후유증인가?\n라영]..이..이별 후유증은 무슨?! 그런 거 아니거든?!\n태수]에이.. 딱 봐도 술살인데? (다가와 소근) 볼 만한 거 몸매 밖에 없었는데 어쩌냐?\n라영](붉으락푸르락, 예기치 못한 기습에 대꾸할 말을 찾는데 쉽지 않은데)\n해설]철수 다가와 라영 휙 잡아당겨 끌어 안 듯 옆에 세운다. 그리고 태수를 무표정하게 노려보며.\n철수]남의 여자친구한테 너무 가까이 붙으시는 것 같은데요!\n라영](!)...(예기치 못한 일이다. 놀라 철수를 힐끗 올려다보는데)...\n태수](좀 당황. 손가락으로 가리키며) 남자..친구??\n라영]...어어..남자친구.\n철수]결혼 축하 드립니다.. 그런데 다시는.. 내 여자친구에게 무례하지 않으셨음 좋겠습니다.. 물론 다시 연락하는 일도 없었으면 좋겠구요.\n태수](당황하는)...아 예...\n라영](놀라 다시 철수를 보면)...\n철수](그런 라영 내려다 보며 다정하게 웃어준다)...갈까 라영아?\n라영](그 미소에 심쿵)!\n해설]철수 라영의 어깨를 감싸 나서려는데, 사진사 찍은 사진 검토하다 눈치없이 돌아서서.\n사진사]야 선남선녀시네. 신이이랑 신부이이랑 같이 사진 한 장 찍으시죠?!\n해설]라영 어쩌지 망설이는데, 사진사의 재촉에 철수가 먼저 라영의 어깨를 감싸 이끌고 다가가 선다. 라영, 어깨에 닿은 철수의 손길에 두근두근거린다. 태수 똥 씹은 표정으로 신부 옆에 선다. 신부는 화가 나서 태수 손도 잡지 않는다. 태수 라영은 환하게 웃고, 신이이랑 신부는 똥 씹은 표정이다. 사진사 “자 찍습니다. 웃어요~ 하나 둘 셋” 찰칵!"
  },
  "Annotation": {
    "Summary1": "태수의 결혼식에서 애써 미소를 보였던 라영은 남자친구인척 하며 자신을 감싸는 철수의 모습에 심장이 두근거린다.",
    "Summary2": "태수의 결혼식에 간 라영이 가식적으로 태수의 결혼을 축하하자 태수는 자신과의 이별 후유증으로 살이 찐 거냐며 라영을 비웃는다. 철수는 라영의 남자친구인 척 하며 태수에게 자신의 여자친구인 라영에게 무례하게 굴지 말라며 엄포를 놓는다. 라영은 자신을 감싸는 철수에게 심장이 두근거린다.",
    "Summary3": ""
  },
  "filename": "SCRIPT-fm_drama-33009-00051.json"
}