{
  "Meta": {
    "doc_id": "SCRIPT-fm_drama-33010",
    "doc_category": "SCRIPT",
    "doc_type": "fm_drama",
    "doc_name": "33010_NC_아버지가이상해10_2017.txt",
    "author": "KBS",
    "publisher": "KBS",
    "published_year": "2017",
    "doc_origin": "아버지가이상해10",
    "passage_id": "SCRIPT-fm_drama-33010-00023",
    "passage": "해설]방송국 정문 앞.\n택시 다가와 선다. 택시 문 열리고 혜영 내린다. 손에 장어덮밥 든 쇼핑백 들려 있다. 혜영 코트 깃 휘날리며 계단을 오르기 시작한다.\n방송국 로비.\n혜영 문 열고 걸어 들어온다. 엘리베이터를 향해 다가가는데, 엘리베이터 열리고 연 지가 내린다. 혜영 연 지를 본다. 연 지 다가오다 혜영을 본다..\n혜영](다가와 선다. 부러 여유로운 미소)...어디 가는 길이야?\n연 지]...녜, 도시락 사러요 (가려면)\n혜영]딱 맞췄네. 갈 꺼 없어. 도시락 사 오는 길이야. (쇼핑백 보인다)..\n연 지](그제야 힐끔 보고)...아 장어 사 오셨어요? 잘됐네요. 선배 어제 과음해서 기력 보충해야 하는데.\n혜영](미소로 참는다) 들었어. 어제 같이 한잔했다고.. 올라가자 니꺼이랑 종범이 껏도 있어. 내 남자친구이랑 같이 일하는데 같이 챙겨야지.\n연 지]언니는 표정이 참 밝으시네요? 선배 걱정도 안되나봐요?\n혜영]무슨 걱정?\n연 지]모르세요?선배 프로그램 폐지됐어요!\n혜영]뭐?언제? (당황하고 놀랐다)\n연 지]모르셨구나? 이번 개편에서 결정 났어요.. 선배는 언니한테 그런 얘기 통 안 하나봐요?\n혜영]...\n연 지]보통은 여자친구한테 젤 먼저 얘기하고 위로 받을 텐데? 얼마나 의지가 안되면 아예 얘기도 안 했을까?\n혜영](그런 연 지 보다가)...나한테는 영원히 남자이고 싶었나보지.\n연 지](보는)...\n혜영]남자를 모르는구나? 남자는 자기 여자를 위해 목숨은 내놔도.. 자존심은 내놓지 않아.. 우리 연 지가 어리긴 아직 어리구나.. 남자를 잘 몰라?\n연 지](울그락, 불그락 하면서도 밀리지 않으려) 언니 착각일 수도 있어요...언니 오피스 와이프라고 알아요?실제로 남자들, 같은 사무실에서 함께 일하는 파트너와 많은 것들을 나눠요. 집에 있는 와이프는 말해도 모르고 이해할 능력도 안되지만, 오피스 와이프와는 뭐든 함께 나눌 수 있고 다 이해해 주거든요.\n혜영]그래? 그렇다면 더더욱 고마운 일인데? 나한테도 말 못 하고 스트레스 받느니 동료들하고라도 나눠야지.. 나는 너무 다행인데?\n연 지](울그락 불그락)...\n혜영]내가 방송을 잘 몰라서 걱정했는데 다행이다. 이제 좀 안심이 돼...앞으로도 많이 도와줘 연 지야?그럼 그런 뜻에서 이거 갖고 올라가 주고, 차선배 좀 잠깐 내려오라고 해줄래? 요 앞 커피숍에서 기다리고 있다고?\n연 지](혜영이 정말 밉다) (확 채 들고 휙 돌아 엘리베이터로)...\n혜영](그제야 얼굴에서 웃음기 싹 걷힌다)..."
  },
  "Annotation": {
    "Summary1": "혜영은 도시락을 가져다주러갔다 만난 연지의 도발에 앞에서는 끄떡없이 대응하지만 뒤돌아선 웃음기가 걷힌다.",
    "Summary2": "혜영은 남자친구의 도시락을 사오는 길에 남자친구의 후배 연지를 만나고 도시락 사왔으니 갈 필요 없다고 한다. 연지는 일부러 혜영을 도발하고 그런 연지에게 혜영은 웃으며 전혀 밀리지 않고 대응하지만 몰랐던 소식을 듣게 된다. 연지는 태연하게 넘어가는 혜영이 너무 밉고, 연지가 떠난 뒤 혜영은 몰랐던 사실에 그제야 얼굴에 웃음기가 없어진다.",
    "Summary3": ""
  },
  "filename": "SCRIPT-fm_drama-33010-00023.json"
}