{
  "Meta": {
    "doc_id": "SCRIPT-fm_drama-33009",
    "doc_category": "SCRIPT",
    "doc_type": "fm_drama",
    "doc_name": "33009_NC_아버지가이상해09_2017.txt",
    "author": "KBS",
    "publisher": "KBS",
    "published_year": "2017",
    "doc_origin": "아버지가이상해09",
    "passage_id": "SCRIPT-fm_drama-33009-00059",
    "passage": "해설]중희 오피스텔 현관.\n중희 문 휙 열고 나오다 놀라 멈칫 선다. 한 수가 쇼핑백 들고 서있다..\n한 수](역시 갑자기 열린 문에 당황했다)...\n중희](어이없고)...\n한 수](먼저 어색하게 미소 짓는다)... 집에 있었구나?\n중희](그대로 문 탁 닫으려면).\n한 수](자신도 모르게 반사적으로 발을 탁 문 사이에 건다)...\n중희](문 닫다가 황당해 실소 난다)..하!(이내 차갑게)... 빼세요.\n한 수]...얘기 좀 해.\n중희](짜증 베인다) 빼시라구요??\n한 수]...내가 할 얘기가 있어서 그래...\n중희]장난하나... 얘기했잖아요 나는 들을 얘기 없다고? 뻬세요.. (점점 더 큰소리) 빼시라구요오??아 진짜! 기어이 밀어내야 빼시겠어요?? 빼세요오???\n해설]그때 옆집 문이 열리고 입주자 고개를 빼꼼 내밀고 본다. 입주자 중희를 보고, 그 옆에 한 수를 본다. 중희 입주자의 시선에 당황스럽다.\n중희](작게)...아이 씨.\n한 수](입주자의 시선에 역시 난감하다. 어쩌지 싶고)...\n중희](입주자의 시선이 계속 한 수의 얼굴에 머물렀다, 중희의 얼굴에 머물렀다 한다. 더는 안되겠다 싶다. 작게)... 들어오세요.\n한 수](놀라 보면)...\n중희](마지 못해, 어쩔 수 없이) 들어오시라구요..\n해설]중희 안으로 물러선다. 한 수 그 모습 보다 현관 안으로 향한다."
  },
  "Annotation": {
    "Summary1": "중희가 나오다 쇼핑백을 들고 서 있는 한수를 보고 놀라 문을 닫으려는데 한수가 발을 문 사이에 걸고 얘기를 하자고 한다.",
    "Summary2": "중희 오피스텔 앞에 한수가 소핑백을 들고 서 있고 중희가 나오다 놀라 문을 닫으려는데 한수가 발을 문 사이에 건다. 중희는 황당해하며 발을 빼라고 하고 한수는 얘기를 하자고 하며 실갱이를 하자 옆집 문이 열리고 입주자가 고개를 내밀고 본다. 중희가 난감하여 마지못해 들어오라고 하며 한수가 그 모습 보다가 현관 안으로 향한다.",
    "Summary3": ""
  },
  "filename": "SCRIPT-fm_drama-33009-00059.json"
}