{
  "Meta": {
    "doc_id": "SCRIPT-fm_drama-33009",
    "doc_category": "SCRIPT",
    "doc_type": "fm_drama",
    "doc_name": "33009_NC_아버지가이상해09_2017.txt",
    "author": "KBS",
    "publisher": "KBS",
    "published_year": "2017",
    "doc_origin": "아버지가이상해09",
    "passage_id": "SCRIPT-fm_drama-33009-00038",
    "passage": "해설]혜영방.\n영실 문 열고 들어선다. 혜영 거울 앞에서 스킨 바르려다 돌아본다..\n혜영](퉁명스레).. 왜요?\n영실](다가와 선다)...많이 섭섭해? 독립 못하게 해서?\n혜영]섭섭한 게 아니라 이해를 못하겠어.. 주 중에만 출퇴근 위해 나가 지낸다는데 그걸 왜 못하게 해? 어차피 숙직실에서 외박하는 일도 다반산데?\n영실]왜 그런지 모르겠어?\n혜영]어 전혀 모르겠어.\n영실]...헛 똑똑이... 아빠가 서운해서 그러시는 거야.. 당신 심장 같은 너 내놓기 싫으셔서.\n혜영](보다)...아니.. 내가 어딜 완전히 나가? 주말에 온다니까?\n영실]그게 부모 마음이야... 기억 안나? 아빠 너 대학 합격하고 기숙사에 떨어뜨려 놓고 돌아서실 때도 우셨던 거?\n혜영](생각 났다. 그랬구나. 생각도 못했었다)...\n영실]니 아빠가 유독 자식 바보잖아. 그중에도 유난한 맏딸 바보.. 아버지 너 태어나던 날 닿으면 부서질까 안으면 날아갈까 너 제대로 만지지도 못하고 엉엉 울던 모습을 니가 봤어야 하는데.. 너 태어나고 엄마 바로 서열에서 밀렸잖아. 준영이도 못 밀어내던 세상 맨 앞 자리..\n혜영]...\n영실]이제 아셨어요? 이 헛똑똑이 맏 따님?\n혜영](공연히)...아니 그러니까 왜 그렇게 사랑을 하시래? (엄마 본다)..."
  },
  "Annotation": {
    "Summary1": "독립을 막는 아빠에게 서운해하는 혜영에게 영실은 아빠가 서운해서 그러는 거라고 이야기해준다.",
    "Summary2": "혜영은 독립을 막는 아빠를 이해할 수 없고 영실은 그런 혜영에게 왜 그런지 모르겠냐고 묻는다. 영실은 혜영에게 아빠가 서운해서 그러는 거라고 말하고 혜영은 주말엔 온다는데 왜 그러냐고 한다. 영실은 아빠가 남달리 맏딸 혜영을 아꼈던 것을 이야기하자 혜영은 괜히 머쓱해진다.",
    "Summary3": ""
  },
  "filename": "SCRIPT-fm_drama-33009-00038.json"
}