{
  "Meta": {
    "doc_id": "SCRIPT-fm_drama-33001",
    "doc_category": "SCRIPT",
    "doc_type": "fm_drama",
    "doc_name": "33001_NC_아버지가이상해01_2017.txt",
    "author": "KBS",
    "publisher": "KBS",
    "published_year": "2017",
    "doc_origin": "아버지가이상해01",
    "passage_id": "SCRIPT-fm_drama-33001-00050",
    "passage": "해설]거실.\n한 수와 영실 앉아서 자식들을 노려본다. 네 사람 나란히 조르륵 앉아 있다. 혜영과 라영은 머리털이 다 쥐어 뜯겼고, 옷도 젖었다. 한 수와 영실 화가 나고 한심하다.\n한 수]...아버지가 할 말이 없다. 유구무언이야??대체 니들이 나이가 몇인데?\n영실](역시 화나 노려보며)...이하동문이네요.\n네 사람]...\n한 수](후우~!)...혜영이 너! 아무리 그렇기로 멀쩡한 동생의 옷을 망가뜨려?\n혜영]수없이 타이르고 경고했어요. 말로 해서 안 들으면 방법 없잖아요?\n한 수](그 말에 라영 본다) 라영이 너는 언니가 그렇게까지 얘기했으면 들었어야 할 꺼 아냐?\n라영]그거 좀 같이 들으면 안되요? 그거 좀 든다고 망가지는 거 아니잖아요?\n한 수]그건 라영이 말이 맞아. 그거 좀 동생과 같이 들면 어디가 큰일 나는 거야?\n혜영]싫다니까요? 나는 내 물건 누가 만지는 것도 싫어요. 나는 내 물건에 대한 자기 결정권이 있어요?\n영실](한심해서 바라보다)...(끄응 일어나 방으로 들어간다)...\n한 수]누가 니 물건을 니 맘대로 하지 말란 소리야 지금?\n혜영]아빠!이건 내 취향이고, 내가 사는 방식이예요, 헌법에도 명시되어 있는 행복추구권. 타인의 권익을 해하지 않는 한에서 행복을 추구할 권리가 있어요. 아무리 가족이라도 그것까지 강요할 수는 없잖아요?\n라영]봐요...또 지가 세상에서 젤 잘났잖아요?\n한 수]라영이 가만있어! 그리고 언니한테 지가 뭐야?\n라영]아빠! 언닌 진짜 왕또라이예요. 아니 아무리 그렇다고 어떻게 그 비싼 실크 원피스를 망가드릴 수가 있어요?\n영실E]동작 그마 안!\n다들](돌아본다)...\n영실]그러니까 니들은...지금 각자 잘못한 게 하나도 없다 그런 얘기 들이지?그럼 뭐 방법 없네. 각자 뭘 잘 못했는지 생각해 낼 때까지 반성해야지. 일어나 들. 일어나라고! (준영 미영이 밍기적거리자) 니들은 왜 그러고 있어? 니들도 일어나!\n혜영, 라영-(빨딱 일어난다) / (혜영 미워 째리며 일어나고)\n준영, 미영-(아니 우리가 뭘?표정을 주고받으면서도 엄마 분위기에 눌려 일어나고).\n영실]나와!"
  },
  "Annotation": {
    "Summary1": "라영과 혜영이 심하게 다투자 이에 화가 난 한 수와 영실은 자식들에게 반성을 촉구한다.",
    "Summary2": "라영과 혜영이 심하게 다투자 이에 화가 난 영실과 한 수는 자식들을 거실에 불러 앉혀 훈계를 하고 있다. 그러나 혜영은 한 수의 말에도 아랑곳 않고 자신의 의견을 피력하자 이에 라영은 지지 않고 언니에게 대든다. 이를 본 영실은 자식들에게 반성의 의미로 밖으로 부른다.",
    "Summary3": ""
  },
  "filename": "SCRIPT-fm_drama-33001-00050.json"
}