{
  "Meta": {
    "doc_id": "SCRIPT-fm_drama-33001",
    "doc_category": "SCRIPT",
    "doc_type": "fm_drama",
    "doc_name": "33001_NC_아버지가이상해01_2017.txt",
    "author": "KBS",
    "publisher": "KBS",
    "published_year": "2017",
    "doc_origin": "아버지가이상해01",
    "passage_id": "SCRIPT-fm_drama-33001-00034",
    "passage": "해설]준영방.\n다락방. 좌식 책상, 서랍장, 행거, 한쪽에 이불 등 놓여있다. 벽에는 ‘포기는 배추를 셀 때나 쓰는 말이다’ ‘생칙사 사칙생’ ‘우공이산’ ‘인내’ ‘실패가 두려운 것이 아니라, 웅크린 채 시간만 흘려보내는 나 자신이 가장 두려운 것이다’ ‘D-71‘ 등이 잔뜩 붙어있고, 책상 위 작은 책꽂이에는 공무원 시험 준비관련 서적들 꽂혀 있다. 준영 인강 교재 펼쳐 놓고 핸드폰을 들여다보며 고민 중이다. 문자창이 떠 있다. 답장이 없어, 준영이 보낸 메시지만 4~5개 연속이다..\n준영]...많이 바쁜가? 계속 답장이 없네...무슨 일이 있나?어디가 아픈가?(찍으려다 멈춘다)...아니야...너무 자주 보내면 부담 가질 수도 있는데...\n미영e](밖에서) 오빠.\n해설]준영, 얼른 핸드폰 놓고 공부하는 척. 문 열리고 미영 고개 디민다. 준영 공부한 척 돌아본다.\n미영](고개 디밀고) 나 좀 나갔다 올께. 지금 집에 오빠밖에 없어..\n준영]...그래?.다녀와 (미영 문 닫고 나간다. 후우~ 다시 핸드폰 본다) 아오.. 예쁜 얼굴 보고 싶어 죽겠네.."
  },
  "Annotation": {
    "Summary1": "공무원 시험 준비를 하는 준영은 책상 앞에 앉아서 공부는 안 하고 핸드폰을 들여다 보며 누군가의 연락만 기다리고 있다.",
    "Summary2": "공무원 시험을 준비 중인 준영은 자기 방 책상 앞에 앉아서 책을 펴 놓은 채로 다른 생각에 잠겨 있다. 준영은 누군가에게 문자를 여러 번 보냈지만 상대방이 연락이 없어서 다시 연락을 할까 말까 고민하며 핸드폰을 들여다보고 있다. 이때 동생 미영이 잠시 준영의 방에 방문하자 준영은 공부하고 있던 척을 하며 대답한다.",
    "Summary3": ""
  },
  "filename": "SCRIPT-fm_drama-33001-00034.json"
}