{
  "Meta": {
    "doc_id": "SCRIPT-fm_drama-33009",
    "doc_category": "SCRIPT",
    "doc_type": "fm_drama",
    "doc_name": "33009_NC_아버지가이상해09_2017.txt",
    "author": "KBS",
    "publisher": "KBS",
    "published_year": "2017",
    "doc_origin": "아버지가이상해09",
    "passage_id": "SCRIPT-fm_drama-33009-00011",
    "passage": "해설]중희 오피스텔 거실.\n중희 물을 마시다 어이없다. “하~” 절로 실소가 난다.\n중희]...됐어. 열 받을 것도 없어. 열 받는 것도 열 받어. 어차피 나이랑 상관없는 사람이야.. (거북이를 찾기 시작) 알! 어딨어? 형아 왔어? 알? (거북이 발견한다. 반가워 호들갑) 알! 거깄었어?? (다가가 엉덩이 치켜들고 바닥에 엎드려 보아뱀 자세로 거북이와 눈 맞춘다).. 잘 지냈어? 우쭈 (입술 쭈욱 입 맞춤 동작)...형아 없어서 심심해 쪄? 근데 왜 이렇게 말라 쪄? 태부가 밥 안줘 쪄?우쭈,,\n해설]중희 오피스텔 건물 앞.\n한 수 다가온다. 한 손에 쇼핑백 들려 있다. 출입문으로 다가와, 안으로 향한다.\n중희 현관 앞.\n한 수 다가와 선다. 오늘은 잘 해보자... 한 수 마음을 다잡고 인터폰 바라본다. \n오피스텔 내부.\n방에서 늘어지게 하품하며 나오는 중희. 화장실로 향하는데, 벨소리. 딩동! 누굳이? 중희 다가가 인터폰 들여다 보면 액정에 떠오르는 한 수 얼굴. 중희 어이가 없다.\n중희].. 또 왔어? (어이없다. 그대로 무시하고 다시 화장실로 들어간다)"
  },
  "Annotation": {
    "Summary1": "중희는 오피스텔 거실에서 물을 마시며 혼잣말을 했고 한수가 중희의 오피스텔에 찾아와 벨을 누르자 모른척 했다.",
    "Summary2": "중희는 오피스텔 거실에서 물을 마시다 말고 어이없어하며 화날 것도 없다며 어차피 자신과 상관없는 사람이라고 혼잣말을 한다. 그러고는 알이라는 이름을 가진 거북이에게 다가가 잘 지냈는지 안부를 묻는다. 한편 한수가 오늘은 잘 해보자며 중희의 오피스텔로 찾아와 벨을 누르지만, 인터폰 액정에 한수의 얼굴이 보이자 중희는 무시한 채 그냥 화장실로 들어간다.",
    "Summary3": ""
  },
  "filename": "SCRIPT-fm_drama-33009-00011.json"
}