{
  "Meta": {
    "doc_id": "SCRIPT-fm_drama-33013",
    "doc_category": "SCRIPT",
    "doc_type": "fm_drama",
    "doc_name": "33013_NC_아버지가이상해13_2017.txt",
    "author": "KBS",
    "publisher": "KBS",
    "published_year": "2017",
    "doc_origin": "아버지가이상해13",
    "passage_id": "SCRIPT-fm_drama-33013-00044",
    "passage": "해설]학교건물 뒤 소각장.\n덩치가 제법 큰, 교복 입은 학생 두 명 서 있다. 민하 건물 구석에서 나타나 학생들을 향해 걸어간다. 순식간에 민하를 에워싼 학생들. 분위기가 험악하다. 민하 주변을 둘러보고 가방을 열어 노트 두 권을 꺼낸다. 한 권씩 학생들에게 나눠준다. 노트받은 학생 노트 열어보고 고개를 끄덕인다. 숙제 셔틀을 한 것만 같은 분위기. 그때 학생들 주머니를 뒤적거려 지갑을 꺼낸다. 한 명씩 민하에게 5천원을 내는 학생들..\n학생1](돈 내며) 앞으로도 종종 부탁한다. 특히 수학.\n민하](돈받고) 수학은 좀 더 비싼 거 알지?\n학생2]난 과학 과외 좀 해 주면 안되냐?\n민하]시간당 2천원. 콜?\n해설]민하 지갑에 받은 돈 챙겨 넣는다. 천원짜리부터 다양하다. 오만원짜리도 한 장 있다. 제법 두둑한 지갑. 뿌듯하게 돈을 세어보는 민하..\n민하]트와이스 콘서트까지.. 3만원. (수첩 꺼내서) 수금할 애들이 얼마나 남았더라?"
  },
  "Annotation": {
    "Summary1": "민하는 트와이스 콘서트에 가기 위해 숙제를 대신해주거나 과외를 해주면서 돈을 번다.",
    "Summary2": "학교 소각장에서 민하는 덩치가 큰 학생들을 만나 숙제를 대신 해준 듯한 노트를 건네고 돈을 받는다. 학생1은 수학도 부탁한다고 하고 학생2는 과학 과외를 부탁한다. 민하는 가격을 흥정하고 돈을 챙겨 넣으며 트와이스 콘서트까지 3만원이라고 한다.",
    "Summary3": ""
  },
  "filename": "SCRIPT-fm_drama-33013-00044.json"
}