{
  "Meta": {
    "doc_id": "SCRIPT-fm_drama-46029",
    "doc_category": "SCRIPT",
    "doc_type": "fm_drama",
    "doc_name": "46029_DC_오작교형제들29_2011.txt",
    "author": "KBS",
    "publisher": "KBS",
    "published_year": "2011",
    "doc_origin": "오작교형제들29",
    "passage_id": "SCRIPT-fm_drama-46029-00039",
    "passage": "해설]복도.\n수영 한쪽에서 여경과 통화 중이다..\n수영]예 엄마...지금 돈 입금했어요...황서방 아니구 직장 동료라니까?엄만 황서방을 그렇게 몰라요? 그럴 사람으로 보여?만약에 줬어도 내가 자의로 줬지 황서방이 달라고 했겠냐구?예에...그러니까 그만하세요?네 끊어요...\n해설]전화 끊는 수영. 후우...한숨 쉰다. 저 멀리 공부장 걸어온다. 한숨 쉬는 수영의 모습 보는 공부장. 다가온다.\n공부장]...누가 우리 차수영을 속상하게 해?\n수영](보는) 어 선배...아니 부장님..\n공부장]둘이 있을 땐 그냥 편하게 불러?(수영 빤히 들여다보며) 무슨 일 있어?\n수영]아뇨 없어요? (시계 보며) 회의 들어가셔야죠?가요? (가고)\n공부장](걱정스럽게 보다)...어. (따라가는)\n해설]보도국 사무실.\n컴퓨터 앞에서 기사 쓰는 수영. 핸드폰 문자 알림음 울린다. 수영 확인한다..\n태범E]옥상에서 잠깐 봐요..\n수영]..."
  },
  "Annotation": {
    "Summary1": "여경에게 돈을 입금한 수영은 공부장에게 회의하러 가자고 하고, 기사를 쓰다 옥상에서 보자는 태범의 문자를 받는다.",
    "Summary2": "수영이 복도에서 여경에게 지금 돈을 입금했고 황서방이 아니라 직장 동료라고 말하며 전화를 끊는다. 공부장이 수영에게 와서 누가 속상하게 하는지 물으니 수영이 없다고 답하고, 공부장이 둘이 있을 땐 선배라고 편히 부르라고 하자 수영은 시계를 보며 회의에 들어가자고 한다. 수영이 보도국 사무실에서 기사를 쓰다 옥상에서 보자는 태범의 문자를 확인한다.",
    "Summary3": ""
  },
  "filename": "SCRIPT-fm_drama-46029-00039.json"
}