{
  "Meta": {
    "doc_id": "SCRIPT-fm_drama-33009",
    "doc_category": "SCRIPT",
    "doc_type": "fm_drama",
    "doc_name": "33009_NC_아버지가이상해09_2017.txt",
    "author": "KBS",
    "publisher": "KBS",
    "published_year": "2017",
    "doc_origin": "아버지가이상해09",
    "passage_id": "SCRIPT-fm_drama-33009-00022",
    "passage": "해설]본부장실 앞.\n벌컥 문 열고 나오는 중희. 문 앞에 대기하고 있던 미영 반사적으로 움찔한다. 중희 이걸 어쩌지? 살벌하게 미영 노려본다,\n미영](시선에 어색한 미소)...\n중희](계속 노려 본다)...\n미영](어색한 미소로 먼저)...말씀 잘 나누셨어요? 그럼 다음 스케줄은 어디로...(눈치 보는데)\n중희]너!\n미영](얼른) 예!\n중희]내가.. 무슨 일이 있어도 니 스스로 사표 쓰게 만들어 준다!\n미영](마른침 꿀꺽)...(뭐라 말해야 하나 고민하는데)\n해설]중희 휙 무시하고 나선다. 태부 아이 씨! 얼른 중희 뒤따른다. 미영도 두 사람 뒤따르려는데.\n강본부장](문 열고 나온다) 인턴아.\n미영]넵! (멈춰서 뒤돌아보면)\n강본부장](가족같은 가족 기획안 내밀며) 이거 무슨 수를 써서라도 안중희 읽혀.\n미영]네! 알겠습니다. (다가와 기획안 받아 들고 얼른 다시 태부와 중희 뒤쫓아 달려간다.)"
  },
  "Annotation": {
    "Summary1": "중희는 본부장실을 나오며 어색한 미소 짖는 미영을 계속 노려보고 강본부장은 기획안을 안중희에게 꼭 읽히라고 한다.",
    "Summary2": "중희는 본부장실 문을 벌컥 열고 나오며 대기하던 미영을 살벌하게 노려본다. 어색한 미소 짖는 미영을 계속 노려보는 중희에게 말씀 잘 나누셨냐고 하자 중희는 무슨 일이 있어도 미영 스스로 사표 쓰게 만든다고 한다. 강본부장이 미영을 부르며 가족같은 가족 기획안을 내밀며 무슨 수를 써서라도 안중희에게 읽히라고 하고 미영은 알겠다며 기획안을 받아든다.",
    "Summary3": ""
  },
  "filename": "SCRIPT-fm_drama-33009-00022.json"
}