{
  "Meta": {
    "doc_id": "SCRIPT-fm_drama-33001",
    "doc_category": "SCRIPT",
    "doc_type": "fm_drama",
    "doc_name": "33001_NC_아버지가이상해01_2017.txt",
    "author": "KBS",
    "publisher": "KBS",
    "published_year": "2017",
    "doc_origin": "아버지가이상해01",
    "passage_id": "SCRIPT-fm_drama-33001-00049",
    "passage": "해설]거실.\n혜영 나온다. 동시에 울다가 벌떡 일어나 화장실 안의 라영 “야아~~!” 소리치며 달려 나와 혜영의 뒤 머리채를 와락 잡아챈다. 혜영 불시의 기습에 뒤 머리채 확 뒤로 당겨지며 몸까지 휘청 역시 “아아!” 비영을 지른다. 라영/ 혜영-(막 잡아 흔들며) 죽여버릴 거야아~! / 아아아!\n준영](놀라서) 라영아 이럼 안돼..\n미영](역시 얼른 달려 나와) 라영아 라영아 이 손 놔아! (떼어보려 하면 라영 더 꽉 잡아)\n혜영]아아! 변라영 너 죽고 싶어???\n준영]라영아 이거 놔 라영아???\n라영](잡힐까 팔을 쫙 뻗고 몸은 최대한 뒤로 빼면서) 싫어어?? 두피를 다 벗겨버릴 거야??\n준영]라영아 이성을 찾어! 이성을??\n미영]언니가 잘못했다고 해?? 오늘은 언니가 잘못했잖아??\n준영]미영이 말이 맞어. 오늘은 니가 잘못했어. 니가 먼저 사과하면 라영이도 이 손 놔줄 거야? 그렇지 라영아?\n라영]그래 사과해! 사과하고, 울애기 물어내! 할부도 다 못 부은 울애기 물어내란 말야??\n혜영](말하느라 라영이 조금 방심한 틈을 타, 휙 한 손을 뻗어 라영의 옆머리채 확 잡아챈다).\n라영]아아! (옆 머리채 잡혀 혜영을 더욱 세게 당기자)\n혜영](동시에 비명) 아아!\n미영]언니?? 라영아???\n준영]뭐하는 짓들이야??? 당장 이손 놔아! 변혜영 니가 먼저 놔?? 니가 먼저 사과하고 니가 먼저 손 놔??\n혜영]미쳤어?? 내가 왜 사과 해?? 내가 뭘 잘못했다고??\n준영]오늘은 니가 잘못한거 맞어. 동생이 그거 사달라는 것도 아니고 잠깐 빌려 쓰자는 데? 하나 사서 같이 쓰면 가성비도 좋고 오히려 더 좋은 거 아냐?\n혜영]그렇게 가성비 따지고 싶으면 오빠 니가 사서 같이 써어?!\n준영]나는 그러고 싶어도 능력이 안되잖아아?\n혜영]능력이 안되는 게 자랑이냐??\n미영]언니이??\n준영](서운하다) 너 꼬옥 말을 그렇게 해야 해? 너는 다 좋은데 말하는 게 너무 모질고 야멸차아??\n혜영]다 좋은데 모질고 야멸찬 게 나아?? 오빠 니처럼 맘만 좋아서 제대로 하는 게 하나도 없는 거보다?? 오빠 니가 장남이라고 뭐하나 제대로 하는 게 있어?? 아침에 단수 껀 때도 나는 하나도 놀랍지도 않더라? 한 두 번 겪었던 일이었어야지??\n준영]야 변혜영?? 너 꼭 말을 그렇게 해야겠어??\n미영]언니? 오빠아?\n라영](머리채) 맞잡고 있다가 두 사람 싸움으로 번지자 좀 황당한데)...\n해설]그때 외출했던 한수와 영실 현관문 열고 들어서다 이 풍경에 입이 딱 벌어진다..\n한 수](큰소리)...이게 뭐하는 짓들이야??\n영실]...세상...(말이 안 나오고)..."
  },
  "Annotation": {
    "Summary1": "라영이 혜영의 머리채를 잡고 싸우자 준영과 미영이 말리다 갑자기 준영과 혜영이 싸우고 귀가한 한수와 영실이 보게 된다.",
    "Summary2": "혜영이 나오자 화장실에서 라영이 소리치며 달려 나와 혜영의 머리채를 잡으며 \"죽여버릴 거야\"라고 말한다. 준영과 미영이 라영을 말리고 혜영이 \"죽고 싶어?\"라고 말하자 미영은 혜영에게 라영이에게 사과하라 하고 혜영이 라영의 머리를 잡고 싸우고 준영과 미영은 말린다. 혜영이 준영을 비꼬자 혜영과 준영의 싸움이 되고 이를 한수와 영실이 귀가하며 본다.",
    "Summary3": ""
  },
  "filename": "SCRIPT-fm_drama-33001-00049.json"
}