{
  "Meta": {
    "doc_id": "SCRIPT-fm_drama-33010",
    "doc_category": "SCRIPT",
    "doc_type": "fm_drama",
    "doc_name": "33010_NC_아버지가이상해10_2017.txt",
    "author": "KBS",
    "publisher": "KBS",
    "published_year": "2017",
    "doc_origin": "아버지가이상해10",
    "passage_id": "SCRIPT-fm_drama-33010-00009",
    "passage": "해설]영식방(밤).\n영식 이불 펴다가 준영이 일로 답답해서 자신도 모르게 한숨 쉰다. 보미도 거울 앞에서 얼굴에 스킨 바르다가 돌아본다.\n보미]왜 그렇게 한숨을 쉬어?(영식 표정에)...무슨 걱정 있어?\n영식](그 말에 보다, 결국) 어..\n보미](가슴이 털컥)...당신 또 돈 사고 쳤어?\n영식]아아냐...준영이 일이야.\n보미]준영이 조카?뭔데?\n영식]여보 내가 이 얘길 아무한테도 안하려니 마음이 너무 답답하고 괴롭고.. 죄책감에 잠도 안 오고, 입안에 혓바늘까지 돋고(하는데)\n보미]알았어 얼른 털어 놓고 광명을 찾아봐.\n영식]...놀라지마...준영이 여자 친구가 임신을 했어.\n보미](놀라 절로 큰소리) 뭐??? 준영이 조카 여자 친구가 임신을 했다고???\n영식](놀라 얼른 보미 입을 막고, 옆방 의식하며 소리 낮춰)...민하 들어어.\n보미](영식 손 얼른 얼른 치우고) 어머 어머. 준영이 조카 여자 친구 있는 지도 몰랐는데 거기다 임신까지 했어. 세상에 이게 무슨 일이야? 낼모레 시험인 공시생 5년차가 여자 친구 임신을 시켰다고?\n영식]그러니 누나이랑 매형을 볼 때마다 내 마음이 어떻겠어. 아주 가시방석에 지은 죄도 없이 죄인 같고.\n보미]죄인 맞네. 그런 얘기는 숨기는 게 아니지. 아주버님이이랑 형님이 무조건 아셔야지.\n영식]그래도 지입으로 얘길 하게 해야지 어떻게 얘기해.. 말로는 곧 한다고 해..\n보미]세상에 믿을 놈 하나 없다더니 딱 맞네. 어떻게 준영이 조카가 그럴 수가 있어?\n영식]여보, 우리 민하는 나중에 커서 절대 이런 일로 속 안썩이겠지?\n보미]엇다 우리 민하를 갖다 대. 우리 민하 반에 반에 반만 했어도 준영이 조카 벌써 시험 합격했어."
  },
  "Annotation": {
    "Summary1": "영식이 준영의 여자친구가 임신했다는 얘기를 털어놓자 보미는 놀라며 영식의 누나와 매형도 이를 알아야 한다고 한다.",
    "Summary2": "영식이 준영의 일로 답답해서 한숨을 쉬자 보미는 무슨 일이냐고 물어본다. 영식은 다른 사람에게 얘기하지 못해 마음이 답답하고 괴로웠다며 준영의 여자 친구가 임신했다는 얘기를 보미에게 털어놓는다. 공시생 5년차인 준영이 그랬다는 사실에 보미는 놀라고 영식이 이 사실을 아직 누나와 매형에게 말하지 않았다고 하자 이런 얘기는 숨기는 게 아니라고 한다.",
    "Summary3": ""
  },
  "filename": "SCRIPT-fm_drama-33010-00009.json"
}