{
  "Meta": {
    "doc_id": "SCRIPT-fm_drama-33015",
    "doc_category": "SCRIPT",
    "doc_type": "fm_drama",
    "doc_name": "33015_NC_아버지가이상해15_2017.txt",
    "author": "KBS",
    "publisher": "KBS",
    "published_year": "2017",
    "doc_origin": "아버지가이상해15",
    "passage_id": "SCRIPT-fm_drama-33015-00034",
    "passage": "해설]안방(밤).\n영실 이불 펴고 앉아 있다. 한 수 잠옷으로 막 갈아입었다..\n한 수]...불 끈다?\n영실]어, 꺼.\n해설]한 수 불 끄고 자리에 다가와 눕는다. 영실도 눕는다. 한 수 모로 돌아눕는다. 치이! 영실도 그런 한 수 모습에 돌아눕는다. 영실 잠이 오지 않는데, 한 수가 계속 뒤척이고 뭔가 끙끙대는 느낌이다. 영실이 못 참고 일어나 앉아 남편을 보는데, 한 수 끙끙 앓고 있다.\n영실]여보? 당신 왜 그래?\n한 수](위를 부여잡고 아파한다)...어...속이 좀 안 좋아서...\n영실]속이 왜?\n한 수]궤양이 도진 거 같애.\n영실]궤양이? 많이 아퍼?\n한 수](끙끙 앓으며) 괜찮아.. 참을 만 해.. 나 좀 잘게... 자고 일어나면 나질 거 같애.\n영실]그래 좀 자.. 정 아프면 얘기해 응급실이라도 가게?\n해설]한 수 눈 감고 앓는다. 영실 그 모습에 속상하다. 속을 끓이다 속병까지 난 것이 분명하다.\n영실]... 당신 그런다고 내 맘 안 약해져... 소용없으니까 얼른 털고 일어나..\n해설]그러나 대답 못 하고 웅크리고 있는 한 수. 영실 그 모습에 속이 상하다."
  },
  "Annotation": {
    "Summary1": "한 수는 궤양이 도진 것 같다며 끙끙 앓고 있으며, 영실은 그 모습에 속이 상한다.",
    "Summary2": "영실과 한 수는 안방에서 서로 돌아누워 잠을 청하지만, 한 수가 끙끙대며 앓고 있자 영실은 이유를 묻는다. 궤양이 도진 것 같다고 말한 한 수는 자고 일어나면 나을 거 같다고 얘기한다. 영실은 속을 끓이다 속병이 난 거라고 확신하며, 그런다고 마음 안 약해지니 얼른 털고 일어나라는 말에도 대답 못 하고 웅크리고 있는 한 수 모습에 속이 상한다.",
    "Summary3": ""
  },
  "filename": "SCRIPT-fm_drama-33015-00034.json"
}