{
  "Meta": {
    "doc_id": "SCRIPT-fm_drama-33014",
    "doc_category": "SCRIPT",
    "doc_type": "fm_drama",
    "doc_name": "33014_NC_아버지가이상해14_2017.txt",
    "author": "KBS",
    "publisher": "KBS",
    "published_year": "2017",
    "doc_origin": "아버지가이상해14",
    "passage_id": "SCRIPT-fm_drama-33014-00006",
    "passage": "해설]상가 주택 옥상 (아침).\n한 수 문 열고 나온다. 닭장 앞으로 다가가 달걀 꺼내고 문 닫고 돌아서다, 놓여 있는 평상에 다가와 앉는다. 얼결에 대답해 놓고아침부터 마음이 무겁고 시무룩하다.\n한 수]...너무 성급하게 대답했나?.그렇다고 대답을 안 할 수도 없었잖아...이 사람한테 어떻게 말을 꺼내지? 많이 놀랄텐데... 애들한테는 뭐라고 설명해야 하지?. 하아~ (시무룩. 절로 한숨 난다)... \n해설]마루.\n한 수 계란 바구니 들고 들어선다. 영실 주방에서 나온다.\n영실]여보 블루베리랑 바나나가 없는데? 당신 어젯 밤에 장 보러 간 거 아니었어?\n한 수](아차)...어..갔는데.. 수퍼가 문을 닫았어.\n영실]그랬어? 시간이 꽤 걸렸길래 장을 제대로 본지 알았지. 그럼 애들 뭐 먹인다... 아 식빵 있으니까 프렌치 토스트할까?\n한 수]그러자. 내가 할게. 당신 애들 깨워 (주방으로)"
  },
  "Annotation": {
    "Summary1": "영실이 찾는 과일이 없자 달걀을 들고 들어온 한 수는 토스트를 하겠다고 한다.",
    "Summary2": "닭장에서 달걀을 꺼낸 한 수가 시무룩한 얼굴로 한숨쉬며 앉아 있다. 달걀을 들고 마루에 들어온 한 수에게 영실이 블루베리와 바나나를 찾지만 없다고 말한다. 한 수는 영실에게 애들을 깨우라며 토스트를 하러 주방으로 들어간다.",
    "Summary3": ""
  },
  "filename": "SCRIPT-fm_drama-33014-00006.json"
}