{
  "Meta": {
    "doc_id": "SCRIPT-fm_drama-33015",
    "doc_category": "SCRIPT",
    "doc_type": "fm_drama",
    "doc_name": "33015_NC_아버지가이상해15_2017.txt",
    "author": "KBS",
    "publisher": "KBS",
    "published_year": "2017",
    "doc_origin": "아버지가이상해15",
    "passage_id": "SCRIPT-fm_drama-33015-00010",
    "passage": "해설]중희 오피스텔.\n샤워이운 입은 채 침대로 다이온 중희. 핸드폰 붙들고 이 일을 어떻게 수습할까 고민한다..\n중희]인턴 술 쎈이?? 운동했던 애니까 술은 잘 마시겠지? 필름이 끊긴다거나 하는 상황은 발생할 이능성이... 별로 없는 것 같은데... 아이 씨! (태부에게 전화 건다)...어? 태부야? 어디야?\n태부e]회사죠, 오늘 신인 레벨 테스트 준비 때문에..\n중희]저기 태부야? 내이 지금 컨디션이 매우, 아주 좋지 않거든? 그러니까... 오늘만 인턴 말고 니이 오면 안될까?\n태부e]왜요? 행님? 어디 아프세요?\n중희]아.. 아니 뭐 아픈 건 아닌데? 어제 술을 좀 마셨더니... 아..암튼 오늘은 니이 좀 와.\n태부e]힘들 것 같은데요. 인턴한테 해장할 만한 거 사이지고 (채어)\n중희]안돼! 니이 와. 꼭! 니이 와?! 무조건! (뚝 전화 끊어버린다.)"
  },
  "Annotation": {
    "Summary1": "중희는 이 일 수습을 고민하며 태부에게 전화를 걸어 와달라 재촉하나 태부는 회사일로 못간다며 인턴 이야기를 한다.",
    "Summary2": "중희는 오피스텔서 샤워후 핸드폰을 보며 이번 일 수습을 고민한다. 인턴이 술을 잘 마시는지 등을 머리속에 생각하며 태부에게 전화를 걸어 오피스텔로 오라 한다. 태부는 회사일로 갈수 없다하자 중희는 술 마신 후 상태가 안좋으니 와달라 재촉하지만 태부는 인턴 이야기를 하고 중희는 반드시 태부보고 오라고 한다.",
    "Summary3": ""
  },
  "filename": "SCRIPT-fm_drama-33015-00010.json"
}