{
  "Meta": {
    "doc_id": "SCRIPT-fm_drama-33023",
    "doc_category": "SCRIPT",
    "doc_type": "fm_drama",
    "doc_name": "33023_NC_아버지가이상해23_2017.txt",
    "author": "KBS",
    "publisher": "KBS",
    "published_year": "2017",
    "doc_origin": "아버지가이상해23",
    "passage_id": "SCRIPT-fm_drama-33023-00015",
    "passage": "해설]주방.\n영실 식탁에 한가득한 빈 그릇들 바라본다. 8인분의 식사가 끝난 자리의 빈 그릇들 엄청 나다. 영실 후유~ 한숨이 난다. 말분 목욕가방 들고 들어선다..\n말분]영실아 목욕 가자..(하다 식탁 모습에) 오미 이게 뭔 일이다냐? 일개 소대가 휩쓸고 갔어?\n영실]그러니까. 중희 들어올 때만 해도 몰랐는데, 혜영이 다시 들어오고 새애기까지 들어오니까 애들 말로 진짜 장난 아니네.\n말분]니 무덤을 니가 판겨. 사람 들이는 게 보통 일인 중 알어? 인자 엿다 얼라까지 태어나 봐. 니 인생은 애들 말로 게임 끝이여.\n영실]엄마 자꾸 겁주지 마...(쟁반에 빈 그릇 담기 시작하며)..목욕 혼자 다녀오셔야겠는데?\n해설]숙직실.\n정환 침대에서 웅크리고 자고 있다, 잠에서 깨어난다. 몸을 일으켜 앉는 정환. 표정 없이 앉아 있다...핸드폰 울린다.\n 확인하면 [엄마]다. 정환 그대로 내려놓는다. 핸드폰 소리 울려도 그저 허공만 바라본다. 눈빛 텅 비어있다... 핸드폰 꺼진다... 정환 자리에서 일어난다."
  },
  "Annotation": {
    "Summary1": "영실은 집에 사람이 많아진 탓에 설거지가 늘어서 힘든듯 하고 정환은 숙질실에서 핸드폰이 울려도 허공만 바라보고 있다.",
    "Summary2": "영실은 중희와 혜영, 새 애기까지 들어오니까 설거지양이 늘어서 힘든 모양이다. 말분이 영실에게 사람 들이는게 보통일이 아니며 너는 애들 말로 게임 끝이라고 이야기한다. 정환이 숙직실에서 잠을 자다 깨어난 후 핸드폰이 울리고 있는데도 그저 허공만 바라보고 있다 조용히 자리에서 일어난다.",
    "Summary3": ""
  },
  "filename": "SCRIPT-fm_drama-33023-00015.json"
}