{
  "Meta": {
    "doc_id": "SCRIPT-fm_drama-33015",
    "doc_category": "SCRIPT",
    "doc_type": "fm_drama",
    "doc_name": "33015_NC_아버지가이상해15_2017.txt",
    "author": "KBS",
    "publisher": "KBS",
    "published_year": "2017",
    "doc_origin": "아버지가이상해15",
    "passage_id": "SCRIPT-fm_drama-33015-00028",
    "passage": "해설]대형 마트. 몽따지 (저녁).\n정환 혜영 들어선다. 둘러 보다 카트쪽으로 다가간다. / 카트를 밀고 진열대 사이로 들어서는 두 사람. 커플 아이템 고르기 시작한다. 커플 앞치마. 커플 티, 커플 양말, 커플 베개보, 커플 컵 등등.. 두 사람 서로에게 대보고, 디스도 하며, 즐겁게 다양한 아이템 구경하고 몇 개를 고른다/ 간단한 장을 보는 두 사람. 훈제연어, 치즈, 우유, 야채, 과일 등.. 와인 코너 들러 와인도 사고 / \n오피스텔 주차장 (저녁).\n정환 차 다가와 선다. 두 사람 차에서 내려 짐 꺼내기 위해 뒤 트렁크로 다가가는 사이, 복녀의 차가 두 사람 앞을 스쳐 지나간다. 복녀 주욱 직전해 적당한 자리에 차를 세운다. 주차가 용이하지 않아 이리저리 움직이며 시간을 허비하다 주차한다. <인서트 14부 39씬 영실-아드님이 저를 찾아 왔었어요. 한우선물세트이랑 꽃바구니이랑 들고, 정식으로 사과 드린다구요!>.\n복녀]내가 이 녀석을 그냥 두나 봐라... (열불이 난다. 시동을 끄고 내린다)"
  },
  "Annotation": {
    "Summary1": "정환과 혜영은 대형 마트에서 즐겁게 장을 보고, 복녀는 영실의 말을 상기하며 화가 나 정환의 오피스텔에 찾아온다.",
    "Summary2": "정환과 혜영은 대형마트에서 즐겁게 커플 아이템과 식품 등을 고르며 장을 본다. 잠시 후 정환의 오피스텔 주차장에 차를 세우고 두 사람이 내려 트렁크로 가는 사이에, 복녀의 차가 두 사람 앞을 스쳐 지나가서 주차한다. 정환이 선물을 사들고 자신을 찾아와서 사과했다고 영실이 말하던 걸 기억하며, 복녀는 화가 나 정환을 가만 안 두겠다며 차에서 내린다.",
    "Summary3": ""
  },
  "filename": "SCRIPT-fm_drama-33015-00028.json"
}