{
  "Meta": {
    "doc_id": "SCRIPT-fm_drama-33014",
    "doc_category": "SCRIPT",
    "doc_type": "fm_drama",
    "doc_name": "33014_NC_아버지가이상해14_2017.txt",
    "author": "KBS",
    "publisher": "KBS",
    "published_year": "2017",
    "doc_origin": "아버지가이상해14",
    "passage_id": "SCRIPT-fm_drama-33014-00039",
    "passage": "해설]상가 주택 앞.\n영실 걸어온다. 카페 문 열리며 복녀 나온다. 두 사람 서로를 보고 주춤 선다. 경찰서 이후 첫 대면 하는 두 사람. 복녀는 껄끄럽고, 영실은 불쾌한 만남이다. 두 사람 말없이 서로 버틴다.\n영실]...\n복녀]...\n영실]...\n복녀](먼저 외면하고 가려는데)\n영실](입을 뗀다)...오랜만에 뵙네요?\n복녀]...네 뭐...\n영실]아드님을 참 잘 키우셨드라구요?\n복녀](무슨 소리야? 보는)...\n영실]아드님이 저를 찾아 왔었어요. 한우선물세트이랑 꽃바구니이랑 들고, 정식으로 사과 드린다구요!\n복녀](믿기지 않아) 내 아들, 정환이가요?? (이 녀석이! 눈 커진다 )\n영실]네.. 너무도 간곡하고도 정중하고 예의 바르게 거듭 사죄를 드린다며 머리를 조아리는데, 어른이 되어 도저히 안받을 수가 없더라구요. 그래서 저도 흔쾌하게 아드님의 사과를 받아 들였어요.\n복녀](울그락 불그락, 열이 뻗친다)...\n영실](자못 인자한 미소 머금고)...저 그렇게 옹졸하고 졸렬한 사람 아니거든요. 그러니 이제 사모님도 맘 편안히 가지셔도 됩니다. 지난 일은 툭 털자구요.\n해설]영실 보란 듯 미소 지어 보이고 까딱 목례하고 나선다. 복녀 분해서 울그락 불그락. “이녀석이 진짜..” 다시 카페로 향한다."
  },
  "Annotation": {
    "Summary1": "영실과 복녀가 서로 마주치는데 영실이 먼저 복녀의 아들이 자신에게 사과하러 왔었다며 말하며 그녀의 열을 올린다.",
    "Summary2": "상가 주택 앞 영실이 걸어오는 동시에 카페 문이 열리며 복녀가 나와 서로 마주치는데 경찰서 이후 첫 대면이라 두 사람은 껄끄럽고 불쾌해 한다. 복녀가 외면하고 가려는데 영실이 먼저 인사를 건네며 복녀의 아들이 자신에게 사과하러 왔었다며 그녀의 열을 올린다. 영실은 지난 일은 털자며 보란 듯 말하고는 자리를 떠나고 복녀는 분해하며 다시 카페로 향한다.",
    "Summary3": ""
  },
  "filename": "SCRIPT-fm_drama-33014-00039.json"
}