{
  "Meta": {
    "doc_id": "SCRIPT-fm_drama-46014",
    "doc_category": "SCRIPT",
    "doc_type": "fm_drama",
    "doc_name": "46014_DC_오작교형제들14_2011.txt",
    "author": "KBS",
    "publisher": "KBS",
    "published_year": "2011",
    "doc_origin": "오작교형제들14",
    "passage_id": "SCRIPT-fm_drama-46014-00006",
    "passage": "해설]6 복자집 대문 앞 길 /밤.\n태범 태희 걸어온다. 두 사람 걸으며 툭툭 무심히 내뱉듯 대화 나눈다.\n태범]나오지 말라니까?\n태희]데려다 줄께...이 시간에 택시 잡기 힘들 텐데.\n태범]됐어...없으면 큰길까지 좀 걷지 뭐...안 그래도 속에서 열불이 나서 찬바람 좀 쐬야 돼.\n태희](힐끔 보다)...한혜령씨 방 뺐냐?\n태범]뭐?\n태희]혜령이누나...형 심장에서 방 뺐냐고?\n태범]...방은 뺀 거 같은데...놓고 간 짐들이 아직 몇 개는 있는 거 같다...가끔 짐 찾으러 오더라고...\n태희]그 정도면 뭐...곧 안 오겠네 뭐. 몇 개 안 남았을 꺼 아냐?\n태범](힐끔 보다 결국 픽)...무슨 소리하고 싶어 그래?\n태희]...차수영 팀장 좋은 사람이야.\n태범](힐끔)...누가 언제 아니래?좋은 사람이지...가끔 황당하긴 해도...괜찮은 팀장이고, 훌륭한 기자고...그렇지만 내가 사랑하는 여자는 아니야.\n태희]사랑하는 여자는 아니지만...형 아이를 가진 여자잖아?\n태범]야!너 그런 소리 할꺼면 들어가..\n태희]결혼에 가장 중요한 것은 사랑보다...신뢰나 의리 그런 거 아냐?\n태범]너는 어떻게 아버지 세대나 하는 말을 해?\n태희]좋은 사람은 배신하지 않지만, 사랑하는 여자는 배신해. 형 한 번 당하고도 모르냐?\n태범](짐짓)...들어가라니까.\n태희]형은...자식을 버린 부모를 가져보지 않아서 그래...그 자식이 어떤 마음으로 유년기와 청소년기를 보내는지 몰라서...\n태범](본다)...\n태희]혹시라도 차팀장이 아이를 낳는다면...그 아이가 나같은 기분을 느끼며 살지는 않았으면 좋겠어...\n태범](보는)...\n태희](힐끔 보다 씨익 웃으며)...그렇다구...차 저쪽에 주차했어...(향한다)\n태범](보다)...(뒤따르는)..."
  },
  "Annotation": {
    "Summary1": "태희는 태범에게 태범의 아이를 가진 차수영 팀장은 좋은 사람이라며, 결혼은 사랑보다 신뢰가 중요하다고 말한다.",
    "Summary2": "태희는 태범을 배웅하며 한혜령씨를 잊었냐고 돌려서 묻고, 태범은 그런거 같은데 조금은 남아 있다는 듯 답한다. 태희는 차수영 팀장은 좋은 사람이라고 태범에게 말하고, 태범은 알지만 자신이 사랑하는 여자는 아니라고 답한다. 태희는 사랑하지 않아도 태범의 아이를 가진 여자는 차수영이라고 말하며, 결혼은 사랑보다 신뢰나 의리가 중요하다고 말한다.",
    "Summary3": ""
  },
  "filename": "SCRIPT-fm_drama-46014-00006.json"
}