{
  "Meta": {
    "doc_id": "SCRIPT-fm_drama-33015",
    "doc_category": "SCRIPT",
    "doc_type": "fm_drama",
    "doc_name": "33015_NC_아버지가이상해15_2017.txt",
    "author": "KBS",
    "publisher": "KBS",
    "published_year": "2017",
    "doc_origin": "아버지가이상해15",
    "passage_id": "SCRIPT-fm_drama-33015-00036",
    "passage": "해설]정환 오피스텔.\n정환 혜영 침대에 같이 잠들어 있고, 알람 울리고 있다. 정환 괴로워하며 혜영을 툭툭 치지만, 혜영은 세상 모르고 잠만 잔다. 정환 결국 일어나 앉아 손을 쭉 뻗고 몸도 뻗어 혜영 옆 사이드 테이블 알람을 끈다. “하아” 정환. 절로 한숨이 난다. 다시 눕는데, 알람 또 울린다. 버티는 정환 혜영을 흔들지만, 또 다른 알람까지 울린다. 아아~~ 괴로움에 몸부림 치며 일어나는 정환. 둘러봐도 알람 보이지 않는다. 두 개의 알람 소리는 계속 울리고, 미치겠는 정환. 결국 침대에서 내려서 본격적으로 찾는다. 소리의 진원지를 찾아 귀를 기울이다 옷장에 하나. 찾아 끄고. 또 다시 소리의 진원지를 찾아 귀를 기울이며 둘러보면 침대 밑! “미쳐 미쳐” 간신히 알람을 꺼내 끈다. 그런데 또 다시 울리는 알람. 으아~ 미치겠다. 소리를 찾아 이동한다. 벽에 걸린 핸드백에서 울린다. 열어보면 핸드폰 알람인데, 퀴즈를 풀어야 멈추는 어플. 정환 눈을 비비고 식탁에 앉아 문제를 풀어보려 하지만 어려운 수학문제다 이씨. 열이 뻗친다. 결국 쿠션 지퍼를 열고 그 안에 핸드폰 집어 넣는다. 그래도 소리가 계속 울린다. 정환 쿠션을 들고 화장실로 이동. 화장실 문 열고 넣고 문 탁 닫는 정환. 하아~ 한숨 절로 나고 몰골은 이미 좀비다. 벌써 며칠째 계속 되는 전쟁이다.\n정환]...아니 왜 일어나지도 못할 꺼면서 알람은 계속 맞춰 놓느냐고? 그것도 여러개씨익...이 진상 진짜!"
  },
  "Annotation": {
    "Summary1": "일어나지도 못하면서 여러 개씩 알람을 맞추어 놓는 혜영 때문에 정환은 알람을 찾아 끄며 괴로워하고 혜영에게 화가 난다.",
    "Summary2": "혜영과 함께 잠들어 있던 정환은 혜영의 알람 소리에 잠이 깨지만 혜영은 일어나지 않는다. 알람 소리에 괴로워하던 정환은 일어나 연이어 울리는 알람을 힘들게 찾아가며 하나씩 끄기 시작한다. 마지막 알람은 결국 끄지 못하고 화장실에 처박아두지만 정환의 몰골은 이미 말이 아니고 일어나지도 않으면서 알람을 맞춰놓는 혜영에게 열불을 터뜨린다.",
    "Summary3": ""
  },
  "filename": "SCRIPT-fm_drama-33015-00036.json"
}