{
  "Meta": {
    "doc_id": "SCRIPT-fm_drama-33001",
    "doc_category": "SCRIPT",
    "doc_type": "fm_drama",
    "doc_name": "33001_NC_아버지가이상해01_2017.txt",
    "author": "KBS",
    "publisher": "KBS",
    "published_year": "2017",
    "doc_origin": "아버지가이상해01",
    "passage_id": "SCRIPT-fm_drama-33001-00022",
    "passage": "해설]로펌 상담실.\n혜영, 표정은 시크하나 입꼬리엔 자본주의적 미소 살짝 머금고 상담 중이다. 아들(40. 딱 봐도 마마보이 분위기)과 사모님(60대) 혼전계약서 서류를 검토 중이다. 사모님 표정 신중하다..\n혜영]2조 3항 5항을 제외하고 사모님께서 제시한 혼전 계약서의 모든 조항을 수용했습니다..\n사모님](그 말 듣고, 3항 5항 찾아 넘기면)...\n혜영]2조 3항은 배우자의 외도 사실이 드러날 경우, 상대 배우자가 이혼을 요구할 시 유책 배우자는 즉시 이혼에 응한다. 라는 단서 조항을 달아달라는 것이구요.\n아들](그 말에 히죽) 나 바람 필까봐 그런 가부다. 엄마.\n혜영]5항, 만약 아드님의 유책 EUR4 이혼 시 재산 분할은 자산의 30프로를 요구했습니다.\n사모님]30프로?(어이없는 실소) 얘 정신이 가출했구나? 제정신이 아니야..\n혜영E]저도 그렇게 생각해요. 나이 마흔에 아직도 엄마 타령하는 마마보이에, 댁 같은 시어머니가 도사린 헬게이트가 이미 열려 있는데도 결혼을 하겠다니.\n아들](속 없이 웃는) 30프로면 많기는 쫌 많다 엄마?\n사모님]내가 이래서 개천에서 난 용들을 싫어해요. 지가 개천 출신인 걸 자꾸 잊어.\n혜영E]개천용이 아니라 승천용이었으면첨부터 댁의 아들랑 엮이지도 않았겠죠.\n사모님]이래서 집안을 봐야 한다니까...안 그래 변변? 어떻게 생각해?\n혜영](미소) 그래도 개룡녀가 여전히 개천에 사는 미꾸라지 보단 낫지 않을까요?\n사모님]오호호호...개룡녀? 변변 생긴 거와 달리 유머 감각 있네.\n혜영](미소) 제가 개룡녀 거든요."
  },
  "Annotation": {
    "Summary1": "사모님은 자기 아들의 예비 배우자가 요구한 혼전 계약서의 이혼 재산 분할 조건을 싫어하고 아들은 웃으며 맞장구친다.",
    "Summary2": "혜영은 상담실에서 사모님과 사모님의 아들과 함께 혼전 계약서 서류를 검토하고 있다. 사모님 아들의 예비 배우자가 사모님이 제시한 한 가지 조항을 빼고 모든 조항을 수용했지만 단서 조항과 이혼 시 재산 분할을 요구했다고 말한다. 사모님은 아들의 예비 배우자가 요구한 이혼 재산 분할 조건에 대해 어이없어하고 아들은 그저 웃으며 맞장구를 친다.",
    "Summary3": ""
  },
  "filename": "SCRIPT-fm_drama-33001-00022.json"
}