{
  "Meta": {
    "doc_id": "SCRIPT-fm_drama-33009",
    "doc_category": "SCRIPT",
    "doc_type": "fm_drama",
    "doc_name": "33009_NC_아버지가이상해09_2017.txt",
    "author": "KBS",
    "publisher": "KBS",
    "published_year": "2017",
    "doc_origin": "아버지가이상해09",
    "passage_id": "SCRIPT-fm_drama-33009-00044",
    "passage": "해설]복녀 카페.\n카페 한쪽 테이블에 앉은 복녀. 테이블 위 이력서 보고 있다. 복녀 앞에 앉아있는 예쁜 여자. (이하 알바1) 단정하고, 깔끔한 용모가 딱이다..\n복녀](마음에 들었다) 뭐 카페 일은 어려운 건 없어요. 커피 만들고, 써빙하고. 설거지 좀 하고, 청소하고, 아 청소는 좀 깨끗하게. 내가 더러운게 딱 질색이라. 그리고 디저트 쇼케이스 채우고? 오픈 좀 같이해주고. 아 주말에는 마감도 좀 같이해 주고. 그 정도에요. 어때요? 할 수 있겠어요?\n알바1](생글생글 웃으며) 아니요. (벌떡 일어난다) 수고하세요. (얼른 입구로)\n복녀]아니 저기! (아쉽다)\n해설]복녀 앞에 지팡이 한 손으로 짚고 앉아있는 할머니..\n복녀](황당하다, 안 들릴까 톤 높여)... 어르신? 커피는 내릴 줄 아세요?\n할머니]그라암~ 나 소싯적에 동네 커피는 내가 다 탔어어?\n복녀](난감하다) 어르신 저희가 (알바공고 들어 보이며) 연령제한이 있어요. 여기 젊은 애들이 주로 오는 곳이라, 죄송해요오.\n해설]복녀 앞에 다리 쩍 벌리고 앉아있는 조폭 같은 외모의 남자. 기름진 올백머리에 험악한 얼굴.\n복녀](뭐라 할 말을 잃고 보고만 있다)...\n조폭남](용모단정, 책임감 있고, 성실한 분 구합니다 라고 적힌 알바 공고 들어 보이며)..제가 딱 (올백 머리 올리며) 용모단정. 책임 성실합니다.\n복녀]...저기요...제가 깜빡 했는데...용모단정한 여자 알바생을 구하고 있어서요,\n해설]조폭 나가고 난 뒤 얼른 카페 문 닫고 들어오는 복녀. 얼굴에 근심이 한가득이다.\n복녀]...알바생 하나 구하는 일도 뭐가 이렇게 힘들어.. 큰일이네.. 낼모레 오픈인데"
  },
  "Annotation": {
    "Summary1": "복녀는 카페 알바생 면접을 보지만 마음에 드는 사람은 가버리고 나머지는 성에 차지 않아 당장 오픈을 앞두고 걱정이 많다.",
    "Summary2": "복녀는 카페 알바 면접을 보고 있는데 마음에 들었던 여자는 못하겠다며 가버린다. 할머니와 조폭 같은 남자 지원자는 복녀가 핑계를 대며 거절하고 돌려보낸다. 복녀는 오픈이 코 앞인데 알바를 구하지 못해 걱정이다.",
    "Summary3": ""
  },
  "filename": "SCRIPT-fm_drama-33009-00044.json"
}