{
  "Meta": {
    "doc_id": "SCRIPT-fm_drama-33009",
    "doc_category": "SCRIPT",
    "doc_type": "fm_drama",
    "doc_name": "33009_NC_아버지가이상해09_2017.txt",
    "author": "KBS",
    "publisher": "KBS",
    "published_year": "2017",
    "doc_origin": "아버지가이상해09",
    "passage_id": "SCRIPT-fm_drama-33009-00025",
    "passage": "해설]매니지먼트 1팀 사무실.\n미영 다가와 책상에 털썩 앉는다. “독한 놈” 혼잣말로 중얼대며 시무룩.. 아니다 이내 고개 푸르르 흔들어 떨치며 마음을 고쳐먹고 “집념이 강한 분” 중얼댄다. 가방에서 수첩 두 권을 꺼내 놓는다. 한 권은 남태부, 한 권은 변미영 이라고 크게 쓰여 있다. 미영 태부의 수첩과 자신의 수첩을 펼치고, 자신의 수첩에 필기를 시작한다. ‘안중희 공략 가이드’.\n태부e]너를 위해 내 지난 5년 간의 기록이 담긴 이 노트를 하사한다. 이 안에는 안중희의지병부터 전 연애사, 몸에 점이 몇 개 어디 있는지 까지 모든 것이 담겨있다! 철저하게 학습하고 응용할 수 있도록! \n해설]중희 오피스텔 복도.\n엘리베이터 문 열린다. 중희 내리지 않고 혹시나 싶어 슬쩍 복도를 살핀다. 복도 텅 비어있다. 안도하는 중희.\n중희]...이제 말귀를 좀 알아 들었나보네.. (홀가분한 표정으로 내려선다. 현관으로 다가간다)"
  },
  "Annotation": {
    "Summary1": "미영이 남태부의 수첩을 참고해서 안중희 공략 가이드를 작성하는 한편, 중희는 복도가 텅 빈 걸 확인하고 홀가분해 한다.",
    "Summary2": "미영은 사무실 책상에 앉아 시무룩해 있다가 이내 마음을 고쳐먹고, 남태부라고 적힌 수첩을 펼쳐놓으며 자신의 수첩에 '안중희 공략 가이드'라고 필기한다. 남태부의 수첩엔 안중희에 관한 모든 것이 담겨 있고, 이 노트를 하사한다는 내용이 적혀있다. 한편, 중희는 엘리베이터 문이 열리자 복도에 아무도 없는 걸 확인하고 홀가분하게 현관으로 다가간다.",
    "Summary3": ""
  },
  "filename": "SCRIPT-fm_drama-33009-00025.json"
}