{
  "Meta": {
    "doc_id": "SCRIPT-fm_drama-46030",
    "doc_category": "SCRIPT",
    "doc_type": "fm_drama",
    "doc_name": "46030_DC_오작교형제들30_2011.txt",
    "author": "KBS",
    "publisher": "KBS",
    "published_year": "2011",
    "doc_origin": "오작교형제들30",
    "passage_id": "SCRIPT-fm_drama-46030-00007",
    "passage": "해설]주방.\n전복죽 보글보글 끓고 있다. 그 옆에서 멸치볶음을 하고 있는 복자. 간장 넣고 마늘 넣고 간을 본다/ 잡채를 무치는 복자. 조금 먹어본다. 만족스럽다/ 다 끓인 전복죽을 보온병에 붓는 복자. 그 옆에 멸치볶음. 김무침. 잡채. 장조림 등이 반찬통 놓여있고, 중크기의 김치통도 놓여있다. 복자 모처럼 입가에 미소를 지으며, 그것들을 쇼핑백에 잘 넣고, 김치통은 보자기로 싼다. 창식 들어온다. 다가가 컵에 물 따르면.\n복자]나 전철역까지만 좀 태워다 줘유...워디 좀 다녀오게유.\n창식](보는)...워디 가게?\n복자]...자은이한테유.\n창식](그 말에 본다)...\n복자]...그동안은 내 얼굴 보면 애 속만 더 뒤집어질까봐 참았는디...인제는 시간도 좀 지났고 한 번 가볼라구유?.어쩌고 지내나 너머 궁금하고...보고 싶어서 더는 못참것어유"
  },
  "Annotation": {
    "Summary1": "복자는 여러 가지 음식들을 만들어서 챙기고는 창식에게 자은이 보고 싶어서 가봐야겠다고 전철역까지 태워달라고 한다.",
    "Summary2": "복자가 주방에서 전복죽과 잡채, 반찬들을 만들어서 통과 쇼핑백 등에 챙겨서 넣고 있다. 복자는 창식에게 자은에게 가겠다며 전철역까지 태워달라고 한다. 복자는 자은이 어떻게 지내는지 궁금하고 보고 싶어서 자은에게 가봐야겠다고 말한다.",
    "Summary3": ""
  },
  "filename": "SCRIPT-fm_drama-46030-00007.json"
}