{
  "Meta": {
    "doc_id": "SCRIPT-fm_drama-33015",
    "doc_category": "SCRIPT",
    "doc_type": "fm_drama",
    "doc_name": "33015_NC_아버지가이상해15_2017.txt",
    "author": "KBS",
    "publisher": "KBS",
    "published_year": "2017",
    "doc_origin": "아버지가이상해15",
    "passage_id": "SCRIPT-fm_drama-33015-00037",
    "passage": "해설]중희 오피스텔.\n드레스룸에서 옷 골라 입고 있는 중희. 한 손에는 오마보 대본 들고 입으로는 중얼중얼 대사 연습하고 있다. “아버지를 못 찾은 게 아니라 안 찾았던 것 같은데 갑자기 왜 나타났어?” 중얼중얼 대사 외우고 있는데. 핸드폰에 문자 알림음 들린다. 잽싸게 핸드폰 보는 중희. 스팸 문자다..\n중희]스팸 더럽게 많이 오네.. (한 수와의 문자함에 아무런 새 메시지가 없는 걸 본 후 다시 핸드폰 내려놓고) 연락을 안하는 거 보면.. 집에 말을 못했나.. 아씨 몰라 몰라! (이번엔 시계 고르며)...못하겠음 빨리 말이라도 해 주지! (바닥에 알 보고) 알.. 우리 안 가는 게 좋겠지? 가면 너도 불편하고.. 나도 불편하고? 아니.. 그래도 어쨌든 결론을 알려 주긴 줘야 하는 거 아냐?\n해설]다시 문자 알림음! 잽싸게 확인하면 한 수 문자다. [오늘은 못 갈 것 같아.\n 미안 하다.] 쳇.. 괜히 심정 상하는 중희. 핸드폰 던지듯 내려놓는다. 알 정면에 쪼그리고 앉아서.\n중희]누가 뭐 기다린 대? 그치? 무슨 착각을 저렇게 거하게 하신대냐...\n해설]그때 다시 중희 핸드폰 울린다. 힐끔 보면 미영 문자다. [포스터 촬영 가실 시간입니다.]"
  },
  "Annotation": {
    "Summary1": "중희는 대사 연습을 하다가 오늘은 못 갈 것 같다는 한 수의 문자를 받은 후 심정이 상하고 뒤이어 미영의 문자를 받는다.",
    "Summary2": "중희는 오피스텔에서 대사 연습을 하며 한 수의 문자를 기다린다. 스팸 문자가 온 후에 오늘은 못 갈 것 같다는 한 수의 문자를 받은 중희는 심정이 상한다. 그때 다시 미영에게 포스터 촬영에 갈 시간이라는 문자가 온다.",
    "Summary3": ""
  },
  "filename": "SCRIPT-fm_drama-33015-00037.json"
}