{
  "Meta": {
    "doc_id": "SCRIPT-fm_drama-33009",
    "doc_category": "SCRIPT",
    "doc_type": "fm_drama",
    "doc_name": "33009_NC_아버지가이상해09_2017.txt",
    "author": "KBS",
    "publisher": "KBS",
    "published_year": "2017",
    "doc_origin": "아버지가이상해09",
    "passage_id": "SCRIPT-fm_drama-33009-00006",
    "passage": "해설]엘리베이터 내부.\n중희 2층을 누른다. 다른 사람들도 각자 층수(2층 이상)을 누른다. 중희와 적당히 떨어져 선 한 수 중희가 누르는 층수을 보고, 슬쩍 중희을 곁눈질 해 본다. 중희 시선 정면에만 두고 있다. 한 수 스스로에게 화가 나고 답답하다.\n한 수E]... 아들한다고 찾아와 놓고 얘기 좀 해요라니.. 세상 어느 아버지가 아들한테 존댓말을 해.. 정신 좀 차리자.. 이제부터 저 청년은 내 아들이다.. 내 아들이야..(스스로 마음을 다진다)\n해설]중희 오피스텔 거실.\n중희 들어서 냉장고로 다가가 물병 꺼내는데, 벨 누르는 소리. 뭐야? 인터폰으로 다가가 보면, 액정에 떠있는 모습 역시 한 수다. 중희 모니터 노려 본다. 짜증 난다.\n현관문 밖.\n한 수 인터폰 바라보지만, 안에서 끝내 답이 없다. 벨소리도 멈춘다. 한 수 다시 벨을 누을까 손가락 얹어 보지만, 차마 벨을 누리지 못한다. 한 수 망설이다 문을 똑똑 노크한 후.\n한 수]...그럼 내일 다시 올께.. 내일은 잠깐이라도 시간 좀 내줘...\n해설]한 수 혹시나 싶어 귀 기울여 보지만 끝내 반응이 없자 결국 돌아선다. 차마 떨어지지 않는 발걸음으로 엘리베이터로 향해 다가가 버튼 누른다. 그리고도 다시 돌아보지만 역시 문 열리지 않는다. 엘리베이터 열린다. 한 수 올라타고 문 닫힌다."
  },
  "Annotation": {
    "Summary1": "한 수가 중희를 따라 엘리베이터를 타고 오피스텔 벨을 누르지만 중희는 답이 없고, 한수는 내일 다시 오겠다며 돌아선다.",
    "Summary2": "한수가 중희를 따라 엘리베이터를 타고 중희가 누른 층수를 본다. 한수는 중희 오피스텔의 벨을 누르지만 중희는 답이 없고, 내일 다시 온다며 돌아선다. 혹시나 하는 마음에 돌아보지만 문이 열리지 않고 한수는 엘리베이터에 올라탄다.",
    "Summary3": ""
  },
  "filename": "SCRIPT-fm_drama-33009-00006.json"
}