{
  "Meta": {
    "doc_id": "SCRIPT-fm_drama-33014",
    "doc_category": "SCRIPT",
    "doc_type": "fm_drama",
    "doc_name": "33014_NC_아버지가이상해14_2017.txt",
    "author": "KBS",
    "publisher": "KBS",
    "published_year": "2017",
    "doc_origin": "아버지가이상해14",
    "passage_id": "SCRIPT-fm_drama-33014-00037",
    "passage": "해설]건물 복도 계단 앞.\n영실 보미 계단으로 다가온다. 영실 “가 그럼” 올라가려는데, 망설이던 보미 영실을 부른다.\n보미]형님.. (영실 돌아본다)...드릴 말씀이 있어요.\n영실]어 뭔데?\n보미]제가 고민이 많았는데, 전에 준영 조카 일 미리 말씀 안 드렸다고 화내신 것도 있고.. 말씀 드려야겠다 생각이 들어서요.\n영실]뭔데 그렇게 비장해.. 말해봐.\n보미]형님...고모부가 좀 이상하세요.\n영실]...우리 그이가 이상해?\n보미]예... 최근에 너무 자주 자리를 비우세요. 오늘 뿐만이 아니에요. 제가 하루 종일 가게를 본 날만 이달 들어서면 며칠인가 몰라요.. 거기다 최근엔 자주 멍하니 딴 생각을 하시고.. 핸드폰도 자주 들여다보시고... 어제는 하루 종일 한숨을 내쉬시는 게... 아무래도 여자가.\n영실]올케!\n보미]...\n영실]무슨 말인지 알겠어, 알겠는데.. 그건 아니야.\n보미]저도 고모부께서 그럴 분이 아니시라는 건 알아요. 하지만 모든 정황이 (채어)\n영실]내가 안다니까. 와이프인 내가 그 정도 감도 없을까봐... 그러니까 괜한 억측 안해줬음 좋겠어. 엄마나 영식이한테도 아무 소리 말고!\n보미](시무룩)...네.. 내려갈께요"
  },
  "Annotation": {
    "Summary1": "보미가 고모부의 수상한 행적을 영실에게 전하지만 영실은 자신이 잘 안다며 괜한 억측을 하지 말아줄것을 요청했다.",
    "Summary2": "할말이 있는 듯이 망설이던 보미는 계단을 올라가려던 영실을 불러세우고 영실에게 고모부가 이상하다며 솔직하게 이야기 한다. 보미는 자리를 자주 비우고 핸드폰도 자주 들여다 보는 고모부의 수상한 행동을 영실에게 전한다. 영실은 보미에게 와이프인 자신이 잘 안다며 괜한 억측을 자제해 줄것을 요청한다.",
    "Summary3": ""
  },
  "filename": "SCRIPT-fm_drama-33014-00037.json"
}