{
  "Meta": {
    "doc_id": "SCRIPT-fm_drama-46028",
    "doc_category": "SCRIPT",
    "doc_type": "fm_drama",
    "doc_name": "46028_DC_오작교형제들28_2011.txt",
    "author": "KBS",
    "publisher": "KBS",
    "published_year": "2011",
    "doc_origin": "오작교형제들28",
    "passage_id": "SCRIPT-fm_drama-46028-00022",
    "passage": "해설]현재의 차안 (달리는).\n현재 운전하고 있고 옆에 여경 앉아있다. 여경 통화 중이다.\n여경]예 마침 근처에 일이 있어서요? 온 김에 얼굴 뵙고 인사 드리고 가려구요? 예 사부인? 그럼 좀 이따 뵙겠습니다. 예...(끊는다).\n현재]...이렇게 찾아가는 게 맞는 건지 모르겠네? 내가 황실장한테 단단히 얘긴 해뒀는데?\n여경]...당신 말 한마디에 부모한테 이실직고 할 사람이었음 지금까지 숨기고 있지도 않았어요? 이건 같은 부모된 입장에서 모른 척 할 일이 아니에요.\n해설]경찰서 복도.\n수사팀에서 결재서류 들고 나오는 윤팀장. 태희 그 뒤를 따라 나온다..\n윤팀장]아 글쎄 안된다니까?\n태희]영화자문을 꼭 제가 해야 하는 이유 있습니까? 김종기 사건에 대해선 저보다 서동민이 더 잘 압니다. 장형사님도 그렇구요?\n윤팀장]안돼에? 황경위가 꼭 해야 돼? 그 친구들보다 황경위가 더 경험이 많잖아?당분간 수사에서 빼줄테니까 휴식 좀 취한다 생각하고 도와줘?\n태희]팀장님?\n윤팀장](굳어) 절대 안돼? 두 번 다시 얘기 꺼내지마? (보다) (가는)\n태희](후우~)..."
  },
  "Annotation": {
    "Summary1": "여경은 황실장에게 분명히 말했다는 현재에게 이 일은 모른 척 할 수 없다고 하고, 윤팀장은 태희에게 영화자문을 맡긴다.",
    "Summary2": "여경은 현재의 차에서 잠시 후에 보자고 통화를 마치고, 현재는 이렇게 찾아가도 되냐면서 황실장에게 분명히 말했다고 한다. 여경은 현재의 말 한마디에 지금까지 숨기던 일을 말하진 않을 거라며, 같은 부모로서 모른 척할 수 없다고 한다. 한편, 윤팀장은 영화자문을 꼭 자기가 해야 하냐고 묻는 태희에게 더 경험이 많다면서 수사에서 빼 줄 테니 도우라고 말한다.",
    "Summary3": ""
  },
  "filename": "SCRIPT-fm_drama-46028-00022.json"
}