{
  "Meta": {
    "doc_id": "SCRIPT-fm_drama-46031",
    "doc_category": "SCRIPT",
    "doc_type": "fm_drama",
    "doc_name": "46031_DC_오작교형제들31_2011.txt",
    "author": "KBS",
    "publisher": "KBS",
    "published_year": "2011",
    "doc_origin": "오작교형제들31",
    "passage_id": "SCRIPT-fm_drama-46031-00001",
    "passage": "해설]여경네 주방 / 밤.\n식사하는 현재 여경 태범 수영, 현재의 생일상 양식으로 푸짐하게 차려져 있다..\n현재]처제랑 자네 막내 동생이랑 얼마나 열심인 줄 몰라? 오늘도 전단지 돌린다고 아침 일찍 나갔어?\n태범]다행이네요...막내도 요즘 신이 나 보였어요.\n여경]큰형은 그 예진인가 하는 아가씨한테 아들 얘기 알렸구?\n태범]예...알렸습니다.\n여경]꼭 알려야 해. 중매 잘못 서면 뺨이 석대라는 말 알지? 까딱했으면 우리 이이가 뺨 석대 맞을 뻔 한 일 아냐?\n태범]얘기했습니다.\n여경]확실히 해야 해. 우리 이이 뺨 석대 문제가 아니라 그 아가씨 인생이 걸린 문제라고.\n태범]장모님!분명히 얘기했습니다. 전화 걸어서 확인시켜 드릴까요?\n여경](하여간 뻔뻔하기는)...스테이크 맛 어떤가?\n태범]...오늘은 고기가 질기네요.\n여경]당연히 질기겠지? 안심이 아니고 등심이니까! 어떠니 수영아 너는? (하다 보면)\n수영](얘기 안 들린다. 혜령 생각 중이었다) (무의미하게 스테이크 조각조각 내고 있다)...\n현재]...수영아?\n수영](그제야)...예?(뜬금없이) 아빠 생신 축하 드려요. 현재, 여경, 태범..?\n수영](세 사람 표정에 어색하게 웃으며 스테이크 먹는다) 오늘 스테이크 맛 괜찮은데요? 아! 저 신경 쓰지 말고 와인 한잔씩들 (하려는데 이미 세 사람 앞에 와인 잔 놓여있다)...하셨구나아...\n여경]너 무슨 일 있니? 무슨 일인데 이렇게 정신을 빼놓고 있어?\n수영]...아니에요?아이템 생각하느라 잠깐 골똘했더니...\n현재]부장 바뀌었다더니 일이 좀 고된 가? 홀몸도 아닌데 너무 무리하면 안돼?\n수영]...예. 걱정 마세요...드세요...(하며 먹지만)...(표정 여전히 확 밝아지지 않는다).\n여경](그런 수영 보다)...(태범 쏘아본다).\n태범](물 마시려다가 그 시선에 주춤!).\n여경](빤히 보는)...자넨 별일없나?\n태범]...예 없습니다."
  },
  "Annotation": {
    "Summary1": "여경은 태범에게 큰형이 예진에게 아들 얘기를 꼭 알려야 한다고 하고, 수영은 얘기를 듣지 않고 혜령 생각에 빠져 있다.",
    "Summary2": "현재는 태범에게 처제랑 태범의 막내 동생이 열심이라며 오늘도 전단지 돌리러 아침 일찍 나갔다고 한다. 여경이 \"큰형은 예진에게 아들 얘기 알렸구?\" 라고 하자 태범은 분명히 얘기했다고 한다. 얘기를 듣지 않고 혜령 생각 중이던 수영에게 여경은 무슨 일인데 정신을 빼놓고 있는지 묻고 현재는 홀몸도 아닌데 무리하면 안된다고 한다.",
    "Summary3": ""
  },
  "filename": "SCRIPT-fm_drama-46031-00001.json"
}