{
  "Meta": {
    "doc_id": "SCRIPT-fm_drama-46031",
    "doc_category": "SCRIPT",
    "doc_type": "fm_drama",
    "doc_name": "46031_DC_오작교형제들31_2011.txt",
    "author": "KBS",
    "publisher": "KBS",
    "published_year": "2011",
    "doc_origin": "오작교형제들31",
    "passage_id": "SCRIPT-fm_drama-46031-00020",
    "passage": "해설]매장 안.\n카운터에 선 태필과 직원, 안타까운 시선으로 어딘가를 보고 있다. 거울 앞에 선 손님1과 여울. 까탈스런 손님1 점퍼를 벗어서 여울에게 던진다. “빨간색으로 줘봐요?” 여울 얼른 “네!”하며 빨간색 점퍼 들고 온다. 태필 그 모습 보다 가려는데 여울 됐다는 듯 손짓한다..\n여울](웃으며 손님에게) 입어보세요?\n손님1](다시 입는다).\n해설]손님1 입었다 벗었다를 반복한다/ 여울은 옆에서 계속 웃으며 친절하게 대응한다/ 어느덧 여울 주위에 손님1이 벗어떼어 옷들 잔뜩 쌓인다 / 멀리 그 모습 지켜보는 태필과 직원, 안타깝게 보는데...여울 점점 지치지만 웃음 잃지 않는다..\n손님1](결국) (점퍼 하나 집으며) 이걸로 할게요.\n여울](믿어지지가 않아)...예? (활짝 웃으며) 감사합니다! 감사합니다!\n해설]매장 앞.\n종이가방을 든 손님1 매장을 나선다. 여울과 태필, 직원1 밝은 얼굴로 입구까지 배웅하며 인사한다. “안녕히 가세요” 여울 표정관리하며 꾹 참고 있다가...손님 사라지면 그제야 몸부림 치며 기쁨의 환호성을 지른다..\n여울](영수증 흔들며) 봤죠? 나 처음으로 제품 팔았어요? 직원1, 태필...(웃으며 여울과 하이파이브) 축하 드려요? 사장님! / 수고하셨어요?\n여울](너무 행복해) 진짜 신 난다! 믿어지지가 않아! (다시 영수증 보며 뽀뽀)"
  },
  "Annotation": {
    "Summary1": "까따롭게 옷을 고르던 손님1이 계산을 하고 나가자 여울은 처음으로 제품을 팔았다며 기쁨으로 소리친다.",
    "Summary2": "손님1이 까다롭게 옷을 고르고 있고 여울은 웃음을 띠며 그 옆에 서있다. 태필과 직원1은 안타까운 시선으로 보고 있고 여울의 옆에는 손님1이 벗어 놓은 옷들이 쌓여있다. 손님1이 점퍼를 골라 계산을 하고 나가자 여울은 처음으로 제품을 팔았다고 기쁨의 탄성을 지른다.",
    "Summary3": ""
  },
  "filename": "SCRIPT-fm_drama-46031-00020.json"
}