{
  "Meta": {
    "doc_id": "SCRIPT-fm_drama-33001",
    "doc_category": "SCRIPT",
    "doc_type": "fm_drama",
    "doc_name": "33001_NC_아버지가이상해01_2017.txt",
    "author": "KBS",
    "publisher": "KBS",
    "published_year": "2017",
    "doc_origin": "아버지가이상해01",
    "passage_id": "SCRIPT-fm_drama-33001-00029",
    "passage": "해설]스타렉스 차안.\n중희 문 연다. 코디 태블릿pc로 영상 보고 있다가 얼른 치운다. 중희 자리에 다가가 쳐 박히듯 털썩 앉는다. 매니저 뒤따라 타며 문 닫는다..\n매니저](경상도 출신이 서울말 쓰는 억양)...고생 많으셨어요. 피곤하시죠. 형님?(따뜻한 음료 따서 내민다).\n중희]완전 피곤해...(받으려다 밀고)...커피 없어? 커피 줘!\n매니저]형님 커피 너무 많이 드셔서...\n중희]아냐 카페인이 필요해 (받아 마시고)... 내 이래서 연속극 안 하려고 했는데... 아까 그 씬도 너무 오버하면 오히려 재미없거든?\n매니저]그래도 경력이 꽤 되는 분 아닙니까?연속극 감독님들은 대체로 경력이 있어서.\n중희]그래서 트랜디한 감이 없다니까?대본도 유치하게 그게 뭐냐 아후...노이사한테 확실히 전했지? 이게 내 인생 마지막 연속극이라고? 나 다신 연속극 안 한다? 미니 아니면 GNP10,000 할 거야?\n매니저]...예...근데 미니로는 잘 섭외가 안 들어와서..\n중희]그러니까 회사가 좀 발 벗고 나서 봐? 콜센터냐? 가만 앉아서 걸려 오는 전화만 받게? (문득 태블릿을 본다)...아까 뭐 보고 있었어? 재밌는 거 있어?\n코디]...아니요..\n중희]뭔데 표정이 그래?줘봐. 달라니까? (태블릿 피씨 가져다 본다. 표정 확 구겨진다)...\n<인써트> - 태블릿 PC 영상..\n리포터]오늘은 특집으로 아이돌 스타들의 신인시절 모습을 모아 봤습니다. 일명 구오빠 특집! 먼저 8년 전 안중희씨의 신인시절 모습입니다. 당시 로봇연기로 화제를 모았었죠.\n해설]신입시절 중희가 연기한다. 로봇처럼 뻣뻣하게 연기하는 모습이 누가 봐도 발군의 발연기다. 그 이후에 붙여지는 중희의 인터뷰.\n중희](해맑게 웃으며)...춤 노래 연기 중에요?연기가 제일 쉬웠어요. (*)\n해설]영상의 보는 중희의 얼굴 일그러진다. 코디 슬그머니 시선 외면하고, 매니저는 난감한 표정.\n중희]이런 식빵...야! 이 인터뷰가 왜 여기 붙었어? 그땐 이런 의도로 물은 게 아니잖아?\n매니저]...이게 바로 악마의 편집이구나~ 했습니다. 저도.\n중희]이렇게 붙여 노면 내가 뭐가 돼?\n코디]완전 우습게 보여요 (매니저 얼른 눈치 줘도 모른다)\n중희](코디를 본다. 이 와중에도 눈치 없는 코디가 밉고)...오늘의 연예 피디 누구냐?\n매니저]너무 신경 쓰지 마세요. 형님, 사람들 보지도 않고, 신경도 안 써요.\n중희](보는)...내가 그렇게 인지도가 없다고?\n매니저](화들짝) 아아뇨...그 오늘의 연예 프로그램이 그렇다구요. 시청률 3프로 나온대요.\n중희]그러니까 이 오늘의 연예 피디가 누구냐고?"
  },
  "Annotation": {
    "Summary1": "중희가 촬영이 끝나고 차에 탄 후, 이상하게 편집된 본인의 신인 시절 인터뷰를 보고는 화를 낸다.",
    "Summary2": "촬영이 끝난 중희가 차에 타자 태블릿으로 영상을 보던 코디는 얼른 태블릿을 치운다. 중희는 매니저에게 다신 연속극을 하지 않겠다고 선언하며 감독과 회사에 대해 불평하다가, 문득 옆에서 코디가 보고 있던 걸 궁금해하며 뺏어 본다. 신인 시절 본인의 인터뷰가 이상하게 편집된 걸 보고 화가 난 중희는 매니저에게 오늘의 연예 피디가 누구냐며 다그친다.",
    "Summary3": ""
  },
  "filename": "SCRIPT-fm_drama-33001-00029.json"
}