{
  "Meta": {
    "doc_id": "SCRIPT-fm_drama-33014",
    "doc_category": "SCRIPT",
    "doc_type": "fm_drama",
    "doc_name": "33014_NC_아버지가이상해14_2017.txt",
    "author": "KBS",
    "publisher": "KBS",
    "published_year": "2017",
    "doc_origin": "아버지가이상해14",
    "passage_id": "SCRIPT-fm_drama-33014-00042",
    "passage": "해설]주방.\n영실 식탁에 앉아있다. 말은 그렇게 했어도 보미의 말이 영 마음에 걸린다..\n영실]...가게를 그렇게 자주 비웠다고? 나한테 말 한마디 없었는데?. 그러고 보니 어젯밤에도 한참을 나갔다 오고...(아무리 생각해도 이상하고 걱정된다)...무슨 일이 생겼나? (아무래도 안되겠다. 가봐야 할 것 같다. 몸을 일으킨다.)\n해설]매니지먼트 1팀 복도.\n미영 다가온다. 저만큼 자신을 기다리고 있는 유주 보인다. 미영 유주와 눈 마주치자 그 자리에 멈춰 선다.\n유주](미영에게 다가오며) 아직 생각 다 안 끝났니?\n미영](유주 똑바로 보고) 여기서 이야기할 수 없으니까 따라와.\n해설]어이없는 표정으로 미영 따라가는 유주.\n가비 계단.\n미영 옥상 문 열고 나온다. 문 쾅 소리 내고 닫히자마자 다시 열린다. 유주 급히 미영 쫓아 나온다.\n유주](급하게 따라 나와서) 그럼 뭐 어쩌라고?!\n미영](멈춰 선다)\n유주](미영에게 다가와서) 그래서 원하는 게 뭔데. 내가 뭘 어째야 하는데?!\n미영](노려보다) 사과 해. 나한테.\n유주](허? 참 고작 그거?) 그래에. 미안해. 미안했어. 됐니?\n미영](어처구니없다) 너 지금 니가 뭘 잘못했는지 하나도 모르는구나. 그거부터 생각 해봐. 그리고 정식으로, 진심으로 사과해..\n유주]뭐..?\n미영]니가 사과 하는 거 보고 그 다음 내 행동을 결정할 거니까.\n해설]미영 돌아서서 가버리고 그 자리에 남겨진 유주. 저게.. 진짜?! 괜히 화가 난다."
  },
  "Annotation": {
    "Summary1": "미영은 유주에게 나오라고 하고 미영이 사과를 하라 하지만 유주는 성의 없게 사과해 미영은 진심으로 사과하라고 한다.",
    "Summary2": "영실은 보미의 말을 듣고 계속 이상하다고 생각하고 걱정한다. 유주는 미영에게 생각이 다 끝났냐고 묻는데 미영은 따라 나오라고 한다. 미영은 유주를 노려보고 사과하라고 하지만 유주의 성의 없는 사과에 어처구니 없어 하며 진심으로 사과하라고 이야기한다.",
    "Summary3": ""
  },
  "filename": "SCRIPT-fm_drama-33014-00042.json"
}