{
  "Meta": {
    "doc_id": "SCRIPT-fm_drama-33015",
    "doc_category": "SCRIPT",
    "doc_type": "fm_drama",
    "doc_name": "33015_NC_아버지가이상해15_2017.txt",
    "author": "KBS",
    "publisher": "KBS",
    "published_year": "2017",
    "doc_origin": "아버지가이상해15",
    "passage_id": "SCRIPT-fm_drama-33015-00024",
    "passage": "해설]은행.\n은행 창구 위로 올라오는 110,000원짜리 192110,000원 돈뭉치. 보면 철수가 창구 앞 의자에 앉아 돈을 내밀고 있다..\n철수]학자금 대출 상환이요.\n해설]은행 입구.\n영수증 받아 들고 은행 입구에서 나오는 철수. 영수증 보며 한결 안심하고 편안해진 표정이다. 핸드폰 꺼내 영희에게 문자를 남기는 철수. [고맙다. 덕분에 대출 많이 해결했어.] 문자 보내고 핸드폰으로 시간 확인하고는 놀라서 “늦겠다!” 급하게 걸어간다. \n해설]공항.\n공항 입국 게이트 앞에 서 있는 철수. 비행기 도착 안내판 한 번 보고 시계 한 번 본 후 뚫어져라 입국 게이트 문을 보고 있다. 그때 서서히 철수 얼굴에 번지는 미소. 이내 환하게 웃고 누군가에게 다가간다. 게이트에서 캐리어 끌고 나오는 여자. 유리다..\n철수](다가가 끌어안으며) 왔어?\n유리](마주 안는다) 보고 싶었어어.\n철수]나도 보고 싶었어. (포옹 풀고 캐리어 대신 끌며) 피곤하지? 가자.\n유리]아니 죽게 피곤했는데 자기 얼굴 보니까 금세 회복. 충전. 역시 자기는 나의 비타아민~.\n철수](빙그레)...\n유리](팔 끼며 애교스럽게) 차는 지하에 있어?\n철수](조금 당황) 아니...\n유리](의아한 얼굴로) 지상에 주차했어? 지하가 편한데...\n철수](난감하다) 그게 아니라.. (결심한 듯) 유리야. 할 얘기 있어."
  },
  "Annotation": {
    "Summary1": "영희의 도움으로 학자금 대출 상환을 한 철수는 공항에서 입국한 유리와 재회하지만 차를 찾는 유리의 질문에 난감해한다.",
    "Summary2": "철수는 은행에서 학자금 대출 상환을 하고 나오며 영희에게 덕분에 대출을 많이 해결했다며 고맙다는 문자를 보낸다. 늦을까봐 급하게 공항에 간 철수는 입국한 유리를 만나 재회의 포옹을 한다. 하지만 차는 어디에 있냐고 묻는 유리의 질문에 곧 난감해지고, 이어 철수는 유리에게 할 얘기가 있다고 한다.",
    "Summary3": ""
  },
  "filename": "SCRIPT-fm_drama-33015-00024.json"
}