{
  "Meta": {
    "doc_id": "SCRIPT-fm_drama-33001",
    "doc_category": "SCRIPT",
    "doc_type": "fm_drama",
    "doc_name": "33001_NC_아버지가이상해01_2017.txt",
    "author": "KBS",
    "publisher": "KBS",
    "published_year": "2017",
    "doc_origin": "아버지가이상해01",
    "passage_id": "SCRIPT-fm_drama-33001-00009",
    "passage": "해설]거실.\n3인용 소파. 좌식테이블. 텔레비전. 벽에는 가족사진 (할머니 포함 총 10인) 붙어있다. 한쪽 구석에 필라테스용 짐볼, 매트, 밴드, 폼룰러 놓여있다. 베란다에는 화초와 빨래건조대 있다. 신경질적으로 방문 열리며 라영 나오면, 준영이 자다 깨서 방에서 나오고 있다. 준영 방은 주방 뒤쪽으로 입구가 있어, 입구 보이지 않고 현관에서 제일 멀다..\n라영]이왕 나올 거 빨리 좀 나오지?(화장실로)\n준영](시선 따라가며 보는 표정, 내가 해야 하는 말 아냐?)\n인부1E]아무도 안 계세요? 문 좀 열어봐요!\n준영]나가요. 누구세요? (현관으로)\n해설]준영 현관문 열면, 문 열리고 인부1,2 장비 들고 거칢없이 들이닥친다..\n인부1]아 왜케 문을 안 열어요? 공사를 하자는 거야 말자는 거야?\n준영]공사라뇨? 무슨 공사요?\n인부1]3층 베란다 새서 방수 공사하기로 했잖아요? 못 들었어요?\n준영]못 들었는데...3층 베란다 새면 여기서 공사를 해요?\n라영](문 열고 나오면서) 오빠 화장실 물이 안 나와! 엄마아?\n준영](그 말에)...방수 공사하면 물도 안 나와요?\n인부1]물은 그래서 안 나오는 게 아니고...갑갑하네. 아는 게 없어. 오늘 건물 전체 물탱크 청소해서 단수잖아요?"
  },
  "Annotation": {
    "Summary1": "라영과 준영은 갑자기 들이닥친 공사 인부들에게서 베란다 방수 공사와 건물 단수 소식을 전해 듣는다.",
    "Summary2": "라영과 준영이 각자의 방에서 나온다. 느닷없이 인부 두 명이 집으로 들이닥쳐 3층 베란다가 새서 방수 공사를 하기로 했다고 한다. 화장실에 갔던 라영이 물이 안 나온다고 하자 아무것도 몰랐던 준영은 인부로부터 건물 전체 물탱크 청소라 단수라는 소식을 듣는다.",
    "Summary3": ""
  },
  "filename": "SCRIPT-fm_drama-33001-00009.json"
}