{
  "Meta": {
    "doc_id": "SCRIPT-fm_drama-46029",
    "doc_category": "SCRIPT",
    "doc_type": "fm_drama",
    "doc_name": "46029_DC_오작교형제들29_2011.txt",
    "author": "KBS",
    "publisher": "KBS",
    "published_year": "2011",
    "doc_origin": "오작교형제들29",
    "passage_id": "SCRIPT-fm_drama-46029-00025",
    "passage": "해설]태범네 집 앞.\n수영 나온다. 수영 속상해서 종종종 차로 걸어온다. 태범과의 이 거리는 언제쯤 좁혀질까?.늘 평행선인거 같다. \n매장 안.\n카운터 정리하는 여울. 태필 다가와 “조명 보러 가셔야죠?”.\n여울](시무룩)...너무 욕심 부리나? 생각보다 매출이 많지가 않아요?\n태필](보다)...제가 말씀 드렸잖아요? 두 달간은 홍보에만 집중하고 장사할 생각 마시라구요?당장 눈에 보이는 성과가 없더라도 절대 좌절하시면 안되죠? 땅을 깊게 파려면 일단 넓게 파야 하는 법이에요?\n여울](태필이 대단하게 느껴진다. 끄덕이며)...깊게 파려면 넓게 파야 한다...명심할게요..\n태필](저만큼 옷정리하는 직원1에게) 다녀올께..(가면서도 한쪽에 놓인 전단지 조금 챙겨든다)...가는 길에 몇장이라도 돌리자구요."
  },
  "Annotation": {
    "Summary1": "수영은 태범과의 거리가 줄지 않아 고민하고 매출에 실망한 여울은 조언을 해주는 태필이 대단하게 느껴진다.",
    "Summary2": "수영은 태범의 집에서 나와 차로 걸어가며 늘 평행선 같은 그와의 관계가 언제 좁혀질지 생각한다. 여울은 생각보다 매출이 많지 않아 시무룩하고 그런 여울에게 태필은 두 달은 장사보단 홍보에 집중해야 할 때니 좌절하면 안 된다며 땅을 파려면 일단 넓게 파야 하는 거라 한다. 여울은 태필이 대단하게 느껴지고 그의 조언을 새긴다.",
    "Summary3": ""
  },
  "filename": "SCRIPT-fm_drama-46029-00025.json"
}