{
  "Meta": {
    "doc_id": "SCRIPT-fm_drama-33010",
    "doc_category": "SCRIPT",
    "doc_type": "fm_drama",
    "doc_name": "33010_NC_아버지가이상해10_2017.txt",
    "author": "KBS",
    "publisher": "KBS",
    "published_year": "2017",
    "doc_origin": "아버지가이상해10",
    "passage_id": "SCRIPT-fm_drama-33010-00043",
    "passage": "해설]주방.\n복녀 언니 파이와 커피 놓고 즐겁게 수다 떨고 있다.\n언니]너 보톡스 맞은 지 얼마나 됐어? 피부가 너무 쳐졌어.\n복녀]내년이면 육갑 잔치하는데 쳐질 만하지.\n언니](깔깔 웃으며) 육갑 잔치가 뭐야 환갑잔치지.\n복녀](깔깔 웃으며) 어머 내가 육갑 잔치라고 했어. (깔깔) 늙으니까 자꾸 말이 헛나와. 자꾸 새.\n언니]참 어제 헤어샵에서 들었는데 이번에 결혼한 가수 있잖아?\n복녀]어어 조훈?\n언니](끄덕끄떡) 얘, 걔가 원래 딴 여자가 있었는데 애 가졌대서 억지 결혼 한 거 랜다.\n복녀]어머어머 그래 어쩐지 결혼하는 신랑 얼굴에 수심이 가득하더니.. 신호 위반했구나.\n언니](깔깔) 신호 위반?\n복녀]왜?신호 위반 아니야?\n언니]속도위반이지?\n복녀]아 맞다 (자기가 말하고도 웃겨 죽는다) 신호 위반.\n언니]너 혹시 요실금이 아니라 입실금 아니니 말이 너무 새.\n복녀](깔깔 웃겨 죽고)...언니이"
  },
  "Annotation": {
    "Summary1": "복녀가 계속 말실수를 하자 언니가 복녀에게 입실금이냐고 한다.",
    "Summary2": "복녀는 환갑 잔치를 육갑 잔치라고 말하는 실수를 한다. 주제를 조훈의 결혼으로 옮긴 뒤에도 복녀는 속도 위반을 신호 위반이라고 표현한다. 언니가 복녀에게 입실금이냐고 말하고, 복녀가 깔깔 웃는다.",
    "Summary3": ""
  },
  "filename": "SCRIPT-fm_drama-33010-00043.json"
}