{
  "Meta": {
    "doc_id": "SCRIPT-fm_drama-33014",
    "doc_category": "SCRIPT",
    "doc_type": "fm_drama",
    "doc_name": "33014_NC_아버지가이상해14_2017.txt",
    "author": "KBS",
    "publisher": "KBS",
    "published_year": "2017",
    "doc_origin": "아버지가이상해14",
    "passage_id": "SCRIPT-fm_drama-33014-00025",
    "passage": "해설]정환 오피스텔 침실.\n혜영 입 헤 벌리고 침 흘리고 곤히 잠들어 있다. 베개도 침자국으로 조금 젖어 있다. 정환 문 열고 들어와 그런 혜영 모습에 어이없는 웃음. 다이이 깨운다.\n정환]혜영아~ 일어나야 하는데~.\n혜영]으응.. (잠결에 돌아 눕는다) 5분만 아빠.\n정환]아빠 아니고 오빤데?\n혜영](그 말에 응?눈 뜬다. 여기이? 그제야 오피스텔 깨닫는다. 침 흘린 것도 깨닫고입이부터 닦는데, 침이 말라 붙어 있다. 이씨.. 시치미 떼고 일어나며 입이를 조신한 척 내숭 떨며 한 손으로 교묘하게 이린다) 아...집이 아니구나...아지트구나 (일어나는 척하며 얼른 침 떨어진 베개를 묘한 불편한 포즈로 앉으며 엉덩이로 이린다)\n정환](절로 시선 이지만, 모른 척 해준다)... 잘 잤어?\n혜영]어, 잘 잤지 그럼.. 선배는?\n정환]나는 잘 못 잤어. 누이 옆에서 자는 거 첨이거든.\n혜영]아 그렇겠다... 나는 워낙 오빠 동생들랑 뒤엉켜 살아서...\n정환]모닝 뽀뽀 (입 맞추려면)\n혜영](침자국에, 양치하기 전이라 입 꼭 붙이고 고개 절레절레)...\n정환](픽) 일어나 나와. 밥 먹자..\n혜영]어 먼저 나이..\n해설]정환 나이면 얼른 베개 살피면 침자국 흥건..\n혜영]아씨 못 봤겠지? 세상 젤 더러운 잠버릇이 침 흘리는 건데.. (일어나 거울로 다이이 입이 살핀다. 입이에 침이 말라붙어 있다)..쪽팔려. 봤을라나?.(사각 휴지 뽑아 침 붙혀, 침자국 열심히 닦아낸다)..."
  },
  "Annotation": {
    "Summary1": "정환의 오피스텔에서 일어난 혜영은 조신한척하고 정환이 밥 먹자며 일어나자 침자국을 닦아낸다.",
    "Summary2": "정환은 자신의 오피스텔에서 자고 있는 혜영을 깨운다. 혜영은 조신한 척 일어나고 정환의 뽀뽀를 거절한다. 정환은 밥 먹자며 일어나고 혜영은 베개를 살피며 침자국을 닦아낸다.",
    "Summary3": ""
  },
  "filename": "SCRIPT-fm_drama-33014-00025.json"
}