{
  "Meta": {
    "doc_id": "SCRIPT-fm_drama-33010",
    "doc_category": "SCRIPT",
    "doc_type": "fm_drama",
    "doc_name": "33010_NC_아버지가이상해10_2017.txt",
    "author": "KBS",
    "publisher": "KBS",
    "published_year": "2017",
    "doc_origin": "아버지가이상해10",
    "passage_id": "SCRIPT-fm_drama-33010-00029",
    "passage": "해설]정환 오피스텔 앞 거리.\n영실 차 세워져 있다. 한 수 영실 차 앞에 서있다. 혜영 맞은편에 서 있고 이미 밀차와 캐리어 내려져 혜영 앞에 놓여 있다..\n한 수]아빠가 올려다 준다니까.\n혜영]친구가 불편해 해서요..\n한 수]집안에는 안 들어가고 문 앞까지만 갈게, 무거워서 혼자 어떻게 다 날러.\n혜영]진짜 괜찮다니까. 하나두 안 무거워.. 이렇게 캐리어에 끌고 가는데 뭐가 무거워.\n영실]그러라고 해. 안 내키나봐.\n한 수](들어다 주고 싶은데)...알았어. 그럼 그렇게 해.\n영실]...가. 짐 내려놓고 출근하려면 늦겠어.\n혜영]어.. 갈께요... 갈게 아빠.\n한 수]그래...주말에 꼭 오고.\n혜영](끄떡이는)...가요.\n해설]부모를 속인 채 등지고 걸어오는 혜영, 영 마음이 불편하고 죄책감도 조금 든다. 혜영 결국 멈춰 서서 뒤돌아본다. 엄마 아빠 아직 서서 보고 있다가 혜영을 향해 얼른 웃어주며 가라는 손짓. 혜영 그 모습에 얼른 환하게 웃으며 손 흔들어 드리다가, “가요” 가라는 손짓한다. 한 수 영실도 걱정 말고 먼저 가라고 손짓하며 손 흔든다. 사람 좋은 미소로 딸을 향해 손 흔들며 웃어주는 한 수와 영실. 혜영 그 모습에 죄스러워 얼른 뒤돌아선다. 에라 모르겠다 눈 질끈 감고 두 캐리어 끌고 입구로 향한다. 한 수 영실 나란히 서서 그 모습 지켜본다. 미소 띠고 멀어지는 딸의 뒷모습을 바라보는 한 수와 영실의 서운하고 애잔한 마음. 살짝 코끝도 시큰해지는 영실. 혜영 입구로 사라진다. 그 모습 바라보던 한 수 영실 선뜻 움직이지 않는다. 말하지 않아도 느껴지는 서로의 마음. 한 수 먼저 “갈까?” 고개 끄덕이는 영실."
  },
  "Annotation": {
    "Summary1": "혜영은 부모를 속인 것에 죄책감을 느끼고, 한수와 영실은 멀어지는 딸의 뒷모습을 보며 서운함과 애잔함을 느낀다.",
    "Summary2": "혜영 앞에 밀차와 캐리어가 내려져 있고, 올려다준다는 한 수의 말에 혜영은 괜찮다며 거절한다. 혜영은 부모를 속인 것에 죄책감을 느껴 가던 길을 멈추고 잠시 뒤돌아본 뒤 영실과 한 수에게 이제 간다고 웃으며 손짓하고는 캐리어를 끌고 입구로 향한다. 한 수와 영실은 딸의 뒷모습을 바라보며 코 끝이 찡해지고 애잔해지는 마음을 서로가 말하지 않아도 느낀다.",
    "Summary3": ""
  },
  "filename": "SCRIPT-fm_drama-33010-00029.json"
}