{
  "Meta": {
    "doc_id": "SCRIPT-fm_drama-33014",
    "doc_category": "SCRIPT",
    "doc_type": "fm_drama",
    "doc_name": "33014_NC_아버지가이상해14_2017.txt",
    "author": "KBS",
    "publisher": "KBS",
    "published_year": "2017",
    "doc_origin": "아버지가이상해14",
    "passage_id": "SCRIPT-fm_drama-33014-00034",
    "passage": "해설]중희 오피스텔.\n중희 현관에 들어선다. 외투 벗어 던지고 고민에 빠진다. 갑작스럽게 다가온 현실 자각에 머리가 아프다. 중희 핸드폰 꺼내 들어 태부에게 전화한다.\n중희]태부야 수원에 00빌딩 있어. 거기 상가 윗층 살림집 평수가 몇 평이나 되나 알아봐. 방은 몇 개고 화장실은 몇갠지도...이사할꺼 아냐. 아 그냥 알아봐! 빨리 알아보고 전화 줘. (핸드폰 끊는다)...정말 35평이면...와 거기다 그 건물...\n해설]핸드폰으로 아빠분식 로드뷰 연다. 어림짐작으로 건물 평수 가늠해 보려는 중희. 손가락으로 이리 재보고 저리 재 봐도 잘 모르겠다. 금세 태부에게 다시 전화가 온다.\n중희]어.\n태부e]36평이라는데요. 방 4개에 화장실 2개..\n중희]진짜???\n태부e]근데 빈집이 없다는데요.\n중희]알았어 끊어. (정신이 아찔하다. 이 일을 어쩐다) 알!.알아!(알을 찾아 그 앞에 다가가 어지러워 털썩 앉는다)... 이 일을 어쩌지. 정말 35평이래. 거기 그 집에 분식집 사람들 다 살고 있겠지? 6명이 다! 한꺼번에!. 아.. 내가 무슨 정신으로 그딴 소리를 한 거야아!. 이건 아니지? 아닌 거지?.난 못해... 못해! (핸드폰 본다. 망설이다 결국 한 수에게 전화 건다)"
  },
  "Annotation": {
    "Summary1": "태부에게서 아빠 분식의 평수와 방과 화장실의 갯수를 알아낸 중희는 본인의 실수를 자책하다 결국 한수에게 전화를 건다.",
    "Summary2": "중희가 오피스텔에 도착해 태부에게 전화를 걸어 수원에 있는 빌딩 상가 윗층 살림집 평수와 방과 화장실의 갯수에 대해 알아보라 말한다. 다시 태부에게서 걸려온 전화에서 아빠분식이 36평이라는 것과 방과 화장실의 갯수에 대한 정보를 듣는다. 중희는 전화를 끊은 후 정신이 아찔해지면서 본인이 예전에 했던 실수를 자책하고 망설이다 한수에게 전화를 건다.",
    "Summary3": ""
  },
  "filename": "SCRIPT-fm_drama-33014-00034.json"
}