{
  "Meta": {
    "doc_id": "SCRIPT-fm_drama-33015",
    "doc_category": "SCRIPT",
    "doc_type": "fm_drama",
    "doc_name": "33015_NC_아버지가이상해15_2017.txt",
    "author": "KBS",
    "publisher": "KBS",
    "published_year": "2017",
    "doc_origin": "아버지가이상해15",
    "passage_id": "SCRIPT-fm_drama-33015-00050",
    "passage": "해설]비상계단.\n유주 비상계단 문 벌컥 열고 들어온다. 난감한 표정..\n유주].. 진짜 미치겠네. 무슨 사과를.. 어떻게 정식으로 하라는 거야?!\n해설]그때 비상계단 문 밖으로 미영의 목소리. “미영e-연습실로 바로 가시면 됩니다. 선생님 기다리고 계세요.” 유주 미영의 목소리에 움찔 숨죽인다. \n아빠 분식 밖.\n영실 다가온다. 슬쩍 안쪽을 바라본다. 한 수 축 쳐져서 기운 하나 없이 혼자 앉아 있다. 영실 그 모습에 속상하다. 문 열고 안으로 들어간다.\n아빠 분식 앞.\n영실 차 다가와 선다. 문 열리고 한 수 나온다. 한 수 보조석으로 다가와 문 열고 탄다.\n한 수]...어디 가게?\n영실]...가보면 알어.. 벨트 매요..\n해설]영실 차 출발 시킨다. \n산소 가는 길 + 산소 앞.\n저만큼 앞서 걸어오는 사람, 영실이다. 그 뒤에 한 수 뒤따라 걸어온다. 한 수 영실을 바라본다. 무슨 속내 인지 모르지만, 한 수 산소 가는 길인 것은 분명하다. 한 수 말없이 영실의 뒤를 따른다. 영실의 손에 꽃다발 들려 있다. 한 수 손에는 소주 담긴 비닐봉투 들려 있다. 영실의 시선으로 산소가 보인다. 영실 한 수보다 앞서 산소에 다가와 선다."
  },
  "Annotation": {
    "Summary1": "유주는 어떻게 사과를 하라는 건지 난감해 하고 영실은 기운 없이 혼자 있는 아빠 분식 안의 한 수와 차를 타고 간다.",
    "Summary2": "어떻게 사과를 하라는 건지 난감한 표정의 유주는 비상 계단문을 열고 들어온다. 아빠 분식 밖에서 영실은 슬쩍 안쪽을 보니 한 수가 기운 없이 혼자 앉아 있어 속상한 마음이다. 이어 영실은 아빠 분식 안으로 들어가 한 수를 데리고 나와 차를 출발 한다.",
    "Summary3": ""
  },
  "filename": "SCRIPT-fm_drama-33015-00050.json"
}