{
  "Meta": {
    "doc_id": "SCRIPT-fm_drama-33010",
    "doc_category": "SCRIPT",
    "doc_type": "fm_drama",
    "doc_name": "33010_NC_아버지가이상해10_2017.txt",
    "author": "KBS",
    "publisher": "KBS",
    "published_year": "2017",
    "doc_origin": "아버지가이상해10",
    "passage_id": "SCRIPT-fm_drama-33010-00001",
    "passage": "해설]중희 다가와 선다. 한 수 현관에서 조심스레 들어서 다가와 선다. 이 상황이 어이없고 짜증 나서는 중희, 결국 한 수를 향해 돌아선다..\n중희](차갑게)...그래요. 어디 한 번 들어나 봅시다... 해보세요. 얘기?\n한 수](절로 마른침이 삼켜진다. 긴장해 보는)...\n중희](표정 없이 싸늘하게 보고 있다)...해 보시라구요?\n한 수](중희를 바라보다, 애써 미소 조금 지으며)...밥은 먹었어?\n중희](표정 변화 없다)...\n한 수]...아..그 날 놓고 간 술 가져 왔어...(빤히 보고만 있는 중희 모습에, 한쪽에 내려놓는다. 차마 똑바로는 못 보고)...그 날 못 알아봐서...정말 미안해.\n중희](그 말에 표정 미세하게 꿈틀대지만, 이내 다시 차갑고 싸늘하다)\n한 수]...그래도...많이 늦었지만...이제라도 아버지 노릇을 하고 싶어서.\n중희]싫은데요!\n한 수]...\n중희]내 인생에 당신 개입 시킬 마음 전혀 없어요!\n한 수]...얼마나 염치없는 말인지 잘 알아.\n중희]알면 긴 얘기 필요 없겠네요.. 그 날도 분명히 얘기했죠? 다시 보지 말자고...내가 먼저 찾아 간 것 땜에 이러는 거 같은데.. 실수였어요...그 날 술을 많이 마셨거든요.\n한 수]...\n중희]...그냥 원래 살던 데로 사세요.. 안 하던 일 하려하지 마시고... 그 날 내가 술만 마시지 않았어도, 내 이름도 몰랐을 거 아녜요?\n한 수]...\n중희]다시는 찾아오지 마세요! 다시 한 번 말하지만, 다시 보지 맙시다!\n해설]중희 현관으로 먼저 이동해 다가가 문을 연다. 한 수 그 모습 본다. 중희 문 연채로 버티고 서 있다. 한 수 더는 버티지 못 하고 현관으로 향한다. 한 수 다가와 안타까운 눈빛으로 중희를 보지만, 중희 끝까지 시선 주지 않는다. 한 수 결국 아무 말 못 하고 고개 떨구고 나서 나간다. 중희 곧바로 현관문 탁 닫는다..\n중희]... (이내 안으로 향한다)"
  },
  "Annotation": {
    "Summary1": "염치없지만 다시 아버지 노릇을 하고 싶다고 찾아온 한 수를 중희는 술에 취해 찾아간 실수였다며 다시는 보지 말자고 한다.",
    "Summary2": "중희는 그 날 못 알아봐서 미안하다는 한 수에게 차갑게 대한다. 한 수는 늦었고 염치없지만 이제라도 아버지 노릇을 하고 싶다고 하고, 중희는 그날은 술을 많이 먹어 찾아간 것이었다며 다시는 보지 말자고 한다. 한 수는 차가운 중희를 버티지 못하고 돌아선다.",
    "Summary3": ""
  },
  "filename": "SCRIPT-fm_drama-33010-00001.json"
}