{
  "Meta": {
    "doc_id": "SCRIPT-fm_drama-46031",
    "doc_category": "SCRIPT",
    "doc_type": "fm_drama",
    "doc_name": "46031_DC_오작교형제들31_2011.txt",
    "author": "KBS",
    "publisher": "KBS",
    "published_year": "2011",
    "doc_origin": "오작교형제들31",
    "passage_id": "SCRIPT-fm_drama-46031-00021",
    "passage": "해설]보도국 사무실.\n프린터기에서 인쇄되어 나오는 자료 서너 장. 태범 뽑아서 파일에 끼워 넣어 수영의 자리로 다가가 파일 올려둔다. 돌아서는데 알림음과 함께 수영의 컴퓨터 화면에 메신저 창 뜬다. 태범 가려다가...힐끔 본다. 발신인 '지환선배‘다. 태범 눈 커지며 얼른 다가가서 본다..\n지환E]수영아 오늘 점심 같이 먹을까?\n태범](얼굴 확 굳어진다)...(힐끗 주위 눈치를 보다 다가가 후다닥 자판 친다) (화면에 ‘싫어요!’ 세 글자 치고 엔터키!) (회심의 미소 짓는)!\n수영](어느새 뒤로 다가와)...뭐해?\n태범](놀라서 보는) 아니에요? 아무것도...점심 먹으러 가야죠?\n수영]...어. 메일 하나만 보내고...(하며 자리에 앉는다. 컴퓨터 화면 보고 놀라)! (다시 태범 보면 저 멀리 나가고 있다)...뭐야?! (어이없어 하다...왠지 싫지만은 않은)..."
  },
  "Annotation": {
    "Summary1": "태범은 지환이 수영에게 점심 제안을 하자 제멋대로 싫다고 답장하고 뒤늦게 메신저를 본 수영은 놀라지만 싫지만은 않다.",
    "Summary2": "보도국 사무실에서 태범이 수영의 컴퓨터 메신저에서 지환에게 온 메세지를 발견한다. 태범은 지환의 점심 제안에 제멋대로 싫다고 메세지를 보내는데 수영이 다가오자 놀라 도망간다. 자리에 돌아온 수영은 태범이 지환에게 보낸 메세지를 확인하고 놀라지만 그런 태범이 싫지 않다.",
    "Summary3": ""
  },
  "filename": "SCRIPT-fm_drama-46031-00021.json"
}