{
  "Meta": {
    "doc_id": "SCRIPT-fm_drama-46030",
    "doc_category": "SCRIPT",
    "doc_type": "fm_drama",
    "doc_name": "46030_DC_오작교형제들30_2011.txt",
    "author": "KBS",
    "publisher": "KBS",
    "published_year": "2011",
    "doc_origin": "오작교형제들30",
    "passage_id": "SCRIPT-fm_drama-46030-00012",
    "passage": "해설]고시원 밖 거리/ 밤.\n창식 복자를 끌고 나온다. 복자 화가 나서 “놔유 이거” 창식 손길을 뿌리치는데. 자은 뒤따라 나온다..\n자은](뒤따라 나와) 이거 가져 가세요.\n복자](멈춰서 돌아본다)...먹기 싫으면 니가 버려! 니 손으로!\n자은](기막히고 미워 노려보다) (입술 앙다물고 바닥에 탁탁 내려놓고 창식에게 핸드폰 내민다)...\n창식](보고)...아줌마 꺼여? (받는다)\n자은]생각해보니까 저 내일 그 시간에 수업이 있어요. 저는 안 가도 되죠?\n창식]그려 그람...어차피 그쪽에서는 현재 명의자가 나니께 내 통장으로 입금할 꺼야. 그럼 내가 계약금 찾어서 니 통장으로 바로 입금시켜 주께. 계좌번호만 문자로 보내..\n자은]알겠어요...가세요 (뒤돌아 입구로)\n창식]자은 아 반찬? (하는데 그대로 들어가 버린다)...\n복자](그 모습 미워 노려보다) 그냥 가유.\n창식]그냥 가?\n복자]야. 그냥 가유.\n해설]복자 트럭으로 다가간다. 창식 어쩌나 반찬통 내려다 보다 어쩔 수 없이 트럭으로 향한다. 복자 문이 열리지 않아 씨름하다 간신히 열고, 낑낑거리고 올라타 문 탁 닫는다..\n창식]문 부서져. 왜 문에다 화풀이여..\n복자]가기나 해유 월른!\n해설]창식 반찬이 걱정되어 돌아보다 시동 걸고 출발한다. 그제야 복자도 슬쩍 걱정스러워 돌아본다. 길바닥에 덩그마니 놓인 반찬. 트럭 출발한다. 트럭이 떠나고 빈 거리. 입구에서 자은 나온다. 자은 역시 덩그마니 놓여있는 반찬이 걱정스러워 떠나지 못한 것. 자은 끝까지 반찬 버리고 간 복자가 더욱 밉고 기막히다. 자은 외면하고 갈까 말까 망설이다 결국 다가가 반찬 집어들어 안으로."
  },
  "Annotation": {
    "Summary1": "복자가 버리라 해서 자은이 바닥에 내려놓은 반찬을 창식과 복자는 걱정하다가 떠나고 자은은 다시 반찬을 가져간다.",
    "Summary2": "창식이 복자를 끌고 나오는데 자은이 뒤따라 나와 반찬을 가져가라고 하고 복자가 자은에게 버리라고 하자 자은은 바닥에 반찬을 내려놓는다. 내일 수업 있으니 가지 않아도 되냐는 자은에게 창식은 계약금을 통장으로 입금 해 줄테니 계좌번호를 보내라 한다. 창식과 복자는 반찬이 걱정돼 돌아보다가 떠나버리고 자은은 망설이다가 반찬을 집어 들고 안으로 들어간다.",
    "Summary3": ""
  },
  "filename": "SCRIPT-fm_drama-46030-00012.json"
}