{
  "Meta": {
    "doc_id": "SCRIPT-fm_drama-46028",
    "doc_category": "SCRIPT",
    "doc_type": "fm_drama",
    "doc_name": "46028_DC_오작교형제들28_2011.txt",
    "author": "KBS",
    "publisher": "KBS",
    "published_year": "2011",
    "doc_origin": "오작교형제들28",
    "passage_id": "SCRIPT-fm_drama-46028-00014",
    "passage": "해설]안방/ 밤.\n복자 문 닫고 들어서 후우...심호흡하며 심정 다스린다. 속상하고 또 속상하다.\n복자]...\n해설]앞마당/ 밤.\n태희 나온다. 태희 텐트로 다가와 선다. 태희 가만히 텐트를 바라보다 텐트 안에 앉는다. 안을 둘러보다 그대로 눕는다. 태희 가만히 누워 자은에 대한 생각에 잠긴다. <플래시백> 제하가 꺼내 보이던 자은 의 캐릭터 그림. 태희 옷 안에서 걸고있던 오리팬턴트 꺼내 보며 만지작거린다.\n<플래시백>.\n자은](태희와 시선 마주친다)...예. 실화에요.\n자은]...찾았어요...찾았는데...차라리 찾지 않는 게 나을 뻔한 비극으로 끝나요. (*)\n해설]다시금 가슴이 먹먹하게 아려오는 태희. 눈이 붉게 충혈된다. \n버스안/ 밤.\n자은 뒷좌석에 앉아 창밖에 시선 던지두고 있다. 길고 긴 하루가 지나고 있다. 스케치북을 열어본다. 오리 캐릭터들. 일을 하고 싶은데 태희와 엮일까봐 갈등되는 자은."
  },
  "Annotation": {
    "Summary1": "태희는 자은과 자은의 캐릭터 등을 회상하며 마음이 먹먹해지고, 자은은 오리 캐릭터를 보며 태희와 엮일까봐 갈등한다.",
    "Summary2": "태희는 앞마당 텐트에 누워 제하가 보여준 자은의 캐릭터 그림을 떠올리고, 오리팬턴트를 만지며 자은을 생각한다. 찾았지만 그러지 않는 게 나을 뻔한 비극으로 끝난다고 말하던 자은을 떠올리며 태희는 마음이 먹먹해 눈이 붉어진다. 한편 버스 안에서 자은은 스케치북 속 오리 캐릭터들을 보며 일을 하면 태희와 엮일까봐 갈등한다.",
    "Summary3": ""
  },
  "filename": "SCRIPT-fm_drama-46028-00014.json"
}