{
  "Meta": {
    "doc_id": "SCRIPT-fm_drama-46030",
    "doc_category": "SCRIPT",
    "doc_type": "fm_drama",
    "doc_name": "46030_DC_오작교형제들30_2011.txt",
    "author": "KBS",
    "publisher": "KBS",
    "published_year": "2011",
    "doc_origin": "오작교형제들30",
    "passage_id": "SCRIPT-fm_drama-46030-00032",
    "passage": "해설]복도.\n편집실에서 테이프 들고 나오는 태범. 맞은편에서 역시 테이프 들고 다가오던 수영과 마주친다 수영 저도 모르게 입가에 미소 지어지는데.\n태범](먼저 얘기한다) 아까 얘긴 한 귀로 흘려요. 공부장이 싫어서 얘기한 것 뿐이니까?\n수영](내심 실망. 내색 안고)...굳이 해명 안 해도 됐는데? 당연히 그러려니 했어..\n태범](힐끔)...예. (가려면).\n수영]공부장이 그렇게 신경 쓰여?\n태범](보는)...아아니요...전혀요...다만...차수영씨와 함께 사는 사람으로서 행동의 자제를 조금 요청하고 싶을 뿐입니다. 너무 아무한테나 막 여지를 주는 것도 그렇잖아요?\n수영]나는 여지 준 기억 없는데 그렇게 느꼈다면...(씨익)...미안해...어쩌겠어. 내가 너무 매력이 넘쳐서 그런 걸. 연말 지나서 결혼사실 공표하고 나면 알아서 정리될 꺼야.\n태범](기막혀 보다) (반대로 나서며)... 하! 오만이 하늘을 찌르는군.\n수영](그 모습에 웃음 난다)...(역시 나선다)"
  },
  "Annotation": {
    "Summary1": "태범이 수영에게 아까 이야기를 한 귀로 흘리라고 하자 수영은 실망하고 공부장에게 여지를 준 적이 없다고 한다.",
    "Summary2": "수영과 마주친 태범은 공부장이 싫어서 말한 것이니 아까 얘기는 한 귀로 흘리라고 하는데 수영은 실망한다. 수영은 공부장이 신경 쓰이는 것인지 묻고 태범은 아니라고 하며 아무에게나 여지를 주는 것을 자제해 달라고 한다. 수영은 공부장에게 여지를 준적이 없고 결혼 공표하면 정리될 것이라고 하자 태범이 기막혀 한다.",
    "Summary3": ""
  },
  "filename": "SCRIPT-fm_drama-46030-00032.json"
}