{
  "Meta": {
    "doc_id": "SCRIPT-fm_drama-33009",
    "doc_category": "SCRIPT",
    "doc_type": "fm_drama",
    "doc_name": "33009_NC_아버지가이상해09_2017.txt",
    "author": "KBS",
    "publisher": "KBS",
    "published_year": "2017",
    "doc_origin": "아버지가이상해09",
    "passage_id": "SCRIPT-fm_drama-33009-00050",
    "passage": "해설]결혼식장 입구.\n라영 결혼식장 입구에 서서 초조하게 철수를 기다린다. 이리저리 두리번거려도 철수는 없다.\n라영]왜 안과?! 안 오는 거 아냐? 치사하게??\n해설]저 끝에서 한 무리의 사람들이 나타난다. 혹시 그 틈에 끼어있나 눈살을 찌푸리며 보는데, 무리 사이로 철수가 보인다. 수트를 잘 차려입고 라영을 향해 다가오는 철수 뒤로 후광이 비친다. 라영 철수 수트핏에 절로 찌푸렸던 눈이 동그래진다..\n라영]캬~ 진짜 껍데기 하나는.. (하는데 철수 다가온다. 얼른 정신 차리고 표정 관리한다) 왔어요?! 가요. (하며 철수의 팔을 끼면)\n철수](불편하고 내키지 안아 빼내려 하면)...\n라영](전혀 아랑곳 안고 얼른 다시 낀다) 우리 애인이거든요?(그 말에 철수 반항을 멈춘다)...표정!꿀 떨어지는 눈빛!\n해설]라영 철수 팔을 끼고 나선다. 철수 마지못해 끌려가지만, 발걸음 내키지 안아 로봇 같다."
  },
  "Annotation": {
    "Summary1": "결혼식장에서 철수를 기다리던 라영은 멋진 모습의 철수가 나타나자 애인답게 행동하려 하지만 철수는 내키지 않아 한다.",
    "Summary2": "라영은 결혼식장에서 오지 않는 철수를 초조히 기다리고 있다. 드디어 나타난 철수의 멋진 모습에 기분이 좋아진 라영은 철수에게 팔짱을 끼며 애인다운 친근한 행동을 요구한다. 반항하던 철수는 하는 수 없이 함께 가지만 썩 내키지 않아 한다.",
    "Summary3": ""
  },
  "filename": "SCRIPT-fm_drama-33009-00050.json"
}