{
  "Meta": {
    "doc_id": "SCRIPT-fm_drama-33022",
    "doc_category": "SCRIPT",
    "doc_type": "fm_drama",
    "doc_name": "33022_NC_아버지가이상해22_2017.txt",
    "author": "KBS",
    "publisher": "KBS",
    "published_year": "2017",
    "doc_origin": "아버지가이상해22",
    "passage_id": "SCRIPT-fm_drama-33022-00047",
    "passage": "해설]결혼식장 주차장/차 내부.\n주차장에 주차되는 중희 차. 운전석에 중희, 보조석에 미영, 뒷좌석에 혜영 라영 타고 있다. 혜영 도도하게 내린다. 라영 갖은 예쁜 척 하며 내린다. 미영 따라 내리지 않고 자리에서.\n미영]먼저 들어가. 금방 갈게.\n라영]빨리 와. (차 문 닫고 간다)\n중희](의아한 눈으로 미영 돌아보며) 왜 안 내려?\n미영]배우님이랑 같이 들어가야죠. 이런데 배우님 혼자 다니시면 무슨 일 생길 줄 알구요..\n중희]이 와중에 무슨 매니저 모드야. 나 안 들어 갈 거니까 걱정 말고 가.\n미영]왜요??\n중희]여기 회사사람들 있을 꺼 아냐? 사람들이 이상하게 생각할 껄.\n미영]아...(그 말에 생각하다)...아닐 거 같은데요. 이번에는 김유주도 안 배우님 담당이고, 또 전담매니저인 제 가족 결혼식이기도 하고, 이상하게 생각 안 할 것 같습니다.\n중희](그런가?)\n미영]그리고.. 저는 같이 가셨으면 좋겠습니다.\n중희](미영 흘끔 보고)... 그럴까?"
  },
  "Annotation": {
    "Summary1": "결혼식장에 들어가지 않겠다는 중희에게 미영은 자신의 가족 결혼식이니 괜찮을 거라며 같이 들어가자고 말한다.",
    "Summary2": "결혼식장 주차장에 중희 차가 주차되자 미영은 라영에게 먼저 들어가라고 말하고, 중희는 미영에게 왜 내리지 않느냐고 묻는다. 미영은 중희를 걱정하며 함께 들어가자고 하고, 중희는 회사 사람들이 이상하게 생각할 것 같아 들어가지 않겠다고 말한다. 미영은 중희의 전담매니저인 자신의 가족 결혼식이니 이상하게 생각하지 않을 거라며 같이 들어가자고 말한다.",
    "Summary3": ""
  },
  "filename": "SCRIPT-fm_drama-33022-00047.json"
}