{
  "Meta": {
    "doc_id": "SCRIPT-fm_drama-33010",
    "doc_category": "SCRIPT",
    "doc_type": "fm_drama",
    "doc_name": "33010_NC_아버지가이상해10_2017.txt",
    "author": "KBS",
    "publisher": "KBS",
    "published_year": "2017",
    "doc_origin": "아버지가이상해10",
    "passage_id": "SCRIPT-fm_drama-33010-00008",
    "passage": "해설]마루(밤).\n혜영 방에서 나오면, 한 수도 현관에서 들어선다. 말분 영실 영식 보미 준영 라영 미영 민하 앉아 있다..\n한 수]어 장모님 오셨어요?\n말분]이.. 아궁이가 고장이 나서 단체로 밥 얻어먹으러 왔어.\n한 수]아궁이요?\n보미]가스렌지요..\n한 수]아아..(미소) 잘 오셨어요. (다가와 앉는다)...드세요 장모님, 먹자.\n다 같이]잘 먹겠습니다. 잘 먹으께요. 감사. 땡큐. (등등 먹기 시작한다)\n한 수]...중대 발표가 있습니다. 장모님.\n말분]중대 발표?\n라영]뭔데 아빠? (미영도 옆에서 궁금한 표정)...\n한 수]혜영이가 독립하기로 했어요. 출퇴근이 너무 멀고 고되서 친구집에서 다니기로요.\n미영]어? 아빠 허락 하신거야?\n민하]좋겠다. 큰누나.\n미영]진짜 좋겠다. 언니.. 부러워.\n말분]그라니께 혜영이가 집을 떠난다고?\n혜영]예 할머니.. 대신 주말에는 꼬박꼬박 집에 올꺼에요.\n말분]오미 그려도 섭섭햐..\n보미]형님이 서운하시겠어요?\n영실](공연히) 서운하긴. 속 시원하지.\n혜영](지지 않고) 진짜? 그럼 진작 얘길 하지. 더 일찍 빠져주게.\n영실]한마디를 안 져.\n라영]그 방 이제 내방이다., 방 깨끗이 치워놓고 가!\n해설]그렇게 가족들 각자 리액션하며 시끌벅적 밥 먹는데, 준영만이 아무 말 없이 앉아 있다.\n미영]오빠? 왜 그러고 있어? 밥도 안 먹고?\n영실](준영 본다) 시험 앞두고 스트레스 받는 거지.. 맘 편히 먹으라니까..\n준영](그 말에 공연히 마음만 더 무겁다)...\n영실]영 못 먹겠어? 소화가 안돼? 낼부턴 죽 끓여줄까?\n준영]...아녜요. 소화 잘 되요...(먹는다)...\n영실](준영 앞에 병어조림 놔주며)...병어 먹어, 흰살 생선이라 부드러워서 소화 잘 될 거야.\n영식](아무것도 모르고 걱정하는 누나가 안됐고, 준영은 밉다. 마음이 천근이다)...\n미영]그럼 언니 언제 이사 나가?\n영실]그래 언제 갈래?\n혜영]허락 떨어졌으니까 끌거 없이 바로 나갈까 해요. 내일은 좀 그렇고 모레?\n한수](영실과 마주 보다)...그래 이왕 나갈꺼.. 그렇게 해."
  },
  "Annotation": {
    "Summary1": "한수는 중대 발표로 혜영의 독립 소식을 전하고, 미영이 언제 나갈거냐고 묻자 혜영은 모레쯤 나갈 거라 말한다.",
    "Summary2": "한수는 말분 등 가족들과 모여 식사하는 도중 중대발표라며 혜영의 독립 소식을 전한다. 가족들 각자 시끌벅적 리액션하며 밥을 먹는데 유독 준영이 말이 없자 미영과 영실은 걱정하며 말을 걸고 아무것도 모르는 영실이 안쓰러운 영식은 준영이 밉고 마음이 무겁다. 이어 언제 나갈 건지 미영이 질문하자, 혜영은 모레쯤 나갈 거라 말한다.",
    "Summary3": ""
  },
  "filename": "SCRIPT-fm_drama-33010-00008.json"
}