{
  "Meta": {
    "doc_id": "SCRIPT-fm_drama-46029",
    "doc_category": "SCRIPT",
    "doc_type": "fm_drama",
    "doc_name": "46029_DC_오작교형제들29_2011.txt",
    "author": "KBS",
    "publisher": "KBS",
    "published_year": "2011",
    "doc_origin": "오작교형제들29",
    "passage_id": "SCRIPT-fm_drama-46029-00023",
    "passage": "해설]경찰서 복도 일각.\n제하 나와서서 좌우를 살핀다. 그러나 태희 모습 이미 보이지 않는다. 후우~...제하 멈춰서서 포기한다. 제하 화난다. \n태범방.\n태범 소파에 앉아 핸드폰 들고 고민 중이다. 검색해서 아버지를 띄워놓고 누를까 말까 망설인다. 그러나 차마 누르지 못하는 태범. 결국 핸드폰 내린다. 후우! 답답하다.\n태범네 거실+주방.\n출근 복장으로 방에서 나오는 수영. 주방에 들어가서 물통 꺼내 물 마신다. 서재방에서 출근 복장으로 나오는 태범. 두 사람 거실과 주방에서 각각 시선 부딪친다. 태범 주방으로 다가와 선다.\n수영]물 줘요?\n태범]줘요.\n수영](물컵에 따라 내민다)...진심으로 미안해.\n태범]부탁인데...사과하지 말아요.\n수영]...\n태범]그럴수록 내 자존심은 더욱 구겨지니까...됐어요 그만해요.\n수영]...\n태범]돈 갚을께요. 수영 씨도 장모님의 채근에서 벗어나려면 하루라도 빨리 돌려드려야 하고, 나도 그게 편하고...그런데 아버지께 다시 달라는 말을 못하겠어서 시간이 좀 걸리겠어요.\n수영]엄마 때문이라면 그럴 필요없어요? 정기예금 만기 앞두고 깨기 싫어 엄마한테 잠시 융통했던 거에요. 그제가 만기였어요. 오늘 바로 갚을꺼에요 엄마는 신경 쓰지 않아도 돼요?\n태범](보다)...그럼 수영 씨한테 갚을께요. 보름쯤 기다려줘요.\n수영](보는)...꼭 그래야겠어요?\n태범]예. 꼭 그래야겠어요.\n수영](보다) 지난번 엄마 돈 융통한 건 그렇다 쳐도...지금 내 돈은, 내 마음으로 받아줄 수 있잖아요?\n태범]받고 싶지가 않아요.\n수영](보는) 남의 마음 아무렇지도 않게 짓밟는데 선순거 알아요?나는 태범씨 자존심을 짓밟았는지 모르지만, 지금 태범씨는 태범씨에 대한 내 마음을 짓밟고 있어요?\n태범]구멍 난 난닝구를 입고 학교를 갔는데 하필이면 그날 신체검사를 한대요. 그럴 때의 그 조마조마하고 쪽팔리는 마음이 어떤지 수영 씨는 모르죠?\n수영](보다) 그래...몰라.\n태범]그럼 내 말대로 해줘요..\n수영]모르지만, 한가지는 알어...내가 아는 황태범은 못됐고 이기적이고, 자뻑에 잘난 척 대마왕이긴 해도, 적어도 가난 때문에 자격지심을 갖는 사람은 아니라는 거!\n태범]...\n수영]처음 우리 집에 인사 가던 날...내가 사간 수트랑 와인 보면서 태범씨 뭐라고 했어? 가난하고 부족한 환경에서 최선을 다 해 키워주신 부모님이 감사하고 자랑스럽다고 했어? 그런 환경에서 자란 걸 부끄러워하거나 부정하고 싶지 않다고?그리곤 똑같은 와인을 말없이 사 들고 시간 맞춰 돌아왔을 때 태범씨 얼마나 근사하고 멋졌는지 알아?\n태범]...\n수영]내가 아는 황태범은 그렇게 당당한 황태범이었어? 넘치는 자신감과 능력으로 세상을 호령할 듯 기세등등 위풍당당한 황태범이었어?\n태범]...\n수영]그런 황태범이어서 그렇게 결혼하자 매달릴 수 있었던 거야...터무니 없을 만큼 당당하고, 그렇지만 부정할 수 없이 잘나고 멋진 남자...심지어 내 뱃속의 아이이기도 한 남자...남 주기 아까워서...\n태범](보는)...\n수영]...먼저 갈께 (나선다)...\n태범]!"
  },
  "Annotation": {
    "Summary1": "태범은 태범부가 빌린 돈 때문에 수영에게 시간이 걸려도 갚는다고 하자 수영은 자신이 아는 태범은 당당한 사람이라 한다.",
    "Summary2": "수영은 주방에서 물을 마시며 방에서 나온 태범에게 사과를 하고 태범은 수영에게 수영모에게 빌린 돈을 아버지한테 달라는 말을 못하겠다며 시간이 걸려도 갚는다고 한다. 수영은 정기예금 만기여서 엄마한테 갚을 수 있다며 태범에게 신경쓰지 말라고 한다. 태범이 그래도 갚아야한다고 하자 수영은 자신이 좋아하는 태범은 자격지심이 없는 당당한 사람이라고 한다.",
    "Summary3": ""
  },
  "filename": "SCRIPT-fm_drama-46029-00023.json"
}