{
  "Meta": {
    "doc_id": "SCRIPT-fm_drama-46029",
    "doc_category": "SCRIPT",
    "doc_type": "fm_drama",
    "doc_name": "46029_DC_오작교형제들29_2011.txt",
    "author": "KBS",
    "publisher": "KBS",
    "published_year": "2011",
    "doc_origin": "오작교형제들29",
    "passage_id": "SCRIPT-fm_drama-46029-00011",
    "passage": "해설]10 운동장/ 밤.\n태희와 동민 달리는 중이다. 동민 그만 뛰고 싶은 표정 역력하다.\n동민]형님...나 혼자 뛴다니까...이번 체력검정 통과 못하면 승급에 차질 생기는 거 내가 잘 알어 혼자서라도 뛴다니까...형님 페이스 대로 뛰니까 심장이 터질 꺼...헉헉...숨도 안차요 형은?(거의 죽을 맛이다)...\n태희]입 다물고 달려. 그래서 더 숨찬 거야...\n해설]동민 결국은 어느순간부터 뒤쳐진다. 태희 그런 지도 의식 못 하고 계속 달린다. 점점 더 가속이 붙는 태희. 가슴 속 분노를 다스리려 안간힘을 쓰는 태희다. 동민 달리다 어느 순간 쓰러져 바닥에 길게 대자로 눕는다. 태희 계속 전력질주한다. 목이 타들어가고, 심장에 압통이 느껴질수록, 차라리 견딜 만한 느낌이다.\n마루/ 밤.\n샤워를 마시고 젖은 머리로 나온 태희. 주방으로 향한다"
  },
  "Annotation": {
    "Summary1": "체력검정에 통과해야 하는 동민은 뛰다가 뒤처져 뻗어버리지만 태희는 전력질주하며 가슴 속 분노를 다스리려 애쓴다.",
    "Summary2": "태희와 동민이 밤에 운동장을 달리고 있다. 동민은 이번 체력검정에 꼭 통과해야 하니까 혼자 뛰겠다며 태희의 페이스에 맞추려니 힘들다고 하지만 태희는 계속 달리라고 한다. 동민은 어느 순간 뒤처지다가 쓰러져 바닥에 드러눕지만 태희는 점점 더 빨리 달리며 가슴 속 분노를 다스리려 애쓴다.",
    "Summary3": ""
  },
  "filename": "SCRIPT-fm_drama-46029-00011.json"
}