{
  "Meta": {
    "doc_id": "SCRIPT-fm_drama-46030",
    "doc_category": "SCRIPT",
    "doc_type": "fm_drama",
    "doc_name": "46030_DC_오작교형제들30_2011.txt",
    "author": "KBS",
    "publisher": "KBS",
    "published_year": "2011",
    "doc_origin": "오작교형제들30",
    "passage_id": "SCRIPT-fm_drama-46030-00002",
    "passage": "해설]앞마당.\n현관문 확 열리면서 예진 나온다. 뒤따라 태식 나온다..\n태식]예진씨?예진씨...잠깐만요?\n예진](총총총 걷다가 우뚝 멈춰 선다)...\n태식](다가와 선다)...예진씨?정말 속이려고 그랬던 게 아니구요...(하는데)\n예진](태식의 뺨을 철썩 때린다)...\n태식](놀라 보는)...\n해설]저만큼 걸어오던 미숙 놀라 입이 딱 벌어지며 우뚝 선다/ 마루의 거실 통창에 다닥다닥 붙어서 보고 있는 갑년. 창식. 복자. 태필도 따귀를 맞는 모습에 헉! 일제히 놀란다..\n예진]속일 게 따로 있지 그런 걸 속여요?내가 그렇게 우수워 보여요?내가 그렇게 만만하고 같잖어 보여?\n태식]...\n예진](분노 가득 노려보다, 휙 돌아서 간다)...\n태식](당황해 보다) 예진씨? (얼른 예진 앞으로 다가가 막아선다)...미안해요 예진씨. 정말 미안해요. 그렇지만 속이려던 게 아녜요. 첨부터 애가(하는데)\n예진](다시 태식의 뺨을 철썩 때린다)\n태식](두번째는 예상못했다. 놀라서 뺨을 저도 모르게 손으로 감싼다)...\n미숙](헉! 놀라 보고)...\n가족들](더욱 놀라 눈 튀어 나올듯)\n예진]비켜!\n해설]태식, 서슬 퍼런 예진의 기세에 물러선다. 예진 태식을 지나쳐 휙휙 간다. 저만큼 서있던 미숙 얼른 몸을 숨긴다. 예진 다가와 미숙을 못보고 스쳐 지나간다..\n미숙](예진 지나가면 슬며시 나와 다시 태식을 본다)...\n태식](처참하다)...(이 모든 것이 아버지 탓 같다)...(화가 치밀어 휙 현관으로)"
  },
  "Annotation": {
    "Summary1": "자신을 속인 태식에게 화난 예진은 두 번이나 태식의 뺨을 때리고 속이려던 게 아니라고 사과하는 태식을 지나쳐서 간다.",
    "Summary2": "태식은 예진을 불러 세우고 속이려고 한 게 아니라고 말하지만 예진은 태식의 뺨을 때린다. 예진은 자신이 만만하고 같잖아 보이냐면서 속인 것에 화내자 태식이 미안하다고 사과하지만 예진은 다시 태진의 뺨을 때리고 이를 지켜보던 미숙과 가족들은 놀란다. 예진은 비키라면서 지나가고 미숙이 태식을 보는데 태식은 모든 게 아버지 탓 같아서 화가 치밀어 오른다.",
    "Summary3": ""
  },
  "filename": "SCRIPT-fm_drama-46030-00002.json"
}