{
  "Meta": {
    "doc_id": "SCRIPT-fm_drama-46031",
    "doc_category": "SCRIPT",
    "doc_type": "fm_drama",
    "doc_name": "46031_DC_오작교형제들31_2011.txt",
    "author": "KBS",
    "publisher": "KBS",
    "published_year": "2011",
    "doc_origin": "오작교형제들31",
    "passage_id": "SCRIPT-fm_drama-46031-00003",
    "passage": "해설]고시원 앞 거리/ 밤.\n태희 걸어온다. 어느 순간 정신을 차려보면, 자신이 또 고시원 앞에 와 있다!\n태희 계단에 다가가 앉는다. 그런 30살 태희 옆에, 엄마에게 버림 받은 6살 어린 태희가 나란히 웅크리고 앉아있다!\n고시원 아래길에서 자은 걸어온다. 자은 걸어오다 계단에 웅크리고 앉아있는 태희를 바라본다. 자은 주춤 서서 그 모습 바라보다 천천히 다가와 선다. 태희 기척을 느끼고 고개를 본다.\n태희](흔들리는 눈빛으로...6살 버림받은 아이의 눈빛으로 자은 을 본다)...\n자은]...\n태희](목이 잠겨 선뜻 말이 안 나온다. 간신히)...왔어?\n자은](애써 시선 피한다)...웬일이세요?여기 오시면 안되잖아요?\n태희](그 말에 문득 정신이 든다)...(당황해, 눈빛 심하게 흔들린다)...\n자은](그런 태희를 슬며시 본다)...\n태희]...그랬지 참...미안해...미안 하다...\n자은](다시 시선 외면하고)...혹시 무슨 일 있으세요?\n태희]...아니...아니야.\n자은]...\n태희]...아니야...미안해...\n해설]태희 일어난다...내가 여기 왜 왔지?어서 이곳을 벗어나고 싶다...태희 자은 을 스쳐 나선다. 자은 이 걸어온 길을 이제는 태희가 등 돌리고 걸어온다.\n태희]...\n해설]자은 꼼짝도 못 하고 서있다가, 그제야 고개를 돌린다. 이미 저 멀리 걸어가고 있는 태희의 뒷모습. 자은 그 모습 말없이 바라본다. 손을 살핀다. 여전히 붕대를 감고 있다..\n자은]..."
  },
  "Annotation": {
    "Summary1": "태희가 여기 오면 안 되지 않냐고 묻는 자은에게 사과하고 자은은 자신을 스쳐 지나는 태희의 뒷모습을 말없이 바라본다.",
    "Summary2": "고시원 앞에 앉아 있는 태희가 웅크리고 있고 자은이 그 모습을 보다 다가와 선다. 태희가 버림받은 아이의 눈빛으로 자은을 보자 자은이 애써 시선을 피하며 여기 오면 안 되지 않냐고 말하고 그 말에 정신이 든 태희가 자은에게 사과한다. 태희는 어서 이곳을 벗어나고 싶다고 생각하며 자은을 스쳐 지나고 자은은 꼼짝도 못 하고 서있다가 태희의 뒷모습을 말없이 바라본다.",
    "Summary3": ""
  },
  "filename": "SCRIPT-fm_drama-46031-00003.json"
}