{
  "Meta": {
    "doc_id": "SCRIPT-fm_drama-46030",
    "doc_category": "SCRIPT",
    "doc_type": "fm_drama",
    "doc_name": "46030_DC_오작교형제들30_2011.txt",
    "author": "KBS",
    "publisher": "KBS",
    "published_year": "2011",
    "doc_origin": "오작교형제들30",
    "passage_id": "SCRIPT-fm_drama-46030-00034",
    "passage": "해설]부동산 사무실.\n창식 복자 앉아있다. 중개인 막 전화기 들려는데, 문 열리고 제하와 구팀장 들어온다. 중개인 “오시네요” 전화기 내려놓고 일어난다. 제하와 구팀장 다가와 선다.\n중개인]어서 오세요. 인사부터 하시죠...이쪽은 매도자이신, 오작교 농원 황창식 사장님이시구요...이쪽은 매수자이신 영화사 (메모해 놓은 것 얼른 보며) 굿필림의.\n팀장]저는 사업팀 팀장이구요. 저희 영화사 부대표님이십니다.\n제하]안녕하세요? 김제하라고 합니다. (복자에게도 목례한다)...\n창식]황창식입니다...젊으신 분이 벌써 부대표님이시네...\n제하]능력과 상관없이 부모님 덕입니다. 아버지가 대표십니다.\n중개인]앉으세요...계약서는 작성해 놨구요...검토부터 하시면 됩니다..\n해설]창식과 제하 구팀장 자리에 앉는다. 중개인이 내미는 계약서를 받는다 <시간경과> 중개인, 도장을 받아서 여기저기 찍는다/ 다 찍은 도장, 창식과 팀장 각각 받아든다/ 팀장 핸드폰으로 전화를 하다 끊는다/ 이번엔 창식이 전화기로 꾹꾹 눌러가며 확인한다. 텔레뱅킹으로 입금여부를 확인하는 것. 창식 전화를 끊는다.\n창식]예, 돈 들어왔습니다.\n중개인]예 그럼 다 된거 같은데요...성공적으로 계약이 체결 됐습니다..\n제하](창식에게)...조만간 농장 보러 한번 들러도 되겠죠?\n창식]그럼요...아무 때나 오세요.\n복자]꼭 와서 보세유. 아까도 말씀 드렸지만, 와서 보시기만 하면, 거 배밭이랑 나무들이 겁나게 울창허니 좋아서 그것들 싹 밀어버리고 테마파큰가 뭔가 지으실 맴이 절대 안드실꺼유...꼭 와서 보세유 야?\n제하](난감해 조금 웃는다)...\n창식]...이사람이 워낙 공들여 농사를 짓던 땅이라 미련이 남아 그렇습니다...(하면서 계속 계약서의 이름을 본다. 이름 ‘김홍’이다)...대표님 이름이 김홍입니까?\n제하](보는)...예...그렇습니다.\n창식]아 예...(하는데 핸드폰 울린다. 보고 받는다) 어...왜?"
  },
  "Annotation": {
    "Summary1": "황창식과 제하는 부동산 계약을 체결하고 제하가 농장에 들른다고 하니 복자는 테마파크 짓기에는 별로일 것이라 말한다.",
    "Summary2": "구팀장과 제하가 오자 부동산 중개인이 매도자는 오작원 농원 황창식 사장이라 하고, 매수자 소개가 막히자 구팀장이 제하를 소개한다. 창식과 제하, 구팀장이 계약서에 도장을 찍고 입금을 확인하자 중개인이 계약이 체결되었다 한다. 제하가 농장에 가도 되는지 묻자 창식이 승낙하고, 복자는 나무가 울창해서 테마파크 짓기에는 별로일 거라고 말한다.",
    "Summary3": ""
  },
  "filename": "SCRIPT-fm_drama-46030-00034.json"
}