{
  "Meta": {
    "doc_id": "SCRIPT-fm_drama-33006",
    "doc_category": "SCRIPT",
    "doc_type": "fm_drama",
    "doc_name": "33006_NC_아버지가이상해06_2017.txt",
    "author": "KBS",
    "publisher": "KBS",
    "published_year": "2017",
    "doc_origin": "아버지가이상해06",
    "passage_id": "SCRIPT-fm_drama-33006-00056",
    "passage": "해설]방송국 복도(밤).\n중희 걸어온다. 기다리던 태부 안절부절하다 얼른 다가온다. 뭐 하나 잘못 걸리면 때려 부술 것 같은 느낌의 중희다. 태부 얼른 중희 옆에 따라 붙어 팔 잡으며.\n태부]...형님?\n중희](확 뿌리친다) 놔! 너 가!\n태부](선뜻 말을 꺼내지도 못하고 보면)...\n중희]따라오지 마! (휙 나선다)\n태부](중희의 표정에, 결국 따라가지 못하고, 안타깝다) 형님...사고 치시면 안됩니다아...\n해설]방송국 일각(밤).\n중희 걸어온다. 분노에 가득 차 무작정 걷는다. 중희를 지나치는 사람들. 그 중 걸어가던 남자 둘 중희를 알아 본 듯 힐끔거린다. 남자들 중희에게 다가와.. 중희 보폭 맞춰 옆에서 따라 걸으며 집적거린다.\n남자1]연예인 아니에요?\n중희](다 귀찮다)...아닙니다.\n남자2]맞는 거 같은데.. 어디서 봤는데?? 누굳이??\n남자1]사진 한 장 찍어줘요. 연예인씨.\n중희](정색하고) 이름도 모르는 연예인랑 사진 찍어서 뭐하시게요?\n남자2]별로 유명하지도 않은 거 같은데 되게 튕기네..\n남자1]야. 가자. 저러니까 못 뜨는 거야.\n해설]빈정거리며 중희를 앞질러 가는 남자들. 중희 멈춰 서서 눈 꾹 감았다 뜨며 화를 삭여보는."
  },
  "Annotation": {
    "Summary1": "크게 화가나 태부의 팔도 뿌리치고 무작정 걷던 중희가 남자1과 남자2의 집적거림과 막말에 멈춰 서서 화를 삭인다.",
    "Summary2": "중희를 기다리던 태부는 크게 화가난 중희의 팔을 붙잡고 사고치면 안된다며 말린다. 태부를 뿌리치고 분노에 가득차 무작정 걷는 중희를 알아본 남자1과 남자2가 중희에게 연예인이 아니냐며 사진을 찍어달라며 직접거린다. 남자1과 남자2는 귀찮다며 정색하는 중희에게 저러니까 못뜨는 거라며 막말을 하지만 중희는 멈춰서서 화를 삭인다.",
    "Summary3": ""
  },
  "filename": "SCRIPT-fm_drama-33006-00056.json"
}