{
  "Meta": {
    "doc_id": "SCRIPT-fm_drama-33014",
    "doc_category": "SCRIPT",
    "doc_type": "fm_drama",
    "doc_name": "33014_NC_아버지가이상해14_2017.txt",
    "author": "KBS",
    "publisher": "KBS",
    "published_year": "2017",
    "doc_origin": "아버지가이상해14",
    "passage_id": "SCRIPT-fm_drama-33014-00018",
    "passage": "해설]유주 오피스텔 (밤).\n불안한 얼굴로 핸드폰 내려놓는 유주..\n유주]왜 전화를 안받지..? 설마.. 벌써 변미영이 말했나..? 아니야.. 그럴 리가. 시간을 달라 그랬었잖아?!\n해설]다시 전화 걸어보는 유주. 역시 전화 연결이 되지 않고 소리샘으로 연결된다. 핸드폰 내려놓고 초조하게 손톱 물어뜯는다. \n안방 (밤).\n영실 문갑 앞에 앉아서 통장을 꺼내 들여다 본다. 에고 길이 없네...다른 통장을 또 펼쳐 들여다 본다.\n영실]...아무리 들여다 보고 또 봐도 방법이 없네.. 방법이 없어.. 결국 또 대출을 받아야 하나?빚에서 해방된지 얼마되지도 않았는데.\n한수E]여보.\n영실]어 방에 있어 (통장 집어넣는다)\n한 수](문 열고 들여다본다).. 저녁 안먹어?\n영실]어 벌써 시간이 그렇게 됐나? (시간 확인하고)...그러네. 준영이도 나가고 아무도 없어서 아~무 생각이 없었네요. 밥 차릴께 (몸 일으키려면)\n한 수]여보... 그럼 우리끼리면 오랜만에 술 한 잔할까?\n영실](보다)...좋지이.\n한 수](차라리 잘 됐다. 이야기해야겠다 싶은)"
  },
  "Annotation": {
    "Summary1": "영실이 통장을 보며 대출 걱정을 하는데 한수가 저녁을 먹지 않을 것인지 묻다가 술 한잔하자고 권하고 영실은 좋다고 한다.",
    "Summary2": "영실이 방에 앉아 통장을 보며 방법이 없다며 또 대출을 받아야 하나 걱정한다. 이때 한수가 문을 열고 저녁 안 먹냐며 물어본다. 영실이 밥을 차린다고 하자 한수는 오랜만에 둘이 술 한잔하자고 권하고 영실은 좋다고 한다.",
    "Summary3": ""
  },
  "filename": "SCRIPT-fm_drama-33014-00018.json"
}