{
  "Meta": {
    "doc_id": "SCRIPT-fm_drama-46027",
    "doc_category": "SCRIPT",
    "doc_type": "fm_drama",
    "doc_name": "46027_DC_오작교형제들27_2011.txt",
    "author": "KBS",
    "publisher": "KBS",
    "published_year": "2011",
    "doc_origin": "오작교형제들27",
    "passage_id": "SCRIPT-fm_drama-46027-00027",
    "passage": "해설]오리축사.\n복자 멀거니 축사 입구에 병아리들을 보며 의자에 앉아 있다. 아무리 생각해도 기막히고 또 기막히다. 갑년 들어선다.\n복자](소리에 돌아보고) 엄니?\n갑년](다가와 선다) 워디 갔나 혔드만?\n복자]집안에 답답혀서 있을 수가 있어야 쥬...암만 다스려야지 다스려야지 혀도 억장이 무너지네유 엄니. 억장이 무너져유.\n갑년]그려...나가 이럴진대 에미는 오죽허것어. (역시 의자에 앉는다)\n복자]...지가 업보가 너무 많은가봐유 엄니?지가 죄가 많어유...자은이헌티도 그 죄를 짓고...\n갑년](보는)...너무 그렇게 자책헐 꺼 없어? 살면서 그 정도 죄 안 짓고 사는 사람 있어?어차피 인생이 고행이고 인간으로 죄여...먼지 털어 뒤집으면 그만 헌 죄 안 짓고 사는 사람 월매나 될 꺼 같어?\n복자]...\n갑년]한순간 아차 판단 잘못혀서 그런 실수 헐 수도 있어...안돌려준 것도 아니고 돌려줬고...다른 사람은 몰라도 나는 니가 왜 그랬나 알어...그려 나는 알어...내 아들 흉허물 인정허기 뭐혀서 삼켜버려 그렇지...이게 다 따지고 보믄 그 발원이 워딘디?\n복자](그 말에 본다)...\n갑년](시선에 보다가)...하이고 황씨 집안 사내들이라면 나도 이제 냄새가 난다 냄새가 나!.돌아가신 영감도 모질러 아들에, 인자 손주까지...하이고오! 징그러 하이고오!"
  },
  "Annotation": {
    "Summary1": "복자가 답답해하며 자신의 죄라고 자책할 때 갑년이 들어와 그 정도 죄는 모두 지으며 그 원인은 복자가 아니라고 위로한다.",
    "Summary2": "복자가 축사에서 병아리를 보고 있을 때 갑년이 들어오고 복자는 아무리 다스려도 억장이 무너진다고 말하자 갑년도 맞창구를 친다. 복자가 자은이에게 죄를 졌다고 자책하자 갑년은 죄 안 짓고 사는 사람 없다며 위로한다. 그리고는 실수였고 돌려줬으며 아들의 허물을 인정할 수 없었기 때문이었다는 것을 이해하고 이 원인은 황 씨 집안 사내들에게 있다고 말한다.",
    "Summary3": ""
  },
  "filename": "SCRIPT-fm_drama-46027-00027.json"
}