{
  "Meta": {
    "doc_id": "SCRIPT-fm_drama-46028",
    "doc_category": "SCRIPT",
    "doc_type": "fm_drama",
    "doc_name": "46028_DC_오작교형제들28_2011.txt",
    "author": "KBS",
    "publisher": "KBS",
    "published_year": "2011",
    "doc_origin": "오작교형제들28",
    "passage_id": "SCRIPT-fm_drama-46028-00026",
    "passage": "해설]GNP4 앞 거리.\nGNP4에서 나오는 태희...자은 생각에 마음 무겁다..\n제하E]드디어 이 작업실에 주인이 오나보다 했는데...뭐가 걸리는지 망설이더라구요?\n태희]...\n해설]태희 걸어가는데...저만치서 걸어오는 자은 발견한다. 자은 도 태희 본다. 태희를 보자 얼굴 굳어지는 자은...걸음 멈춘다. 발걸음 떼지 안고 서 있으면 태희가 자은 앞으로 다가온다..\n태희]...얘기 좀 해.\n자은](표정 굳어져 쏘아보다)...(대꾸 안고 그대로 지나치려면)...\n태희](손 올려 잡지는 안고 막는 동작만)...잠깐이면 돼?잠깐이면 되니까 내 얘기만 듣고 가. (앞선다)\n자은](잠시)...(돌아본다)...(멀어지는 태희)...(그 모습 쏘아보다 뒤따른다)\n해설]거리.\n태희 걸어온다. 시작도 못 하고 끝나버린 사랑에...가슴이 움푹 구멍이 뚫려버렸다..\n태희]..."
  },
  "Annotation": {
    "Summary1": "태희는 자은을 발견하고는 다가가 자신과 이야기하자고 하고, 자은은 그대로 지나치려고 하다가 그를 뒤따른다.",
    "Summary2": "태희는 자은 생각에 마음이 무겁고, 걸어가다가 저만치서 걸어오는 자은을 발견하고서는 얼굴이 굳어진다. 태희는 자은에게 다가가 자신의 이야기를 들어 달라 하지만 자은은 그대로 태희를 지나치려 하고 멀어지는 태희 모습을 노려보다 뒤따른다. 태희는 거리를 걸으며 시작해 보지도 못하고 끝난 사랑 때문에 상실감을 느낀다.",
    "Summary3": ""
  },
  "filename": "SCRIPT-fm_drama-46028-00026.json"
}