{
  "Meta": {
    "doc_id": "SCRIPT-fm_drama-46050",
    "doc_category": "SCRIPT",
    "doc_type": "fm_drama",
    "doc_name": "46050_DC_오작교형제들50_2011.txt",
    "author": "KBS",
    "publisher": "KBS",
    "published_year": "2011",
    "doc_origin": "오작교형제들50",
    "passage_id": "SCRIPT-fm_drama-46050-00024",
    "passage": "해설]병실.\n창식 복자 태희 태필 태식 병실을 지키고 있다. 창식 침대 맡에 앉아있고, 복자와 태식 소파에 앉아있고, 태희 태필은 서있다. 갑년 눈꺼풀이 움직이며 희미하게 눈을 뜬다..\n창식](그 모습 본다)...엄니?엄니 정신이 드세요?\n일동](그 말에 다들 돌아보면)...\n갑년](눈을 완전히 뜬다)(앞만 본다)\n창식](아!) 엄니?엄니 저에요 창식이에요?저 알아보시겠어요? 정신이 드세요?엄니?\n복자/ 태식. 태희. 태필...(다가와 선다) 엄니? / 할머니?\n갑년](멀거니 허공만 본다. 멀거니 퀭한 텅 빈 눈빛이다)...\n복자]엄니 정신이 드세요? 여기 병원이에 유우?\n태식/ 태필...할머니 정신 드세요?/ 할머니? 막내에요?\n태희]...\n갑년](퀭하니 텅 빈 눈으로 허공만 본다)...\n가족들](그 모습에 당황해 서로 본다. 말없는 갑년의 모습에 당황스럽다)...\n창식](놀라서) 엄니?엄니 저 못 알아보세요?엄니 장남 창식이에요?\n복자](놀라서) 엄니이?(하다) 태희야 할머니 좀 불러봐. 어서?\n태희]...할머니?태희에요?할머니 새끼 태희에요 할머니?\n복자]엄니? 태희 알아보시것어유?\n갑년](그제야 태희를 돌아본다. 퀭하니 태희를 본다)...\n태희]할머니?저 알아보시겠어요?정신이 드세요?\n갑년](말없이 그런 태희를 보다) (다시 천정 본다)...\n복자](놀라서) 엄니?엄니 태희 못 알아보세유? 엄니?\n창식]엄니이?\n태희]할머니?\n태식. 태필...할머니?\n갑년](그제야)...조용히들 햐...시끄러...나 멀쩡혀.\n가족들](아~~~ 서로 보다. 그제야 안도감에)...\n창식. 복자...(휴우 크게 안도한다)...\n태식. 태필...(안도하고)...\n태희](역시 크게 안도한다)...\n갑년](허공만 퀭한 눈빛으로 바라본다) (혼절 직전의 모든 기억으로. 충격 상태다)..."
  },
  "Annotation": {
    "Summary1": "창식 등이 있는 병실에서 눈을 뜬 갑년, 말도 없이 멍한 모습에 모두 걱정을 하다가 갑년이 입을 열자 안심한다.",
    "Summary2": "병실에 있던 갑년이 눈을 뜨자 창식은 자신을 알아보겠냐고 묻는다. 갑년은 눈만 멀뚱 뜬 채 허공을 바라보고 창식, 복자, 태희가 자신들을 알아보겠냐고 질문해도 갑년은 대답을 안하고 이에 모두 당황을 한다. 갑년에게 몇 차례 질문을 계속하자 갑년은 자기 멀쩡하다며 조용히 하라고 대답하고 가족들은 그제야 안심을 한다.",
    "Summary3": ""
  },
  "filename": "SCRIPT-fm_drama-46050-00024.json"
}