{
  "Meta": {
    "doc_id": "SCRIPT-fm_drama-33010",
    "doc_category": "SCRIPT",
    "doc_type": "fm_drama",
    "doc_name": "33010_NC_아버지가이상해10_2017.txt",
    "author": "KBS",
    "publisher": "KBS",
    "published_year": "2017",
    "doc_origin": "아버지가이상해10",
    "passage_id": "SCRIPT-fm_drama-33010-00015",
    "passage": "해설]방송국 회의실+ 혜영 로펌 사무실.\n정환 문 닫고 들어선다. 핸드폰 꺼내고, 우울한 내색 안으려 목소리 가다듬고 전화를 건다.\n정환](더욱 밝게)...혜영아...아침에 전화를 두 번이나 했네?\n혜영]네, 콜백이 무지 빠르시네요?\n정환]미안미안. 어제 많이 마셨나봐. 전화 소리도 못 듣고 잤어... 근데 어떻게 부모님께 허락을 받은 거야? 불가 판정 났댔잖아?\n혜영]얘기 잘 드리라며? 그래서 잘 드렸지...(꾹 참고)그래서 어제 몇 시까지 마셨는데?\n정환]00002시?\n혜영](뭐?) 새벽 두 시까지 마셨다고?(열이 점점 오른다)...임연지랑? 또 누구랑 마셨어?\n정환]종범랑..\n혜영]아아.. 달랑 그렇게 셋이... 왜 그렇게 마셨는데?\n정환]...어.. 녹화 끝나고 뒤풀이.. 프로그램 얘기도 좀 하고 그러느라고...\n혜영]그럼 녹화 끝나면 늘 뒤풀이로 새벽 00002시까지 술을 마셔? 임연지랑, 술만 마시면 퍼져 자는 종범랑?\n정환]아냐 늘 그런 건 아닌데 어젠 어쩌다 보니까. 보통은 일차 가볍게 하고 헤어지지...(얼른 화제 돌린다) 그럼 언제 들어올 거야?여보세요 여보세요.\n혜영]글쎄.. 생각 좀 해봐야겠네. 일단 끊자 (탁 끊는다)(화면에서 정환은 사라진다)\n해설]혜영 전화 끊고 점점 더 열이 오른다..\n혜영]이 인간이 생각이 있는 거야 없는 거야?.임연지랑 새벽 두 시까지 술을 마셔? 임연지가 지한테 어떤 감정인지 뻔히 알면서?.(후우~ 심호흡)...안되겠네.. 도장 찍으러 가야겠어! (다시 핸드폰 집어들어 전화를 건다)...선배? 오늘은 몇 시까지 회의해?"
  },
  "Annotation": {
    "Summary1": "혜영은 정환이 아침에 연락 두절이었던 게 어제 그를 좋아하는 임연지와 새벽까지 술을 마셨기 때문이란 걸 알고 열 받는다.",
    "Summary2": "정환은 애써 우울한 목소리를 감추고 밝게 혜영의 전화를 받는다. 혜영은 아침에 연락이 안되다가 출근하고 나서야 전화를 받는 정환을 타박하고 정환은 어제 새벽까지 술을 마셔서 못 받았다고 미안해 한다. 혜영은 누구와 마셨는지 묻고 평소 정환을 좋아하는 임연지와 함께 술을 마셨다는 얘기에 열이 받아서 확실히 도장을 찍으러 가야겠다며 다시 전화한다.",
    "Summary3": ""
  },
  "filename": "SCRIPT-fm_drama-33010-00015.json"
}