{
  "Meta": {
    "doc_id": "SCRIPT-fm_drama-33023",
    "doc_category": "SCRIPT",
    "doc_type": "fm_drama",
    "doc_name": "33023_NC_아버지가이상해23_2017.txt",
    "author": "KBS",
    "publisher": "KBS",
    "published_year": "2017",
    "doc_origin": "아버지가이상해23",
    "passage_id": "SCRIPT-fm_drama-33023-00010",
    "passage": "해설]주방.\n한 수 영실 준영 혜영 미영 라영 중희 유주 다 같이 둘러앉아 “잘 먹겠습니다” 식사 시작한다.\n준영]...아침 출근 시간에 혼란을 최소화하기 위해 화장실 사용 시간을 정하는 게 어때요? 가.\n해설]장 바쁜 사람인 미영이 혜영이 유주씨 순서로여섯시부터 일곱시까지 큰 화장실을 20분 씩 사용하는 걸로 하고, 나머지 사람은 안방을 쓰거나 급한 상황에선 삼촌집 내려가기로요.\n라영]그럼 나는 큰 화장실 쓰지 말라고??\n중희]나도??\n준영]쓸꺼면 그 시간만 피해 달라는 거지? 007시이후부터 사용하거나 (중희 보고) 어차피 부득이.\n해설]한 경우 아니면 오전 시간 양보한댔으니까?\n한 수]그래, 라영아 그렇게 하자, 너는 늘 그 시간에 출근해야 하는 건 아니니까?\n라영](입 뚜 나와) 알았어요.\n중희]알겠어요.\n한 수]그래 그렇게 정리하자. 또 누구 건의 사항 있어?\n중희]저요 (최대한 누르고)...오늘 아침 누가 제 비데를 쓰셨던데..? 누구신지 몰라도...다른 변기에도 비데를 설치해 드릴까요?\n라영](발끈) 나는 안 썼거든요? 언니들 썼어?\n혜영](단호히) 안썼어.\n미영](절레절레) 아니.\n준영]나도 안 썼거든?!\n한 수]우리는 원래 안쓰는데?\n중희](그럼? 다들 자연스레 유주를 본다)\n유주](좀 당황스럽다)..예, 제가 썼는데요.. 쓰면 안되나요?\n중희]그건 내 전용인데?\n유주]아...죄송해요.. 전용인지 모르고 그냥 있길래.\n준영](기분 확 나빠진다) 죄송할 거 까지는 없지.. 그깟 비데 좀 쓸 수 있지, 그거 좀 썼다고 이렇게 사람 무안을 주나?\n중희]누가 뭐라고 했나? 그래서 하나 더 설치해 드릴까 물은 거지?\n영실](얼른 중재한다) 그럼 비데를 하나 더 놓지 뭐. 그동안은 우리 애들이 비데를 안 써서 그랬지..(한 수 보는) 새애기 비데 쓴다니까 하나 놔요.\n한 수]그러자.\n영실](끄떡이며) 오늘 내가 적당한 걸로 주문할께요.\n한 수]가만, 회사가 같으니까 중희 미영이 새애기 같이 출근하면 되겠구나? (미영 본다)\n미영](순간 뭐라 대답해야 하나 싶은데)\n중희]저희는 따로 가야해요. 스케쥴이 있어서 회사로 안 가거든요.. 그렇지? 유도야?\n미영]아..(얼른) 넵!\n준영/ 유주-(뭔가 아닌 게 느껴진다. 기분 나쁘다) / (중희 저의가 느껴지지만 아무 말 못 하고)\n혜영](중희 의도 느껴져 힐끔)..."
  },
  "Annotation": {
    "Summary1": "중희는 누가 자신의 비데를 사용했는지 묻고 유주가 자신이 사용했다 하자 영실은 비데를 하나 더 설치하자고 한다.",
    "Summary2": "준영은 큰 화장실을 쓸 거면 시간을 피해 달라고 한다. 중희가 누군가 자신의 비데를 사용했다고 말하자 다들 안 썼다고 하고 마지막에 유주가 사용했다고 한다. 유주는 전용인지 몰랐다고 하고 영실은 비데를 하나 더 놓자고 한다.",
    "Summary3": ""
  },
  "filename": "SCRIPT-fm_drama-33023-00010.json"
}