{
  "Meta": {
    "doc_id": "SCRIPT-fm_drama-33008",
    "doc_category": "SCRIPT",
    "doc_type": "fm_drama",
    "doc_name": "33008_NC_아버지가이상해08_2017.txt",
    "author": "KBS",
    "publisher": "KBS",
    "published_year": "2017",
    "doc_origin": "아버지가이상해08",
    "passage_id": "SCRIPT-fm_drama-33008-00026",
    "passage": "해설]몽 따지.\n버스 정거장, 벤치에 앉아 있는 유주. 손에 초음파 사진 산모수첩 들려 있다. 멀거니 현실감 없이 사진을 내려다본다.\n유주방, 어두운 방. 문 열리고 유주 들어서 불을 켠다. 가방 한쪽에 틱 놓고 침대에 다가가 털썩 앉아 그대로 눕는다. 하염없이 천정만 바라본다. 그러다 일어나 앉아 핸드폰 꺼내 바라본다. 망설이다 집어들어 전화번호부에서 ‘엄마’ 번호를 찾는다. 통화버튼을 누르려 손가락까지 얻지만.. 그러나 결국 멈추고 핸드폰 힘없이 내려놓는다. 다시 허공만 바라보는 유주.\n구민센터 회의실 앞 복도.\n라영 팔짱 끼고 골똘해서 걸어온다. 맞은편에서 다가오는 철수. 라영 무심코 고개 들었다 철수와 눈이 딱 마주친다. 철수도 움찔 당황해 멈춰 선다. 잠시 마주친 시선! 라영 경멸에 가까운 눈빛! 철수의 흔들리는 눈빛! 변명을 시작하려는 얼굴. 그 순간, 라영의 시선 저도 모르게 스르륵 아래로 향하고. 철수 라영 시선 따라 시선 내렸다가 시선의 방향을 깨닫고 슬그머니 다리를 꼰다."
  },
  "Annotation": {
    "Summary1": "유주는 침대에 털썩 누워 천장만 보다가 엄마에게 전화를 하려고 통화 버튼 위에 손가락을 얹다 결국 핸드폰을 내려놓는다.",
    "Summary2": "버스 정거장에 앉아 있는 유주는 손에 있는 초음파 사진을 멀거니 내려다본다. 자기 방에 도착한 유주는 불을 켜고 그대로 침대로 가 털썩 누워 천장만 보다가 일어나 핸드폰을 꺼낸다. 전화번호부에서 엄마 번호를 찾아 통화 버튼을 누르려다 결국 멈추고 힘없이 핸드폰을 내려놓는다.",
    "Summary3": ""
  },
  "filename": "SCRIPT-fm_drama-33008-00026.json"
}