{
  "Meta": {
    "doc_id": "SCRIPT-fm_drama-33015",
    "doc_category": "SCRIPT",
    "doc_type": "fm_drama",
    "doc_name": "33015_NC_아버지가이상해15_2017.txt",
    "author": "KBS",
    "publisher": "KBS",
    "published_year": "2017",
    "doc_origin": "아버지가이상해15",
    "passage_id": "SCRIPT-fm_drama-33015-00047",
    "passage": "해설]아빠 분식 내부.\n영실 들어선다. 한 수 축 쳐져 앉아 있다 입구 쪽 바라본다.\n영실]...몸은 좀 어때? 계속 안 좋으면 병원 가봐야 하지 않어?\n한 수]...좀 전에 다녀왔어. 많이 안 좋길래..\n영실]...뭐래? 병원에선?\n한 수]궤양 재발 한 것 같다고.. 일주일 약 받아왔어.. 약 먹었더니 벌써 한결 나아.\n영실]다행이네.. 점심 먹어야지? 아침도 못 먹었는데?\n한 수]...어.. 좀 있다.. 지금은 통 생각이 없어.\n영실]알았어.. 정 힘들면 올라와 쉬어 (돌아서 입구로 향하는데)\n한 수]여보? 정말 안되겠어?\n영실](보는)...\n한 수]나...좀 전에 병원 가서도 진료 카드에 변한 수라고 써 넣었어.. 어느새 이윤석으로 산 세월 보다 변한 수로 산 세월이 더 길어.. 한 수한테 죄 짓고.. 고마운 덕에.. 그런 한 수 아들인데...나보고 외면해 버리라고?\n영실]...\n한 수]...당신이 한 번만 나 봐주면 안돼? 나 한 번 살려준다 생각하고?\n영실]...안돼! 다른 건 얼마든지 들어 줄 수 있어. 그렇지만 이건 우리 가족 모두의 안위가 걸린 문제야!\n한 수]...\n해설]영실 그대로 외면하고 문으로. 한 수 안타깝게 바라보지만 더는 부탁하지 못한다."
  },
  "Annotation": {
    "Summary1": "진짜 한수의 아들을 외면할 수 없다고 한수가 사정 하지만 영실은 가족이걸린 문제라며 반대한다.",
    "Summary2": "영실은 한수의 건강을 걱정하고, 한수는 병원에 다녀왔으며 궤양이 재발 했다고 말한다. 힘들면 올라와 쉬라는 영실에게 한수는 이윤석으로 산 날보다 변한수로 산 날이 더 많다며, 한수의 아들을 외면할 수 없다고 영실에게 사정 한다. 하지만 영실은 가족의 안위가 걸린 문제라며 완강히 반대한다.",
    "Summary3": ""
  },
  "filename": "SCRIPT-fm_drama-33015-00047.json"
}