{
  "Meta": {
    "doc_id": "SCRIPT-fm_drama-33008",
    "doc_category": "SCRIPT",
    "doc_type": "fm_drama",
    "doc_name": "33008_NC_아버지가이상해08_2017.txt",
    "author": "KBS",
    "publisher": "KBS",
    "published_year": "2017",
    "doc_origin": "아버지가이상해08",
    "passage_id": "SCRIPT-fm_drama-33008-00035",
    "passage": "해설]안방(밤).\n영실 잠들어 있다. 한 수 문 열고 들어온다. 다가와 앉아 영실 이마에 얹혀진 찬수건 집어 들고, 얼굴에 손 얹어 열이 떨어졌는지 가늠해본다. 얼음물 볼에 수건 집어넣고 다시 적시는데, 영실 으응 깨난다.\n영실]...여보?\n한 수]...어때 좀?열은 좀 떨어진 것 같은데?\n영실]아까보다 한결 나진거 같어...왜 계속 여깄어? 가겐 어쩌고?\n한 수]민하 엄마 있어. 걱정 마... 일어난 김에 그럼 저녁 먹자. 먹고 또 자. 깨죽 써놨어.\n영실]깨죽? 근데 나 생각 없는데?\n한 수]생각 없어도 먹어야 돼. 있어. 갖고 올게. (일어나려는데)\n미영E]다녀왔습니다.\n라영E]엄마 아프다며?\n영실](한 수 돌아보면)...\n한 수]준영이가 모처럼 오빠 노릇했어. 엄마 아프니까 맛있는 거 사 들고 일찍 귀가하라고.\n혜영E]다녀왔어요.\n한 수]봐. 혜영이까지.\n해설]방문 열리고 미영 라영 혜영 들어선다. 미영은낮부터 들고 다닌 커다란 미역과 과일 봉투 들고, 라영은 비닐봉지 하나 달랑 들고 들어선다.\n라영](애교스럽게)엄마아...많이 아포?\n미영]엄마...좀 어때요?\n한 수]많이 좋아지셨어. 열도 많이 내리고.\n미영](다가와 이마 집어보고) 아직 좀 있는 거 같은데?\n한 수]그래도 아까에 비하면 양반이야..\n영실](입술이 허옇다)..살았어, 이제.. 괜찮아.\n미영]그래도 얼굴은 아직 많이 아파.\n라영]엄마 아프다고 해서 약속 다 제끼고 달려왔어..\n혜영]청소해서 그런 거는 알죠?\n영실]아아냐.\n혜영/한 수](동시에) 아니긴 뭘 아냐?\n영실]...\n혜영]오는 길에 업체에 전화해서 도우미 신청했어요. 이달말부터 일주일에 두 번씩 반나절로 올 거야.\n영실/ 한 수-(놀라 끄응 일어나며) 뭘 그렇게 / (동시에) 잘했다. 아주 잘했어.\n영실]그러면 임대료 내는 것보다 돈이 더 들지?\n혜영]더 안 들어. 따져봤는데 딱 똔똔이야. 돈이 설사 더 들어도 엄마 건강보다 중요해?\n영실]나 혼자 살살..\n해설]혜영/라영/미영/한 수-안된다니까!\n혜영]보건교사 맞어?\n영실](시무룩, 다시 누우며) 갑자기 더 아픈 거 같애.. (아픈 척)\n한 수]할 말 없으니까 괜히.. 그건 뭐야?\n미영]아 미역.. 과일 하구요. 엄마 드시라구.\n라영]변변이 들고 있는 건 장어야 엄마. 근데 웬 미역?\n영실]그니까.. 엄마 몸 풀었어?\n혜영]왜? 아침에 태몽도 꾸셨잖아?\n해설]영실 흘기고, 다들 까르르 웃는다. 준영 문 열고 작은 상에 깨죽 차려 들어온다..\n준영]자.. 깨죽 들어갑니다. (다들 일어나 왁자하게)\n라영]와 깨죽? 맛있겠다.\n혜영]장어도 드셔야 하는데?\n미영]너는 왜 빈손이야?\n라영]기다려봐."
  },
  "Annotation": {
    "Summary1": "한수는 열이 난 영실을 돌봐주고, 혜영은 업체에 도우미를 신청했다고 말하고 준영은 깨죽을 차려온다.",
    "Summary2": "한수는 열이 난 영실을 간호한다. 한수는 깨어난 영실에게 준영이 모처럼 오빠 노릇을 했고, 혜영이까지 왔다고 전한다. 미영 등은 각자 사 온 봉투를 들고 들어서고 혜영은 업체에 전화해서 도우미를 신청했다고 말하며, 준영은 깨죽을 차려 들어온다.",
    "Summary3": ""
  },
  "filename": "SCRIPT-fm_drama-33008-00035.json"
}