{
  "Meta": {
    "doc_id": "SCRIPT-fm_drama-33014",
    "doc_category": "SCRIPT",
    "doc_type": "fm_drama",
    "doc_name": "33014_NC_아버지가이상해14_2017.txt",
    "author": "KBS",
    "publisher": "KBS",
    "published_year": "2017",
    "doc_origin": "아버지가이상해14",
    "passage_id": "SCRIPT-fm_drama-33014-00014",
    "passage": "해설]준영 방.\n준영 책상 앞에 앉아 심각한 얼굴로 핸드폰 들여다보고 있다. 핸드폰 액정에 떠 있는 구인구직 사이트. 다양한 공고들이 올라와 있지만 준영에게 맞는 공고가 잘 보이지 않는다. ‘30세 이하’ ‘경력자 우대’ ‘대학생 환영’ ‘자격증 필수’.\n준영]서른은 애초에 넘었고... 경력은 없고.. 대학 졸업한지가 10년이 다 됐네.. 자격증이라도 따 놓을걸 그랬나...\n해설]괜히 시무룩해 진 준영. 그래도 최선을 다 해 구인구직사이트를 뒤지고 있는데 옥상쪽 문에서 노크소리가 들린다. 문이 슬쩍 열리더니 영식 들어온다.\n영식]뭐해?\n준영]삼초 온...\n영식]왜 또 풀이 죽었어? 설마 쌍둥 이래???\n준영]아 그런 거 아니구요오...\n영식]그럼 왜 그래?\n준영]시험 발표 때까지 알바 할라구 알아보는데.. 35세 무경력 백수는 알바도 구하기 힘드네요..\n영식](한숨 푹 쉬며) 48세 경력직도 갈 곳 없는 건 마찬가지다.. (준영 핸드폰 보며) 어디 봐봐.\n해설]준영 영식에게 폰 내밀고, 두 사람 머리 맞대고 같이 구인구직사이트를 본다. 한참 공고를 주르륵 내리다 같은 곳에서 딱 시선이 동시에 멈춘 두 사람. ‘경력 무관’ ‘신체 건강한 남자’ ‘일급 7만원’ ‘당일 지급’.\n준영]경력무관?\n영식]신체 건강한 남자?\n준영](팔뚝 과시하며) 제가 또 한 건강합니다만?\n영식]일급 7만원 당일지급!\n준영](머릿속으로 계산) 그럼 한 달에 2백만원도 가능하겠는데요?!\n영식]밤에 하는 일이니까 난 투 잡도 가능하네?!\n해설]눈 마주치고 하이파이브 하는 영식과 준영."
  },
  "Annotation": {
    "Summary1": "준영은 자신에게 맞는 알바를 찾지 못해 시무룩해지지만, 삼촌 영식과 같이 한 공고를 확인한 후 하이파이브를 한다.",
    "Summary2": "준영은 방에서 핸드폰으로 구인구직 사이트를 보다가 자신에게 맞는 공고가 보이지 않자 시무룩해지고, 그 때 문이 열리며 삼촌 영식이 들어온다. 무슨 일인지 묻는 영식에게 준영은 알바를 알아보는데 자신의 경력으로는 구하기 힘들다고 말한다. 준영과 영식은 같이 구인구직사이트를 보다가 한곳에서 시선이 멈추고 공고의 조건을 확인한 후 하이파이브를 한다.",
    "Summary3": ""
  },
  "filename": "SCRIPT-fm_drama-33014-00014.json"
}