{
  "Meta": {
    "doc_id": "SCRIPT-fm_drama-33009",
    "doc_category": "SCRIPT",
    "doc_type": "fm_drama",
    "doc_name": "33009_NC_아버지가이상해09_2017.txt",
    "author": "KBS",
    "publisher": "KBS",
    "published_year": "2017",
    "doc_origin": "아버지가이상해09",
    "passage_id": "SCRIPT-fm_drama-33009-00004",
    "passage": "해설]2층 엘리베이터 밖 복도.\n엘리베이터 문 열리고, 중희 내린다. 한 수 뒤따라 내리지만, 본척도 안고 현관으로 다가가는 중희..\n한 수].. 잠깐 얘기 좀 하자...잠깐이면 돼.\n중희](그러나 들은 척도 안고 현관으로 향하는데)\n한 수].. 중희야!\n중희](그 말에 우뚝 선다)...(하!)...(뒤돌아본다)\n한 수]...잠깐 시간을 내줘.. 할 얘기가 있어.\n중희](쿨하게 툭 내뱉는다)...누구신데요?저 아세요?\n한 수](당황하는)...\n중희]나는 누군지 모르겠는데요? 그래서 들을 얘기가 없습니다 나는... 다시 귀찮게 하지 마세요.\n한 수](말문이 막혀 아무 말을 못 하고)...\n해설]중희 다시 뒤돌아 현관으로 향한다. 현관문 비번 누르고 문 열고 들어가 문 탁 닫는다. 한 수 그제야 퍼뜩 정신이 든다. 한 수 뒤늦게 현관문 앞으로 다가가지만 이미 문은 굳게 닫혀 버렸다. 어떡하지? 그렇다고 이대로 갈 수는 없다. 안타깝고 답답한 한 수. 인터폰을 본다."
  },
  "Annotation": {
    "Summary1": "한수는 중희와 얘기하고 싶어하지만 중희는 귀찮게 하지 말라며 들어가 버린다.",
    "Summary2": "한수는 중희를 뒤따라가 얘기를 하자고 한다. 중희는 들은 척도 하지 않더니 한수에게 들을 얘기가 없다며 귀찮게 하지 말라고 하고 현관문 비밀번호를 누르고 들어가 버린다. 한수는 당황해 아무 말도 못하고 이대로 갈 수는 없어 답답해 하다 인터폰을 본다.",
    "Summary3": ""
  },
  "filename": "SCRIPT-fm_drama-33009-00004.json"
}