{
  "Meta": {
    "doc_id": "SCRIPT-fm_drama-33001",
    "doc_category": "SCRIPT",
    "doc_type": "fm_drama",
    "doc_name": "33001_NC_아버지가이상해01_2017.txt",
    "author": "KBS",
    "publisher": "KBS",
    "published_year": "2017",
    "doc_origin": "아버지가이상해01",
    "passage_id": "SCRIPT-fm_drama-33001-00063",
    "passage": "해설]스튜디오 분장실.\n정환 거울 앞에 기대 서서 질문지를 보다, 영 못마땅해서 뜸을 들인다.\n정환]...진짜 나밖에 없어?\n이 피디](맞은 편에 눈치 살피며 공손히 서있다가 얼른) 어어. 진짜 너밖에 없으니까 이러지?\n정환]아 진짜...\n이 피디](열심히 설득한다)...일반인 패널석에 앉아서 거기 적힌 질문만 해주면 돼. 나머지는 고정 패널들이 묻고 답하고 다하니까 아무 걱정할 것도 신경 쓸 것도 없이, 그냥 니 그 잘생긴 얼굴로 자리만 빛내주면 돼. 진짜라니까? 우리 프로그램 알잖아?\n정환](마땅찮게 보다 결국)...알았어 그래.\n이 피디]해? (살았다) 진짜 고맙다 진짜 고마워. 아까 출연자한테 갑자기 사고가 났다고 전화가 오는데(채어)\n정환]이걸로 내가 입봉 할 때 너한테 진 빚은 청산이다. 또 한 번 울궈먹기만 해?\n이 피디]뭘 또 그렇게 울궈먹었다고,,(시계 보고 서둘러 나가며) 30분 뒤 시작이야.얼른 준비해.\n해설]이 피디 나간다. 정환 그 모습 바라보다 문 닫히면 놓여있던 양복 집어 들고 옷 갈아입으려 이동한다. 그러다 우뚝! 다시 고개를 돌려 설치된 모니터 바라본다. 스튜디어 상황이 보여지는 모니터에 전문가 패널 석에 앉아 있는 혜영의 모습이 보인다..\n정환](뭐지???)...\n해설]정환 양복을 놓고 얼른 다가가 질문지 집어 든다. 출연자 명단에 변호사 변혜영 적혀 있다..\n정환]...하!.(실소가 절로 난다. 이 상황이 어이없고 황당하다. 다시 모니터 속 혜영을 본다)...어이가 없네...다시 볼일 없을 줄 알았더니?."
  },
  "Annotation": {
    "Summary1": "일반인 패널석에서 질문을 해달라는 이 피디의 제안을 수락한 정환은 모니터에서 혜영을 발견하고 황당해한다.",
    "Summary2": "분장실에서 질문지를 보던 정환이 이 피디에게 진짜 자신밖에 없냐고 거듭 묻자, 이 피디는 일반인 패널석에서 질문지의 질문만 하면 된다며 정환을 설득한다. 마땅찮지만 수락한 정환은 고마워하는 이 피디에게 이제 입봉할 때 진 빚은 청산한 것이라고 한다. 이 피디가 나가고 옷을 갈아입으려던 정환은 모니터에서 혜영을 발견하고 이 상황을 황당해한다.",
    "Summary3": ""
  },
  "filename": "SCRIPT-fm_drama-33001-00063.json"
}