{
  "Meta": {
    "doc_id": "SCRIPT-fm_drama-33001",
    "doc_category": "SCRIPT",
    "doc_type": "fm_drama",
    "doc_name": "33001_NC_아버지가이상해01_2017.txt",
    "author": "KBS",
    "publisher": "KBS",
    "published_year": "2017",
    "doc_origin": "아버지가이상해01",
    "passage_id": "SCRIPT-fm_drama-33001-00019",
    "passage": "해설]건물 입구 앞.\n미영 절로 나오는 하품을 머금고 계단을 내려오다 후다닥 달려 나온다. 저만큼 한 수 양손 가득 생수 팩 들고 다가온다. 한 손에는 2리터 12팩 한 손엔 2리터 6팩..\n미영](후르륵 달려가) 아빠 주세요. (12팩을 받아든다)\n한 수]안돼. 무거워 (만류할 사이도 없이 미영은 12팩을 너끈히 휙 받아든다).\n해설]한 수와 미영, 빠르게 분식집으로 향한다.\n목욕탕 내부.\n샤워를 마치고 가운을 입고 거울 앞에서 화장을 하고 있는 혜영. 팩트를 두드리다, 샤도우를 바르다 틈틈이 거울을 바라보는 눈빛과 표정 시크 도도하며, 자뻑과 자기애 기운이 가득하다. \n로펌 사무실.\n혜영 들어선다. 사무장 부사무장 등 직원들 6~7명 자리에 앉아 업무 중이다. 변호사들은 각자 방이 있는 구조. 직원들 한둘 ‘오셨어요? 오늘 스타일 완전 좋으신데요’ ‘좋은 아침입니다’ 동료 변호사도 지나가며 ‘변변, 오늘 근사한데? 저녁에 뭐 좋은 일 있나?’ 등등 인사하고, 혜영도 ‘좋은 아침’ ‘일찍 나왔네요 선배?’ 등등 인사하며 향한다."
  },
  "Annotation": {
    "Summary1": "미영은 한수가 든 생수 팩들 중 12팩을 받아서 한수와 분식집으로 가고, 혜영은 거울 앞에서 화장을 하고 있다.",
    "Summary2": "미영은 계단을 달려나와 한수가 든 생수 팩들 중 12팩을 받아서 든다. 한수가 만류하기도 전에 생수 팩을 받아 든 미영은 한수와 함께 분식집으로 간다. 한편 혜영은 자기애가 가득한 눈으로 거울 앞에서 화장을 하고 있다.",
    "Summary3": ""
  },
  "filename": "SCRIPT-fm_drama-33001-00019.json"
}