{
  "Meta": {
    "doc_id": "SCRIPT-fm_drama-46028",
    "doc_category": "SCRIPT",
    "doc_type": "fm_drama",
    "doc_name": "46028_DC_오작교형제들28_2011.txt",
    "author": "KBS",
    "publisher": "KBS",
    "published_year": "2011",
    "doc_origin": "오작교형제들28",
    "passage_id": "SCRIPT-fm_drama-46028-00032",
    "passage": "해설]지능범죄수사팀 / 밤.\n태희 자리에 앉아 통화 중이다..\n제하E]예 김제합니다.\n태희]황태흽니다. 괜찮으시면 오늘 마무리 지었으면 하는데 지금 가도 될까요?\n제하E]벌써 다 읽으셨어요?괜찮습니다. 오세요?\n태희]예 지금 가겠습니다. (끊는다).\n동민]이 시간에...김피디님 만나러 가시게요?\n태희]어...빨리 끝내려고...(일어난다) 다녀올게. \n해설]제하의 사무실 / 밤.\n비서, 문을 열고 태희를 안내한다..\n냄비서]...근처에 잠깐 외출하셨는데 금방 들어오실 거에요...차는 뭘로 드릴까요?\n태희]아뇨. 괜찮습니다. 신경 쓰지 마세요..\n비서](목례하고 나간다)\n해설]태희 서류봉투 테이블에 올려놓고...핸드폰 꺼내 제하에게 전화한다. 수신음 울리는데 어디선가 들리는 핸드폰 소리...태희 시선 돌리면 제하 책상 위에서 핸드폰 울리고 있다. 어이없는 표정으로 보다 핸드폰 끄는 태희. 쇼파에 앉는다. 그때 또 다시 제하의 핸드폰 울린다. 태희 무시하고 사무실 둘러보는데...계속 울리는 핸드폰 소리에...태희 결국 일어나 책상 쪽으로 다가간다..\n태희](핸드폰에 손 뻗으면 벨 소리 멈춘다)...(돌아서려는데)...(문득 이상한 느낌에 돌아보는)!\n해설]책상 위에 놓인 사진 액자에 제하와 태희친모의 다정한 사진 껴있다. 태희 충격으로 굳어져 사진 본다. 시간이 흘렀지만...또렷하게 알아볼 수 있는 친모의 얼굴이다...그리고 그 옆에 제하의 모습...태희 액자 집어서 본다...흔들리는 눈빛으로 바라보는...어떻게 된 일이지? 그때 제하 들어온다.\n제하](웃으며) 죄송합니다 황경위님! 급하게 누가 찾아와서요! (다가오며) 식사는 하셨어요? 안하셨으면 요 앞에...(하다 태희 손에 들린 액자 본다)! (웃음기 싹 가신다)\n태희](노려보는)...당신...뭐야?\n제하](역시 정색하고 보며)...알아봤어요?적어도 자문 끝날 때까지는 모르기 바 랬는데?\n태희]...너 누구야?\n제하](보다)...짐작하는 대로...사진 속 그분, 황태희씨를 낳아주신...어머니, 오유진씨 아들입니다...24년 전 재혼했던 김홍씨가 제 아버지시죠.\n태희](!)...(사진 테이블에 탁 뒤집어 소리 나게 놓는다)...(주먹을 꼬옥 쥔다. 부르르 치미는 분노 참아 누르느라...잡아먹을 듯 제하를 노려본다)\n제하](지지 않고 뚫어지게 본다)...\n태희](꾹 참고, 휙 돌아서 문으로 향하려는데)\n제하]그러니까 니 형이다.\n태희](그 소리에 휙 돌아본다. 눈에서 불꽃이 튄다)...\n제하]보고 싶었다 나는!니가 많이 궁금하고?\n태희](더는 못 참고 달려와 와락 제하의 멱살을 잡고 벽에 쾅 밀어붙인다) (강하게 느껴지는 분노. 눈에서 불꽃이 튄다)...김제하씨...내게 형은 우리 아버지 장남 황태 식 차남 황태범밖에는 없습니다...나는 가끔 분노조절 장치가 망가집니다...그러니까 다시는 내앞에 나타나지 마세요...이성을 가지고 하는 마지막 경고입니다"
  },
  "Annotation": {
    "Summary1": "태희는 제하와 태희의 친모가 같이 찍은 사진을 발견하고 제희의 멱살을 잡으며 다시는 자신의 앞에 나타나지 말라고 한다.",
    "Summary2": "오늘 만나서 일을 마무리 짓자는 태희의 전화에 제하는 괜찮으니 오라고 한다. 태희는 제하의 책상에서 제하와 태희의 친모가 같이 찍은 사진을 발견하고 그때 들어온 제하는 태희의 손에 들린 액자를 보고 정색하며 자문이 끝나기 전까지는 모르기를 바랐다고 말한다. 태희는 자신이 태희의 형이라고 말하는 제희의 멱살을 잡고 다시는 자신의 앞에 나타나지 말라고 한다.",
    "Summary3": ""
  },
  "filename": "SCRIPT-fm_drama-46028-00032.json"
}