{
  "Meta": {
    "doc_id": "SCRIPT-fm_drama-33014",
    "doc_category": "SCRIPT",
    "doc_type": "fm_drama",
    "doc_name": "33014_NC_아버지가이상해14_2017.txt",
    "author": "KBS",
    "publisher": "KBS",
    "published_year": "2017",
    "doc_origin": "아버지가이상해14",
    "passage_id": "SCRIPT-fm_drama-33014-00021",
    "passage": "해설]복녀 주방.\n혼자 식탁에 앉아 식사 중인 복녀. 3단 티트레이에 고급 찻잔까지 꺼내 셋팅했다. 스콘을 쪼개 버터를 발라 입에 넣으며 서재 쪽 문을 쳐다보는 복녀.\n복녀]왜 안 나와.. 은퇴하더니 게을러지기까지 했어.\n해설]그때 서재 문 열리는 소리가 난다. 복녀 언제 서재 쪽 문을 봤냐는 듯 시선을 돌리고, 아무렇지 않게 차를 마신다. 규택 주방으로 들어서서 식탁 위에 차려진 스콘, 파이, 차, 과일 등등을 보고 혀를 끌끌 찬다.\n규택]아침부터 무슨 빵쪼가리야. 밥 줘!\n복녀]무슨 소리에요? 이건 내 아침식사에요? 당신은 당신이 알아서 챙겨먹어요?!\n규택](어이없다) 알았어! 알았다고! (냉장고로 다가가 냉장고를 여는데 텅 비어있다)...이게 왜 텅 비었어?\n복녀]냉장고 안에 있던 재료도 다~ 내가 사서 채워둔 거였잖아요? 필요하면 이제 당신이 사다 먹어요.\n규택]이 사람이.. 해보자 이거지? (바로 주머니에서 핸드폰 꺼내 전화를 건다)..여보세요 거기 도시락 집이죠? 지금 배달됩니까?\n해설]<시간경과> 규택 고급스러워 보이는 도시락 들고 들어온다. 식탁에 앉아 자연스레 도시락을 열어 복녀 보란 듯 도시락을 먹는 규택. 떨떠름한 표정으로 규택을 보는 복녀..\n복녀E]...하여간 머리는 좋아. 기껏 중국집이나 생각할 줄 알았더니 어떻게 저런 건 또 생각을 했지?\n규택]뭘 봐? 다 먹었으면 나가지 않고?\n해설]복녀 떨떠름한 표정으로 주방을 나온다."
  },
  "Annotation": {
    "Summary1": "복녀는 밥을 차려주지 않는 걸로 규택과의 기싸움에서 승기를 잡으려 했지만, 규택이 도시락을 배달하며 실패하고 만다.",
    "Summary2": "복녀는 주방에서 고급 식기들에 스콘, 빵, 과일 등을 차려두고 먹으며 규택의 움직임이 없는지 기색을 살핀다. 서재에서 나온 규택은 복녀에게 밥을 달라 요구하지만, 복녀는 알아서 챙겨 먹으라 거절한다. 냉장고마저 비어있는 것을 본 규택이 황당해 하며 고급 도시락을 배달해 먹고, 이를 떨떠름해 하며 복녀는 주방을 나선다.",
    "Summary3": ""
  },
  "filename": "SCRIPT-fm_drama-33014-00021.json"
}