{
  "Meta": {
    "doc_id": "SCRIPT-fm_drama-33022",
    "doc_category": "SCRIPT",
    "doc_type": "fm_drama",
    "doc_name": "33022_NC_아버지가이상해22_2017.txt",
    "author": "KBS",
    "publisher": "KBS",
    "published_year": "2017",
    "doc_origin": "아버지가이상해22",
    "passage_id": "SCRIPT-fm_drama-33022-00048",
    "passage": "해설]메이크업 샵 입구.\n중희 카운터에서 계산하고 있다. 미영 가장 마지막으로 나온다. 구두를 신어서 천천히 걸어 나와 적당히 멈춰서 중희를 기다린다. 결제 마치고 돌아서는 중희.\n미영]많이 나왔어요?\n중희](짐짓) 그럼. 많이 나왔지. 곰탱이를 사람으로 만들어 놨는데...\n미영](빙그레) 감사합니다아. 안 배우님..\n중희](웃는 모습도 예쁘다. 어색하여 시선 피한다)...가자.\n미영]언니랑 라영이 화장실 갔어요.\n해설]두 사람 기다린다. 미영 어색한지 미소 지으며 화장실 쪽 돌아본다. 중희 그런 미영에게 자꾸만 눈길이 간다. 슬쩍 슬쩍 미영을 바라본다. 미영 중희 시선 채 화장실 쪽 보다, 혼자 어색해 하다.. 중희 그런 미영을 계속 바라보고.\n예식장 로비.\n하객들을 맞이하며 인사를 하고 있는 한 수와 영실. 그 옆에 선 신랑 준영. 영실 한복 차림이고 한 수 양복 차림이다. 한 수와 영실 하객들 맞으며 인사하고 있다. 하객들이래 봐야 많지는 않다. 대부분 준영과 유주의 지인인 듯 젊은 사람 위주."
  },
  "Annotation": {
    "Summary1": "메이크업 샵에서 결제를 한 중희는 라영과 언니를 기다리는 미영의 모습이 예뻐보여 눈길이 가고 미영은 어색해한다.",
    "Summary2": "중희는 메이크업 샵에서 계산을 하고 있고 미영은 감사하다는 인사를 건넨다. 그런 미영이 예뻐보이는 중희는 어색해 하고 화장실에 간 언니와 라영을 기다리는 미영도 어색해한다. 중희는 그런 미영의 모습에 계속 눈길이 간다.",
    "Summary3": ""
  },
  "filename": "SCRIPT-fm_drama-33022-00048.json"
}