{
  "Meta": {
    "doc_id": "SCRIPT-fm_drama-33001",
    "doc_category": "SCRIPT",
    "doc_type": "fm_drama",
    "doc_name": "33001_NC_아버지가이상해01_2017.txt",
    "author": "KBS",
    "publisher": "KBS",
    "published_year": "2017",
    "doc_origin": "아버지가이상해01",
    "passage_id": "SCRIPT-fm_drama-33001-00053",
    "passage": "해설]편집실(밤).\n정환 편집기 앞에 나란히 앉아 모니터 들여다보며 편집 중이다. 찰칵 편집 포인트 찾아 열심히 그림을 붙이는 정환. 옆에서 노트북 펴놓고 작업 중이던 조연출 슬쩍 눈치 보며.\n조연출]...오늘 혜영이 누나 진짜 이쁘드라. 원래도 이뻤지만 스타일도 와우 (발음 강조) 쉬크하고...우와하고...\n정환](모니터만 본다)...\n조연출]근데 진짜 형이 영문도 모르고 차인거에요?사실 우리 동아리 사람들끼리는 형이 바람 피다 딱 들켜서 바로 짤린거다 이거였거든 중론이?근데 오늘 보니까(하는데)\n정환](계속 편집하며) 일 안 해? 니가 요즘 살기가 편한가 보지?\n조연출]아니요. 일 많아요...(얼른 다시 모니터 본다)...\nE](휴대폰 진동으로 울린다)...\n정환](확인하고 받으려는데, 하품이 베어져 나온다) 엄마 잠깐만요...커피 좀 뽑아와. 졸려. (조연출 일어나고) (다시 받는다) 예 엄마?"
  },
  "Annotation": {
    "Summary1": "편집실에서 조연출이 정환에게 혜영과 왜 헤어진 건지 물었고, 정환은 일이나 하라고 말했다.",
    "Summary2": "편집실에서 정환이 편집 작업을 하고 있는데 조연출이 슬쩍 정환의 눈치를 보다 혜영이 오늘 진짜 예뻤다고 말했다. 조연출은 혜영과 헤어진 이유를 물었고, 정환은 일이나 하라며 다그쳤다. 이어 정환은 엄마에게 온 전화를 받고 조연출에게 잠이 오니 커피를 뽑아 오라고 시켰다.",
    "Summary3": ""
  },
  "filename": "SCRIPT-fm_drama-33001-00053.json"
}