{
  "Meta": {
    "doc_id": "SCRIPT-fm_drama-33013",
    "doc_category": "SCRIPT",
    "doc_type": "fm_drama",
    "doc_name": "33013_NC_아버지가이상해13_2017.txt",
    "author": "KBS",
    "publisher": "KBS",
    "published_year": "2017",
    "doc_origin": "아버지가이상해13",
    "passage_id": "SCRIPT-fm_drama-33013-00053",
    "passage": "해설]복녀 카페.\n정환 들어선다. 알바생 하나 주방에 서 있고, 손님 하나 없이 앉아 있던 복녀 반색을 한다.\n복녀]아들? 바쁠 텐데 어떻게 왔어?\n정환]그래도 와봐야지.. 오~ 카페 좋은데요~ 인테리어가 예사롭지 않은데.\n복녀]그렇지? 사람이 좀 이래야지, 니 아버지는 보자마자 ‘헛돈 들였구만, 돈만 쳐들인다고 인테리언지 알어! 저 그림이 이 카페에 어울린다고 생각해! 따로 국밥이잖아!’ 이러는 거 있지?\n정환](구경하는 척 못 들은 척)...\n복녀]앉어. 뭐 마실래?\n정환]커피요. (앉는다)\n복녀](알바생에게) 여기 커피 한잔 허브차 한잔 (앉으면)\n정환](둘러보는 척)...손님이 아직은 없네.\n복녀]그러게 말이다. 완전 파리 날리고 있어.\n정환](그 말에) 엄마.. 동네 장사는 말야, 인심을 잃으면 끝인 거 알죠?, 주변 동네 사람들하고 두루두루 잘 지내는 게 가장 중요한 마케팅 포인트야.\n복녀](열심히 듣는다)...그래? 그럼 어떻게 해야할까? 공짜 커피라도 좀 돌릴까?\n정환]그것도 괜찮고...일단 그때 경찰서에서 그분하고는 사과도 하고 화해도 했죠?\n복녀](그 말에 물러 앉는다)...사과는 무슨? 그 딸년인가 하는 기집애가 찾아와 어떻게 하고 갔는지 알어?? 너 그런 소리할 꺼면 가!\n정환]...(그때 문밖으로 영실 지나가는 모습 보인다)...알았어요. 그럼 갈께요. 가끔 들릴께.\n해설]정환 그대로 일어나 문으로. 복녀 어어? 가랜다고 정말 가는 아들 황당해 본다.\n복녀]...야 그렇다고 그냥 가?저 녀석이...(일어나 다가가) 가 그럼. 자주 들르구!\n정환](급히 문 열고 나가면서 엄마에게 손 들어 보인다)..."
  },
  "Annotation": {
    "Summary1": "복녀 카페에 들른 정환은 복녀에게 경찰서그분과 화해 했는지 묻다가, 그런 소리할 거면 가라는 복녀의 말에 가버린다.",
    "Summary2": "복녀 카페에 들어서는 정환에게 복녀는 반색하며 정환의 아버지에 대한 불만을 말하지만 정환은 못들은 척한다. 정환은 복녀 카페에 손님이 없는 걸 보고 동네 장사는 동네 사람들하고 잘 지내는 게 가장 중요하다고 말하며, 경찰서에서 그분과 화해 했는지 묻는다. 복녀는 물러 앉으며 정환에게 그런 소리할 거면 가라고 하고, 정환은 정말로 가버린다.",
    "Summary3": ""
  },
  "filename": "SCRIPT-fm_drama-33013-00053.json"
}