{
  "Meta": {
    "doc_id": "SCRIPT-fm_drama-33013",
    "doc_category": "SCRIPT",
    "doc_type": "fm_drama",
    "doc_name": "33013_NC_아버지가이상해13_2017.txt",
    "author": "KBS",
    "publisher": "KBS",
    "published_year": "2017",
    "doc_origin": "아버지가이상해13",
    "passage_id": "SCRIPT-fm_drama-33013-00063",
    "passage": "해설]도로 + 중희 차 내부 (밤).\n중희 차 달려온다. 차안의 중희 정면만 노려보며 운전 중이다. 정체를 알 수 알 수 없는 화가 내면에서 치밀어 오른다. 가슴이 뜨겁고 답답하다. 그런데 그 정체를 잘 모르겠다. \n중희 오피스텔 (밤).\n중희 문 닫고 들어서 외투 집어 던진다. 냉장고로 다가가 생수 꺼내 마신다. 물병 내리고 가만히 호흡 고르는 중희. 그러나 뜨거워진 가슴이 쉽게 가라앉지 않는다. 고개 돌려 알을 찾는다. 저만큼 알이 보인다..\n중희]...알!뭐냐 이거?나 왜 이렇게 화가 나지?왜 화가 나 자꾸?\n해설]그때 벨소리. 중희 인터폰으로 다가가 들여다보면 한 수다. 중희 한 수를 노려보다 현관으로.\n중희 오피스텔 현관 앞 (밤).\n중희 다가와 문을 열고 거실로 들어온다. 한 수 들어서 문 닫고 다가와 선다.\n한 수](마음이 쓰여 달려왔다)...걱정이 돼서...아까 왔다가 그냥 간 거 같길래.\n중희](한 수를 뚫어지게 본다)...\n한 수]...술도 사 온 것 같던데? 혹시 무슨 일 있어?\n중희](뚫어지게 보다. 자신도 모르게 부른다) (실은 홧김이다)...아버지!\n한 수]! (예상 못 한 말이다)\n중희]... 나 아버지 집에 살고 싶어요!"
  },
  "Annotation": {
    "Summary1": "중희는 오피스텔로 찾아온 중희에게 홧김에 아버지라 부르며, 아버지 집에 살고 싶다고 말한다.",
    "Summary2": "중희는 오피스텔로 돌아와 알을 보며 알 수 없는 화를 낸다. 그때 중희를 걱정한 한수가 오피스텔로 찾아온다. 중희는 거실로 들어온 한수를 쳐다보다가 홧김에 아버지라 부르며, 아버지 집에 살고 싶다고 말한다.",
    "Summary3": ""
  },
  "filename": "SCRIPT-fm_drama-33013-00063.json"
}