{
  "Meta": {
    "doc_id": "SCRIPT-fm_drama-33015",
    "doc_category": "SCRIPT",
    "doc_type": "fm_drama",
    "doc_name": "33015_NC_아버지가이상해15_2017.txt",
    "author": "KBS",
    "publisher": "KBS",
    "published_year": "2017",
    "doc_origin": "아버지가이상해15",
    "passage_id": "SCRIPT-fm_drama-33015-00048",
    "passage": "해설]마루.\n영실 다가와 앉는다. 막상 거절하고 올라왔지만, 마음이 돌덩어리다. 그러다 핸드폰 바라본다..\n영실]...안중희라 그랬나?(핸드폰 집어 들고 검색창에 안중희를 쳐본다)...도대체 어떻게 생긴 녀석이길래...\n해설]이내 중희의 프로필이 뜬다. 영실 프로필을 주욱 읽어 보고, 중희의 사진을 바라본다... 영실 핸드폰 다시 내려놓는다. 하염없이 생각에 잠긴다. <시간 경과> 영실 계속 생각에 잠겨 앉아 있다. 깊고 깊은 고민에 빠져 있던 영실. 마음 정리 끝냈다. 후우~ 깊은 심호흡 내쉬는 영실. 핸드폰 집어 들어 전화를 건다.\n영실]올케... 미안한데 지금 시간 돼? 잘됐다. 그럼 우리 그이 가게 좀 봐줄래? 나이이랑 어디 좀 갈 데가 있어서.. 고마워. (끊는다. 다시 전화를 건다)...점심 먹었어요? 어때요 좀? 그럼 움직일 수 있겠어? 그럼 나이이랑 어디 좀 가자. 내가 지금 차 빼서 가게 앞으로 갈께"
  },
  "Annotation": {
    "Summary1": "중희에 대해 궁금해하며 검색해 보던 영실은 생각을 마치고 올케에게 가게를 부탁한 뒤 어디론가 갈 준비를 했다.",
    "Summary2": "마음이 무거운 영실은 문득 중희에 대해 궁금해졌다. 중희에 대해 검색해 보던 영실은 한동안 생각에 잠겼다. 생각을 마친 영실은 올케에게 가게를 부탁하고 어디론가 갈 준비를 했다.",
    "Summary3": ""
  },
  "filename": "SCRIPT-fm_drama-33015-00048.json"
}