{
  "Meta": {
    "doc_id": "SCRIPT-fm_drama-33009",
    "doc_category": "SCRIPT",
    "doc_type": "fm_drama",
    "doc_name": "33009_NC_아버지가이상해09_2017.txt",
    "author": "KBS",
    "publisher": "KBS",
    "published_year": "2017",
    "doc_origin": "아버지가이상해09",
    "passage_id": "SCRIPT-fm_drama-33009-00012",
    "passage": "해설]몽 따지.\n현관밖, 굳게 닫힌 현관문을 바라보는 안타까운 한 수. 용기를 내어 이번엔 문을 두드리기 시작한다. 거실, 중희 샤워를 마치고 하의만 걸치고 나오는데, 문 두드리는 소리와 함께 “안에 있으면 잠깐 얘기 좀 하자. 잠깐이면 돼! 안에 있지?” 소리 들린다. 황당한 중희. “아직 안 갔어?” 잠시 현관쪽 돌아보다, “아무도 없거든요” 혼잣말로 무시하고 그대로 방으로.\n현관밖, 한 수 답답하고 안타깝다. “설마 벌써 나갔나?” 거실, 중희 외출복 차림으로 나온다. “아 배고파.. 설마 아직 있는 거 아니겠지?”. 인터폰으로 다가가 버튼 눌러 현관문 밖을 보면, 한 수가 딱 서있다. 엇! 공연히 놀라 뒤로 물러서는 중희. “아씨.. 왜 저러고 있어?”.. 배가 더 고파진다. 주방으로 향한다. 주방, 중희 다가와 냉장고 연다. 생수와 양배추 당근 뿐이다. 탁 닫고, 이번에는 냉동고를 여는데, 냉동 실의 냉동 닭다리가 툭 떨어진다. “악! 아야아! ” 아파하는 중희.\n현관밖, “아야아~” 소리 들린다. 벽에 기대 서서 어찌해야 하나 고민하던 한 수 퍼뜩 반갑다. 거실, 중희 발등을 잡고 폴짝 거린다. “아우씨” 진짜 아픈데 벨 소리 울린다. 뭐야?! 짜증스레 휙 돌아보는 중희. 인터폰으로 절뚝이며 다가간다. 모니터 보면 역시 한 수다..\n중희](화가 난다)..진짜 여러 가지로 도움이 안되네애? (노려보다 인터폰 받는다)...뭡니까아? 볼일 없다니까!? 한 번만 더 벨 누르면 경비 불러 쫓아 냅니다?! (탁 끊는다)\n해설]현관밖, 한 수 얼른 “저기 잠깐만” 하는데 탁 끊어지는 인터폰 소리. 매정하게 끊어진 인터폰을 바라보는 한 수. 이제 와서 포기할 수는 없다. 망설이다 다시 인터폰을 누른다.\n주방, 중희 돌아서는데 다시 벨 소리. 확 열이 오른다. 중희 휙 돌아보면 역시 액정에 떠있는 한 수 모습. 중희 인터폰 받아 탁 끊어버린 후 경비실 버튼 누른다. “여보세요.. 경비실이죠? 여기 201혼 데요” 현관밖, 경비 한 수를 타박하며 밀어 붙인다 “가세요 여기 잡상인 막 들어오고 그런데 아녜요!” 한 수 당황해 “아녜요 저는 잡상인이 아니구요..” 하지만 막무가내로 경비에게 밀린다.\n한 수]“알겠습니다 잠시만요 갈께요”...\n해설]한 수 다가가 쇼핑백 챙겨 들고 안타깝게 현관 한 번 돌아본 후 나선다."
  },
  "Annotation": {
    "Summary1": "중희는 찾아온 한수를 무시하고 시간이 지나도 문 앞에서 움직이지 않는 한수에게 짜증이 난 중희는 경비를 불러 쫓아낸다.",
    "Summary2": "한수는 중희 집 문을 두드리나 중희는 답하지 않는다. 시간이 흘러도 한수는 떠나지 않고 배가 고파진 중희는 냉동고를 열다 발에 냉동 닭다리가 떨어져 비명을 지르고 이를 한수가 듣는다. 벨을 누른 한수에게 중희는 화를 내며 경비를 부르고 한수는 경비에게 쫓겨난다.",
    "Summary3": ""
  },
  "filename": "SCRIPT-fm_drama-33009-00012.json"
}