{
  "Meta": {
    "doc_id": "SCRIPT-fm_drama-33010",
    "doc_category": "SCRIPT",
    "doc_type": "fm_drama",
    "doc_name": "33010_NC_아버지가이상해10_2017.txt",
    "author": "KBS",
    "publisher": "KBS",
    "published_year": "2017",
    "doc_origin": "아버지가이상해10",
    "passage_id": "SCRIPT-fm_drama-33010-00042",
    "passage": "해설]복녀 거실.\n소파에 앉아 텔레비전 보는 복녀. 1박 2일 시청 중이다. 복녀 깔깔거리며 시청 중이다. 서재에서 나온 규택 못마땅한 표정으로 그런 복녀를 본다.\n규택]비켜봐. 나 볼 꺼 있어..\n복녀]나중에 봐요 지금 한참 재밌는데 (깔깔깔 웃는)\n규택]벌써 몇 시간째야?수준 떨어지게 허구헌 날 저딴 거나 보고...\n복녀](발끈) 저딴 거라뇨? 국민을 웃게 해주고 얼마나 건강한 프론 데요. 그리고 당신 아들 직업이 바로 저딴 거 만드는 예능 피디라구요?\n규택](좀 할 말이 없다) 리모콘이 내놔. 나 볼 꺼 있어. (휙 복녀 손에서 리모콘 잡아 챈다)...\n복녀]왜 이래요?\n해설]이미 규택이 리모콘 들고 채널 돌리고 있다. 복녀 미워서 일어나 달려 들어 리모콘 빼앗으려 하고, 규택은 안 뺏기려 실갱이 하다, 복녀 그만 “뽕” 방구를 뀐다. 규택 오만상 찌푸리고, 복녀도 좀 민망하다.\n복녀]어머 갑자기 왜 이러지...(그런데 냄새까지) 어머 (손으로 공기를 마구 흔든다)\n규택]아아...(오만상 찌푸리며 격한 싫음 표현. 멀찍이 떨어져 바둑 채널 튼다)...\n복녀](민망하다)...그러는 자기는 허구헌 날 저딴 바둑이나 보면서.\n해설]그때 벨소리. “누굳이?” 인터폰으로 다가가는 복녀. 인터폰 들고 반색한다. “어머 언니??” <시간 경과> 현관으로 언니 들어선다. 복녀 반갑게 맞는다.\n복녀]웬일이야 연락도 없이?\n언니]지나는 길에 잠깐 들렀어. 나 왔어요 제부?\n규택](어정쩡하게 서서 무뚝뚝하게) 오셨어요.\n언니](들고 온 파이 상자 보이며) 파이 좀 사 왔는데 같이 먹어요.\n규택]전 됐습니다. 보던 게 있어서요. (다시 돌아서면)\n언니]은퇴하고 놀아서 그런가 살이 좀 붙으셨네. 웃이 너무 스타트 한거 아니에요?\n규택](돌아보고) 별로 타.이.트 (한자한자 강조) 하지 않습니다.\n복녀](이해 못했다. 주방으로 향하며) 들어가. 따뜻한 아이스 아메리카노 한잔 줘?\n언니]좋지.\n규택](그 말에 어이가 없어서)...뭐? 따뜻한 아이스 아메리카노?"
  },
  "Annotation": {
    "Summary1": "규택이 복녀의 행동을 못마땅해 하고 있는데 복녀의 언니가 찾아오고, 계속 말을 틀리는 둘을 보며 규택이 어이없어 한다.",
    "Summary2": "티비 예능을 보며 깔깔대고 있는 복녀를 규택이 못마땅하게 보다가 리모콘을 빼앗는다. 두사람이 리모콘을 가지려 실갱이 하던중 복녀가 방구를 뀌자 규택이 격하게 싫음을 표현하고 복녀는 민망해한다. 이때 복녀의 언니가 찾아오고 복녀와 언니가 계속 말을 틀리게 하자 규택이 어이없어 한다.",
    "Summary3": ""
  },
  "filename": "SCRIPT-fm_drama-33010-00042.json"
}