{
  "Meta": {
    "doc_id": "SCRIPT-fm_drama-33006",
    "doc_category": "SCRIPT",
    "doc_type": "fm_drama",
    "doc_name": "33006_NC_아버지가이상해06_2017.txt",
    "author": "KBS",
    "publisher": "KBS",
    "published_year": "2017",
    "doc_origin": "아버지가이상해06",
    "passage_id": "SCRIPT-fm_drama-33006-00060",
    "passage": "해설]아빠 분식 내부(앞).\n중희 문 열고 들어선다. 소리에 테이블 닦다 돌아보는 한 수.\n한 수]...죄송합니다...오늘 영업이 끝났는데요..\n중희](두 세걸음 다가와 선다. 삐딱하게 보며)...변한 수씨?\n한 수](??)...예.. 제가 변한 수입니다만?\n중희](빤히 한 수 보다. 피식 웃는다)...\n한 수]누구신지..?\n중희]...누굴까요? 내가?\n한 수](몇걸음 다가와 보다가)...아~ 어제 오셨던 분이시네. 양주 놓고 가신...가만 양주가...(카운터 쪽으로 다가가려는데).\n중희]땡! 틀렸습니다!\n한 수](그 말에 돌아본다)...어제 그분 아니세요?그럼...누구신지?\n중희]몰라요? 진짜? 아~ 모르는구나?이걸 모를 수가 있구나?\n한 수](이게 무슨 상황인지 모르겠다).\n중희](웃음 터진다) 와하...레알 모르네? 근데 어떻게 모르지??이걸 모를 수가 있어?\n해설]웃으며 내부를 휘젓고 다니는 중희. “모르네...모를 수가 있어?” 웃으며 왔다 갔다 하던 중희 의 시선에 카운터의 사진이 눈에 들어온다. 한 수네 가족사진이다. 중희 그 순간 웃음기가 가신다. 한 수를 돌아보며 검지손가락으로 사진을 가리키며.\n중희]당신 아들입니다, 나!\n- 6부 끝 -"
  },
  "Annotation": {
    "Summary1": "중희가 아빠 분식으로 찾아가 한수에게 자신이 한수의 아들이라 주장한다.",
    "Summary2": "중희는 아빠 분식에 가서 한수에게 자신이 누군지 묻는다. 한수는 중희가 맞혀보려 하지만 끝내 중희를 기억하지 못한다. 중희는 자신을 모르는 한 수를 어이없어 하다가 카운터에 있는 가족 사진을 가리키며 자신이 한수의 아들이라고 한다.",
    "Summary3": ""
  },
  "filename": "SCRIPT-fm_drama-33006-00060.json"
}