{
  "Meta": {
    "doc_id": "SCRIPT-fm_drama-33002",
    "doc_category": "SCRIPT",
    "doc_type": "fm_drama",
    "doc_name": "33002_NC_아버지가이상해02_2017.txt",
    "author": "KBS",
    "publisher": "KBS",
    "published_year": "2017",
    "doc_origin": "아버지가이상해02",
    "passage_id": "SCRIPT-fm_drama-33002-00006",
    "passage": "해설]캠퍼스, 도서관 앞 계단.\n정환, 빠르게 달려 내려온다. 남동문1 마주 올라오다 정환을 발견하고 부른다. “차정환? 어디가?” 정환 그대로 내달리며 “혜영이 만나러. 영화 보기로 했어.” \n혜영네 빌라 앞(밤).\n정환 초조하고 애타는 모습으로 혜영네 집을 올려다보며 음성녹음 중이다..\n정환]혜영아, 대체 왜 그래?무슨 일 있어?내가 뭐 잘못했어?잘못했으면 잘못했다고 말을 해줘야 알지?혜영아 제발 나와서 얘기 좀 해. (버튼 누른다)\n해설]<다른 날. 낮> 정환 입구가 보이는 곳에 서서 혜영이 나오도록 기다린다. 더욱 초췌하고 초조한 모습이다. 핸드폰 꺼내 문자 찍는다..\n정환e]혜영아, 내가 다 고칠께. 내가 다 잘못했어...제발 좀 만나 혜영아.\n해설]<또 다른 날. 밤> 비가 내리고 있다. 정환 다른 위치에 서서 혜영을 기다리다 쌓여있던 건축 자재 걷어찬다..\n정환]나와봐 쪼옴. 야 변혜여영?? 대체 왜 이러는 건데애??"
  },
  "Annotation": {
    "Summary1": "정환은 혜영에게 잘못했다고 연락하며, 만나달라고 한다.",
    "Summary2": "학교 캠퍼스 안에서 정환은 남동문1의 부름에도 불구하고 혜영을 만나러 달려간다. 혜영의 집 앞으로 간 정환은 혜영에게 자신의 잘못을 반성하고 앞으로 개선하겠다며, 만나달라고 연락을 한다. 정환은 비가 내리는 날에도 혜영을 기다리며 나와달라고 외친다.",
    "Summary3": ""
  },
  "filename": "SCRIPT-fm_drama-33002-00006.json"
}