{
  "Meta": {
    "doc_id": "SCRIPT-fm_drama-33023",
    "doc_category": "SCRIPT",
    "doc_type": "fm_drama",
    "doc_name": "33023_NC_아버지가이상해23_2017.txt",
    "author": "KBS",
    "publisher": "KBS",
    "published_year": "2017",
    "doc_origin": "아버지가이상해23",
    "passage_id": "SCRIPT-fm_drama-33023-00011",
    "passage": "해설]마루+ 화장실 앞 (몽 따지).\n유주 준영 주방에서 나오는데, 혜영 라영(수건 들고)이 화장실로 다가가 막 문을 열려 한다.\n준영]얘들아 잠깐! 미안한데 니들이 안방 화장실 좀 써. 아직 유주씨는 안방 드나들기가 좀 그렇잖아.\n혜영/라영](마땅찮지만)...알았어 (재빨리 안방으로) / (역시 못마땅하지만, 재빨리 안방으로)\n유주]고마워요 준영씨 (얼른 화장실 문 열고 안으로 향해 문 닫는다).\n해설]준영 그 모습 보다 이내 주방으로. 중희 [중희time]들고 내려와 노크하지만 “안에 있어요.” 소리 듣고 아~~ 급해서 다리를 꼬고. \n해설]중희 벤 내부.\n문 열리고 중희 올라탄다. 미영 조수석에 앉아 시동 건다.\n미영](돌아보고) 회사로 가실 거죠?\n중희]어, 가서 잠깐 대본 좀 보고, 액션 스쿨로 가자.\n미영]넵... (살피다) 저기 안배우님.. 감사합니다.\n중희](모르는 척) 뭐가?\n미영]유주요.., 근데 그러지 않으셔도 되요. 저 때문에 괜히 김팀장이랑..(채어)\n중희]너 때문 아니다. (괜히 변명) 나 모르는 사람이 내 차에 타는 거 되게 싫어해..\n미영](아니라고 하지만 중희 마음 알겠다. 씩 웃으며) 넵~ 그럼 출발하겠습니다."
  },
  "Annotation": {
    "Summary1": "유주는 준영의 배려에 고마워하고, 미영은 고마움을 표하지만 변명하는 중희를 보고 그의 마음을 알고는 웃는다.",
    "Summary2": "혜영과 라영이 화장실을 가려다 준영이 유주 때문에 안방 화장실을 써 달라고 하자 마지못해 응하고, 유주는 그런 준영에게 고맙다고 말한다. 한편, 중희가 벤에 올라타서 미영에게 회사에 들렀다 액션 스쿨로 가자고 한다. 미영이 유주 문제로 감사함을 표하고, 중희는 그 때문이 아니라고 변명하지만 미영은 중희 마음을 눈치채고 씩 웃는다.",
    "Summary3": ""
  },
  "filename": "SCRIPT-fm_drama-33023-00011.json"
}