{
  "Meta": {
    "doc_id": "SCRIPT-fm_drama-33014",
    "doc_category": "SCRIPT",
    "doc_type": "fm_drama",
    "doc_name": "33014_NC_아버지가이상해14_2017.txt",
    "author": "KBS",
    "publisher": "KBS",
    "published_year": "2017",
    "doc_origin": "아버지가이상해14",
    "passage_id": "SCRIPT-fm_drama-33014-00015",
    "passage": "해설]의무실 앞 복도.\n의무실로 들어가는 철수. 복도 끝에서 나타나 의무실로 걸어오는 라영. 들어가지는 못하고 의무실 복도 창문 너머로 내부를 훔쳐본다. 창문 틈 사이로 손목에 붕대 감고 있는 철수 보인다.\n라영]아이 씨... 멋있는 건 지 혼자 다 해... (괜히 짜증) 어뜩해.. 멋있어어! \n해설]택배 물류센터 사무실 (밤).\n쇼파에 긴장한 채로 나란히 앉아있는 영식과 준영. 유니폼 조끼 입고 지나가는 사람들 힐끔 힐끔 본다. 사무실 직원 영식과 준영에게 다가와 간단한 신상정보 기입하는 서류 한 장씩 내민다.\n직원]이거 작성하시구요, 두 분 다 질병은 없으시죠?\n영식]그럼요~.\n준영]더할 나위 없이 튼튼합니다!\n해설]준영과 영식에게 유니폼 조끼 나눠주는 직원. 준영, 영식 위에 겉옷 벗고 유니폼 조끼 껴 입는다. 그때 벗어둔 준영 겉옷에서 살짝 삐져나온 준영 핸드폰. 진동으로 전화가 온다. 액정 유 주님♥ 하지만 준영 전화 온 줄 모르고 사무실 직원을 따라 사무실을 나선다."
  },
  "Annotation": {
    "Summary1": "택배 물류센터 사무실에 온 준영과 영식은 유니폼을 갈아입고 일하러 가는데 그때 유 주님 에게 온 전화를 준영이 못 받는다.",
    "Summary2": "의무실로 들어간 철수는 손목에 붕대를 감고 있고 창문으로 철수를 보고 있던 라영은 철수를 멋있어한다. 밤에 택배 물류센터 사무실에 간 영식과 준영은 직원이 준 서류를 작성한 뒤 유니폼 조끼를 껴 입고 직원을 따라 사무실을 나선다. 그때 준영 핸드폰으로 유 주님 이라는 사람에게 전화가 오고, 준영은 이를 모르고 나간다.",
    "Summary3": ""
  },
  "filename": "SCRIPT-fm_drama-33014-00015.json"
}