{
  "Meta": {
    "doc_id": "SCRIPT-fm_drama-33001",
    "doc_category": "SCRIPT",
    "doc_type": "fm_drama",
    "doc_name": "33001_NC_아버지가이상해01_2017.txt",
    "author": "KBS",
    "publisher": "KBS",
    "published_year": "2017",
    "doc_origin": "아버지가이상해01",
    "passage_id": "SCRIPT-fm_drama-33001-00030",
    "passage": "해설]방송국 사무실.\n중희 거칢없이 걸어 들어와 CP 자리로 다가온다. 매니저 부지런히 뒤따라 다가오고. CP 다가오는 중희를 보자마자 화들짝 얼른 몸을 낮춰 피해 보지만, 중희 곧바로 CP에게 다가와 선다.\n중희]부장님 안녕하세요? (매니저 중희 뒤에서 꾸벅 인사한다).\nCP](마치 그제야 본 척) 아이고 이게 누구야. 안중희씨! (손 내밀고 반기지만)\n중희](악수받지도 않고 흥분해 몰아붙인다.) 저 부장님한테 서운합니다. 굳이 그렇게 8년 전 영상을 내보내 사람 우습게 만드셔야 해요? 제가 그 영상 때문에 발연기의 아이콘으로 등극해 얼마나 웃음꺼리가 되고 맘고생 했는지 부장님이 누구보다 잘 아시죠?\n부장]아니 (변명할 틈을 주지 않고)\n중희]이제 좀 사람들에게 그 영상도 잊혀지고, 연기자로 자리 잡아 가고 있는데...오늘 인터넷 댓글 보셨어요? 저 또다시 발연기의 아이콘으로 등극했어요. 거기다 교묘하게 악마의 편집까지 해서 사람 완전 개호구 웃음꺼리 됐구요오?\nCP]오해야 오해. 나도 방송 내보내는지 전혀 몰랐다가 오늘 아침에야 알았어요.\n중희]부장니임!\nCP](중희의 사나운 눈빛에, 짐짓 과장되게) 야 차정환이 지금 어딨어? 이 자식 당장 튀어오라고 해?\n여자E]차선배 지금 편집실 있는데요?\n중희](그 말에 휙 돌아선다)...\nCP](저 눈치 없는 것. 대답한 쪽 째려보고 뒤따른다)..."
  },
  "Annotation": {
    "Summary1": "중희는 CP에게 8년 전 영상을 내보내 다시 발연기의 아이콘으로 등극했다며 몰아붙인다.",
    "Summary2": "중희는 CP에게 가서 8년 전 영상을 내보내 사람을 우습게 만들어야 했냐며 서운하다고 한다. 중희는 연기자로 자리 잡아가고 있는데 다시 발연기의 아이콘으로 등극했다고 CP를 몰아붙인다. CP는 차정환을 당장 부르라고 한다.",
    "Summary3": ""
  },
  "filename": "SCRIPT-fm_drama-33001-00030.json"
}