{
  "Meta": {
    "doc_id": "SCRIPT-fm_drama-33009",
    "doc_category": "SCRIPT",
    "doc_type": "fm_drama",
    "doc_name": "33009_NC_아버지가이상해09_2017.txt",
    "author": "KBS",
    "publisher": "KBS",
    "published_year": "2017",
    "doc_origin": "아버지가이상해09",
    "passage_id": "SCRIPT-fm_drama-33009-00023",
    "passage": "해설]가비 주차장.\n미영 달려온다. 중희 카니발에 오르고 있다. 미영 전속력으로 달려 와 중희 뒤따라 카니발에 오르려는데,\n중희]타려고?\n미영](숨 고르며) 예.\n중희]왜?\n미영](당황)...안배우님 가시는 길엔 늘 동행을 해야 하니까.\n중희]걸어와 그럼.. 아.. 걷기에는 너무 먼가?\n미영](얼른 어색한 미소)...예.. 어디로 가시는지 모르겠지만.\n중희]그럼 뛰어 와..\n미영](절로 미소가 사라진다. 아차 싶어 다시 어색한 미소로) 저기 (하는데)\n중희](쳐다도 안 보고, 잡상인 쫓듯 손으로 내리라는 동작)...\n미영](보다 결국 뒷걸음질로 내린다)...\n태부](문앞에 서서 미영이 내리자 문 탁 닫아주고 안타까운 표정으로 작게)..전화할게.\n미영](고개 끄덕인다)...네...\n해설]카니발 문 탁 닫히고 출발한다. 남겨진 미영 야속하게 멀어지는 카니발 바라본다."
  },
  "Annotation": {
    "Summary1": "중희는 중희의 차에 타려는 미영에게 뛰어오라며 쫓아내고 미영은 차에 못 탄 채 혼자 남겨진다.",
    "Summary2": "미영은 급하게 뛰어와 중희의 차에 타려고 하는데 중희가 왜 타냐고 묻고 미영은 당황한다. 중희는 걷든지 뛰어오라며 미영을 쫓아내고 태부는 미영에게 미안해한다. 중희는 그렇게 가버리고 미영은 혼자 남겨진다.",
    "Summary3": ""
  },
  "filename": "SCRIPT-fm_drama-33009-00023.json"
}