{
  "Meta": {
    "doc_id": "SCRIPT-fm_drama-33008",
    "doc_category": "SCRIPT",
    "doc_type": "fm_drama",
    "doc_name": "33008_NC_아버지가이상해08_2017.txt",
    "author": "KBS",
    "publisher": "KBS",
    "published_year": "2017",
    "doc_origin": "아버지가이상해08",
    "passage_id": "SCRIPT-fm_drama-33008-00039",
    "passage": "해설]규택 서재(밤).\n복녀 우편물 들고 문 열고 들어온다. 한쪽에 침대 떡하니 놓여있는 서재 풍경. 새삼스레 미운 듯 침대를 보지만, 이내 책상으로 다가가 우편물 내려놓는데, a4 용지에 인쇄된 시 <인생>을 발견한다. 지은이 차규택이다..\n복녀]...어머.. 언제부터 시를 다 썼어... (읽기 시작한다) 인생!버나드 쇼가 말했다.. 선생님, 금요일에 결혼하면 불행하다던데 정말인가요? 그럼요 금요일이라고 예외일 것 같나요? 쇼는 어떻게 알았을까? 나 한때 시인을 꿈꿨으나, 지금은 한낱 퇴직자가 되버렸다.. 낭비한 적 없는 청춘은 나도 몰래 흘러가 버렸다.. (어쩐지 감동적이다).. 가혹한 인생아.. 한순간의 실수로 지옥의 불구덩이에 떨어졌고.. 감옥 없는 창살에 갇혀 고통의 세월을 견디는 수인의 마음... 아아 짜라투스트라는 언제 오는가? 언제쯤 벗어날 수 있을까? 짧은 순간 수줍던 소녀는 이제 보기만 해도 몸서리 쳐지고.. 아아 고통의 굴레! 영겁의 오복녀! (뭐가 뭔지 모른채 나름 감동적으로 읽다가, 마지막 문장에서 왈칵 빡침이 올라온다) 뭐?고통의 굴레, 영겁의 오복녀?\n해설]복녀 빡침이 가라앉자 왈칵 설움이 올라온다. 다시 시를 본다.\n복녀]...몸서리가 쳐져? 감옥 없는 창살? 한순간의 실수로 지옥의 불구덩이?.(울먹울먹 진심으로 서러움이 치받친다)...내가 이런 인간을 남편이라고 여태 살아왔다니...(분하고 서러워)..."
  },
  "Annotation": {
    "Summary1": "복녀는 규택의 서재에 들어와 규택이 쓴 시를 읽고, 시의 내용에 서러워한다.",
    "Summary2": "복녀가 규택의 서재에 우편물을 들고 와 미운 듯 침대를 쳐다본다. 규택의 책상에서 시를 발견해 읽던 복녀는 시의 내용에 설움이 올라온다. 복녀는 다시 시를 보고는 진심으로 서러워한다.",
    "Summary3": ""
  },
  "filename": "SCRIPT-fm_drama-33008-00039.json"
}