{
  "Meta": {
    "doc_id": "SCRIPT-fm_drama-46050",
    "doc_category": "SCRIPT",
    "doc_type": "fm_drama",
    "doc_name": "46050_DC_오작교형제들50_2011.txt",
    "author": "KBS",
    "publisher": "KBS",
    "published_year": "2011",
    "doc_origin": "오작교형제들50",
    "passage_id": "SCRIPT-fm_drama-46050-00022",
    "passage": "해설]병실/ 밤.\n창식 간이침대서 잠들어 있고, 복자는 소파서 잠들어있다. 태희만이 깨어서 할머니 머리맡에 앉아있다. 태희 할머니 손을 잡고 간절한 마음으로 기도한다..\n태희E]...할머니...제발 눈 좀 떠보세요?할머니 이렇게 정신 못 차리시면 할머니 새끼 제정신으로 못사는 거 아시죠?제가 잘못했어요 할머니...돌아가신 아버지가 저와 무슨 상관이냐고 했던 말...결코 진심 아니었어요...저 아직 할머니께 효도도 못했구요?할머니께서 그렇게 소원하시는 장가도 못 가잖아요?최소한 할머니 새끼 장가가는 건 보셔야죠?할머니...눈 좀 떠보세요?\n해설]눈가가 젖어드는 태희. 간절하게 간절하게 할머니 손을 꼭 잡고 기도한다. \n병원 외경/ 아침.\n병원 주차장.\n운전석의 제하 잠에서 깬다. 정신을 차리자마자 옆자리를 보면, 자은 이 없다. 간이담요만이 자리에 놓여있다. 뒷자리의 인호는 간이담요 덮고 잠들어 있다. 제하 차문 열고 내린다."
  },
  "Annotation": {
    "Summary1": "태희는 병실에서 할머니 손을 잡고 간절히 기도하고, 병원 주차장에서 깬 제하는 옆자리에 자은이 없는 걸 본다.",
    "Summary2": "밤에 병실에서 태희만 깨어 할머니 손을 잡고 간절한 마음으로 기도한다. 태희는 돌아가신 아버지가 자신과 무슨 상관이냐고 했던 말은 진심이 아니었다며 할머니에게 눈 좀 떠 보라고 한다. 병원 주차장, 제하는 운전석에서 깨자마자 옆을 보는데 자은이 없고, 뒷자리의 인호가 잠들어 있는 걸 보고 차 문을 열고 내린다.",
    "Summary3": ""
  },
  "filename": "SCRIPT-fm_drama-46050-00022.json"
}