{
  "Meta": {
    "doc_id": "SCRIPT-fm_drama-46029",
    "doc_category": "SCRIPT",
    "doc_type": "fm_drama",
    "doc_name": "46029_DC_오작교형제들29_2011.txt",
    "author": "KBS",
    "publisher": "KBS",
    "published_year": "2011",
    "doc_origin": "오작교형제들29",
    "passage_id": "SCRIPT-fm_drama-46029-00032",
    "passage": "해설]고시원 방안.\n자은 한쪽에 두려움 가득해 웅크리고 앉아 있고, 사채1 방문을 닫고 바깥을 슬쩍 망보는 중이고, 사채2는 다시 핸드폰 통화버튼 눌러 귀에 댄다. 자은 그 모습 보다가.\n자은]...대체 빚이 얼마길래 그래요?\n사채](본다)...팔천. 그것도 오늘 안에 갚아야 팔천!\n자은](팔천? 기막히다)...알았어요 내가 갚을테니까...오늘은 그만들 돌아가세요.\n사채1](허! 헛웃음)...얘 진짜 재 밌는 애네?우리야 좋지. 누가 갚든 갚아주기만 하면...(다가와 앉는다) 그래서? 언제, 어떻게 갚을 껀데?\n자은]...당장은 돈이 없지만...돈 생기는 대로 갚을께요..\n사채2]...알고 튄 거 아녜요?벌써 한 시간 넘었잖아요? 전화 계속 안받아요?\n사채1]에이...(열 확 받았다 자은 을 본다) (자은 을 거칠게 일으켜 세운다)...얘 데려가.\n자은]왜 이래요? 내가 돈 갚아 준다니까요?\n해설]사채1 먼저 나가고, 사채2 다가와 자은 을 낚아채 끈다. 자은 놀라서 “놔요, 이거 놔요?” 버텨보지만, 단숨에 끌려나가는 자은."
  },
  "Annotation": {
    "Summary1": "팔천의 빚 독촉을 하러 사채업자들이 찾아와 한 시간 넘게 전화가 안 되자 사채1의 명령으로 사채2가 자은을 끌고 나간다.",
    "Summary2": "사채는 오늘 안에 팔천을 갚으라며 빚 독촉을 하고 자은은 기막혀 하며 갚을 테니 돌아가라고 한다. 사채1이 헛웃음 치며 어떻게 갚을 거냐고 묻지만 자은은 당장은 돈이 없고 생기는 대로 갚는다 하는데, 사채2는 사채1에게 전화한 지 한 시간이 넘었는데 계속 안되는지 확인한다. 그러자 사채1은 열받은 듯 자은을 데려가라고 하고 사채2에게 자은이 끌려 나간다.",
    "Summary3": ""
  },
  "filename": "SCRIPT-fm_drama-46029-00032.json"
}