{
  "Meta": {
    "doc_id": "SCRIPT-fm_drama-46027",
    "doc_category": "SCRIPT",
    "doc_type": "fm_drama",
    "doc_name": "46027_DC_오작교형제들27_2011.txt",
    "author": "KBS",
    "publisher": "KBS",
    "published_year": "2011",
    "doc_origin": "오작교형제들27",
    "passage_id": "SCRIPT-fm_drama-46027-00034",
    "passage": "해설]복도.\n엘리베이터에서 내린 수영 걸어간다. 뒤따라 내려 걸어가는 태범. 그때 맞은편에서 걸어오는 국장과 지환. 지환 걸어오는 수영을 본다. 반갑게 미소 짓는다..\n지환](반가운) 차수영!\n수영](보며 어? 반갑고 놀라운) 선배?\n태범](뒤따라오다 멈춰 본다. 선배?)\n지환](웃으며 다가와) 야 이게 얼마 만이야? (다짜고짜 수영을 품에 안는다) 반갑다!\n태범](주춤! 당황해 두 사람 본다).\n수영](살짝 당황)! (밀어내며) 선배?\n지환](수영 볼 살짝 꼬집으며 귀엽다는 표정 역력)...자식! 여전하구나? (미소).\n태범](얼굴 확 굳어진다)!\n수영](반가운 미소) 어떻게 된 거에요? 미국 갔단 소식은 들었는데?\n국장](다가오며) 공부장 차팀장이랑 아는 사이였어?\n지환]예. 대학 때 제가 죽어라 따라다닌 친굽니다? 4년을 구애했는데 끝까지 안받아줬어요?\n태범](어이없어 보는)...\n수영](웃으며) 선배! (하다)...부장? 그럼 혹시 새로 온다는 사회부장이 선배에요?\n지환](미소) 그렇게 됐어. 너 아이비씨에 있는 줄 알았으면 진작에 왔을텐데?\n국장]지금도 늦지 않았어? 차팀장 아직 솔론데 좋은 인연 한 번 꽃 피워보라구?\n수영](웃는)...국장님까지 왜 그러세요?\n국장](핸드폰 울리면) 먼저들 가 있어? (돌아서 간다).\n지환]정말 아직 솔로야? 이야...더 반가운데? (수영 어깨에 손 올리고) 가면서 얘기하자?\n수영](따라가며) 진짜 어떻게 된 거에요? 살아는 있었네?\n태범]...\n해설]두 사람 뒤로 남겨진 태범. 기막히고 화나는 시선으로 두 사람 바라본다. 수영 어깨에 손 올리고 가는 지환도 화나지만 지환의 손을 뿌리치지 않고 걸어가는 수영의 모습에 더 화가 난다. 뭐야 저여자? 기가 막히고 화가 나서 휙 뒤돌아 가는 태범. 가다가 다시 열받아서 뒤돌아 두 사람 쳐다본다..\n태범](기막혀)!"
  },
  "Annotation": {
    "Summary1": "수영을 본 지환이 반갑게 인사하며 어깨에 손을 올리자 뿌리치지 않는 수영을 본 태범은 기막혀 한다.",
    "Summary2": "태범은 엘레베이터에서 내린 수영을 뒤따라 가고 맞은편에서 국장과 지환이 같이 오는데 지환은 수영에게 반갑게 인사한다. 수영은 지환을 선배라고 부르고 지환은 웃으며 다짜고짜 수영을 안는데 국장이 아는 사이였는지 묻자 대학 때 쫓아다니던 여자가 수영이라고 한다. 지환이 어깨에 손을 올리는데 가만히 있는 수영의 모습을 본 태범은 기막혀한다.",
    "Summary3": ""
  },
  "filename": "SCRIPT-fm_drama-46027-00034.json"
}