{
  "Meta": {
    "doc_id": "SCRIPT-fm_drama-46023",
    "doc_category": "SCRIPT",
    "doc_type": "fm_drama",
    "doc_name": "46023_DC_오작교형제들23_2011.txt",
    "author": "KBS",
    "publisher": "KBS",
    "published_year": "2011",
    "doc_origin": "오작교형제들23",
    "passage_id": "SCRIPT-fm_drama-46023-00010",
    "passage": "해설]안방/ 밤.\n창식과 복자 잠 못 이루고 이불 펴고 앉아 있다. 말없는 두 사람...멀거니 허공만 바라본다..\n창식]...참말로 뭐라 표현할 길이 없네 이 착잡허고 참혹한 심정을...\n복자]...\n창식]...농장 돌려주자...어?당신 결심 굳혔지?농장 돌려주기로?그러니께 아까 그 여자 앞에서 그런 소리 한거지?\n복자]...\n창식]내일 애들 부른다?불러서 이사 준비하자고 말해?대답을 좀 해봐?\n복자]...\n창식]...말을 좀 해보라니까. 무슨 생각인지? 어떤 심경인지?박복자? 이 답답허고 징그런 여편네야?속에 담아두고 혼자 끙끙 앓지 말고 말을 좀 해봐?각서 훔쳐다 저 안에다 모셔둔그날부터 당신 엇다 대고 말 한마디 못 하고 혼자서 속이 썩어 문드러졌을 꺼 아녀?말을 좀 해보라니까?\n복자](허공 어딘가에 처연한 시선 던져두고 말이 없다)...\n창식](안타깝고 화나고)...그려 걍 그러구 속이 썩어 문드려져라...그 고집을 누가 말려?그려도 이번엔 안돼. 소용 없어. 낼 애들 불러 돌려줄 꺼여. 그런지 알어!\n해설]창식 눕는다. 이불 확 끌어당겨 등 돌리고 누워 버린다. 복자 그 모습 힐끔 보다.\n복자](허공 어딘가에 처연한 시선 던져둔 채, 그대로 미동도 안고 앉아 있다)..."
  },
  "Annotation": {
    "Summary1": "창식은 복자에게 농장을 돌려주자고 하지만 복자는 계속 대답이 없고 말을 걸다 화난 창식은 내일 돌려 준다며 누워 버린다.",
    "Summary2": "창식은 복자에게 농장을 돌려주자며 복자도 그러기로 결심한 거냐고 묻는다. 하지만 복자는 아무 말도 안 하고 창식이 속에 담아두지 말고 말 좀 해보라고 해도 복자는 계속 대답이 없다. 화난 창식은 내일 돌려 준다며 누워 버리고 복자는 그 모습을 힐끔 보다가 그대로 앉아 있다.",
    "Summary3": ""
  },
  "filename": "SCRIPT-fm_drama-46023-00010.json"
}