{
  "Meta": {
    "doc_id": "SCRIPT-fm_drama-33013",
    "doc_category": "SCRIPT",
    "doc_type": "fm_drama",
    "doc_name": "33013_NC_아버지가이상해13_2017.txt",
    "author": "KBS",
    "publisher": "KBS",
    "published_year": "2017",
    "doc_origin": "아버지가이상해13",
    "passage_id": "SCRIPT-fm_drama-33013-00047",
    "passage": "해설]중희 오피스텔 앞.\n태부가 운전하는 카니발 오피스텔 입구에 정차한다. 미영 조수석에 타 있다. 미영, 태부 카니발에서 내려 오피스텔 입구 기웃거리는데 중희 걸어 나온다. 미영 꾸벅 인사하며 카니발 문 열어준다.\n미영]오셨습니까. 배우님.\n태부]오늘은 중요한 날이라 제가 직접 모시려구요.\n중희](미영 힐끗 보고 태부에게) 잘 했어. (카니발에 탄다)\n해설]카니발 내부 (운행 중).\n태부 운전하며 백미러로 중희 힐끔거린다. 중희 오마보 대본에 집중해 있다. “어떻게 그래. 아버지가 형을 얼마나 찾았는데..” 대사 중얼거리며 긴장했는지 간간이 후... 한숨을 내 뱉는다.\n중희]커피 사왔지? 줘.\n미영](눈치 보며 텀블러 건넨다).\n중희](받아서 한 모금 마시는데 커피가 아니다) 뭐야 이거?! 커피 아니잖아.\n미영]카페인이 몸을 긴장시키는 효과가 있어서요. 오늘 안 그래도 리딩 때문에 긴장되실 것 같아서.. 모과차로 준비를 했습니다! (백미러로 눈치 슬쩍 보고) 그게 목에도 더 좋습니다.\n중희]커.피.\n태부](미영에게 눈짓한다)\n미영](커피 꺼내서 중희에게 건넨다)"
  },
  "Annotation": {
    "Summary1": "태부와 미영이 중희를 반기고, 중희가 오마보 대사를 외다 커피를 청하자 미영은 모과차를 줬다가 마지못해 커피를 준다.",
    "Summary2": "태부는 오피스텔 입구에 카니발을 주차하고 중희가 나오자 미영은 차문을 열며 반긴다. 태부는 중요한 날이니 직접 모신다며 중희에게 말하고, 중희는 오마보 대본에 집중해 대사를 중얼거리다 한숨을 쉰다. 중희가 커피를 달라고 하자 미영은 카페인이 몸을 긴장시킨다며 모과차를 줬지만, 중희는 다시 커피를 요청한다.",
    "Summary3": ""
  },
  "filename": "SCRIPT-fm_drama-33013-00047.json"
}