{
  "Meta": {
    "doc_id": "SCRIPT-fm_drama-46054",
    "doc_category": "SCRIPT",
    "doc_type": "fm_drama",
    "doc_name": "46054_DC_오작교형제들54_2011.txt",
    "author": "KBS",
    "publisher": "KBS",
    "published_year": "2011",
    "doc_origin": "오작교형제들54",
    "passage_id": "SCRIPT-fm_drama-46054-00010",
    "passage": "해설]봉안당.\n갑년 다가온다. 다가오던 갑년 주춤 선다. 저만큼 창훈의 단 앞에 자은 이 서있다. 자은 창훈의 단을 바라보며 단 옆에 설치된 거치대에 꽃다발을 정성스럽고 예쁘게 꽂는다...\n갑년](그 모습 바라보는 마음. 한없이 복잡하다)...\n자은](꽃을 다 꽂고 단을 바라본다. 진심을 다 해 사죄를 드린다)...\n갑년](그 모습 바라보는 마음. 한없이 복잡하다)...\n자은](단을 바라보며 진심으로 사죄한다)...\n해설]자은 단을 향해 목례를 한 후 돌아서 간다. 갑년 등 돌리고 멀어져가는 자은 을 바라본다. 자은 멀어져 가면 갑년 단으로 다가온다. 다가온 갑년 자은 이 꽂고 간 꽃다발을 바라보다 뽑아든다. 갑년 울컥 치미는 감정에 꽃다발을 바닥에 던질 듯 하다 주춤 멈춘다. 자은 이 무슨 죄라고...차마 던져버리지 못하는 갑년...갑년 다시 꽃다발을 바라본다. 예쁜 꽃이다...갑년 결국은 꽃다발을 다시 거치대에 꽂는다..\n갑년](꽃다발을 아프고 복잡한 시선으로 한없이 바라본다)..."
  },
  "Annotation": {
    "Summary1": "갑년은 자은이 창훈의 단에 와 꽃다발을 꽂고 진심으로 사죄를 하고 돌아간 뒤 자은의 꽃다발을 던지려다가 다시 꽂는다.",
    "Summary2": "자은은 창훈의 단에 와 거치대에 꽃다발을 정성스럽게 꽂고 이 모습을 갑년이 보고 멈춘다. 자은은 단을 바라보며 진심으로 사죄를 하고 갑년은 그 모습을 복잡한 마음으로 바라본다. 자은이 돌아간 뒤 갑년은 자은이 꽃은 꽃다발을 뽑아 던지려다가 다시 거치대에 꽂는다.",
    "Summary3": ""
  },
  "filename": "SCRIPT-fm_drama-46054-00010.json"
}