{
  "Meta": {
    "doc_id": "SCRIPT-fm_drama-33014",
    "doc_category": "SCRIPT",
    "doc_type": "fm_drama",
    "doc_name": "33014_NC_아버지가이상해14_2017.txt",
    "author": "KBS",
    "publisher": "KBS",
    "published_year": "2017",
    "doc_origin": "아버지가이상해14",
    "passage_id": "SCRIPT-fm_drama-33014-00031",
    "passage": "해설]주차장.\n퇴근길 주차장을 가로질러 퇴근하는 라영. 팩트 거울 보며 메이크업 확인하고 탁 닫아 핸드백에 넣고 고개 드는데.. 저 앞에 서 있는 철수가 보인다. 어? 다가가려는데 철수 앞으로 와서 서는 고급 차 한 대. 차에서 내리는 영희. 내리자마자 철수를 끌어안는다. 라영 저도 모르게 근처 차 뒤로 몸을 숨긴다.\n영희]... 보고 싶었어..\n철수](어른스럽게 마주 안아주며) 잘 지냈어?\n영희]니가 없는데.. 내가 어떻게 잘 지내?\n철수]나 없어도 잘 지내야지.. 마른 거 봐..\n영희]잠깐 타. 줄 거 있어...\n라영]..남자끼리 무슨 대화가 저렇게 애틋해??\n해설]라영 고개 갸우뚱한다. 철수 영희 그 사이에 영희 차에 오르고, (철수 조수석, 영희 운전석) 라영 고개 쭉 빼서 차 안의 철수와 영희 관찰한다. 영희 주머니 부스럭 거리더니 철수에게 작은 반지 케이스 내민다. 받아서 열어보는 철수.\n라영]저거 꼭 티파니 반지같이 생겼는데..??\n해설]철수 반지 받고 감동받은 표정으로 영희를 본다. 씩 웃고는 철수를 향해 팔 벌리는 영희. 철수 자연스레 영희에게 안긴다. 라영 눈 동그래지고..\n라영](놀라 손으로 입을 가린다) 뭐..야? 저 시츄에이션??\n해설]<인서트 13부 27씬 철수-애인이 없었어도 변강사님은 제 스타일 아닙니다. >.\n라영]... 설마..? 여자들한테 관심이 너무 없긴 했는데! 박코치의 취향이 그럼????.(충격이다!)"
  },
  "Annotation": {
    "Summary1": "숨어서 철수와 영희의 모습을 지켜 보던 라영은 남자 둘이 반지를 주고받고 포옹하는 모습을 보자 충격을 받는다.",
    "Summary2": "퇴근하던 라영은 주차장에서 차에서 내리는 영희가 철수를 끌어안는 모습을 보고 몸을 숨긴다. 남자 둘이 애틋해 보이는 걸 이상하게 여긴 라영은 영희와 철수가 차에 타자 그 모습을 관찰한다. 영희가 철수에게 반지를 내밀고 서로 포옹하자 라영은 깜짝 놀란다.",
    "Summary3": ""
  },
  "filename": "SCRIPT-fm_drama-33014-00031.json"
}