{
  "Meta": {
    "doc_id": "SCRIPT-fm_drama-46028",
    "doc_category": "SCRIPT",
    "doc_type": "fm_drama",
    "doc_name": "46028_DC_오작교형제들28_2011.txt",
    "author": "KBS",
    "publisher": "KBS",
    "published_year": "2011",
    "doc_origin": "오작교형제들28",
    "passage_id": "SCRIPT-fm_drama-46028-00004",
    "passage": "해설]식당 밖/ 밤.\n태희 문 닫고 나와 앞만 보고 걸어온다. 동민 얼른 따라 붙으며.\n동민]...왜 그래요? 백자은씨랑 무슨 일 있죠?두 사람 서로 말도 안고 눈도 안 마주치고...혹시...두 사람 그동안 사겼었어요?\n태희](대꾸 안고 앞선다)...\n해설]태희 앞만 보고 걷는다. 먹먹한 가슴...\n음식점/ 밤.\n자은 말없이 앞만 보고 앉아 있다. 마음이 안좋다. 제하, 앞자리에 옮겨가 앉아 그런 자은 을 본다..\n제하]백자은 씨?\n자은](그제야 정신 차리고 보는)...예?\n제하]자은 씨도 저녁 생각 별로 없죠?\n자은]예...\n제하]그럼 우리도 나갑시다...사무실로 가서 본격적인 일 얘기 시작해요.\n자은]저기...죄송한데요...제가 조금만 더 생각할 시간을 주시겠어요?제가 아직 일할 준비가 되어 있는지 자신이 없어서요...\n제하](망설이는 표정 보다)...좋아요...단...장고 끝에 악수를 둘 수도 있으니까...딱 하루만 더 줄께요. 잘 생각해 봐요...마음만 굳히면 조건은 무조건 최고 대우 해줄께요..\n자은]예...경솔하게 이랬다 저랬다 죄송합니다...\n제하](보는)..."
  },
  "Annotation": {
    "Summary1": "동민은 가슴이 먹먹한 태희에게 자은과의 관계를 묻고 제하는 준비가 안 되어 자신 없는 자은에게 하루 생각할 시간을 준다.",
    "Summary2": "식당을 나온 태희에게 동민은 눈도 안 마주친다며 자은과의 관계를 묻고 태희는 먹먹하여 앞만 보고 간다. 마음이 안 좋은 자은의 앞에 앉은 제하는 자은을 부르고 그제서야 정신 차린 자은에게 사무실로 가서 일 얘기를 하자고 한다. 자은은 준비가 안되어 자신이 없다며 생각할 시간을 더 달라고 하고 제하는 딱 하루만 준다며 오면 최고 대우해 준다고 한다.",
    "Summary3": ""
  },
  "filename": "SCRIPT-fm_drama-46028-00004.json"
}