{
  "Meta": {
    "doc_id": "SCRIPT-fm_drama-46031",
    "doc_category": "SCRIPT",
    "doc_type": "fm_drama",
    "doc_name": "46031_DC_오작교형제들31_2011.txt",
    "author": "KBS",
    "publisher": "KBS",
    "published_year": "2011",
    "doc_origin": "오작교형제들31",
    "passage_id": "SCRIPT-fm_drama-46031-00018",
    "passage": "해설]근린 공원.\n태범 태희 벤치에 나란히 앉아있다. 손에 커피잔 하나씩 들려있다..\n태희](보는) 말해? 뭔데?\n태범](공연히) 야 잠도 좀 자가며 일해? 왜 삼일씩 밤을 새?봐라 이 얼굴 창백한 거?\n태희]무슨 얘긴데 그래?(보면)\n태범](그제야) 그...니 어머니...작은엄마?한국에 돌아 오셨어.\n태희](표정 굳어진다)...\n태범]올 초에 일가가 다 같이 들어왔더라...너한테 알려줘야 할 꺼 같애서.\n태희]...\n태범]한 번 만나보는 건 어때?나는 그러는 것도 좋을 꺼 같은데?(반응 없자)...6살 때 이후로 한 번도 본 적 없지?\n태희](뚫어지게 허공만 보다)...있어 한 번.\n태범](의외다)...있어?언제? 계속 미국에 사셨잖아?\n태희](그제야 본다)...기억 안나? 내가 왜 형 입학금 들고 튄 적 있잖아?\n태범](그제야)...나 고3때?너 그때 그럼 영어캠프 갔던 게?\n태희]...어...그때 워싱턴 디씨에 살고 있었거든!\n태범](놀라 보는)...야 그럼 진작 그렇다고 말을 하지...그래서 만났어?\n태희](선뜻 말을 못 꺼내고 눈빛 흔들린다)...봤지! 정확하게 말하면.\n태범]...\n태희](툭툭 위악적으로 내뱉는다) 못 알아 보더라구...그냥 스쳐 지나갔어...무려 형 대학 입학금까지 강탈해 그 먼 곳까지 날아가 다섯 시간을 기다렸던 건데...(힐끔 태범 본다) 혹시나 못 알아볼까 코앞까지 다가가 섰는데...어? 웬 낯선 애가 서있네?힐끔 보더니 일초의 망설임도 없이 그냥 스쳐 지나가더라?난 단박에 알아봤는데.\n태범]...\n태희]...그래도 엄마라는 사람은 최소한 지 자식은 알아봐야 하는 거 아냐?(보는)안 그래?\n태범](동생의 눈빛에서 그때의 상처 고스란히 느낀다)...\n태희]...그때 결심했지...언젠가 늙어서 찾아보기만 해봐라...보란 듯 오늘 이 순간 피눈물 나게 되갚아 주리라...보란 듯이 꼭 뱉어줘야지 “누구세요?실례지만?”.\n태범](위악을 부리는 동생의 마음이 느껴져 가슴이 서늘해진다)...\n태희]...그런데 왔다고?드디어 그 순간이 온 거야?만나러 오겠지?그래도 내가 아들인데, 사람이면 한 번은 만나러 올 꺼야? 안 그래?\n태범]...그래...그렇겠지?\n태희](그 말에 웃는다)...그렇겠지?야 이 악물고 버텨온 보람이 있네?15년 악착같이 얼마나 학수 고대했는데?드디어 그 환희와 복수의 카타르시스의 순간이 오는 거야?기대되는데?(다시 웃어 보이는)\n해설]충격을 흡수하지 못하고 위악을 부리며 현실을 부정하는 태희다. 어딘지 모른가 서늘한 태희의 미소에서 태범의 마음이 싸해진다."
  },
  "Annotation": {
    "Summary1": "태희는 미국에서 아들인 자신을 몰라봤던 엄마가 한국에 돌아왔다는 얘기를 듣고 똑같이 되갚겠다고 복수를 다짐한다.",
    "Summary2": "태범은 태희에게 태희 엄마가 한국에 돌아왔음을 알리며 한번 만나 볼 것을 권한다. 태희는 태범이 고 3일 떄 태범 입학금을 들고 튀어서 미국에 엄마를 보러 갔었는데 엄마가 자기를 못 알아 보고 지나쳤던 일을 얘기한다. 그 때 받은 상처에 태희는 자기를 엄마가 찾으러 오면 누구냐며 모르는 척할 거라고 다짐한다.",
    "Summary3": ""
  },
  "filename": "SCRIPT-fm_drama-46031-00018.json"
}