{
  "Meta": {
    "doc_id": "SCRIPT-fm_drama-33008",
    "doc_category": "SCRIPT",
    "doc_type": "fm_drama",
    "doc_name": "33008_NC_아버지가이상해08_2017.txt",
    "author": "KBS",
    "publisher": "KBS",
    "published_year": "2017",
    "doc_origin": "아버지가이상해08",
    "passage_id": "SCRIPT-fm_drama-33008-00038",
    "passage": "해설]마루(밤).\n한 수 문 닫고 돌아서 테이블 다가와 앉는다. 준영 계단에서 내려서 다가온다. 안방에서 웃음소리 흘러 나온다.\n준영]얘들 아직도 엄마 방에 있어요?\n한 수]어. 엄마 계 탔어 오늘. 딸들 셋이나 다 끼고 누워 팩 얹고 있어.\n준영]팩이요?(어이없는 웃음) 안피곤하신가? 그래도 더 쉬셔야 할 텐데.\n한 수]저게 쉬는 거야.. 엄마 아프다고 딸 셋다 일찍 들어와주고.. 엄마 지금 행복할 거야.. 니 덕분이야.\n준영](칭찬이 영 쑥스럽다)...에이 제가 뭐 한게 있다고...물 마시러 내려 왔어요 (주방으로 향하는데)\n한 수](보다).. 힘들지?\n준영](가려다 멈추고 돌아본다)...아이 뭐.. 당연히 힘들어야죠..\n한 수]힘들어도 조금만 더 기운 내...거의 다 왔잖아?뭐 먹고 싶은 거 있으면 언제든 얘기하고.\n준영]...예...(생각도 못 한 아버지의 격려에 공연히 마음이 찌릿 시큰하다)...(주방으로)\n한 수](그 모습 본다)..."
  },
  "Annotation": {
    "Summary1": "준영은 엄마가 쉬어야 한다며 걱정하고 한수는 엄마는 딸들과 팩하는 것이 쉬는 것이기 때문에 지금 행복할 거라고 말한다.",
    "Summary2": "준영이 애들이 아직도 엄마 방에 있는지 묻자 한수는 엄마가 딸 다 끼고 누워 팩을 한다고 말한다. 준영은 엄마가 쉬어야 하는거 아니냐며 걱정하지만, 한수는 저게 쉬는거라며 행복할 거라고 한다. 한수는 준영에게 힘드냐고 물어보며 먹고 싶은 거 있으면 말하고 해 준영은 마음이 시큰하다.",
    "Summary3": ""
  },
  "filename": "SCRIPT-fm_drama-33008-00038.json"
}