{
  "Meta": {
    "doc_id": "SCRIPT-fm_drama-46028",
    "doc_category": "SCRIPT",
    "doc_type": "fm_drama",
    "doc_name": "46028_DC_오작교형제들28_2011.txt",
    "author": "KBS",
    "publisher": "KBS",
    "published_year": "2011",
    "doc_origin": "오작교형제들28",
    "passage_id": "SCRIPT-fm_drama-46028-00019",
    "passage": "해설]편집실.\n급하게 들어오는 태범과 수영. 편집실에 공부장 앉아있고 그 뒤에 국장 서 있다. 잔뜩 굳은 얼굴의 국장 태범 들어오자 버럭 소리친다.\n국장]황기자 대체 누굴 인터뷰해온 거야아? 제대로 확인도 안해보고 인터뷰 해?\n태범](이해가 안 간다) 그게 무슨? (하는데)\n공부장]어제 황기자가 인터뷰한 사람은 이만복씨가 아니라 이만복씨의 쌍둥이 동생 이천복씨야?\n태범]네?\n수영]쌍둥이 동생이요?\n공부장]인터뷰할 때 뭔가 이상하단 느낌 안 들었어? 그동안 인터뷰를 마다하고 숨어 지낸 사람치고는 굉장히 적극적으로 인터뷰하던데? 그걸 눈치 못채? 결정적으로 장원대에 기부한 시기를 9월에서 8월로 잘못 얘기했는데도...몰랐어?\n태범]...\n수영]...벌써 예고 나갔을텐데 그럼 어떡하죠?\n국장]공부장이 아침에 진짜 이만복씨 만나서 다시 인터뷰해왔어? 공부장 영상 좀 다시 틀어봐?\n공부장]예. (버튼 누르면).\n해설]화면에 진짜 이만복 할아버지의 인터뷰 나온다. 병색이 완연한 모습이다. (가짜 이천복 할아버지 입가에 있던 점이 이만복 할아버지에겐 없다) 겸손하고 차분한 모습으로 인터뷰한다.\n만복E]...뭘 대단한 일을 했다구 자꾸 찾아와?나는 부끄러운 거 투성인 사람이야...(영상 스톱된다)\n태범](한 대 맞은 듯한 충격에 멍하다)...\n국장](꼴도 보기 싫다) 공부장 아니었음 어쩔 뻔했어? 차팀장이 이 영상 편집 마무리해서 넘겨?（나가는).\n수영]예...죄송합니다 국장님...(국장 나가면) 미안해요 선배..\n태범](그제야) 죄송합니다..\n지환](굳은 얼굴로 일어난다. 태범 보는) 황태범...너 나한테 제대로 찍혔다?니가 이러고도 기자 자격이 있다고 생각해?\n태범]...\n수영]...\n지환](쏘아보다) 차팀장은 잠깐 나 좀 볼까? (나간다)\n수영]...예...(태범에게 뭐라 얘기하고 싶지만...말 못 하고...지환 따라간다)...\n태범](혼자 남겨져서 굴욕감에)..."
  },
  "Annotation": {
    "Summary1": "국장은 태범이 이만복인지 이천복인지 확인도 안 하고 인터뷰를 해왔다며 나무라고, 수영에게 영상 편집을 맡긴다.",
    "Summary2": "국장은 인터뷰한 사람이 이만복인지 쌍둥이 동생 이천복인지 제대로 확인도 안 해봤냐며 태범을 나무란다. 공부장이 아침에 진짜 이만복을 만나 인터뷰한 영상에 태범은 충격을 받고, 국장은 공부장이 아니었으면 어떡할 뻔했냐며 수영에게 영상 편집을 지시한다. 지환은 태범에게 화를 내고서 수영에게 잠깐 이야기 좀 하자고 하고, 수영은 지환을 따라나간다.",
    "Summary3": ""
  },
  "filename": "SCRIPT-fm_drama-46028-00019.json"
}