{
  "Meta": {
    "doc_id": "SCRIPT-fm_drama-33009",
    "doc_category": "SCRIPT",
    "doc_type": "fm_drama",
    "doc_name": "33009_NC_아버지가이상해09_2017.txt",
    "author": "KBS",
    "publisher": "KBS",
    "published_year": "2017",
    "doc_origin": "아버지가이상해09",
    "passage_id": "SCRIPT-fm_drama-33009-00045",
    "passage": "해설]방송국 사무실.\n정환 자리로 다가온다. 연지 종범 앉아 있다. 어딘가 기운이 없고, 정환 시선 피하고 있다.\n정환](눈치 못 채고) 점심들 맛있게 먹었어? (앉으려는데)\n종범]형.. 부장님이 부르세요.\n정환]부장님이?(돌아보면 CP 자리에서 보고 있다. 슬쩍 외면하고)...왜?\n종범](차마 먼저 말 못하겠다)...모르겠어요.\n해설]정환 무슨 일이지? 부장에게 다가간다. 연지 자료 보는 척 외면하고 있다가 그제야 고개를 들다, 눈에 안스러움 가득이다. 정환 다가와 선다.\n정환]...찾으셨어요?\n부장]어 그래.. (선뜻 말이 안나와) 그 말야.. 개편 때 오늘의 연애를 폐지키로 했어.\n정환](보는)...폐지라뇨? 간판 프로그램을 폐지라는 경우도 있어요?\n부장]그 간판 프로그램 저지경까지 시청률 떨어뜨린 사람이 누군데?\n정환]말씀 드렸잖아요? 그건 포맷 자체가 노후해서 어쩔 수가 없는 하락이라고.\n부장]그러니까 폐지한다고.\n정환]모든 프로그램이 다 수치로만 평가받아야 합니까? 오늘의 연예는 그럼에도 불구하고.\n부장]광고가 다 떨어져 나가는데 어쩌자고? 광고 하나도 안붙는 프로그램 만들 재간 있어?\n정환]...\n부장]이번 녹화가 막방이야. 마무리 잘 하고.. 당분간 대기해..\n정환](뭐?)...\n해설]후우~~ 정환 화를 추스르느라 시선 돌린다. 그제야 사무실 사람들 시선이 일시에 자신에게 쏠려 있는 모습을 본다. 정환이 돌아서자 다들 재빨리 시선 피하거나 일 하는 척. 저만큼 연지와 종범도 정환과 눈 마주치자 시선 피한다. 정환 애써 의연한 척 나선다. 그러나 자신을 한심하게 여기는 사람들의 연민과 동정의 시선 여실히 느낀다."
  },
  "Annotation": {
    "Summary1": "부장에게 오늘의 연애가 폐지된다는 말을 들은 정환은 감정을 다스리지만 자신을 향한 직원들의 동정 어린 시선을 느낀다.",
    "Summary2": "정환은 부장의 부름을 받고 간 자리에서 오늘의 연애가 폐지된다는 말을 듣는다. 정환은 간판 프로그램을 폐지하는게 어디있냐며 항의해 보지만 종범은 시청률이 낮아지고 광고가 다 떨어져 나가서 더 이상 방송을 만들 수 없다고 한다. 정환은 화를 추스리려 해보지만 사무실 직원들이 자신을 동정과 연민으로 바라보는 것을 느낀다.",
    "Summary3": ""
  },
  "filename": "SCRIPT-fm_drama-33009-00045.json"
}