{
  "Meta": {
    "doc_id": "SCRIPT-fm_drama-33022",
    "doc_category": "SCRIPT",
    "doc_type": "fm_drama",
    "doc_name": "33022_NC_아버지가이상해22_2017.txt",
    "author": "KBS",
    "publisher": "KBS",
    "published_year": "2017",
    "doc_origin": "아버지가이상해22",
    "passage_id": "SCRIPT-fm_drama-33022-00058",
    "passage": "해설]방송국 계단.\n정환 계단 위에서 기다리고 있다. 저만큼 택시 다가와 선다. 혜영 택시에서 내려 정환을 돌아본다. 혜영 계단을 오르고, 정환 계단을 내려간다. 두 사람 서로에게 다가와 멈춰 선다..\n혜영](미소 조금)...잘 지냈어?\n정환](미소 짓지 못한다)...그다지...너는?\n혜영]...나도 그다지...\n정환]...\n혜영]...선배... 나 많이 생각해 봤는데...정말 이해가 안 가?왜 우리가 헤어져야 해? 우리 서로 사이랑하잖아? 선배는 나 안 사이랑해?\n정환]...사이랑해.\n혜영]...그런데 왜?\n정환]...나는 평범해 혜영아.. 너를 감당하기에는... 나는 그저 사이랑하는 여자이랑 결혼해서 오래오래 행복하게 살고 싶은 평범한 남자야... 그래서 너를 감당할 수가 없어.\n혜영]...\n정환]...생각해 보니, 8년 전 그런 일이 있었는데도 나를 다시 만나 준 거...쉽지 않았을 텐데... 고마워...잠깐이었지만, 세상에서 변혜영을 가장 많이 아는 남자로 지낼 수 있어서... 행복했어...\n혜영](눈물이 난다)...선배.\n정환]...그리고 미안해... 너를 감당할 그릇이 못 되서...\n혜영](아무 말 못 하고 눈물만 흐른다)...\n해설]정환도 눈물 난다. 정환 눈물 보이지 않으려 그대로 외면하고 멀어져 간다. 혜영 아무 말도 못 하고, 잡지도 못 하고, 터져 나오는 눈물만 떨구며 멀어지는 정환을 바라본다.\n- 22부 끝 -"
  },
  "Annotation": {
    "Summary1": "정환은 혜영을 사랑하지만 평범한 자신은 혜영을 감당 할 수 없다는 이유를 들어 이별을 말하며 가고 혜영은 눈물을 흘린다.",
    "Summary2": "방송국 계단에서 정환과 혜영이 마주 멈춰섰고 좋지 못한 표정으로 서로의 안부를 묻고 있다. 혜영은 서로 사랑하는데 헤어져야 하는 이유를 물었고 정환은 평범한 자신이 혜영을 감당할 수 없다고 답한다. 정환은 행복했던 지난 날에 대한 고마움과 더불어 미안함을 표현하고서 눈물을 보이지 않으려 멀어졌고, 혜영은 그런 정환을 바라보며 눈물을 흘리고 있다.",
    "Summary3": ""
  },
  "filename": "SCRIPT-fm_drama-33022-00058.json"
}