{
  "Meta": {
    "doc_id": "SCRIPT-fm_drama-33008",
    "doc_category": "SCRIPT",
    "doc_type": "fm_drama",
    "doc_name": "33008_NC_아버지가이상해08_2017.txt",
    "author": "KBS",
    "publisher": "KBS",
    "published_year": "2017",
    "doc_origin": "아버지가이상해08",
    "passage_id": "SCRIPT-fm_drama-33008-00027",
    "passage": "해설]구민센터 회의실.\n주간회의 중. 센터장, 여강1, 여강2, 남강1, 남강2, 그리고 라영 철수 앉아있다. (여자 강사들 한쪽에 두 명 앉아있고, 남자 강사들 사이에 라영 끼어 앉아있다. 철수는 라영 옆옆 자리) 센터장 페이퍼 보며 일장 연설 중이다. 강사들 시큰둥하게 듣고 있다.\n센터장]보안문제도 있고 하니 일과 후에는 센터에 상주하는 인원 없도록 해 주세요. 10시 이후에는 무조건 퇴실하셔야 합니다. 뭐 얼마 전 밤 11시경 샤워실 온수기가 작동했다는 말이 있던데! (e) 강사님들은 아니라고 믿어보겠습니다..\n해설]철수 샤워실이라는 말이 나오자마자 라영 눈치 본다. 라영 그런 철수의 시선을 느끼고 슬쩍 철수 쪽으로부터 의자 돌려 등을 보인다. 철수 난감하고, 고민스럽고, 어쩌지? 싶다..\n센터장]이상! 끝..\n해설]센터장 자리에서 일어나 나가면 강사들 건성으로 “수고하셨습니다.” 인사하고. 일어나 기지개 켜며 하나 둘 씩 나간다. 라영도 일어나 회의실을 나가려 하는데 철수 급하게 라영에게 다가가.\n철수]저기 저이랑 이야기 좀 (하는데)\n라영]전 할 이야기 없거든요? (빠른 걸음으로 앞서가면)\n철수](급히 따라붙어 당황해 변명)..저기 어제 일은요.. 제가 원래 다 벗고 샤워하는 사람이 아닌데 어쩌다(채어)\n라영](경악해 본다) 미쳤나봐?!\n철수]아니 아뇨 그게 아니라 (하기도 전에)\n해설]라영 도망치듯 회의실을 빠져나가고 혼자 덩그러니 남겨진 철수.\n철수](머리 감싸 쥐고, 주둥이 때리고) 미치겠네. 진짜!"
  },
  "Annotation": {
    "Summary1": "회의에서 샤워실 얘기가 나오자 철수는 라영의 눈치를 보고, 회의 후 라영에게 어제의 일을 변명하자 라영이 경악한다.",
    "Summary2": "센터장이 강사들에게 주간회의를 하며 보안 문제로 10시 이후에는 무조건 퇴실해야 된다고 말한다. 그러면서 얼마 전 밤 11시경 샤워실 온수기가 작동했다는 말이 있다고 말하자 철수가 라영의 눈치를 본다. 회의가 끝나고 사람들이 다 나가자 철수가 라영에게 이야기 좀 하자며 자기가 원래 다 벗고 샤워하는 사람이 아니라고 하니 라영은 미쳤나보다며 급히 나간다.",
    "Summary3": ""
  },
  "filename": "SCRIPT-fm_drama-33008-00027.json"
}