{
  "Meta": {
    "doc_id": "SCRIPT-fm_drama-46030",
    "doc_category": "SCRIPT",
    "doc_type": "fm_drama",
    "doc_name": "46030_DC_오작교형제들30_2011.txt",
    "author": "KBS",
    "publisher": "KBS",
    "published_year": "2011",
    "doc_origin": "오작교형제들30",
    "passage_id": "SCRIPT-fm_drama-46030-00023",
    "passage": "해설]농장 외경/ 아침.\n트럭 안.\n민박집 앞 트럭 안에서 기다리고 있는 미숙. 태식...조금 창피하고 민망한 얼굴로 걸어 나온다...머뭇 머뭇 거리다가 미숙의 트럭에 탄다..\n미숙](말없이 시동건다)\n태식]...미안 하다. 미숙아.\n미숙]...벨트나 매...집에는 태필이한테 전화해 놨어. 친구집에서 자고 바로 출근하는 걸로 어른들께 말씀 드려 달라고.\n태식]...어...고마워 (얼른 맨다).\n미숙](힐끔) 병원으로 가면 되지?\n태식]...어...그럼...정말 고맙다.\n미숙](출발한다)...\n태식](미숙 눈치 힐끔 본다)...\n해설]몽 따지.\n... 아파트 우편함에 빛의 속도로 전 단지 꽂아놓는 태필. 여울 뒤에서 놀라 지켜보고..\n... 여울 혼자 우편함에 꽂아놓는데 경비 오면 죄송합니다! 꾸벅 인사하고 후다닥 도망치는.\n... 지나가는 사람들에게 웃으며 전 단지 나눠주는 태필과 여울.. 사람들이 버리고 간 전 단지 하나 하나 다 줍는 태필. 그 모습 보고 여울도 돕고"
  },
  "Annotation": {
    "Summary1": "태식이 미숙의 트럭에 타서 미안하다고 하자 미숙은 병원으로 가면 되는지 묻고 태식은 고맙다고 한다.",
    "Summary2": "태식이 민망한 얼굴로 민박집에서 나와 머뭇거리다 미숙의 트럭에 타고 미안하다고 사과한다. 미숙은 친구 집에서 자고 바로 출근하는 걸로 어른들에게 말해 달라고 태필에게 얘기해뒀다며 병원으로 가면 되는지 묻고 태식은 고맙다고 한다. 한편, 태필과 여울은 아파트 우편함에 전단지를 넣고 지나가는 사람들에게 전단지를 나눠준다.",
    "Summary3": ""
  },
  "filename": "SCRIPT-fm_drama-46030-00023.json"
}