{
  "Meta": {
    "doc_id": "SCRIPT-fm_drama-33008",
    "doc_category": "SCRIPT",
    "doc_type": "fm_drama",
    "doc_name": "33008_NC_아버지가이상해08_2017.txt",
    "author": "KBS",
    "publisher": "KBS",
    "published_year": "2017",
    "doc_origin": "아버지가이상해08",
    "passage_id": "SCRIPT-fm_drama-33008-00066",
    "passage": "해설]중희 오피스텔 앞.\n카니발 다시 나온다. 차안의 중희 입구에 서있는 한 수를 본다. 한 수 오가는 사람들 살피고 있다. 중희를 기다리고 있음이 역력하다..\n중희]세워.. 여기 세우라고!\n태부]여기요?(차를 세운다)...좀 걸으셔야 하는데...\n해설]태부 운전석 열고 차에서 내려 다시 중희쪽으로 다가와, 중희를 부축해 차에서 내려준다..\n중희]됐어. 너 이제 가.\n태부]집까지 모셔다 드릴게요.\n중희](한 수 지켜보며).. 됐으니까 그냥 가라고!\n태부]...알겠어요. 그럼 갈 테니까 무슨 일 있으면 바로 연락 주세요!\n해설]태부 차에 올라탄다. 조수석 쪽 창문 열어 “갑니다 형님!” 중희 빨리 가라는 손짓. 태부 카니발 몰고 사라진다. 중희 그 자리에 가만히 서서 한 수를 노려본다. 중희 출입구를 향해 발걸음을 옮긴다. 한 수 문득 시선 돌리다 그런 중희를 본다.\n한 수](아!)...(맞구나)...(자신도 모르게 반가움이 스치고)...\n중희](그 모습 표정 없이 노려보며)...(입구를 향해 다가간다)...\n해설]한 수 다가오는 중희를 본다. 그런 한 수를 똑바로 쏘아보며 걸어오는 중희. 드디어 가까이 다가온 중희. 한 수 뭔가 먼저 입을 열려는데, 중희 그대로 한 수를 스쳐 지나쳐 버린다. 당황하는 한 수! 차갑게 지나치는 중희! (끝)\n- 8부 끝 -"
  },
  "Annotation": {
    "Summary1": "중희는 자신을 기다리고 있는 듯한 한수를 보자 차에서 내려 한수를 노려보며 걷다가 그를 차갑게 스쳐 지나간다.",
    "Summary2": "중희는 한수가 자신의 오피스텔 입구 앞에서 자신을 기다리고 있는 듯한 모습을 보고 태부에게 여기서 내릴 테니 가라고 한다. 태부가 집까지 태워주겠다고 하지만 중희는 굳이 태부를 보내고 한수를 노려보며 걸어간다. 중희를 발견한 한수는 반가워하며 뭔가를 말하려고 하지만 중희가 그대로 한수를 차갑게 스쳐 지나가고 한수는 당황한다.",
    "Summary3": ""
  },
  "filename": "SCRIPT-fm_drama-33008-00066.json"
}