{
  "Meta": {
    "doc_id": "SCRIPT-fm_drama-33001",
    "doc_category": "SCRIPT",
    "doc_type": "fm_drama",
    "doc_name": "33001_NC_아버지가이상해01_2017.txt",
    "author": "KBS",
    "publisher": "KBS",
    "published_year": "2017",
    "doc_origin": "아버지가이상해01",
    "passage_id": "SCRIPT-fm_drama-33001-00054",
    "passage": "해설]현관 앞 (밤).\n한 수, 영실 슬며시 문을 열고 밖을 내다본다. 서로 끌어안고 감싸 안은 채로 추위를 견디며 뭔가 얘기 나누며 어깨를 들썩이고 웃고 있는 자식들의 모습이다..\n한 수]...화해한 거지?\n영실](끄떡이며 빙그레) 설마 저러고 싸우고 있겠어?그래도 30분 채워야 돼.\n한 수](빙그레)...알았어...\n해설]부부 미소 지으며, 다시 조용히 문 닫는다. \n거실(밤).\n잘 꾸며진 넓은 거실. 인테리어며 소품이 고급스럽지는 않지만, 고가의 소파며 인테리어 소품 가구 등 열심히 꾸민 흔적이 보인다. 복녀, 넓은 거실 소파에 혼자 앉아 전화 통화 중이다..\n복녀]언제 퇴근하나 궁금해서?.오늘 두?.잠을 집에서 자야지 맨 숙직실에서 자면 어떡해?.아버지야 늘 그렇듯 서재에서 책 속의 길을 찾고 계시지?.그래. 낼은 꼭 들어와 자 (끊는다)...(텅 빈 거실에서 잠시 덩그마니)...(리모콘으로 텔레비전 켠다)"
  },
  "Annotation": {
    "Summary1": "한수와 영실은 자식들이 화해를 했나 보고 복녀는 아들이 집에 안 들어온다고 하자 빈 거실에 혼자 있다 텔레비전을 켠다.",
    "Summary2": "한수와 영실은 슬며시 문을 열고 서로 끌어안고 추위를 견디며 얘기를 나누며 웃고 있는 자식들의 모습을 보며 화해를 한 건지 확인한다. 영실은 그래도 30분 채워야 한다고 하고 한수도 빙그레 웃으며 알았다고 한다. 복녀는 잘 꾸며진 넓은 거실 소파에 앉아 아들에게 전화를 하지만 숙직실에서 잔다고 하고 텅 빈 거실에 혼자 덩그마니 있다가 텔레비전을 켠다.",
    "Summary3": ""
  },
  "filename": "SCRIPT-fm_drama-33001-00054.json"
}