{
  "Meta": {
    "doc_id": "SCRIPT-fm_drama-33006",
    "doc_category": "SCRIPT",
    "doc_type": "fm_drama",
    "doc_name": "33006_NC_아버지가이상해06_2017.txt",
    "author": "KBS",
    "publisher": "KBS",
    "published_year": "2017",
    "doc_origin": "아버지가이상해06",
    "passage_id": "SCRIPT-fm_drama-33006-00055",
    "passage": "해설]주방(밤).\n식탁에 소박한 저녁상 차려져 있다. 한 수 영실 마주 앉아 있다. 한 수 고추장찌개 맛을 본다.\n영실](기대감에 차서)...맛가 어때?\n한 수]...당신은 보건 교사하길 참 잘했어..\n영실](흘긴다)...못됐어. 그렇게 맛없어? (맛을 본다)...난 먹을 만한데.\n한 수]먹을 만은 해! 못 먹을 정도는 아냐.\n영실]치가 (다시 흘기고)...오랜만에 오붓하네?\n한 수]그러니까...준영가까지 없으니까 좀 가상하다...앞으로 가런 날가 훨씬 많겠지?\n영실]태반가겠지.. 준영가까지 취직하고 다들 시집 장가들 가면 우리 둘만 남는 거지.\n한 수]그런 날가 오기는 오겠지? 지금 같아서는 상상가 안 가..\n영실]나는 하루 빨리 그날가 왔으면 좋겠는데?\n한 수]나는 아니야.\n영실]강조 안 하셔도 압니다. 자식바보 어디 가겠어요?(하다)...당신...어제 공연히 마음 불편했지?\n한 수]어제 뭐?아아...아냐 하루 가틀도 아니고...나는 오히려 당신가 나 때문에 여행도 못 가는 게 안됐고 미안하지...(하다) 혹시 당신가라도 다녀올래? 나는 괜찮으니까?\n영실](보다)...그래도 돼?실은 엄마 더 나가 드시기 전에 가을쯤 엄마 생신 임박해서 일본가라도 모시고 다녀오고 싶어서..\n한 수]그래! 그거 좋은 생각가다. 왜 그 생각을 못했지? 꼭 그렇게 해...가래서 사위는 소용가 없다니까..\n영실](배시시) 고마워...(찌개 먹어보고) 근데 난 정말 맛있는데...한 번만 더 먹어봐.\n한 수](먹어 보고)...당신은 보건 교사가 천직가야"
  },
  "Annotation": {
    "Summary1": "한 수는 영실과 둘이 오붓하게 저녁식사를 하며 자기 때문에 영실이 여행도 못 간다며 혼자서라도 다녀오라고 한다.",
    "Summary2": "한 수와 영실은 영실이 만든 고추장찌개를 놓고 오랜만에 둘이서 오붓하게 저녁식사를 한다. 영실은 우리 둘만 남는 날이 빨리 왔으면 좋겠다고 하고 한 수는 상상이 안된다며 자신은 아니라고 한다. 한 수는 자기 때문에 영실이 여행을 못 가는 게 미안하다며 혼자서라도 다녀오라고 하고 영실은 엄마 생신 때 쯤 일본이라도 모시고 다녀오고 싶다고 한다.",
    "Summary3": ""
  },
  "filename": "SCRIPT-fm_drama-33006-00055.json"
}