{
  "Meta": {
    "doc_id": "SCRIPT-fm_drama-33001",
    "doc_category": "SCRIPT",
    "doc_type": "fm_drama",
    "doc_name": "33001_NC_아버지가이상해01_2017.txt",
    "author": "KBS",
    "publisher": "KBS",
    "published_year": "2017",
    "doc_origin": "아버지가이상해01",
    "passage_id": "SCRIPT-fm_drama-33001-00064",
    "passage": "해설]방송국 스튜디오.\n혜영 들어선다. 촬영 준비 한창인 분주한 분위기다. 혜영 둘러보며 들어선다. 스텝과 얘기하던 프로그램 조연출 (이하 조피디) 혜영을 돌아보고 다가온다..\n조피디]어떻게 오셨습니까?\n혜영]예...오늘 패널로 출연하기로 한 변혜영인데요?\n조피디]아 변혜영 변호사님?안녕하세요? 제가 전화 드린 사랑과 전쟁터 조연출 조영광입니다..\n혜영]아 안녕하세요?\n조피디]출연해 주셔서 다시 한 번 감사 드리구요?(세트쪽으로 안내해 이동하며) 전화로 말씀 드린 대로 미리 드린 질문지 안에서만 질문이 가니까 미리 준비하신 답변대로 편안하게만 하시면 되구요.\n혜영]녜, (세트며 스튜디오 둘러보며 조연출 얘기 들으며 뒤따른다)\n해설]사랑과 전쟁터 스튜디오.\n가운데 MC석, 우측에 고정 패널석 6인석 마련되어 있다. 좌측에 일반인 패널석 8인석 마련되어 있다. 패널들 속속 자리에 착석한다. 혜영은 우측 패널석에 이미 앉아 있다. 방청객들 자리에 앉아있고, 스텝들 분주히 움직인다. 남녀 MC가 다가와 패널들에게 인사한다. 혜영도 mc들과 가볍게 인사한다. (패널들, 4~50대 남1여3. 혜영, 남변호사) 스텝 “일반인 패널들 나와 주세요. 곧 시작 합니다” 외친다. 정환 양복을 갈아입고 무대로 걸어 나온다. 혜영 무심코 시선을 돌리다 들어서는 정환을 본다..\n혜영](예상 못한 정환의 등장에 놀란다)!\n정환](그런 혜영을 도전적으로 바라본다)!\n해설]그런 두 사람 모습에서!"
  },
  "Annotation": {
    "Summary1": "혜영이 패널로 출연하기로 한 스튜디오의 패널석에 앉아 있는데 예상치 못하게 정환과 마주쳐 놀란다.",
    "Summary2": "혜영이 패널로 출연하기로 한 방송 스튜디오에서 조피디의 얘기를 들으며 따라간다. 혜영은 스튜디오의 우측 패널석에 앉아서 mc들과 가볍게 인사를 나누는데 정환은 무대로 걸어 나온다. 혜영이 무심코 시선을 돌리다가 무대로 나오는 정환을 보고 놀라고 정환은 혜영을 도전적으로 쳐다본다.",
    "Summary3": ""
  },
  "filename": "SCRIPT-fm_drama-33001-00064.json"
}