{
  "Meta": {
    "doc_id": "SCRIPT-fm_drama-33008",
    "doc_category": "SCRIPT",
    "doc_type": "fm_drama",
    "doc_name": "33008_NC_아버지가이상해08_2017.txt",
    "author": "KBS",
    "publisher": "KBS",
    "published_year": "2017",
    "doc_origin": "아버지가이상해08",
    "passage_id": "SCRIPT-fm_drama-33008-00063",
    "passage": "해설]병원 주차장.\n카니발 주차되어 있다. 미영 작은 꽃다발 들고 초조하게 기다리고 있다. 그때 띠링 태부한테 문자가 온다. [형님 심기 매우 불편.\n 숨어] 미영 두리번거리다 근처 차 뒤로 숨으려는데.. 걸어오던 중희와 눈 딱 마주친다. 이런! 미영 어색하게 꾸벅 인사하며 차 뒤에서 나온다.\n미영]... 퇴원... 축하 드립니다. (꽃다발 내미는데)\n중희](쳐다도 안 보고, 카니발로 다가가) 태부야 (태부 부축받아 차에 오른다)\n미영](머쓱)...\n해설]태부 문 닫아주고 미영을 향해 “연락하께” 속삭인 후 얼른 차에 오른다. 미영 꾸벅 인사하고. 카니발 빠르게 주차장을 빠져나간다. 미영 풀 죽어 그 모습 바라본다. \n중희 카니발 내부 (달리는).\n중희 도넛 방석 깔고 앉아 눈 감고 차의 움직임에 집중하고 있다. 살짝 덜컹 할 때마다 인상 팍 쓰는. 태부 백미러로 중희 눈치 살핀다.\n태부]..행님.. 괜찮으십니까?\n중희](짜증, 백미러로 태부 노려보며) 니가 불렀지?\n태부]누구... 아 인턴이요? 그게...\n중희](이 악물고) 한 번만 더 쓸데없는 짓해라.\n태부](눈치 보며) 예 죄송합니다... 거의 다 왔습니다. 행님."
  },
  "Annotation": {
    "Summary1": "병원 주차장에서 꽃다발을 들고 기다리던 미영이 중희에게 퇴원 축하 인사를 하지만 중희는 미영을 무시하고 떠난다.",
    "Summary2": "병원 주차장에서 꽃다발을 들고 초조하게 기다리는 미영은 중희의 심기가 매우 불편하다는 태부의 문자를 받는다. 근처 차 뒤로 숨으려던 미영은 걸어오던 중희와 눈이 마주치자, 퇴원 축하 인사를 건넨다. 미영은 자신을 무시하고 떠나는 중희의 차를 풀 죽은 모습으로 바라보고, 중희는 태부에게 쓸데없는 짓하지 말라고 한다.",
    "Summary3": ""
  },
  "filename": "SCRIPT-fm_drama-33008-00063.json"
}