{
  "Meta": {
    "doc_id": "SCRIPT-fm_drama-33013",
    "doc_category": "SCRIPT",
    "doc_type": "fm_drama",
    "doc_name": "33013_NC_아버지가이상해13_2017.txt",
    "author": "KBS",
    "publisher": "KBS",
    "published_year": "2017",
    "doc_origin": "아버지가이상해13",
    "passage_id": "SCRIPT-fm_drama-33013-00050",
    "passage": "해설]KBC 복도.\n태부 미영 복도 엘리베이터 앞을 산책하듯 어슬렁거린다. 땡~하고 엘리베이터 도착음이 울리자 엘리베이터에서 내리는 사람에 집중한다. 몇몇 사람들이 내린다. 진성준은 없다.\n미영]근데... 선배님. 왜 진성준씨를 기다리고 있는 거에요?\n태부]형님이 진성준 보다 늦게 들어가야 하니까.\n미영]왜요..? 일찍 들어가면 더 성실해 보이고 좋은 거 아니에요??\n태부]얘가 아직도 뭘 모르네. 봐봐. 행님이 먼저 들어가면 이따가 진성준 들어갔을 때 행님이 자리에서 일어이나서 인사를 해야 하잖아?!\n미영]아~! 우와.. 역시 선배님은 (쌍엄지 척)\n해설]그때 엘리베이터 도착음이 들리고 미영 태부 아무렇지 않은 척 급히 어슬렁거린다. 사람 몇 명 내리고 뒤따라 진성준이 내린다. 태부 미영 눈 번쩍 뜨인다. 가볍게 목례하고 회의실로 사라지는 진성준,\n태부]이제 가서 형님 모셔 온이나.\n미영]넵!"
  },
  "Annotation": {
    "Summary1": "형님을 진성준보다 더 늦게 회의실로 보내야 하는 태부는 미영과 함께 기다리다 진성준이 지나가자 형님을 모셔온다.",
    "Summary2": "태부는 미영과 함께 진성준이 오는지 살피며 엘리베이터 앞을 어슬렁 거린다. 기다림의 이유를 미영이 묻자 형님이 더 늦게 들어가야 진성준에게 일어나 인사하는 일이 없기 때문이라고 한다. 미영이 쌍엄지를 날릴 때 진성준이 도착해 회의실로 사라지고 태부는 미영에게 형님을 모셔오라 한다.",
    "Summary3": ""
  },
  "filename": "SCRIPT-fm_drama-33013-00050.json"
}