{
  "Meta": {
    "doc_id": "SCRIPT-fm_drama-46030",
    "doc_category": "SCRIPT",
    "doc_type": "fm_drama",
    "doc_name": "46030_DC_오작교형제들30_2011.txt",
    "author": "KBS",
    "publisher": "KBS",
    "published_year": "2011",
    "doc_origin": "오작교형제들30",
    "passage_id": "SCRIPT-fm_drama-46030-00035",
    "passage": "해설]부동산 앞 거리.\n태희차 세워져 있고, 태희 차에서 내려 핸드폰으로 전화 중이다.\n태희]지나는 길에 들렀어요. 계약 끝나셨으면 모셔다 드리려구요?그래요?나오세요.\n해설]태희 전화 끊는다. 이내 문 열리고 창식과 복자 나온다. 그 뒤로 제하와 팀장 나온다. 태희 제하를 보는 순간 표정 딱 굳어진다. 제하도 나오다가 태희를 본다. 예상 못했던 일인데.\n복자]태희야?왔어...(하다 아들의 시선이 제하에게 꽂혀 있자)...우리 농장 계약하신 GNP4 분들여.\n태희](뭐! 순간적으로 확 화가 난다. 표정 더욱 굳어진다) 농장을 매입했다구요?\n창식]그려...GNP4에서 매입한다고 했잖아?우리 아들입니다.\n태희]!\n제하](역시 좀 당황스럽다)!\n복자](제하에게)...그럼 살펴 가세유...(태희에게 가며) 어떻게 시간이 난겨?\n창식]살펴 가요 (역시 태희에게 향한다)...이 근처에 볼일이 있었어?\n태희](제하에게 그제야 시선을 뗀다)...예...타세요...(보조석 문 열어주고, 아버지 타면 닫는다)...(돌아가며 다시 제하를 무섭게 쏘아본다)\n제하](느끼며 마주 본다)...\n해설]태희 운전석에 올라타 제하 노려보며 차 거칠게 출발시킨다. 제하 그모습 바라보다, 차 멀어지면 구팀장 본다..\n제하]농장 매입 아버지께서 지시하신 겁니까? 처음부터 오작교 농원을 지목 하셨어요?\n팀장]예...\n제하](후! 화 난다. 핸드폰 꺼내 이동하며) 먼저 타고 계세요. 통화 좀 할께요...(전화를 걸며 한쪽에 다가가 선다)...아버지 저에요...예 막 농장 계약 끝났습니다. 그런데 저는 이곳이 그곳인지 전혀 몰랐는데요?.저한테 미리 말씀을 하셨어야죠?.예. 사람 뒤통수 친 기분이라구요..."
  },
  "Annotation": {
    "Summary1": "태희가 농장을 매입한 사람이 제하라는 말을 듣고 화난 채 떠나고 제하는 아버지에게 전화하여 왜 미리 말 안 했냐고 따진다.",
    "Summary2": "부동산 앞에서 기다리던 태희는 제하를 보고 놀라고 제하 또한 놀라는데 복자가 농장 계약한 사람이 제하라며 태희에게 다가가 말해준다. 태희는 화가 나서 제하를 쏘아보다가 창식과 복자를 차에 태우고 떠난다. 제하는 아버지의 지시대로 매입한 농장이 오작교 농원이라는 것에 화가 나 아버지에게 전화하여 미리 말 안 해서 사람 뒤통수친 기분이라고 따진다.",
    "Summary3": ""
  },
  "filename": "SCRIPT-fm_drama-46030-00035.json"
}