{
  "Meta": {
    "doc_id": "SCRIPT-fm_drama-46029",
    "doc_category": "SCRIPT",
    "doc_type": "fm_drama",
    "doc_name": "46029_DC_오작교형제들29_2011.txt",
    "author": "KBS",
    "publisher": "KBS",
    "published_year": "2011",
    "doc_origin": "오작교형제들29",
    "passage_id": "SCRIPT-fm_drama-46029-00046",
    "passage": "해설]도로.\n태희차 달려온다. 저만큼 홍만식을 태운 승용차가 달려간다. 태희 두 세대의 차를 앞지르기 해서 악착같이 승용차를 따라붙는다. 간신히 차량 번호가 보인다.\n태희](열심히 보는) 서울3무.\n동민](역시 보다)...****네요. 서울3무**** 차적조회 할께요. (핸드폰 전화 거는) 여보세요 난데. 차 적조회좀 해줘. 서울3무 ****...뭐?\n태희]이기철?맞지?\n동민](당황해 태희를 보다)...예. 서장님 차 맞아요.\n태희](다시 분노가 치민다)...\n해설]이총경 승용차 (달리는).\n이총경]...여러 소리 안 해도 알아듣겠지? 그날 홍콩 레스토랑에서는 아무 일도 없었던 거야? 나는 백인호에게 명품시계는 커녕 볼펜 한 자루 받은 적이 없어!\n홍씨]...\n이총경]당신은 그저 입만 다물면 돼...인호는 이제 죽은 사람이야? 이미 이세상 사람이 아닌 인호 때문에 당신 가족들에게 당신의 과거가 까발려지길 원해?\n홍씨]...자은 이랑 약속 있어요. 세워줘요."
  },
  "Annotation": {
    "Summary1": "태희는 홍만식을 태운 차가 서장의 차임을 알아내고 서장은 홍씨에 자신이 백인호에게 뇌물을 받은 것을 함구하라고 한다.",
    "Summary2": "태희의 차가 홍만식을 태운 승용차를 따라붙고 태희는 동민에게 차량번호로 차적 조회를 부탁하는데 동민이 서장의 차가 맞다고 한다. 승용차 안에서 이총경은 홍만식에게 이총경이 백인호에게 뇌물을 받은 사실을 함구하라고 한다. 이총경은 이미 죽은 백인호 때문에 홍만식의 과거가 알려지기 원치 않으면 입을 다물라고 한다.",
    "Summary3": ""
  },
  "filename": "SCRIPT-fm_drama-46029-00046.json"
}