{
  "Meta": {
    "doc_id": "SCRIPT-fm_drama-46031",
    "doc_category": "SCRIPT",
    "doc_type": "fm_drama",
    "doc_name": "46031_DC_오작교형제들31_2011.txt",
    "author": "KBS",
    "publisher": "KBS",
    "published_year": "2011",
    "doc_origin": "오작교형제들31",
    "passage_id": "SCRIPT-fm_drama-46031-00025",
    "passage": "해설]편집실.\n태범 열받은 얼굴로 들어온다. 지갑 자리에 던져놓고 자리에 털썩 주저앉는다. 현욱 이쑤시개 입에 물고 따라 들어온다.\n현욱]덕분에 잘 먹었다? 꽤 나왔지?\n태범](말하기도 싫다)...\n현욱]아니 우리 부장은 못하는 게 없냐? 하다 하다 팔씨름까지 잘 해애?\n태범](열받는다)...(후우)...\n해설]그때 태범의 핸드폰 울린다. 모르는 번호. 태범 받는다..\n태범]황태범입니다. (대답없자)...여보세요?\n기사E]...제보할 게 있어서 전화 드렸습니다. 대언그룹 염승문 회장에 관한 얘깁니다.\n태범](?)...대언그룹 염승문 회장이요?\n현욱](놀라) 염승문 회장? \n해설]화장실 복도.\n태필 걸어온다. 맞은편에서 걸어오던 여자1과 스쳐 지나간다. 여자1 걸음 멈추고 돌아본다.\n여자1]휠?\n태필](걸음 멈췄다가...느낌 안 좋다. 다시 못 들은 척 걸어간다)...\n여자1](다가가 붙잡는다) 휠 맞지? (얼굴 확인하고 반색하며) 휠! 한국에 언제 온 거야?엠비에이 과정은 벌써 마쳤어? 근데 왜 연락 안 했어 휠~? (안기면)\n태필](난감, 당황, 미치겠고...밀어내며) 희연아...저기...그게.\n여자1](팔 잡아끈다) 나가자? 다시 만난 기념으로 우리 파뤼라도 해야지? 응? 휠?\n태필](안되겠다) (팔 잡아 빼며 정색) 나 여자친구이랑 왔어."
  },
  "Annotation": {
    "Summary1": "태범에게 기사가 전화해 염승문 회장과 관련된 제보가 있다 하고 여자1이 태필에게 친한 척하자 태필이 그녀를 밀어낸다.",
    "Summary2": "열 받은 얼굴의 태범에게 현욱이 다가와 덕분에 잘 먹었다고 하는데 태범의 핸드폰에 기사에게 전화가 온다. 기사는 염승문 회장과 관련된 제보가 있다고 하고 옆에서 듣던 현욱은 놀란다. 한편 여자1은 화장실 복도에서 마주친 태필을 알아보고 태필에게 친한 척하지만 태필은 여자친랑 함께 온 거라고 여자1을 밀어낸다.",
    "Summary3": ""
  },
  "filename": "SCRIPT-fm_drama-46031-00025.json"
}