{
  "Meta": {
    "doc_id": "SCRIPT-fm_drama-33008",
    "doc_category": "SCRIPT",
    "doc_type": "fm_drama",
    "doc_name": "33008_NC_아버지가이상해08_2017.txt",
    "author": "KBS",
    "publisher": "KBS",
    "published_year": "2017",
    "doc_origin": "아버지가이상해08",
    "passage_id": "SCRIPT-fm_drama-33008-00020",
    "passage": "해설]가비 엔터테인먼트 로비.\n한 수 들어선다. 둘러보면 한쪽 부스에 경비원이 있다. 한 수 다가가 선다.\n한 수].. 말씀 좀 묻겠습니다. 여기가 가비 엔터테인먼트가 있는 곳 맞지요?\n경비]예. 무슨 일이세요?\n한 수].. 여기 소속된 배우를 좀 만나고 싶어서요... 어떻게 하면 될까요?\n경비]글쎄요. (갸웃한다)...만나기 쉽지 않을 텐데?\n한 수]연락처나 주소 만이라도 알 수 없을까요?\n경비](갸웃하다)...한번 4층 사무실 올라가 문의해 보시죠?\n한 수]4층 사무실이요?\n경비]저쪽 엘리베이터 타고 올라가시면 됩니다.\n한 수]아 예. 감사합니다.\n해설]한 수 인사하고 돌아서 다가오다 엇! 당황한다. 미영이 엘리베이터에서 내려 다가오고 있다. 아니 미영이가 왜? 한 수 얼른 돌아서서 이동해 몸을 숨긴다. 미영 다가와 아빠 보지 못하고 그대로 진행해 문 열고 나간다. 한 수 그 모습 슬그머니 지켜보다, 미영 나가면 그제야 돌아본다. 그리고 그제야 떠오르는 미영 명함의 회사명.\n<플래쉬백> 미영이 주던 명함에 찍혀 있던 ‘가비엔터테인먼트 매니지먼트 1팀’.\n한 수]...아...미영이 회사가...\n해설]어쩌지? 엘리베이터 쪽 돌아보지만 선뜻 향해지지 않는다. 아무래도 안되겠다 싶다. 그대로 포기하고 입구로 향하는 한 수."
  },
  "Annotation": {
    "Summary1": "한수는 배우를 만나러 가비 엔터테인먼트에 왔다가 로비에서 나오는 딸 미영을 보고 사무실로 올라가는 걸 포기한다.",
    "Summary2": "한수는 경비원에게 가비 엔터테인먼트에 소속된 배우를 만나는 법을 묻고, 경비는 사무실에 올라가 보라고 한다. 한수는 경비와 인사하고 가던 중 엘리베이터에서 내려서 다가오는 미영을 보고 당황해하며 몸을 숨긴다. 미영은 아빠인 한수를 보지 못한 채 밖으로 나가고, 한수는 미영에게 받은 명함에 적혀있던 회사가 이곳인 걸 떠올리며 올라가는 걸 포기한다.",
    "Summary3": ""
  },
  "filename": "SCRIPT-fm_drama-33008-00020.json"
}