{
  "Meta": {
    "doc_id": "SCRIPT-fm_drama-33001",
    "doc_category": "SCRIPT",
    "doc_type": "fm_drama",
    "doc_name": "33001_NC_아버지가이상해01_2017.txt",
    "author": "KBS",
    "publisher": "KBS",
    "published_year": "2017",
    "doc_origin": "아버지가이상해01",
    "passage_id": "SCRIPT-fm_drama-33001-00026",
    "passage": "해설]우동집.\n혜영 우동을 먹다 고개 들고 쳐다본다..\n혜영]결혼?그런 걸 왜 해? 원래도 생각 없었지만 너 보니까 더 생각 없다. 밥해줘, 돈 벌어줘, 애 낳아줘, 그 애 키워줘. 경주(친구, 여)-내가 지금 내 발등을 찍고 있잖니? 만에 하나 결혼을 해도 절대 우리 집 남자 같은 사람이랑 하면 안된다. 시댁도 없고, 능력도 있고 (채어)\n혜영]너 결혼한다고 할 때 내가 뭐랬어? 남의 집 가장은 빼오는 거 아니랬지?\n경주]그래도 좀 변할 줄 알았지?\n혜영]사람은 고쳐 쓰는 게 아니래.\n경주]나보고 이기적인 여자란다.\n혜영]그럼 그냥 시크하게 이렇게 말해. ‘나는 당신을 너무너무 사이랑하니까, 당신이 나처럼 이기적인 여자이랑 평생 사는 건 못 보겠어요. 헤어져요’.\n경주]니가 괜히 변호사가 아니구나.\n혜영]한국에서 며느리는 인도로 치면 카스트 제도에서 불가촉천민 쯤 된다고 내가처음부터 얘기했지?\n경주]그 때 니 말을 들었어야 하는데...하두 주위에서 결혼결혼 압박하는 바람에.\n혜영]결혼이 국민의 의무니? (다시 먹는다)"
  },
  "Annotation": {
    "Summary1": "경주가 혜영의 말을 듣지 않고 주위의 압박 때문에 결혼을 한 것 같다 하자 혜영은 결혼은 의무감에 하는 것이 아니라 말한다.",
    "Summary2": "먹던 우동을 멈추고 혜영은 결혼 생각이 없었지만 경주를 보니 더 생각이 없어진다 말하고 친구인 경주도 맞장구를 친다. 경주가 남편에게서 이기적인 여자란 말을 들었다고 하자 혜영은 시크하게 말하며 헤어지라고 한다. 변호사인 혜영의 말을 들었어야 했는데 주위의 압박으로 결혼을 한 것 같다는 경주에게 혜영은 결혼이 무슨 국민의 의무냐 말하고는 우동을 먹는다.",
    "Summary3": ""
  },
  "filename": "SCRIPT-fm_drama-33001-00026.json"
}