{
  "Meta": {
    "doc_id": "SCRIPT-fm_drama-33015",
    "doc_category": "SCRIPT",
    "doc_type": "fm_drama",
    "doc_name": "33015_NC_아버지가이상해15_2017.txt",
    "author": "KBS",
    "publisher": "KBS",
    "published_year": "2017",
    "doc_origin": "아버지가이상해15",
    "passage_id": "SCRIPT-fm_drama-33015-00039",
    "passage": "해설]스튜디오 대기실.\n대기실에서 의상 갈아입는 중희. 흰 천으로 만들어진 간의 탈의실에서 옷 갈아입으며 밖으로 입었던 옷 하나씩 던진다. 우왕좌왕 하며 날아오는 옷 받아내는 미영. 탈의실 커튼 젖히고 나오는 중희. 초롱 중희 옷매무새 만져준다.\n중희]촬영순서 줘봐..\n미영](조르르 가져다준다)\n중희](받아서 보다가 갸우뚱) 진짜네..? 웬일로 내가 먼저야?\n미영]진성준 배우님보다 안 배우님이 선배시니까 그런 거 아닐까요?\n초롱]진성준 오늘 광고촬영 때문에 늦게 온대서 오빠가 먼저 하는 건데요.\n미영](초롱 옆구리 찌르며 말려 보지만 이미 상황 끝났다)\n중희](초롱을 곱지 않은 눈으로 보며) 넌.. 그 이야길 꼭 그렇게 집어서 해야 속이 시원하지?\n해설]대기실 문 노크하는 소리가 들린다. 미영 “네~” 대답하고 조르르 가서 문 열면 정환이 종범 데리고 들어온다..\n정환](들어오며) 안녕하세요, 메이킹 찍게 된 차정환입니다. (중희 발견)!\n중희](어? 역시 예상 못 한 정환 등장에)...차정환피디? 야~ 조상님의 지혜는 놀라워.. 원수는 외나무다리에서 만난다!\n정환]그 조상님이 이런 말도 남기셨는데? 가는 말이 고아야 오는 말도 곱다!\n중희](손에 든 카메라 보고) 메이킹? (씩 웃으며) 웬일로 예능국 피디께서 드라마 메이킹을 다 찍으시고? 아 오늘의 연애가 문 닫았지 참.\n정환](지지 않고) 오 마이 보스가 KBC기대작이라서, 특별히 예능국 PD를 파견한 건데?(중희를 아래위로 보며)...근데 기대작이라고 하기엔 출연진이 좀 약하네?\n중희](빈정 상했다) 오늘의 연애는 막방까지 최저 시청률 갱신하셨다고?\n정환](미소 머금고 노려보는)...\n중희](역시 미소 머금고 노려보는)\n미영](두 사람 사이에서 눈치 보며 당황스럽고)...\n종범](역시 눈치 살피다) 형.. 이제 촬영해야죠.\n정환]그래야지. (중희 들으라고) 여긴 뭐 찍을 것도 없고...진성준씨 언제 오나?\n해설]정환 끝까지 뒤끝 작렬하며 문으로. 중희 그 모습 노려본다. 미영 정환이 나갈 수 있도록 문 잡아주며 “잘 부탁 드립니다!” 인사한다. 정환 미영에게 형식적인 미소와 목례하고 나간다."
  },
  "Annotation": {
    "Summary1": "중희는 메이킹을 찍으러 들어온 정환과 서로 빈정거린다.",
    "Summary2": "중희가 진성준보다 자신이 촬영순서가 앞인 걸 보고 의아해하는데 초롱이 눈치 없이 진성준의 광고촬영 때문이라고 말한다. 이때 정환이 메이킹을 찍으러 들어오자 중희는 오늘의 연애가 문을 닫은 것을 거론하며 이죽거리고 이에 정환도 지지 않고 출연진이 약하다며 빈정거린다. 정환은 나가면서 진성준은 언제 오냐며 중희의 심기를 다시 건드린다.",
    "Summary3": ""
  },
  "filename": "SCRIPT-fm_drama-33015-00039.json"
}