{
  "Meta": {
    "doc_id": "SCRIPT-fm_drama-33013",
    "doc_category": "SCRIPT",
    "doc_type": "fm_drama",
    "doc_name": "33013_NC_아버지가이상해13_2017.txt",
    "author": "KBS",
    "publisher": "KBS",
    "published_year": "2017",
    "doc_origin": "아버지가이상해13",
    "passage_id": "SCRIPT-fm_drama-33013-00059",
    "passage": "해설]아빠 분식 밖 + 아빠 분식 홀 (밤).\n중희 다가와 선다. 손에 수퍼 봉지 들려 있다. 막상 오기는 왔지만, 선뜻 나서 지지는 않는다. 중희 마음의 결심을 하고 분식집 앞으로 다가온다. 중희 문을 열고 안으로 들어가려다 멈칫! 선다. 분식집 안에 가족들 모습. 즐겁고 화기애애한 분위기. (미영은 등 돌리고 있어 보지 못한다) 그 사이에서 밝게 웃고 있는 한수의 모습. 중희 그 모습에 표정 경직된다.\n중희](자신도 모르게 경직된다)!\n한 수](준영이 주는 고기 받아먹고)...(고기 집어 라영 혜영에게 먹여준다)...\n중희](뭐지 저 웃음은?왜 저렇게 웃고 있는 거지?나는 이러고 있는데...점점 가슴이 뜨거워지고 화가 치민다)...\n한 수](웃으며 시선 돌리다가, 문밖에 중희를 본다)!\n해설]당황하는 한 수. 그런 한수를 말없이 노려보는 중희. 당황하는 한 수. 한수를 노려보다 손에 든 비닐봉투 던지듯 탁 놔버리고 그대로 외면하고 가는 중희. 영실 한수를 보고 “왜? 누구 왔어?” 시선 돌린다. 문밖에 아무도 없다..\n한 수]...아냐...(그러나 당황스러움을 수습하지 못한다)...잠깐만"
  },
  "Annotation": {
    "Summary1": "중희는 분식집 앞으로 가지만 그 안에 화기애애한 모습에 화가 치밀어, 시선이 마주친 한수를 외면하고 간다.",
    "Summary2": "중희는 결심을 하고 분식집 앞으로 다가오지만 그 안에 화기애애한 가족들의 모습을 보고 경직된다. 한수의 즐거운 웃음에 중희는 화가 치밀고, 한수는 시선을 돌리다가 그런 중희를 본다. 중희는 당황한 한수를 노려보다가 손에 든 비닐봉투를 탁 놓고 가버리고, 영실은 한수를 보고 시선을 문 밖으로 돌리지만 아무도 발견하지 못한다.",
    "Summary3": ""
  },
  "filename": "SCRIPT-fm_drama-33013-00059.json"
}