{
  "Meta": {
    "doc_id": "SCRIPT-fm_drama-33009",
    "doc_category": "SCRIPT",
    "doc_type": "fm_drama",
    "doc_name": "33009_NC_아버지가이상해09_2017.txt",
    "author": "KBS",
    "publisher": "KBS",
    "published_year": "2017",
    "doc_origin": "아버지가이상해09",
    "passage_id": "SCRIPT-fm_drama-33009-00029",
    "passage": "해설]계단.\n계단 내려오는 영실. 배, 천혜향 봉투 들었다. 막 계단 내려가려는 영식. 영실 반갑게 부른다.\n영실]영식아? 오늘 출근 안 했어?\n영식](주춤 돌아본다)...출촬 갔다 잠깐 들렀어...(계단 올라와 선다. 불쌍한 우리 누나)...\n영실]엄마 집에 계시지? 과일 좀 샀어 (비닐 봉투 들어 보이는데)\n영식]누나.. 별일 없지?\n영실]별일?무슨 별일?\n영식]그냥...갑자기 그 생각 나네.. 나 사고 치고 누나가 그랬었지? 한 치 앞도 모르는 게 사람 일이고.. 뜻대로 되면 그게 인생이겠냐고? 그러니까 누나도 힘내! 어떤 일이 닥치더라도!\n영실]왜 그래 너? 혹시 뭐 또 사고 쳤어?\n영식]아아니! 그냥 누나 보니까 갑자기 옛날 생각이 나서.. 누나..내가 누나를 사랑하고 존경하는 거 알지? 힘내 누나! 파이팅!\n해설]영식 내려간다. 영실 아무래도 수상하다. “뭐지? 뭐가 있는데?” 계단을 내려간다."
  },
  "Annotation": {
    "Summary1": "영식은 영실을 보러 들렀다면서 영실에게 인생은 뜻대로 되지 않는 법이라며 힘내라 말하고, 영실은 수상해한다.",
    "Summary2": "영실은 영식을 보자 출근하지 않았냐고 묻고 영식은 잠깐 들렀다고 한다. 영식은 영실에게 별일 없는지 묻더니 영실에게 뜻대로 되지 않는 게 인생이라며 어떤 일이 닥치더라도 힘내라고 한다. 영실이 영식에게 또 사고 친 거냐고 묻자 영식은 옛날 생각이 나서 그랬다며 둘러대며 가고 영실은 수상해한다.",
    "Summary3": ""
  },
  "filename": "SCRIPT-fm_drama-33009-00029.json"
}