{
  "Meta": {
    "doc_id": "SCRIPT-fm_drama-46029",
    "doc_category": "SCRIPT",
    "doc_type": "fm_drama",
    "doc_name": "46029_DC_오작교형제들29_2011.txt",
    "author": "KBS",
    "publisher": "KBS",
    "published_year": "2011",
    "doc_origin": "오작교형제들29",
    "passage_id": "SCRIPT-fm_drama-46029-00044",
    "passage": "해설]화장실.\n태희 다가와 세면대 앞에 선다. 태희 거울 속 자신을 본다. 얼굴에 생채기도 나고 엉망이다. 태희 손을 보면, 손 역시 엉망이다. 반대손으로 물을 트는데, 동민 들어서 빠르게 다가와 주위 살피며 작게 말한다.\n동민]홍만식 오늘 귀국한답니다.\n태희](보다) (물 잠그고 휙 나서며)...가! 몇 시 비행기야? \n해설]도로.\n태희가 운전하는 태희가 달려온다. 말없이 운전만 하는 태희. 그 옆에서 초조한 동민.\n인천공항건물 앞.\n태희가 다가와 선다. 차안의 태희와 동민 내리려다 보면, 저만큼 홍만식 서있다. 두 사람 어? 보는데, 홍만식 앞에 의문의 승용차 다가와 선다. 홍만식 안을 들여다보고 확인한 후, 보조석으로 탄다. 홍만식을 태운 차 이내 출발한다. 태희 “타” 외치며 두 사람 다시 차문을 닫고 탄다. 태희 이내 출발해 의문의 승용차를 뒤따른다."
  },
  "Annotation": {
    "Summary1": "홍만식이 귀국한단 소식을 듣자 태희와 동민은 공항으로 가 홍만식을 발견하고 그가 의문의 차를 타고 이동하자 뒤따른다.",
    "Summary2": "화장실에서 태희는 세면대 앞에 서며 거울 속 자신을 본다. 얼굴에 생채기도 나고 엉망인데 손 역시 엉망이라 반대 손으로 물을 트는 중 동민이 주위를 살피며 들어와 작은 목소리로 홍만식이 오늘 귀국함을 알린다. 태희와 동민이 인천공항에서 홍만식을 발견하는데 홍만식이 의문의 차를 타고 이동하자 이내 그 차를 뒤따른다.",
    "Summary3": ""
  },
  "filename": "SCRIPT-fm_drama-46029-00044.json"
}