{
  "Meta": {
    "doc_id": "SCRIPT-fm_drama-33010",
    "doc_category": "SCRIPT",
    "doc_type": "fm_drama",
    "doc_name": "33010_NC_아버지가이상해10_2017.txt",
    "author": "KBS",
    "publisher": "KBS",
    "published_year": "2017",
    "doc_origin": "아버지가이상해10",
    "passage_id": "SCRIPT-fm_drama-33010-00024",
    "passage": "해설]커피숍 (저녁).\n정환 입구에 들어서 둘러본다. 저만큼 혜영 앉아 있다. 정환 반갑게 다가온다.\n정환](다가와) 뭘 장어까지 사 오고 그래?\n혜영]...앉어.\n정환](앉는다. 그제야 표정이 굳어있음을 느끼고 긴장)...왜 그래? 화났어?\n혜영]어, 화났어. 좀 더 적나라하게 말하면 빡 쳤어.\n정환](짐짓 얼른 자세 바로 하고) 어느 지점에서 빡이 치셨는지 알려주시면 바로 시정하겠습니다..\n혜영]선배! 임연지가 선배에게 어떤 감정인지? 얼마나 과하게 들이대는지 몰라서 새벽 두 시까지 만취가 되도록 임연지랑 술을 마셔?\n정환](그제야 장난기 거두고)...그건.\n혜영]능력 있는 작가라 함께 일하는 것까지는 나도 터치 안해. 그렇지만 경계와 선은 분명히 해야지! 그리고! 내가 왜 선배 얘길 걔 입을 통해 먼저 들어야 해? 이번 개편에서 변화가 있었다며?\n정환](보는)...\n혜영]앞으로는 무슨 일이든 나한테 먼저 말해! 좋은 일은 물론이고 나쁜 일도! 내가 왜 임연지한테 선배 얘기를 들어야 하고, 오피스 와이프 소리까지 들어가며 기분 더러워야 해?!\n정환](놀라 보는)...연지가 그런 얘길 했어?\n혜영]나는 선배와 좋은 일만 나누려고 사귀는 거 아냐.. 부모님 속여가면서까지 함께 지낼 결심한 것은 더더욱 아니고. 행동 똑바로 해줘.. 내 인내심의 한계는 오늘까지니까!\n정환]...미안...화 많이 났어?\n혜영]...\n정환]...말하려고 했어...말하려고 했는데... 너 실망할까봐.\n혜영](보는) 내가 언제 선배 능력 보고 좋아한지 알어?\n정환]그럼 뭐 보고?\n혜영]...얼굴!\n해설]정환 보다 픽 웃는다. 혜영도 그제야 화 풀려서 표정 풀고.\n혜영]나 내일 들어가!\n정환](반가워 보는)..."
  },
  "Annotation": {
    "Summary1": "혜영은 정환에게 어떤 일이든 본인에게 먼저 말해달라는 부탁을 하고 행동 똑바로 해달라고 한다.",
    "Summary2": "혜영은 임연지가 정환에게 들이대는걸 알면서도 취하도록 술을 마셨냐고 한 뒤 정환의 얘기를 왜 임연지를 통해 들어야 하냐고 화를 낸다. 그리고 앞으로는 좋은 일이든 나쁜 일이든 본인에게 먼저 말해 달라고 한다. 이어 인내심의 한계는 여기까지니 처신을 잘 해달라고 부탁한다.",
    "Summary3": ""
  },
  "filename": "SCRIPT-fm_drama-33010-00024.json"
}