{
  "Meta": {
    "doc_id": "SCRIPT-fm_drama-46030",
    "doc_category": "SCRIPT",
    "doc_type": "fm_drama",
    "doc_name": "46030_DC_오작교형제들30_2011.txt",
    "author": "KBS",
    "publisher": "KBS",
    "published_year": "2011",
    "doc_origin": "오작교형제들30",
    "passage_id": "SCRIPT-fm_drama-46030-00038",
    "passage": "해설]복도.\n수영 걸어오며 태범에게 핸드폰으로 전화한다..\n수영]태범씨 어디에요?\n태범E]중부서에요. 취재 나왔어요.\n수영]오늘, 아빠 생신 축하 저녁 식사인 거 알지? 원래 지난준데, 우리가 바쁘다고 한주나 미뤄진 거잖아. 잊지 말고 꼭 참석해 달라고. 어...그래 일 봐 (끊는다)\n해설]그때 수영 맞은편에서 피디 달려온다. 수영 뒤편에 누군가를 부르며 달려오는..\n피디]...저기요?한 작가님?한혜령 작가님?!\n수영](혜령의 이름에 고개를 든다)!\n피디](수영 스쳐가며) 한혜령 작가님 맞으시죠?아까부터 불렀어요?\n수영](설마?돌아볼까 말까 망설이다...천천히 돌아본다)\n해설]멀리 피디 앞에 선 혜령의 옆모습 보인다. 미소 지으며 피디와 인사하고 있다. 피디와 얘기 마치고 나란히 걸어오는 피디와 혜령. 비로서 혜령의 정면 모습 똑바로 보인다! <인써트> 태범과 수영의 다정한 사진! 사진과 똑같은 혜령의 모습! 수영 저도 모르게 긴장하고 굳어진다. 점점 가까이 다가오는 혜령. 수영 곁을 지나쳐간다..\n수영](그 모습에)!"
  },
  "Annotation": {
    "Summary1": "태범에게 생일 축하 자리에 참석하라는 전화를 마친 수영은 피디가 혜령을 부르는 소리에 돌아보다가 혜령을 보고 굳는다.",
    "Summary2": "수영은 태범에게 전화해 어디냐고 묻자 태범은 중부서에 취재 나왔다고 말한다. 수영은 태범에게 오늘 아빠 생일 축하 식사 자리에 꼭 참석해달라고 말하고 전화를 끊는다. 그때 피디가 혜령을 부르는 소리에 수영은 돌아보다가 태범과 수영이 다정한 사진과 똑같은 혜령을 보고 자신도 모르게 긴장하고 경직된다.",
    "Summary3": ""
  },
  "filename": "SCRIPT-fm_drama-46030-00038.json"
}