{
  "Meta": {
    "doc_id": "SCRIPT-fm_drama-33010",
    "doc_category": "SCRIPT",
    "doc_type": "fm_drama",
    "doc_name": "33010_NC_아버지가이상해10_2017.txt",
    "author": "KBS",
    "publisher": "KBS",
    "published_year": "2017",
    "doc_origin": "아버지가이상해10",
    "passage_id": "SCRIPT-fm_drama-33010-00038",
    "passage": "해설]아빠 분식 주방.\n샐러드, 구운 야채, 새우튀김, 단호박 튀김, 쭈꾸미 볶음, 불고기, 밥 등이 담긴 찬합 둘레를 행주로 잘 닦아 뚜껑 닫는 한 수. 찬합 도시락 차곡차곡 쌓아서 쇼핑백에 넣는다. 미리 써 떼어 메모지를 집어 든다. [도시락을 먹는 거 같길래... 그래도 사 먹는 것보다는 나을 것 같아서...\n 입맛에 맞았으면 좋겠다] 한 수 메모지를 넣을까 말까 고민한다. 넣었다가... 빼냈다가...생각하다 다시 집어넣는다.\n해설]중희 오피스텔 현관.\n한 수 다가와 도시락을 내려놓는다. 한 수 이내 자리를 뜬다. 잠시후 엘리베이터 문 열리고 중희 내린다. 현관으로 다가와 집앞에 놓인 도시락 집어 들어 들어가려다 멈칫 뭐야?. 메모지 꺼내 확인하고 인상 확 구겨진다. 도로 집어넣고 원위치 탁 내려놓고 문 탁 닫고 들어간다. 비상구에서 몰래 그 모습 지켜보던 한 수, 예상은 했지만 그래도 조금 안타깝다."
  },
  "Annotation": {
    "Summary1": "한수는 샐러드 등이 담긴 찬합을 행주로 잘 닦아서 메모지와 함께 쇼핑백에 넣는다.",
    "Summary2": "한수는 아빠분식 주방에서 샐러드 등이 담긴 찬합을 행주로 닦는다. 그는 찬합을 다 닦자 쇼핑백에 넣고는 사 먹는 것보다는 나을 거 같아 넣었다는 내용의 메모지를 집어든다. 잠시 고민하던 한수는 결국 메모지도 함께 넣는다.",
    "Summary3": ""
  },
  "filename": "SCRIPT-fm_drama-33010-00038.json"
}