{
  "Meta": {
    "doc_id": "SCRIPT-fm_drama-33023",
    "doc_category": "SCRIPT",
    "doc_type": "fm_drama",
    "doc_name": "33023_NC_아버지가이상해23_2017.txt",
    "author": "KBS",
    "publisher": "KBS",
    "published_year": "2017",
    "doc_origin": "아버지가이상해23",
    "passage_id": "SCRIPT-fm_drama-33023-00021",
    "passage": "해설]퓨전 레스토이랑.\n깔끔한 인테리어의 퓨전 중식 레스토이랑. 혜영 경주 탄탄면을 놓고 마주 앉아 있다. 혜영 여전히 가라앉은 표정으로 탄탄면 깨작거리고 있다. 경주 그런 혜영을 살피다.\n경주]...너 괜찮아?\n혜영]...괜찮아...뭐 가끔 눈물은 나지만.. 나도 나 싫다는 남자 싫어!\n경주]...\n혜영](화나 고개 든다)...대체 왜 헤어지자는 거냐고?내가 지가 싫다는 게 아닌데? 미치게 사이랑한다는데? 그깟 결혼이 그렇게 중요해?우리 관계에 미래와 희망이 없다고? 정말 미래와 희망이 없는 것이 뭔지 알어? 불구덩인지 뻔히 알면서도, 그 불구덩이로 걸어 들어가 나 잡아 잡숴 현실에 항복하는 거라고?\n경주](보는)...\n혜영]...대체 왜들 그렇게 결혼 결혼하는 거니? 결혼해 좋으니 너는?\n경주]어. 나는 결혼해서 좋은 게 더 많아, 결혼이 꼭 불구덩이만은 아냐.\n혜영](보는) 너, 틈만 나면 나한테 니 시댁이랑 남편 욕하잖아?\n경주]그건 친구 만난 김에 괜히 하소연하는 거지이..\n혜영]너, 니 남편 아가리라고 저장해 뒀잖아?\n경주]미울 때는 무슨 소리를 못해! (핸드폰 보여주며) 지금은 하튼데?\n혜영](기막혀) 너 뭐 빽이라도 하나 받았니?\n경주](웃는) 어떻게 알았어? 지난 주 결혼기념일 선물로 채널 가방을 사왔더라고!\n혜영](기막혀)...\n경주]애 키우는 재미도 커!너, 애가 얼마나 이쁘고 사이랑스러운데?\n혜영]그 애 키우느라 너는 사라졌잖아?\n혜영]살림하는 재미도 쏠쏠하고.\n혜영]너 그러려고 대학에서 법학 전공했어?\n경주](쩝..) 보험 든다 생각고 결혼하는 건 어때? 너 지금 당장이야 젊고 이쁘고 능력 있고 아쉬울 것 없지만, 친구들 다 결혼하고 나이 들어 혼자 남겨지면 정말 외로울 거야.\n혜영]걱정 마. 요즘 이혼율이 얼마나 높은데. 그 때 되면 최소한 몇 명은 돌아와 있을 테니, 그럼 걔들이랑 놀면 돼.\n경주](보다)...그래도 이렇게 차선배이랑 헤어지는 건 너무 아쉽지 않어? 너 다시 차선배 같은 남자 만날 자신 있어?\n혜영](그 말에는 대답 못한다)...\n경주]일단 결혼하는 건 어때? 일단 해보고 정 아니다 싶으면 그 때 이혼하더라도.\n혜영]야, 내가 한 달이면 몇 쌍을 이혼 시켜! 이혼이 그냥 하는 건지 알어? 서로 바닥까지 드러내며 영혼을 갉아 먹어가며 싸워야 하는 게 이혼이야!\n경주](더 말할 의욕도 없다)...먹어라.\n혜영]..."
  },
  "Annotation": {
    "Summary1": "결혼에 부정적인 혜영에게 경주는 이혼을 하더라도 결혼해 보라고 권하지만 혜영은 이혼이 쉽지 않은 일이라고 말한다.",
    "Summary2": "경주와 혜영이 중식 레스토랑에서 식사하며 결혼에 대해 이야기 한다. 혜영이 결혼에 대해 부정적인 생각을 말하자 경주가 결혼의 좋은 점을 설명하고 이혼을 하더라도 일단 결혼해 보라고 권한다. 혜영은 이혼이 얼마나 힘든 일인줄 아느냐고 말한다.",
    "Summary3": ""
  },
  "filename": "SCRIPT-fm_drama-33023-00021.json"
}