{
  "Meta": {
    "doc_id": "SCRIPT-fm_drama-33001",
    "doc_category": "SCRIPT",
    "doc_type": "fm_drama",
    "doc_name": "33001_NC_아버지가이상해01_2017.txt",
    "author": "KBS",
    "publisher": "KBS",
    "published_year": "2017",
    "doc_origin": "아버지가이상해01",
    "passage_id": "SCRIPT-fm_drama-33001-00045",
    "passage": "해설]거리.\n혜영 시무룩하게 걸어온다. 뭔가 찜찜하고 쓸쓸하다. 어쩌면 뭔가를 기대 했었나? 그건 아닌데...아마도 감정의 앙금이 전혀 보이지 않던 정환 때문인 것 같다. 혜영 멈춰 선다. ‘내가 이럴 게 뭐 있어? 새삼스레 기분 나쁠 것도 없잖아? 그래 그럴 이유가 없지...’ 혜영 멈춰 서서 보이스펜 꺼낸다..\n혜영](시크 도도하게)...8년 만에 구남친을 만났다...역시 구남친은 다시 만나는 게 아니다. 끝.\n해설]주머니에 보이스펜 넣는다. 혜영 다시 걷는다. \n거실.\n준영과 미영 과일을 먹으며 텔레비전을 보고 있다. 현관문 열리고 혜영 들어선다. 미영 “언니 왔어?” 인사하는데, 혜영은 보지도 않고 그대로 라영 방으로 직행. 미영과 준영 그런 혜영을 왜 저래? 멀뚱히 보다가, 준영은 다시 텔레비전 본다..\n미영](방에 대고) 라영이 없는데?.딸기 먹어."
  },
  "Annotation": {
    "Summary1": "혜영은 정환을 떠올리며 묘한 기분이 들지만 애써 마음을 추스리고 집에 돌아와 곧장 라영의 방으로 들어선다.",
    "Summary2": "혜영은 아무렇지 않은 듯한 정환을 떠올리며 묘한 기분이 든다. 혜영은 역시 구남친은 만나는게 아니라며 마음을 다잡고 집에 돌아오고, 식구들에게 인사도 없이 곧장 라영의 방으로 들어간다. 식구들은 라영이 없다며 의아하게 본다.",
    "Summary3": ""
  },
  "filename": "SCRIPT-fm_drama-33001-00045.json"
}