{
  "Meta": {
    "doc_id": "SCRIPT-fm_drama-46031",
    "doc_category": "SCRIPT",
    "doc_type": "fm_drama",
    "doc_name": "46031_DC_오작교형제들31_2011.txt",
    "author": "KBS",
    "publisher": "KBS",
    "published_year": "2011",
    "doc_origin": "오작교형제들31",
    "passage_id": "SCRIPT-fm_drama-46031-00017",
    "passage": "해설]경찰서 지능범죄수사팀.\n태희 동민 장형사 회의 테이블에 모여 일하고 있다. 화이트 보드에 A급 짝퉁 제조업체 및 밀수조직도가 그려져 있다. 중간 부분 몇 개와 맨 윗부분이 비었다. 테이블에는 증거사진들과, 조직원들 사진들, 공장 사진, 항만 사진 등 어지럽게 가득 널려있고, 빈 컵라면 그릇들 여러 개 잔뜩 쌓여있다. 김밥 먹다 남은 것, 빈 팩들, 음료컵들 정신없이 널려있다. 며칠 계속된 작업의 흔적 역력하다. 장형사 꾸벅꾸벅 졸고, 동민은 감기는 눈 부릅뜨고 버티고 있다..\n태희](화이트 보드 보며 고민중)...정상 수출품에 위조품 끼워 넣는 알박기로 세관 검사 피하는 것도 한계가 있을 꺼 아냐?\n동민](눈 감기다 놀라 깨서) 예 그렇죠?\n태희](그 모습에) 정신 못 차려?\n동민]형님이 비정상이지 우리는 아니라니까요? 죽을 꺼 같에요...삼일 내리 왜 잠을 안 주무세요?\n태희]한정태 도마뱀인 거 몰라? 꼬리 잘라 버리고 잠수 타면 또 손가락들만 빨고 있을 꺼야? 판을 벌여도 최소한 허리까지는 메워놓고 벌려야 할 꺼 아냐?\n동민](심상찮은 표정에 바짝 군기 잡힌다)그렇죠.\n태희]분명 유착이 있을 꺼야...항만쪽 더 뒤져보고! 장형사? (하다 보면)\n해설]태범 입구에 서 있다가, 씨익! 넉살 좋게 손 흔든다. 동민 돌아보고, 얼른 화이트 보드며 자료들 몸을 던져 가린다. 장형사에게도 얼른 일어나 가리라는 나름대로 다급한 동작 취하자.\n태범]아 서형사 소문 못 들었구나? 나 개과천선한거?"
  },
  "Annotation": {
    "Summary1": "태희는 힘들다는 동민에게 호통치고, 동민이 태범을 보고 자료를 가리니 태범은 자신이 개과천선한 거 못 들었냐고 한다.",
    "Summary2": "태희가 화이트보드를 보며 위조품 끼워 넣는 걸로 세관 검사 피하는 것도 한계가 있지 않겠냐고 하자 동민이 졸다 깨서 대답하고 태희는 정신 차리라고 한다. 동민은 삼일 내내 왜 잠을 안 자냐며 힘들다고 하고 태희는 한정태가 도마뱀인 거 모르냐며 호통친다. 태범이 입구에서 손을 흔들자 동민이 자료를 가리고 태범은 자신이 개과천선했다는 얘기를 못 들었냐고 한다.",
    "Summary3": ""
  },
  "filename": "SCRIPT-fm_drama-46031-00017.json"
}