{
  "Meta": {
    "doc_id": "SCRIPT-fm_drama-33001",
    "doc_category": "SCRIPT",
    "doc_type": "fm_drama",
    "doc_name": "33001_NC_아버지가이상해01_2017.txt",
    "author": "KBS",
    "publisher": "KBS",
    "published_year": "2017",
    "doc_origin": "아버지가이상해01",
    "passage_id": "SCRIPT-fm_drama-33001-00040",
    "passage": "해설]방송국 편집실.\n정환 편집기 앞에 앉아 있고, 조연출과 연지(작가, 여) 양 옆에 서있다. 후배 꽤나 열심히 애교스럽게 정환을 조르는 중이다.\n연지]...저 봐서 한번만요? 제발요 선배님?(정환의 한 팔을 끼고 일으키려 한다)...선배니임!\n정환](빼내면) 어어...내가 지금 동문회 가 앉아있을 시간이 없다니까?\n연지]선배님 참석하신다고 제가 이미 명단에 올려놨단 말에요. 이번만은 꼭 가셔야 해요.\n정환](조금 짜증 난다) 그러니까 넌 왜 시키지도 않는 짓을 하냐고?\n연지](주춤. 서운해 풀이 죽고)...\n조연출](그 모습에)...아 가서 밥만 먹고 오자니까 밥은 먹어야 할 거 아녜요?(하다) 형 혹시...혜영이 누나 땜에 그래? 혜영이 누나 올까봐?\n연지](그 말에 힐끔)...\n정환](본다)(기가 차다)...하!가자 그래. 내 참 별 소릴 다 듣고.. 가! 단 한 시간만이야!\n연지](금세 얼굴 환해진다. 좋아하며 얼른 정환 옆으로 바짝 쫄쫄 따라 붙는다)..."
  },
  "Annotation": {
    "Summary1": "동문회에 참석해달라는 연지의 요청을 거절하려 했던 정환은 조연출이 혜영의 이름을 들먹이자 기가 차서 수락한다.",
    "Summary2": "연지는 정환에게 동문회에 참석해 달라며 애교스럽게 조른다. 정환은 시간이 없다며 거절하려 하지만 연지는 이미 명단에 올려놨다며 꼭 가야 한다고 설득한다. 이에 정환이 짜증을 내자 연지의 풀이 죽지만 조연출이 혜영의 이름을 들먹이자 기가 찬 정환은 연지의 제안을 수락한다.",
    "Summary3": ""
  },
  "filename": "SCRIPT-fm_drama-33001-00040.json"
}