{
  "Meta": {
    "doc_id": "SCRIPT-fm_drama-33010",
    "doc_category": "SCRIPT",
    "doc_type": "fm_drama",
    "doc_name": "33010_NC_아버지가이상해10_2017.txt",
    "author": "KBS",
    "publisher": "KBS",
    "published_year": "2017",
    "doc_origin": "아버지가이상해10",
    "passage_id": "SCRIPT-fm_drama-33010-00035",
    "passage": "해설]카니발 내부.\n중희 핸드폰으로 본인 이름 검색해서 기사 댓글 보고 있다. 미영 룸미러로 힐끔 중희 보며 눈치보다 말 건넨다.\n미영]...저...제가 요즘 안 배우님 데뷔시절부터 쭉~ 공부를 하고 있거든요. 아이돌일때도 정말 남다르셨더라구요. (그 말에 힐끔, 그러나 다시 핸드폰 보는데) 제가 만약 어릴 때 스틸하트를 알았다면 빠순이의 길로 접어들었을 것 같아요. 왜 신인상을 못받았는지 도저히 이해가 안 가요.\n중희](다시 힐끔) 너도 그렇게 생각해? 그때 분명 뭔가가 있었다니까. 투표수도 우리가 제법 높았고 음반점수도 좋았거든.\n미영]그런 거죠? 아 안타깝다...그리구요, 안배우님은 과거 사진을 봐도 지금랑 똑같이 잘 생기셨던데 성형은 전혀 안하셨죠?\n중희](냉큼) 성형은 무슨. 완전 네츄럴 본 자연미남. 물론 성형했다고 착각할 만 하긴 하지..\n미영](호응해주자 좋아하며) 근데 데뷔시절에는 안중희가 아니라 중희 안 파커 라고 이름을 쓰셨던데요? 아버지 어머니 성 다 쓰신거죠? 어머님이 안씨, 아버님이 파커씨. 근데 왜 지금은 어머니 성만 쓰세요? 전에 그 이름도 고급지고 좋은 것 같은데. 아버님은 그럼 재미교포세요?\n중희](갑자기 표정 딱 굳어진다. 룸미러로 미영 살벌하게 노려보는)\n미영](조용해진 분위기에, 그제야 룸미러로 중희 보다 눈 딱 마주쳤다).\n중희]세워.\n미영]...네?\n중희]세우라고!"
  },
  "Annotation": {
    "Summary1": "미영이 중희의 아이돌 시절과 외모를 칭찬하자 좋아하던 중희는 미영이 데뷔시절 이름 중희 안파커를 언급하자 화를 낸다.",
    "Summary2": "카니발 내부 중희는 핸드폰으로 본인 기사를 보고 있고 미영은 중희 눈치를 보다가 말을 건넨다. 미영이 중희의 아이돌 시절을 칭찬하고 성형 안 한 것 같다고 띄어주자 중희는 자연미남이라고 호응해준다. 그러자 미영이 데뷔시절 이름인 중희 안파커가 어머니 성 안씨, 아버지 성 파커씨를 썼는데 지금은 왜 어머니 성만 쓰는지 묻자 중희는 차를 세우라고 화를 낸다.",
    "Summary3": ""
  },
  "filename": "SCRIPT-fm_drama-33010-00035.json"
}