{
  "Meta": {
    "doc_id": "SCRIPT-fm_drama-33022",
    "doc_category": "SCRIPT",
    "doc_type": "fm_drama",
    "doc_name": "33022_NC_아버지가이상해22_2017.txt",
    "author": "KBS",
    "publisher": "KBS",
    "published_year": "2017",
    "doc_origin": "아버지가이상해22",
    "passage_id": "SCRIPT-fm_drama-33022-00049",
    "passage": "해설]신부 대기실.\n유주 웨딩드레스 입고 다소곳하게 앉아 있다. 말분 보미 민하 들어서 있고, 영식 사진 찍고 있다. 친구들도 몇 명 서 있다. 준영 들어서자마자 유주 모습에 입이 벙실 벌어진다.\n준영]너무 예뻐요 주님.. (위를 가리키며) 저 주님 옆에 있는 천사 같아요...\n민하](못 말려. 고개 절레절레)\n말분](역시) 오메 맨 정신으로 못 들어주것다. 쟈가 원래 저러고 낯짝이 두꺼웠냐?\n보미](웃으며) 좋을 때잖아요.\n영식]옆에 나란히 서봐. 사진 찍어 줄게.\n해설]그 말에 준영 유주 영식의 카메라를 향해 포즈를 취하다가, 준영은 놀라고, 유주는 표정 굳어지며 경악한다. 혜영, 라영, 미영, 미녀 삼총사 포스로 걸어 들어오고 있다. 말분, 보미, 영식 등 대기실 안 사람들 모두 돌아보고 놀란다. 세 자매 포스도 당당히 걸어와 다가와 선다.\n라영]축하 드려요 새언니?\n유주](당황) 고마워요 아가씨들.\n혜영]축하해 오빠. 우리도 같이 사진 찍어야지, 일단 새언니와 먼저.\n준영](조금 당황)..어 그래.\n해설]혜영, 라영, 미영, 유주를 감싸고 둘러서서, 각자 다양한 포즈를 취한다. 당연히 시선은 아름답고 포즈도 남다른 세 자매에게 집중되고, 세 자매는 일시에 민폐 하객으로 등극해 시선 강탈한다. 유주는 그 사이에서 세상 어색하고 불편한 표정으로 울그락 불그락 앉아 있다. 중희 입구에서 그 모습 보다 빙그레 돌아서고..\n영식]자 그럼 찍습니다. 아 포즈 좋고, 표정은 더 좋고... 좋아요 (찰칵) 아주 좋아 (찰칵) 신부 좀 더 웃고 (찰칵)!"
  },
  "Annotation": {
    "Summary1": "유주가 있는 신부 대기실에 한껏 차려입은 혜영, 라영, 미영이 들어와서 다른 사람의 시선을 독차지 하며 사진을 찍는다.",
    "Summary2": "신부 대기실에서 유주가 앉아 있고 준영이 들어와 유주 모습에 좋아서 입을 벌린다. 한껏 차려입은 혜영, 라영, 미영 세 명이 들어와서 유주에게 인사를 하고 유주는 셋을 보고 경악한다. 셋이 유주와 사진을 찍으며 다른 사람들의 시선을 강탈하고 유주는 불편한 표정을 짓는다.",
    "Summary3": ""
  },
  "filename": "SCRIPT-fm_drama-33022-00049.json"
}