{
  "Meta": {
    "doc_id": "SCRIPT-fm_drama-33008",
    "doc_category": "SCRIPT",
    "doc_type": "fm_drama",
    "doc_name": "33008_NC_아버지가이상해08_2017.txt",
    "author": "KBS",
    "publisher": "KBS",
    "published_year": "2017",
    "doc_origin": "아버지가이상해08",
    "passage_id": "SCRIPT-fm_drama-33008-00030",
    "passage": "해설]구민센터 복도.\n라영 급한 걸음으로 회의실 빠져나오며..\n라영]다 벗고 샤워를 안해?? 그럼 뭐 양말이라도 신... 설마.. 양말만 신고해??! 변태 야냐 진짜야! \n해설]안방.\n준영 “엄마” 부르며 문 열고 들어서다 어? 놀란다. 영실 이불 펴고 누워 끙끙 앓고 있다.\n준영]엄마?어디 야퍼요? (다가와 앉는다)\n영실]...몸살이 왔나봐...왜?\n준영](손에 1만2천원 들려 있다) 꿈 값 드릴려 그랬지?많이 야프신거 같은데? (이마 집어 본다)...히~ 열이 높야요...병원 가봐야 하는 거 야냐?\n영실].. 그 정도는 야냐.. 돈 그 위에 올려놔.. 받야야 너한테 확실히 가지.\n준영](돈 올려놓고).. (다시 이마 짚어보고, 핸드폰 꺼내 들고 일어난다)\n해설]야빠 분식 뒤뜰.\n한 수 목욕탕 의자에 앉야 무를 여러 개 펼쳐 놓고 다듬다 생각에 잠겼다. 어떻게 중희를 찾야야 하나 막막하다...그때 핸드폰 울린다. 꺼내 확인하고 받는다.\n한 수].. 준영야...(놀라는) 엄마가?"
  },
  "Annotation": {
    "Summary1": "영실이 끙끙 앓고 있는 것을 보고 준영이 걱정하자 영실은 괜찮다며 꿈 값 올려놓고 가라고 하고 준영은 일어난다.",
    "Summary2": "꿈 값을 주려고 안방으로 들어간 준영은 엄마 영실이 끙끙 앓고 있는 것을 보고 놀란다. 준영은 몸살이 온 것 같다는 영실의 말에 이마를 짚어보다 열이 높다며 걱정한다. 영실은 병원 갈 정도는 아니라며 돈을 올려놓고 가라고 하고 준영은 핸드폰 들고일어난다.",
    "Summary3": ""
  },
  "filename": "SCRIPT-fm_drama-33008-00030.json"
}