{
  "Meta": {
    "doc_id": "SCRIPT-fm_drama-33010",
    "doc_category": "SCRIPT",
    "doc_type": "fm_drama",
    "doc_name": "33010_NC_아버지가이상해10_2017.txt",
    "author": "KBS",
    "publisher": "KBS",
    "published_year": "2017",
    "doc_origin": "아버지가이상해10",
    "passage_id": "SCRIPT-fm_drama-33010-00028",
    "passage": "해설]영실차 내부 (달리는).\n영실 운전 중이고, 한 수 보조석에 앉아 있다. 혜영 뒷자리에 앉아 있다가 그제야 옆의 밀차를 본다.\n혜영]뭐야 이게 다?\n한 수]밑반찬이랑 곰국. 친구이랑 먹어..\n혜영](좀 찔린다) 힘들게 뭘 이런 걸 했어? 사 먹으면 되는데?\n영실]사 먹는거이랑 같애? 묵혔다 버리지 말고 꼬박꼬박 잘 챙겨 먹어. 둘이서 한 번 먹기 좋은 양으로 소포장해서 얼렸으니까 먹기 편할 거야. 아빠가 이틀간 정성껏 고으신거야.\n한 수]맛있을 거야. 꼬리이랑 섞어서 고았더니 고소하고 맑게 잘 우러났어..\n혜영](더욱 캥기고, 마음 편치 안다)...아 진짜...이런 거 하지 말라니까...잘 먹으께요..\n영실]가까운 사이일수록 예의를 지켜야 하는 거 알지?\n한 수]절대 친구에게 폐 되는 행동은 말고.\n혜영]예.. 걱정 마세요..\n해설]혜영도 부모를 속이는 것이 마음 불편해져 더는 말 안는다."
  },
  "Annotation": {
    "Summary1": "한수는 밑반찬과 곰국이라 말하고, 영실은 잘 챙겨 먹으라며 한수가 정성껏 만들었다고 하자 혜영은 마음이 불편해진다.",
    "Summary2": "영실과 한수, 혜영이 차를 타고 가고 있는데 혜영이 옆자리에 있는 것을 보고 뭐냐고 묻자, 한수는 밑반찬과 곰국이라며 친구랑 먹으라고 한다. 혜영은 힘들게 왜 했냐고 말하고 영실은 잘 챙겨 먹으라며 한수가 정성껏 만들었다고 한다. 혜영은 마음이 불편해지고 잘 먹겠다고 하는데 영실은 가까울수록 예의를 지켜야 한다고 하자 혜영은 걱정 말라고 대답한다.",
    "Summary3": ""
  },
  "filename": "SCRIPT-fm_drama-33010-00028.json"
}