{
  "Meta": {
    "doc_id": "SCRIPT-fm_drama-33008",
    "doc_category": "SCRIPT",
    "doc_type": "fm_drama",
    "doc_name": "33008_NC_아버지가이상해08_2017.txt",
    "author": "KBS",
    "publisher": "KBS",
    "published_year": "2017",
    "doc_origin": "아버지가이상해08",
    "passage_id": "SCRIPT-fm_drama-33008-00059",
    "passage": "해설]회의실 밖.\n정환 문 닫고 나온다. 아직도 쪽팔리다.\n정환]...쪽 팔려... 정신 차리자 차정환.. 너 이러다 진짜 훅 간다..\n해설]정환 핸드폰 꺼내 전화를 할까 잠시 고민하다 문자를 남긴다. 문자 찍고 이내 회의실로.\n로펌 혜영 개인 사무실.\n서류 가득 쌓아두고 정신없이 이것저것 찾아가며 읽고 있는 혜영. 문자 도착음. 읽던 서류 다 읽고 확인하면.\n정환E]미안해. 오늘도 약속 못 지키겠어. 개편 때까지만 좀 봐줘..\n혜영]또?? 너만 바쁘냐?? (좀 김이 샌다).. 천천히 읽어도 되겠네.. (기대앉으며 시무룩)\n해설]방송국 출입문 앞(밤).\n정환 조연출 연지 나온다. “수고했어! 낼 보자” “수고하셨어요. 낼 뵈요.” 등등 인사하고 정환 연지와 조연출 등지고 먼저 나선다. 연지 아쉬움 가득 멀어지는 정환을 본다. \n정환 오피스텔 복도(밤).\n정환 엘리베이터에서 내려 걸어온다. 피곤이 쌓인 몸으로 힘없이 걸어오다 보면, 혜영이 문 앞에 기대서서 기다리고 있다..\n정환](얼굴에 반가움 가득)...혜영아?\n혜영](돌아본다. 시크한 표정으로 치맥 봉투 들어 보인다)...치맥 오케이?"
  },
  "Annotation": {
    "Summary1": "약속을 지키지 못한 정환은 자신의 집 앞에 서 있는 혜영을 보고 반색한다.",
    "Summary2": "로펌에서 정신없이 서류를 읽던 혜영은 오늘도 약속을 지키지 못한다는 정환의 문자를 받고 조금 김이 샌다. 한편 방송국에서 나온 정환의 조연출 연지는 멀어지는 정환을 아쉽게 바라본다. 피곤에 쌓여 오피스텔로 돌아온 정환은 문 앞에서 치맥과 함께 기다리고 있는 혜영을 보고 반가워한다.",
    "Summary3": ""
  },
  "filename": "SCRIPT-fm_drama-33008-00059.json"
}