{
  "Meta": {
    "doc_id": "SCRIPT-fm_drama-46028",
    "doc_category": "SCRIPT",
    "doc_type": "fm_drama",
    "doc_name": "46028_DC_오작교형제들28_2011.txt",
    "author": "KBS",
    "publisher": "KBS",
    "published_year": "2011",
    "doc_origin": "오작교형제들28",
    "passage_id": "SCRIPT-fm_drama-46028-00017",
    "passage": "해설]매장 안.\n개업 축하 화분들 매장 입구에 놓여져있고 여울 마지막으로 직원1과 매장 디스플레이 점검하고 있다. 살짝 비뚤어진 등산화 바로 놓고 티셔츠들도 가지런히 정리한다. 그때 활짝 열려진 매장문으로 현재와 여경, 태범 수영 들어선다. 현재와 태범 떡박스 들고 있고 여경은 작은 난 화분, 수영은 벽시계 들고 온다..\n수영]이모 우리 왔어요!\n여울]...왔어? 형부 오셨어요? 어? 황기자도 같이 왔네요?\n태범]오픈 축하 드립니다. 매장이 생각보다 넓네요?\n수영](시계 내려놓으며) 축하해 이모. 근데 우리 인사만 하고 가봐야 할 것 같아?\n여울]와준 것만으로 고마워. (태범 보며) 고마워요?\n여경](둘러보며) 사돈총각은 어디 갔니?\n여울]어...전단지 주문한 거 찾으러 갔어? 이제 올 때 다됐는데?\n현재](태범에게) 자네 막내 동생이 영업에 소질이 많은가봐? 이 매장 처음 왔을 때보다 지금 많이 달라졌어? 그렇지? 여보?\n여경]...속단하긴 이르죠? 아직 장사 시작도 안 했는데?\n태필E]다녀왔습니다!\n해설]태필 매장에 들어선다. 태필 뒤로 쭉쭉 빵빵 남녀모델들 열명 정도 서 있다. 태필 옆에 모델 엠프장비 들고 있다. 놀라서 보는 여경 현재 여울 태범 수영...\n여울]그분들은...다 누구에요? 태필씨?\n태필](씨익) 제 친구들이요? 오늘 우리 매장 모델이 되어줄 겁니다...\n여경]...모델? 무슨 모델?"
  },
  "Annotation": {
    "Summary1": "태필과 여울의 매장이 개업하였고, 태필은 자신의 친구들을 데려와 오늘 매장의 모델로 쓸 것이라고 한다.",
    "Summary2": "태필과 여울이 매장을 개업하여 현재, 여경, 태범, 수영이 축하 선물을 들고 들어온다. 여경이 사돈총각인 태필은 어디에 있는지 묻고 여울은 전단지 주문한 것을 찾으러 갔다고 답하고, 현재는 태범에게 태범의 막내 동생이 영업에 소질이 있다며 칭찬한다. 태필이 자신의 모델 친구들이 오늘 매장 모델이 되어 줄 거라고 말한다.",
    "Summary3": ""
  },
  "filename": "SCRIPT-fm_drama-46028-00017.json"
}