{
  "Meta": {
    "doc_id": "SCRIPT-fm_drama-46029",
    "doc_category": "SCRIPT",
    "doc_type": "fm_drama",
    "doc_name": "46029_DC_오작교형제들29_2011.txt",
    "author": "KBS",
    "publisher": "KBS",
    "published_year": "2011",
    "doc_origin": "오작교형제들29",
    "passage_id": "SCRIPT-fm_drama-46029-00007",
    "passage": "해설]7 태범네 거실 / 밤.\n쇼파에 마주 앉아있는 태범과 수영. 태범 화가 많이 난다..\n태범]...그 2천만원...우리 집에 준 겁니까?묻잖아요? 그래요?\n수영](대답 못하다, 결국)...어.\n태범]...아버지께요?대답해봐요?\n수영]...어...아버님은 안받으시려고 했어...정말이야. 절대 안받으시려고 했는데 내가 거의 떼 쓰듯 드렸어.\n태범]왜요?내가 도와달라고 했나요?\n수영]...미안해.\n태범]그러니까요...미안할 일을 왜 했어요? 나는 도와 달란 적도 없는데, 왜 굳이 오지랖 넓게 나서서 돈은 돈대로 쓰고, 장모님한테 욕은 욕대로 먹고, 나는 나대로 이렇게 기분 구겨지게 만들어요?\n수영](보는)...\n태범]아 한 가지 더 빠뜨렸다. 장모님 앞에서 나는 완전히 마누라 등이나 쳐먹는 반양아치가 됐고, 우리 집은 처가 덕이나 보는 양심불량 시댁이 됐구요?\n수영]꼬지마. 화를 내는 건 좋은데 비아냥 대는 건 참 듣기 그래.\n태범](쏘아 보는)...\n수영]...미안해...나는 태범씨와 짐을 나눠지고 싶었어...태범씨가 너무 정 떨어질 만큼 자기 집일 내 집일 금 그어 선을 못 넘어오게 하니까...(하다 태범 시선에)...미안해.\n태범]...아니요...내가 미안하죠...고작 2천만원도 없는 가난한 놈이라...\n수영](야속해 보는)...차라리 화를 내! 왜 자꾸 그래 태범씨 답지 않게?\n태범](왈칵 화낸다) 무슨 화를 내요? 차수영 씨는 남편 몰래 시댁을 도와주려다 들킨. 사려 깊고 배려심 많은, 훌륭한 아내 며느리일 뿐인데, 거기다 대고 무슨 화를 내요? 화를 내면 다들 호강에 초친놈, 배불러 정신 빠진 미친놈이라 할 텐데 무슨 화를 내요?\n수영]...\n태범]그렇지만 아무리!아무리 배가 고파 진열장에 코를 박은 어린 아이라 해도, 그 손에 함부로 빵을 쥐어 주어서는 안되는 거 모릅니까? 아이가 싫다고 고개를 저으면, 절대로 함부로 쉽게, 그 아이의 손에 억지로 빵을 쥐어주어, 그 순간 아이에게 배고픔이 주는 공복보다 더 쓰라리고 가슴 아픈, 자존심이 뭉게지는 소리를 듣게 해서는 안되는 거 몰라요?\n수영]...\n태범]왜 내가 싫다는데! 기다려 달라는데? 그걸 기어이 수영 씨 방식으로 밀어붙여요? 왜 됐다는데, 굳이 이런 식으로 내 마지막 자존심까지 뭉개지게 하냐구요오?\n수영](옳은 말이다. 아무 할 말이 없다)..."
  },
  "Annotation": {
    "Summary1": "자신 몰래 아버지에게 이천만 원을 준 걸 안 태범은 싫다고 하는데 수영의 방식을 고집해 도와주냐면서 자존심 상해한다.",
    "Summary2": "수영이 이천만 원을 아버지에게 준 사실을 안 태범은 자신이 도와 달라고 한 적 없는데 왜 장모한테 자신을 마누라 덕 보면서 사는 남자로 보이게 하냐고 한다. 수영은 태범의 짐을 나눠지고 싶은데 태범이 냉정하게 선을 그어서 그랬다고 미안하다고 한다. 태범은 도움받기 싫다는데 기어이 수영의 방식으로 밀어붙여 자신의 자존심 상하게 하냐며 수영을 원망한다.",
    "Summary3": ""
  },
  "filename": "SCRIPT-fm_drama-46029-00007.json"
}