{
  "Meta": {
    "doc_id": "SCRIPT-fm_drama-33002",
    "doc_category": "SCRIPT",
    "doc_type": "fm_drama",
    "doc_name": "33002_NC_아버지가이상해02_2017.txt",
    "author": "KBS",
    "publisher": "KBS",
    "published_year": "2017",
    "doc_origin": "아버지가이상해02",
    "passage_id": "SCRIPT-fm_drama-33002-00005",
    "passage": "해설]극장 앞.\n정환 손에 티켓 두 장 들고 혜영을 기다린다. 연인을 기다리는 행복한 남자의 표정이다. 시간을 확인한다. 도착할 때가 됐다 싶어 고개 빼고 바라보는데... 문자 도착음! 정환 핸드폰 꺼내 확인한다. 혜영에게 온 문자 ‘우리 헤어져’...으이그...전화를 건다. 신호음 울리는데, 받지 않는다. 다시 건다. 이번엔 몇 번 울리다 받는다.\n정환]얼마나 늦길래? 살려 줄 테니까 드립치지 말고 오기나 해. 많이 늦으면 다음 회차로 표 바꿀까?(대답이 없다) 여보세요?\n혜영e]농담 아냐. 장난도 아니고. 문자 그대로야. 헤어져. 다시는 전화하지 마. (탁 끊는다)\n정환]혜영아? 여보세요?\n해설]그러나 이미 끊어졌다. 얼른 다시 전화를 거는 정환. 전화기가 꺼져 있다는 안내음. 예기치 못한 상황에 잠시 현실감이 없는 정환. 이내 정신을 차리고 반대 방향으로 황급히 나선다."
  },
  "Annotation": {
    "Summary1": "극장 앞에서 혜영을 기다리는 정환에게 혜영이 핸드폰 메시지로 이별을 통보하자 정환은 당황하지만 정신차리고 나선다.",
    "Summary2": "정환이 행복한 표정으로 극장 앞에서 혜영을 기다린다. 혜영에게서 헤어지자는 내용의 문자 메시지가 오고, 정환은 장난으로 여기지만 혜영은 진심이다. 혜영이 전화를 끊어 버리자 뒤늦게 상황을 이해한 정환이 황급히 움직인다.",
    "Summary3": ""
  },
  "filename": "SCRIPT-fm_drama-33002-00005.json"
}