{
  "Meta": {
    "doc_id": "SCRIPT-fm_drama-33013",
    "doc_category": "SCRIPT",
    "doc_type": "fm_drama",
    "doc_name": "33013_NC_아버지가이상해13_2017.txt",
    "author": "KBS",
    "publisher": "KBS",
    "published_year": "2017",
    "doc_origin": "아버지가이상해13",
    "passage_id": "SCRIPT-fm_drama-33013-00045",
    "passage": "해설]규택 베란다.\n규택. 한쪽 바구니에 세탁하지 않은 규택의 옷, 속옷 등이 수북히 쌓여있다. 하! 짜증이 솟구치고 어처구니가 없다. 그러나 샤워 가운만 입고 있을 수도 없고.. 결국 빨래더미를 뒤진다. 양말을 꺼내 킁킁 냄새를 맡아보는 규택. 한 짝을 더 찾아내 챙기고, 제일 위에 올려져 있던 윗옷 하나도 같이 챙긴다. 찝찝하고 싫고 짜증 나지만 어쩔 수 없다.\n방송국 회의실.\n정환 사표를 들고 나가겠다고 하는 중이고, 종범 그런 정환을 말리며 설득 중이다.\n정환]안 간다니까! 사표 낸다고!\n종범]아 형님! 안되요 요즘 같은 불경기에 사표는 무슨 사표.\n정환]아 놔아. 나보고 메이킹을 찍으라는 건 사표를 내란 소리 아냐?\n종범]꼭 그런 건 아녜요. 작년에 인식이형도 메이킹 찍었잖아요..\n정환]아 놔~ (하면서도 그 말에 슬쩍)...인식이 형도 찍었었나?\n종범]예에! 화성의 후예 메이킹?!\n정환]...\n종범](좀 누그러지자 얼른) 그럼 일단 오늘 첫 리딩은 내가 가서 찍을테니까 형님은 좀 쉬세요. 아셨죠? 갔다 올께요 (얼른 문으로 향한다)\n정환](마지못한 척)...그래...다녀와~ (문 닫히면, 다시 심란해진다)..."
  },
  "Annotation": {
    "Summary1": "방송국에서 일하는 정환은 사표를 내겠다 큰 소리치고 동료 종범의 설득에 마지못해 사표를 보류하지만 마음이 심란하다.",
    "Summary2": "베란다에 규택은 세탁하지 않은 옷과 속옷 사이에 어처구니 없고 짜증 난 표정으로 입을만한 옷을 고르고 있다. 방송국에서 근무하는 정환은 자신에게 메이킹을 찍으라는 말에 사표를 내겠다고 큰 소리치지만 동료 종범은 자신이 종범 대신 첫 리딩을 찍어준다며 정환의 사표를 만류한다. 종범의 설득에 정환은 못 이기는 척 사표를 보류하지만 못 내 심란하다.",
    "Summary3": ""
  },
  "filename": "SCRIPT-fm_drama-33013-00045.json"
}