{
  "Meta": {
    "doc_id": "SCRIPT-fm_drama-33009",
    "doc_category": "SCRIPT",
    "doc_type": "fm_drama",
    "doc_name": "33009_NC_아버지가이상해09_2017.txt",
    "author": "KBS",
    "publisher": "KBS",
    "published_year": "2017",
    "doc_origin": "아버지가이상해09",
    "passage_id": "SCRIPT-fm_drama-33009-00030",
    "passage": "해설]영식네 거실.\n영실 말분 앉아 있다. 보미 배 담은 쟁반 들고 다가와 앉아, 배 깎기 시작한다.\n말분](보미가 조각 내어 깎기 시작한 배를 보며) 오미 뭔 배가 이러구 크고 실햐?\n영실]그치? (천혜향 집어 들어 까기 시작하며) 엄마 생각나서 넉넉하게 샀어..허리는 좀 어떠셔? 정말 괜찮아?\n말분]괜찮다니께.. 그날 하루 바짝 그러다 폴새 말짱혀. 그 여편네 그러고 연락 왔어?\n영실]왔지 그럼 오늘 아침에도 계단랑 복도 한 번씩 다 쓸었어..\n말분](그 말에 고개 절레절레) 살다 살다 첨 봐...(영실이 배 한 조각 찍어 내밀자, 먹어보고 금세 또) 오미 참말로 달다.. 맛나!\n영실](빙그레) 진짜 달지? 많이 드세요...올케도 먹어봐 (포크로 찍어 베어 먹게 해준다)\n보미](한입 베어 먹고)...진짜 다네요. 한동안 어머니 간식 걱정 안해도 되겠어요.\n말분]오미...누가 들으면 니가 엄청시리 내 간식 챙겨준 중 알것다.\n영실]엄마...누가 들으면 올케가 생전 엄마 간식 생전 안 챙겨 드린지 알겠어?\n보미]감사해요 형님.\n영실](두 사람 사이에서 슬쩍 눈치 보다가. 보미에게) 올케...별 일 없지?\n보미]무슨 일이요?\n영실](무마의 미소 가득) 아니 그냥.. 안부.\n보미]예 별일 없죠 그럼.. (이번엔 슬쩍 살피며) 형님네도 별일 없으시죠? 아주버님도 별일 없으시구요?\n영실]무슨 일?\n보미](역시 무마의 미소 가득) 아니 그냥.. 저도 안부요.\n영실]그럼 별일 없지...\n해설]보미 과일 권하고, 영실 받아든다. 두 사람 서로의 속내는 털어놓지 못하고, 상대를 탐색하는 어색한 미소 짓는다"
  },
  "Annotation": {
    "Summary1": "영실과 보미는 과일을 먹으며 서로의 안부를 물어보지만 서로의 속내를 털어내지 못한다.",
    "Summary2": "영식네 거실에서 말분과 영실, 보미는 영실이 사온 천혜향과 배를 먹으며 이야기한다. 말분은 그 여자에게 연락이 왔냐고 물어보고, 영실은 연락이 왔다고 답한다. 영실과 보미는 서로의 안부를 물어보지만 서로의 속내를 털어내지 못한다.",
    "Summary3": ""
  },
  "filename": "SCRIPT-fm_drama-33009-00030.json"
}