{
  "Meta": {
    "doc_id": "SCRIPT-fm_drama-33001",
    "doc_category": "SCRIPT",
    "doc_type": "fm_drama",
    "doc_name": "33001_NC_아버지가이상해01_2017.txt",
    "author": "KBS",
    "publisher": "KBS",
    "published_year": "2017",
    "doc_origin": "아버지가이상해01",
    "passage_id": "SCRIPT-fm_drama-33001-00048",
    "passage": "해설]화장실.\n혜영 들어서 다가와 욕조에 라영의 실크 원피스를 던진다. 그리고 샤워기를 틀어 라영의 원피스에 대어 흠뻑 적신다. 잠시 후 화장실문 벌컥 열린다. 라영 그 뒤로 미영 준영 달려와 화장실 안의 상황에 입이 떡 벌어진다..\n라영]...으...어?아! (사자후를 내지르고 달려든다)\n해설]혜영, 단호히 한 팔로 라영을 밀어내며 계속 욕조에 물을 뿜는다. 그러다 샤워기를 라영의 얼굴에 뿜어댄다. 라영도 그 뒤로 말리려 달려든 미영도 같이 쫄딱 젖는다. 혜영 다시 원피스를 적신다. “너 미쳤어어????” 소리치며 달려드는 라영. 혜영은 한 팔로 단호하게 라영을 밀어내며 계속 샤워기로 옷을 적신다. “아아아”“라영아 참아아” 라영은 소리치고, 미영은 달려들어 말리다 물에 미끄러지고, 그 와중에도 라영을 떼어 내려 잡고 늘어지고, 혜영은 다시 라영을 떼어 내려 라영에게 물을 뿌리고. 목욕탕은 아수라장이다. 준영 “그만 해애” 소리치고. 결국 결사적으로 몸을 던진 라영이 샤워기를 뺏고 얼른 물을 끄고 원피스를 집어 든다. 그러나 원피스 이미 훔뻑 젖어있다..\n라영]으어허허허허 울애기 우레기이...(괴상한 울음소리 터져 나온다. 물에 젖어, 소중한 아이를 잃은 아픔에)...\n미영](뭐라 말이 안 나오고)...\n준영](역시 할 말을 잃고)...\n라영]...이게 얼마짜린데...할부도 아직...7번이나 남았는데...\n혜영](물기를 털어내며)...니가 자초한 일이야. 내가 입이 닳도록 수없이 경고했지?.(한쪽에 걸린 수건을 빼 들고 입구로)..."
  },
  "Annotation": {
    "Summary1": "화장실에서 혜영이 물을 뿌려 젖은 실크 원피스 때문에 울고 있는 라영에게 혜영은 한마디 하며 화장실 입구로 향한다.",
    "Summary2": "화장실에서 혜영은 달려드는 라영을 밀어내며 샤워기로 라영의 실크 원피스에 계속 물을 뿌린다. 준영이 그만하라며 소리치자, 라영은 몸을 던져 샤워기 물을 끄고 흠뻑 젖은 원피스를 집어 든다. 혜영은 물에 젖은 원피스 때문에 울고 있는 라영에게 스스로 자초한 일이라고 말하고 화장실 입구로 향한다.",
    "Summary3": ""
  },
  "filename": "SCRIPT-fm_drama-33001-00048.json"
}