{
  "Meta": {
    "doc_id": "SCRIPT-fm_drama-33008",
    "doc_category": "SCRIPT",
    "doc_type": "fm_drama",
    "doc_name": "33008_NC_아버지가이상해08_2017.txt",
    "author": "KBS",
    "publisher": "KBS",
    "published_year": "2017",
    "doc_origin": "아버지가이상해08",
    "passage_id": "SCRIPT-fm_drama-33008-00047",
    "passage": "해설]안방.\n“.. 알겠어요. 지금 내려갈께요” 영실 핸드폰 끊고 바닥에 내려놓는다. 영실 이불에서 끄응 몸을 일으키는데, 말분 문 열고 들어선다.\n말분]...좀 워뗘? 몸살이 된통 들었담서?\n영실](웃는).. 벌써 거기까지 소문이 났어요?\n말분]이 온 동니 소문이 파다햐.. (다가와 앉아 얼굴 이리저리 살피고) 낯빛이 안 즉 누리끼리헌디? 안색이 영 안 좋아. (이마 집어보면)\n영실]괜찮아.. 열도 다 떨어지고 많이 좋아졌어.\n말분]아녀. 안 즉 병색여. 더 누워 있어야 것어.\n영실]잠깐 나가서 청소해야 해.. 삼일 동안 청소 안 했더니 건물주가 좀 전에 득달 같이 전화했어.\n말분]뭔 소리여? 이 낯빛으로 워딜 가 청소를 햐?\n영실]잠깐 비질만 하고 오면 돼.\n말분]야가 참말로...알것어. 그람 오늘은 엄마가 비질 해줄테니께 너는 눠 있어.\n영실](펄쩍) 아냐 엄마.\n말분](얼른 손 사레) 걱정두 말어. 엄마는 너처럼 미련허게 안햐. (일어난다)\n영실]안돼 그래도. 그러다 엄마까지 병나셔! 엄마! (하는데, 말문 이미 걱정 말라는 제 스쳐 하고 나간다)"
  },
  "Annotation": {
    "Summary1": "영실은 말분에게 청소를 하러 가야 한다고 말했고 말분은 오늘 엄마가 대신 청소해줄 테니 누워 있으라고 말했다.",
    "Summary2": "방에 있던 영실이 몸을 일으키는데 말분이 들어와 안색이 좋지 않은데 몸은 어떠냐고 물었다. 영실은 열도 내리고 괜찮아졌다고 말한 뒤 3일 동안 청소를 안했더니 건물주가 방금 전화를 걸어와 청소를 하러 나가야 한다고 말했다. 그 말을 들은 말분은 오늘은 엄마가 청소를 해 줄 테니 누워 있으라고 말했고, 괜찮다며 펄쩍 뛰는 영실에게 걱정 말라고 한 뒤 밖으로 나갔다.",
    "Summary3": ""
  },
  "filename": "SCRIPT-fm_drama-33008-00047.json"
}