{
  "Meta": {
    "doc_id": "SCRIPT-fm_drama-33022",
    "doc_category": "SCRIPT",
    "doc_type": "fm_drama",
    "doc_name": "33022_NC_아버지가이상해22_2017.txt",
    "author": "KBS",
    "publisher": "KBS",
    "published_year": "2017",
    "doc_origin": "아버지가이상해22",
    "passage_id": "SCRIPT-fm_drama-33022-00050",
    "passage": "해설]예식장 로비.\n한 수과 영실 하객들에게 인사 중이다. 중희 적당히 떨어져 어슬렁거린다. 주변의 몇몇 사람들 중희를 알아본 듯 수군거리고 핸드폰을 꺼내 사진을 찍는다. 중희 뻘쭘한데, 태부 다가온다.\n태부](반갑게) 행님??!\n중희](살았다는 표정으로) 태부야, 너 마침 잘 왔다.\n태부]행님이 여긴 어쩐 일이세요? 생전 직원 결혼식엔 안 오시더니??\n중희](부러 아무 일도 아니라는 듯) 담당 매니저 가족 결혼이라는데 예의상 얼굴은 비춰야지.\n태부]...담당 매니저 결혼식도 안 가셨던 분이..(채어)\n중희]밥 먹었냐? 배 안고파? (태부 끌고 식장 안으로 들어간다) 너 일단 나이랑 같이 앉자.\n해설]저만큼 혜영 미영 라영 다가오다.\n혜영]먼저 가. 화장실 좀 다녀갈게..\n해설]미영 라영 가고, 혜영 방향을 틀어 걸어간다. 걷다보면, 한 쌍의 연인이 계단참에 마주 서있다. 여자가 남자의 넥타이를 고쳐 매주고 있는데, 여자가 자신이 없어 갸웃거린다. 보기 좋은 한 쌍의 선남선녀의 모습이다. 혜영 그 모습에, 정환과의 추억이 떠올린다.\n<인써트]계단참에 마주 선 혜영과 정환. 친구 결혼식에 참석 차 온 것이다. 혜영 정환의 넥타이 고쳐 매준다. 혜영 넥타이를 매기가 자신 없어 갸웃갸웃. 정환 그 모습에 웃는다 > 혜영 불시에 떠오른 정환 생각에 잠시 그대로 멈춰 있다...어느 순간 마음을 추스르고 나선다."
  },
  "Annotation": {
    "Summary1": "예식장 로비에서 뻘쭘해하는 중희에게 다가온 태부를 끌고 중희는 식장으로 들어가고 혜영은 정환과의 추억을 떠올린다.",
    "Summary2": "예식장 로비에서 어슬렁거리는 중희를 사람들이 알아보고 수군거리고 핸드폰으로 사진을 찍는다. 뻘쭘한 중희에게 태부가 다가와 어쩐 일이라고 묻자 태부가 담당 매니저 결혼이니 예의상 얼굴은 비춰야지 않겠냐며 태부를 데리고 식장 안으로 들어가 같이 앉는다. 미영은 계단에서 여자가 남자의 넥타이를 고쳐 매주는 한 쌍의 연인을 보고 정환과의 추억을 떠올린다.",
    "Summary3": ""
  },
  "filename": "SCRIPT-fm_drama-33022-00050.json"
}