{
  "Meta": {
    "doc_id": "SCRIPT-fm_drama-33022",
    "doc_category": "SCRIPT",
    "doc_type": "fm_drama",
    "doc_name": "33022_NC_아버지가이상해22_2017.txt",
    "author": "KBS",
    "publisher": "KBS",
    "published_year": "2017",
    "doc_origin": "아버지가이상해22",
    "passage_id": "SCRIPT-fm_drama-33022-00054",
    "passage": "해설]로펌 개인 사무실.\n혜영 문 열고 들어와 자리에 앉는다. 뒤늦게 밀려드는 이별의 자각으로 마음이 먹먹한 혜영, 그저 멀거니 앉아 있다. 노크소리. 여직원 들어온다..\n여직원]어쩐 일이세요 주말에?(시치미 떼고) 혹시 핸드폰 찾으러 오셨어요?\n혜영]...핸드폰이요?\n여직원]핸드폰 안 잃어버리셨어요?\n혜영](그제야 핸드백 뒤져보면 핸드폰 없다, 당황하는)...어?없네.. 언제 잃어버렸지?\n여직원](그 모습 보다, 핸드폰 내민다) 여기요.\n혜영](놀라 보면)...\n여직원]아까 제가 전화 드렸더니, 핸드폰 주웠다고 받더라구요. 택시 기사님이셨는데, 다행히 요 앞으로 가져다 주셔서 제가 받아 놨어요.\n혜영](받는다)...고마워요.\n해설]여직원 나간다. 혜영 핸드폰의 부재 중 전화, 문자 확인한다. 그러다 정환과의 문자 창을 열게 되는 혜영. 문자 화면에 줄줄이 보인다.\n정환e]어디야?? 난 도착! 호두 굴러오기만 기다리는 중.\n혜영e]열심히 굴러가는 중. 거의 다 왔어. 근데 왜 남산에서 보재??\n정환e]클래식하잖아. 대학 다닐 때 너랑 남산 한 번 못 와봐서 한 번 쯤 오고 싶었어.^^.\n혜영e]우리 까기는 하고 싶은 것도 많아요..\n정환e]호두랑 하고 싶은 것만 많아요~♡.\n해설]남산 가던 날 주고받던 문자를 보던 혜영. 입가에 미소가 빙그레 지어지며, 어느새 다시 눈가가 촉촉해져 있다.. 계속 문자를 확인하는 혜영.\n정환e]혜영아 밥은 먹었어? 또 안 먹고 굶고 있을까봐 걱정된다..\n혜영e]내 걱정하지 말고 선배나 잘 챙겨먹어. 또 대충 컵라면으로 때우지 말고.\n정환e]호두 보고 싶다. 보면 힘 날 것 같은데ㅜㅜ.\n혜영e]나도~ 까기 보고 싶다..\n해설]또다시 눈물이 나는 혜영. 눈물이 하염없이 흐른다. 정환이 보고 싶다. 미치도록 너무 보고 싶다... 혜영 더는 참지 못하겠다. 핸드폰 가방에 집어넣고 자리를 떨치고 일어선다."
  },
  "Annotation": {
    "Summary1": "혜영은 핸드폰 속 정환과 주고받은 다정한 문자들을 보며 눈물 짓다가 정환이 너무나 보고 싶어 벌떡 일어선다.",
    "Summary2": "이별의 자각으로 먹먹해 있던 혜영에게 여직원은 택시기사에게 받았다며 혜영의 핸드폰을 내민다. 혜영은 정환과 주고 받았던 다정한 문자들을 보다 눈물짓는다. 정환이 너무나 보고싶은 혜영, 핸드폰을 가방에 넣고 일어선다.",
    "Summary3": ""
  },
  "filename": "SCRIPT-fm_drama-33022-00054.json"
}