{
  "Meta": {
    "doc_id": "SCRIPT-fm_drama-33008",
    "doc_category": "SCRIPT",
    "doc_type": "fm_drama",
    "doc_name": "33008_NC_아버지가이상해08_2017.txt",
    "author": "KBS",
    "publisher": "KBS",
    "published_year": "2017",
    "doc_origin": "아버지가이상해08",
    "passage_id": "SCRIPT-fm_drama-33008-00037",
    "passage": "해설]상가주택 외경(밤).\n안방(밤).\n영실 누운 옆에, 혜영 미영 라영 순으로 주르륵 누워 있다..\n라영]잘했지? 조각 케이크을 피부에 양보한 거?\n영실]엄마는 좀 떼주면 안돼? 아파 죽겠는데 무슨 팩이야...\n라영]신경 쓰지 말고 그냥 주무셔. 나중에 떼줄테니까..\n영실]니들이 옆에서 자꾸 조잘대는데 잠이 와.\n미영]엄마 그래도 우리가 옆에 있으니까 좋지?\n영실]...어.. 좋다.. 아픈 보람이 있어..\n미영]헤헤...우리도 오랜만에 이러고 있으니까 좋아.. 좋지 언니도?\n혜영]조용히 해. 주름 가.\n라영](미영에게 얼른 얘기해보라고 발로 톡톡 친다)...\n미영](알았다는 동작)...있잖아..큰언니? 라영이 구남친이 글쎄 라영이한테 지 결혼한다고 청첩장을 다 보냈댄다!\n영실]미친놈! 우리 막내를 뭘로 보고!\n라영]글치글치?\n미영]그래서 내가 라영이에게 결혼식 꼭 가라고 했어. 완전 이쁘게 하고 가서 최고의 민폐하객으로 등극하고 오라고!\n영실]민폐 하객이 뭔데?\n미영]신부보다 예뻐서 민폐를 끼치는 하객..\n영실]그래? 우리 라영이 정도면 민폐 하객 얼마든지 하지.. 그래도 거길 꼭 가야하나?\n미영/ 라영-(동시에) 가야지 엄마. 청첩장을 보냈잖아?\n영실]그래 듣고 보니.. 가야겠네!\n라영]글치글치? (얼른 팩 떼고 일어나 앉아, 두 손 모아, 혜영을 향해 최대한 애처롭고 애교스럽게) 그래서 큰언니이~ 언니 빽 딱 하루만 빌려주면 안될까? 정말 딱 하루 반나절만?\n미영](거든다) 구남친 결혼식 간대잖아?\n영실]그래 혜영아..한 번만 협조해줘라? (세 사람 동시에 혜영을 간절한 눈빛으로 본다)\n혜영]가지마! 니가 거길 왜 가아?\n영실 미영 라영-(기대의 효과음 찌익 끊어지는 느낌!)...\n영실, 미영-(그럼 그렇지. 빠르게 포기하고 반듯하게 다시 눕는다)...\n라영](그러나 다시 한 번 애원해본다) 언니이~.\n혜영](단호하다) 왜 그런 인간에게 니 소중한 돈과 시간을 써? 안돼!\n라영](이씨)...\n영실]라영아 엄마 빽이라도 빌려줄까?\n라영]엄마아!\n해설]영실 소리 내어 웃다가 “아 머리야 웃으니까 골이 흔들려” 그 말에 미영도 웃는다. 라영 벌렁 드러누워 온 몸으로 짜증을 표현한다. 그러다 팩을 다시 얹는다. “그걸 다시 얹어?” “그럼 빽 도 없는데 피부라도 빛나야지” 영실 미영은 계속 웃음 나고. 혜영도 입꼬리가 조금 올라간다. 한 수 문 열고 들어서려다 보고 서 있다. 빙그레... 한 수 조용히 다시 문 닫는다."
  },
  "Annotation": {
    "Summary1": "영실과 혜영, 미영, 라영은 함께 팩을 하며 라영의 예전에 사귄 남자 친구가 청첩장을 보낸 사실에 대해 대화를 나눈다.",
    "Summary2": "영실과 혜영, 미영, 라영은 함께 누워 팩을 하면서 도란도란 이야기를 나눈다. 미영은 라영의 예전에 사귄 남자 친구가 청첩장을 보냈다는 소식을 전하고 미영과 영실은 라영이 그 결혼식에 참석해야 한다는 데에 동의한다. 라영은 혜영에게 백을 빌려달라고 간절하게 부탁하고 영실과 미영도 거들지만, 혜영은 단호하게 가지 말라고 한다.",
    "Summary3": ""
  },
  "filename": "SCRIPT-fm_drama-33008-00037.json"
}