{
  "Meta": {
    "doc_id": "SCRIPT-fm_drama-33015",
    "doc_category": "SCRIPT",
    "doc_type": "fm_drama",
    "doc_name": "33015_NC_아버지가이상해15_2017.txt",
    "author": "KBS",
    "publisher": "KBS",
    "published_year": "2017",
    "doc_origin": "아버지가이상해15",
    "passage_id": "SCRIPT-fm_drama-33015-00031",
    "passage": "해설]정환 오피스텔 (저녁).\n정환 문 열고 들어오면, 혜영 팔짱 끼고 버티고 앉아 있다. 정환 다가오자마자 그대로 무릎 꿇고 두 손 번쩍 든다..\n정환]내가 잘 못했어.\n혜영]...뭘?\n정환]가족들 왕래 철저히 차단한다. 아지트 제3 수칙 지키지 못한 거. 깜빡하고 비번 안 바꾼 거.\n혜영]...알기는 정확히 아네. 그럼 앞으로 어떻게 할 껀데?\n정환]당장비번부터 바꾸고! 전화 한 통 해도 될까?(눈치 보다 얼른 무릎걸음으로 다가와 핸드폰 집어들어 전화를 건다) 엄마! 난데. 앞으로 나 보려면 집으로 불러요. 오피스텔 앞으로 작업실로 쓸꺼라 엄마 출입 금지에요.. 사랑하는 내 스텝들 불편한 거 나 딱 질색이니까. 절대 오시면 안돼! 그럼 회의하느라 끊어요. (끊고 혜영 본다. 혜영 표정 아직 싸늘하자 얼른 다시 손 올리고)...(눈치 보며) 비번 바꿔도 될까?\n혜영]...그럼 안 바꾸려고?\n정환]아니! 그럴려면 손 내려야 한다고?\n혜영](힐끔 보다) 내려!\n정환](얼른 손 내리고 일어나 눈치 보며).. 번호는 니 생일로 할까?\n혜영]그럼 어머니 생신으로 할래?\n정환](얼른) 아니. (얼른 현관으로 다가간다)...\n혜영](그제야 그 모습 힐끔. 사실 화는 이미 풀렸다)...\n정환](휴~ 지은 죄가 있어 열심히 비번 바꾼다)..."
  },
  "Annotation": {
    "Summary1": "정환은 아지트인 오피스텔에 엄마의 왕래를 금지시키고 비밀번호를 혜영의 생일로 바꾸며 용서를 구하고 있다.",
    "Summary2": "정환은 아지트 제 3수칙인 가족들 왕래를 철저히 차단하지 못한것을 두고 혜영에게 용서를 구한다. 정환은 혜영앞에서 엄마에게 전화를 걸어 오피스텔 출입을 금지시킨다. 정환은 혜영의 생일로 아지트 비밀번호를 바꾸고, 그런 정환의 모습에 혜영은 화가 이미 풀려있다.",
    "Summary3": ""
  },
  "filename": "SCRIPT-fm_drama-33015-00031.json"
}