{
  "Meta": {
    "doc_id": "SCRIPT-fm_drama-46053",
    "doc_category": "SCRIPT",
    "doc_type": "fm_drama",
    "doc_name": "46053_DC_오작교형제들53_2011.txt",
    "author": "KBS",
    "publisher": "KBS",
    "published_year": "2011",
    "doc_origin": "오작교형제들53",
    "passage_id": "SCRIPT-fm_drama-46053-00043",
    "passage": "해설]실내 포장마차 / 밤.\n인호 홍씨 마주 앉아 있다. 두 사람 간단한 안주 놓고 술을 마신다.\n인호]...왜 나한테 말을 안 했어?아버지는 그러셨다 쳐도 자네라도 나한테 말을 해줬어야지 사람이 죽었다고?\n홍씨](대꾸도 못한다. 괴롭다)...\n인호]...내가 살아 돌아오는 게 아니었어...뭐하러 살아 돌아와서 우리 자은이에게 이런 고통을 안겨주는지...죽었어야 했어...그때 바다에 빠져 죽었어야 했어 (술잔 비운다)\n홍씨](죄책감에 괴롭다)...천천히 드세요 사장님...아직 몸도 안좋으시잖아요? (잔 채운다)\n해설]오피스텔 앞 주차장 / 밤.\n막 도착한 태희의 차. 저 멀리 걸어가는 인호 보인다. 태희 황급히 차에서 내려 인호에게 빠른 걸음으로 휙휙 걸어간다. 인호 돌아본다..\n태희](다짜고짜) 사고 당일 날...무슨 옷 입으셨어요?\n인호](갑작스런 질문에)...옷 색깔? (기억을 더듬는) 그러니까 그 날...(잘 기억 안나고).\n태희](다급해) 등산을 하셨다면서요?흰색이었습니까?\n인호](잘 모르겠다)...글쎄...너무 오래전 일이라 기억이 안나?등산을 했으니까 아마 흰색은 아니었겠지?근데 왜 그러나? 무슨 일이야?\n태희]잘 기억을 더듬어 보세요?혹시 그럼 그날 동승자가 있었습니까?\n인호]어...그건 기억해?홍씨랑 이기철이가 같이 타고 있었어!\n태희](!)(놀라운) 홍만식과 이기철이요?"
  },
  "Annotation": {
    "Summary1": "인호는 자신이 자은에게 고통을 준다며 괴로워하고, 태희는 사고 당일 홍씨와 이기철이 동승했다는 인호의 말에 놀란다.",
    "Summary2": "사람이 죽었다는 말을 왜 해 주지 않았느냐는 인호에게 홍씨는 죄책감을 느끼고, 인호는 자신이 살아 돌아온 탓에 자은이 고통을 받는다며 그날 바다에 빠져 죽었어야 했다고 말한다. 태희가 걸어가는 인호를 보고 급히 다가가 사고 당일 무슨 옷을 입었고 동승자가 있었는지 묻는다. 동승자는 기억한다며 홍씨와 이기철이 같이 타고 있었다는 인호의 말에 태희가 놀란다.",
    "Summary3": ""
  },
  "filename": "SCRIPT-fm_drama-46053-00043.json"
}