{
  "Meta": {
    "doc_id": "SCRIPT-fm_drama-46030",
    "doc_category": "SCRIPT",
    "doc_type": "fm_drama",
    "doc_name": "46030_DC_오작교형제들30_2011.txt",
    "author": "KBS",
    "publisher": "KBS",
    "published_year": "2011",
    "doc_origin": "오작교형제들30",
    "passage_id": "SCRIPT-fm_drama-46030-00037",
    "passage": "해설]수영집 거실.\n여경 현재 들어온다. 현재 손에 장바구니 들려있다. 여경은 꽃이 든 화병을 들고 있다..\n현재]냉장고야 채워놓고 가도 잘 모르겠지만, 화병은 놓고 가면 황서방 당신 다녀간 거 금방 알 텐데?\n여경]알면 어때서요? 장 봐 달란 수영이 부탁으로 당당하게 들어온거에요.(하다) 아니 내 딸 집에 드나들면서 내가 이렇게 사위 눈치를 봐야 해요?\n현재]딸 집이기만 해? 사위 집이기도 하잖아?\n여경]진짜 팔푼이 지지배라니까...뭘 그렇게 지 남편 눈치를 보고...\n현재]착해서 그런거야 우리 수영이가. 착한 게 궁극적으로는 강하고 좋은 거고...(하다 열려진 서재를 들여다 보고) 어젯밤에 서재서 잤나봐...이불이 펴져 있네.\n여경](다가와 본다)...얘들 아무래도 수상해요. 올 때마다 이래요. 올 때마다 늘 서재에 이불이 펴져 있다니까요?"
  },
  "Annotation": {
    "Summary1": "여경과 현재는 수영의 집에 들어가고 현재가 서재에 이불이 펴진 걸 발견하자 여경은 올 때마다 그렇다며 수상하게 여긴다.",
    "Summary2": "수영의 집 거실, 여경과 현재가 장바구니와 화병을 들고 들어온다. 현재는 여경에게 화병을 놓고 가면 황서방이 여경이 다녀간 걸 금방 알 거라고 하자 여경은 자기 딸 집에 드나들면서 사위 눈치를 봐야 하냐고 말한다. 현재는 열린 서재를 들여다보고 이불이 펴져 있다고 말하고 여경은 올 때마다 늘 서재에 이불이 펴져 있다며 수상하게 생각한다.",
    "Summary3": ""
  },
  "filename": "SCRIPT-fm_drama-46030-00037.json"
}