{
  "Meta": {
    "doc_id": "SCRIPT-fm_drama-46029",
    "doc_category": "SCRIPT",
    "doc_type": "fm_drama",
    "doc_name": "46029_DC_오작교형제들29_2011.txt",
    "author": "KBS",
    "publisher": "KBS",
    "published_year": "2011",
    "doc_origin": "오작교형제들29",
    "passage_id": "SCRIPT-fm_drama-46029-00033",
    "passage": "해설]경찰서 건물 밖+주차장.\n태희 달려 나온다. 태희 정신없이 주차된 자신의 차로 달린다. 동민 뒤따라 달려온다. 동민도 빠르게 태희를 뒤따라 달린다. 태희 주차된 자신의 차로 다가와 헛손질하며 차문을 열지 못한다. 평소의 태희답지 안게 몹시 당황하고 허둥대는 모습 역력하다. 뒤따라 달려온 동민 태희의 손에 들린 키홀더를 낚아채 차문 열어주며.\n동민]무슨 일이에요 형? 무슨 일인데?\n태희](말도 잘 못한다)...자은 이가...자은 이가...\n동민](그 모습에) 알았어요 무슨 일인지 모르지만, 일단 내가 운전할께. 형 지금 봐선 운전 못해? 얼른 옆으로 가라니까?\n해설]태희, 그 말에 더는 아무 말 안고 본넷으로 돌아 보조석으로 옮겨가 탄다. 동민도 얼른 올라타 시동을 건다. 태희 올라타자마자 동민 빠르게 차를 출발시킨다.\n도로.\n동민이 운전하는 태희의 차 빠르게 달려온다. 경광등 차위에 올려져 있다..\n태희]...빨리이?좀 더 빨리 못 가아?왼쪽으로 빠져어!뭐하는 거야?\n해설]태희 마음 이해하는 동민, 태희의 윽박에 아무 말 안고 열심히 운전에 집중한다. 태희 초조하게 정면만 노려본다."
  },
  "Annotation": {
    "Summary1": "동민은 정신없이 차로 달려가는 태희를 대신해 운전을 해주고 태희가 빨리 가라고 윽박을 질러도 이해해준다.",
    "Summary2": "태희가 경찰서에 주차된 자신의 차로 정신없이 달리고 동민이 뒤따라간다. 동민은 허둥대며 차 문을 열지 못하는 태희에게 무슨 일인지 묻고 자은의 이름만 되풀이하는 태희의 모습에 대신 운전해 주겠다고 한다. 경광등을 차 위에 올리고 빠르게 운전하는 동민에게 초조한 태희가 빨리 가라며 윽박을 지르지만 동민은 이해해준다.",
    "Summary3": ""
  },
  "filename": "SCRIPT-fm_drama-46029-00033.json"
}