{
  "Meta": {
    "doc_id": "SCRIPT-fm_drama-33002",
    "doc_category": "SCRIPT",
    "doc_type": "fm_drama",
    "doc_name": "33002_NC_아버지가이상해02_2017.txt",
    "author": "KBS",
    "publisher": "KBS",
    "published_year": "2017",
    "doc_origin": "아버지가이상해02",
    "passage_id": "SCRIPT-fm_drama-33002-00011",
    "passage": "해설]해온ent 면접장 입구(복도).\n복도 한쪽 벽에 일렬로 주욱 30여개 이상 놓여있는 의자. 그 자리 다 채우고 앉아 있는 지원자들. 다들 긴장된 모습이다. 상의에 이름표 달고 있고, 손에 각자 이력서 들고 있다. 다리 달달 떠는 지원자도 있고, 준비한 멘트 웅얼대며 복기해보는 지원자도 있다. 미영 끝에서 네 번째 자리에 긴장된 모습으로 앉아 있다. 자신만큼 긴장한 지원자들 바라보다, 자신의 손에 들린 이력서 본다. 며칠 전 새로 찍은 사진 붙어있고 자기 소개글 써 있다..\n미영E]나의 하루는 눈을뜨면서부터 구인구직 사이트를 뒤지는 것으로 시작됩니다. \n해설]몽 따지.\n거리, 핸드폰 어플로 구인구직 사이트 보며 걸어간다. 턱이 진 곳도 보지 않고, 잘 내려서고, 앞서 가는 사람과 부딪히지 않고 잘 피하고, 맨홀을 보지 않고도 잘 피해 걸어간다. 미영E, 혹시라도 면접 본 곳에서 연락이 올까, 새로운 구직 공고가 떴을까, 언제 어디서나 핸드폰을 손에 놓지 않고 산지 3년째고, 거리, 달려오는 미영, 대한적십자사 건물로 달려 들어간다/.\n운전면허시험장]1종 면허를 따기 위해 버스에 올라 실기시험을 보고 있는 미영..\n미영E]심폐소생술자격증, 운전면허 1종, 스포츠지도사 자격증 등 닥치는 대로 각종 자격증을 취득했지만, 별 도움이 되지 않았습니다..\n체육관]체력 훈련 중인 선수들. 미영도 그 사이에서 열심히 운동하고 있다..\n체육관]유도 시합 중인 미영. 상대 선수에게 엎어 치기를 당하며 어깨를 심하게 다쳤다. 어깨를 감싸 쥐고 고통스러워하며 일어나지 못한다..\n해설]미영E, 한때 저는 청소년 도 대표 유도선수였습니다. 고2때 전국체전에서 동메달 따던 순간은 제 인생 최고의 순간이었습니다. 그러나 얼마 뒤 심각한 어깨부상으로 운동을 그만둬야했고, 미영방, 비가 내리는 창밖을 슬픈 눈으로 바라보며 밥솥 째 끼고 앉아 기계적으로 밥을 퍼먹는 미영. 살이 어마어마하게 불었다. / 미영 방-거울 앞에 선 미영. 몸매는 이미 심각한 상태고, 가슴도 육안으로 구분이 분명한 짝가슴이다. 크기가 다른 뽕을 들고 뭘 넣어야 하나 고민중...그러다 휙 던져 버린다. 블라인드 내려 방안을 어둡게 만들고 이불 뒤집어쓰고 눕는다.\n미영E]이후 급격한 체증 증가, 비만 오면 뻐근하게 저려오는 어깨통증, 육안으로도 확연한 짝가슴 등 심각한 후유증을 겪으며 힘든 나날을 보내야 했습니다.\n해설]운동장, 체중이 증가한 미영 열심히 달린다. 숨이 턱에 차 죽을 것 같다./ 달리다 어느 순간 쓰러지는 미영 헐떡이며 괴로워하지만 결국 다시 일어나 달린다. / 계속 달리는 미영. 어느순간부터 체중이 빠져나가는 모습이 보인다. 표정도 조금씩 밝아져 간다. / 미영방, 말끔한 면접룩을 입고 거울 앞에 서는 미영. 굳은 결심을 한 표정이다..\n미영E]그러나 어느 순간 다시 힘과 용기를 냈습니다. 비록 지금은 3년차 취준생이지만, 역경에도 굴하지 않고 떨치고 일어났듯,"
  },
  "Annotation": {
    "Summary1": "해온ent 등 여러곳에 면접을 봤으나 아직 3년째 취준생인 미영은 구인구직사이트 보는 것으로 하루를 시작한다.",
    "Summary2": "해온ent면접장 복도에 미영은 긴장된 모습으로 앉아 있다. 구인구직 사이트를 보는 것으로 하루를 시작하는 미영은 핸드폰을 안 놓은지 3년째로 몽따지 거리서 핸드폰 구인구직사이트를 보며 걷다가 대한적십자사 건물로 달려 들어간다. 미영은 운전면허1종 외 온갖 자격증을 취득헀지만 별 도움이 안됐고 유도선수 활동시 살이 쪄 달리기로 살을 빼고 있다.",
    "Summary3": ""
  },
  "filename": "SCRIPT-fm_drama-33002-00011.json"
}