{
  "Meta": {
    "doc_id": "SCRIPT-fm_drama-33001",
    "doc_category": "SCRIPT",
    "doc_type": "fm_drama",
    "doc_name": "33001_NC_아버지가이상해01_2017.txt",
    "author": "KBS",
    "publisher": "KBS",
    "published_year": "2017",
    "doc_origin": "아버지가이상해01",
    "passage_id": "SCRIPT-fm_drama-33001-00042",
    "passage": "해설]몽타주 (회상).\n캠퍼스, 축제 댄스대회. 동아리 대표로 나온 혜영과 경주 춤을 춘다. 주변에 동문들 환호 보내고. 그 사이에서 춤추는 혜영의 귀엽고 사랑스러운 모습에 정환 넋을 놓고 바라본다. 혜영 춤추다 그런 정환을 본다. 정환 얼른 시선 돌린다. 영화관, 동아리 사람들과 단관 온 혜영과 정환. 사람들 사이에서 둘만 미소 짓고 있다. 두 사람 동아리 사람들 모르게 손 꼭 잡고 있다. 도서관, 혜영 자리에서 졸고 있다. 맞은편에 졸고 있는 혜영을, 웃으며 바라보는 정환. 그때 혜영 머리가 푹- 앞으로 쓰러지고, 저도 모르게 벌떡 일어나 혜영 머리 떠받드는 정환. 사람들 시선에 민망해하면서도 혜영이 귀여워 죽겠는 정환.\n캠퍼스, 콘 아이스크림 정도를 먹으며 조잘거리는 혜영, 정환, 혜영의 어깨동무하고 있다. 정환 한입만 달라는 동작. 정환 입에 아이스크림을 먹여 주는 척 묻혀버리는 혜영. 정환 혜영에게 헤드락 걸며 장난친다. 혜영 짐짓 아픈 척하면서도 아이스크림 안 뺐기고. 그렇게 즐거운 두 사람 과거 혜영 빌라 앞, 대문 앞에서 전화하는 정환. 끊었다 다시 걸고, 또 다시 걸고...몹시 초조하다. 혜영 집을 올려다보는 정환. 핸드폰 액정 클로즈업하면, ‘우리 헤어져’ 혜영에게서 온 짧은 이별 통보문자. 정환 다시 전화를 걸지만 받지 안는다. 빗방울 뚝뚝 떨어지기 시작한다. 그러나 아랑곳 안고 버티고 있는 정환. 답답하고 열 받는 정환, 악! 혜영 빌라 담벼락 퍽- 차버리고.\n혜영 방, 괴로운 얼굴로 정환을 내려다보는 혜영. 비까지 오는데, 그 비를 맞으며 대문 앞에 버티고 서있는 정환. 그러다 정환이 올려다보면, 커튼 치며 돌아서버리는 혜영."
  },
  "Annotation": {
    "Summary1": "혜영과의 즐거웠던 과거를 떠올리던 정환은 헤어지자는 문자를 보고 화가나서 담벼락을 걷어찬다.",
    "Summary2": "캠퍼스 축제 댄스대회에서 춤을 추는 혜영의 모습에 넋을 놓고 보는 정환, 둘의 시선이 마주치고, 영화관 동아리에서 두 사람은 손을 꼭잡고 있다. 정환은 행복했던 과거를 떠올리며 혜영의 빌라 앞에서 전화하지만 받지 않아 초조하다. 헤어지자는 문자를 본 정환은 비가 내리기 시작하지만 버티고 있다가 화가나서 빌라의 담벼락을 걷어찬다.",
    "Summary3": ""
  },
  "filename": "SCRIPT-fm_drama-33001-00042.json"
}