{
  "Meta": {
    "doc_id": "SCRIPT-fm_drama-33013",
    "doc_category": "SCRIPT",
    "doc_type": "fm_drama",
    "doc_name": "33013_NC_아버지가이상해13_2017.txt",
    "author": "KBS",
    "publisher": "KBS",
    "published_year": "2017",
    "doc_origin": "아버지가이상해13",
    "passage_id": "SCRIPT-fm_drama-33013-00043",
    "passage": "해설]사진관.\n번쩍 플래쉬 터진다. 돌 사진 찍고 있는 사진사 뒷모습 보인다. “자 다시 한 번 갈게요.” 하는데 목소리가 영식이 아니다. 그때 사진사 옆으로 들어오는 영식. 얼굴에 뽀로로 분장을 했다. 영식 볼에 손가락도 찔러보고 펭귄 흉내도 내어보고 각종 해괴한 표정에 우르르 까꿍, 꿱꿱, 삐약삐약 이상한 소리를 내며 아기의 시선을 끌기위해 난리를 친다. “애기야~ 여기 봐야지?” “꼬마 친구?” 짤랑이, 모빌, 인형 등등 소품도 동원한다. 하지만 아기는 전혀 영식을 보지 않고.\n사진사]뭐해? 그래서 사진 찍겠어?\n해설]영식 이번엔 펄쩍 사지를 쫙 펴고 뛰어오르자 그제야 카메라 쪽을 보며 꺄르르 웃는 아기. 영식 플래쉬가 터질 때 마다 쉬지 않고 뛰어 오른다. <시간경과> 아기를 안은 젊은 부부, 사진관을 나선다. 영식 잔뜩 지친 얼굴로 “안녕히 가세요.” 한 마디 토해내고 그대로 바닥에 주저앉는다. 사진사 “고생했어” 한 마디 하고 작업실 안으로 들어가버리고. 영식 근처 소품박스에 기대어 쉰다..\n영식]... 먹고 살기 참 힘들다. 우리 민하는 아빠가 이러고 있는 거 아나 몰라..."
  },
  "Annotation": {
    "Summary1": "사진관에서 아이의 시선을 끄는 일을 하는 영식은 힘들게 촬영을 마치고 지친 얼굴로 쉬면서 힘든 돈벌이에 대해 탄식한다.",
    "Summary2": "영식은 사진관에서 뽀로로 분장을 하고 온갖 몸동작과 소리를 내며 아이의 시선을 끄는 일을 하고 있다. 아이가 좀처럼 시선을 주지 않자 사진사는 영식을 타박하고, 영식이 펄쩍 뛰어오르자 아이가 시선을 주고 결국 사진 촬영이 마무리된다. 사진사는 수고했다고만 하고 들어가버리고, 지친 영식은 소품박스에 기대어 쉬며 먹고살기 힘들다며 탄식한다.",
    "Summary3": ""
  },
  "filename": "SCRIPT-fm_drama-33013-00043.json"
}