{
  "Meta": {
    "doc_id": "SCRIPT-fm_drama-33023",
    "doc_category": "SCRIPT",
    "doc_type": "fm_drama",
    "doc_name": "33023_NC_아버지가이상해23_2017.txt",
    "author": "KBS",
    "publisher": "KBS",
    "published_year": "2017",
    "doc_origin": "아버지가이상해23",
    "passage_id": "SCRIPT-fm_drama-33023-00003",
    "passage": "해설]미영 방(밤).\n혜영 잠옷으로 갈아입었다. 영실 들어서며 문 닫는다..\n영실]앉아봐.. (앉는다. 혜영도 앉으면)...언제까지 그럴 거야?\n혜영]뭐가요?\n영실]언제까지 그렇게 헤어진 유세하며 가족들 눈치 보게 할 거냐고?다들 니 눈치 보는 거 안 보여?\n혜영]...\n영실]이제 새애기 들어왔는데, 새애기한테까지 나 헤어졌어요 실연당했어요 광고할 거야?? 그럴 거면 헤어지질 말든가? 헤어졌으면 적당한 선에서 정리하고 털어내든가??\n혜영]내가 뭘 얼마나 티를 냈다고..? 나도 가족들 신경 쓰일까봐 최대한 표 안 내고 노력하거든요?\n영실](속상해 보면)...\n혜영](속상해 울컥 오른다. 목소리 표정에 고스란히)...알았어요.. 알았다고...조심한다구.\n해설]영실, 그런 딸 모습에 속상해 더는 말 안고 일어난다. 영실 문 열고 나간다. 혜영 그대로 침대 이불 뒤집어쓰고 다시 울기 시작한다. 미영 라영 문 열고 들어서다, 이불 속 혜영의 모습, 훌쩍이는 소리에 당황한다. 두 사람도 속상하다. 두 사람 서로 눈짓하다, 침대에 놓인 베개를 조용히 하나씩 집어 들고 문 닫고 나간다."
  },
  "Annotation": {
    "Summary1": "영실은 미영의 방에 와서 언제까지 헤어진 티를 내며 가족들을 눈치보게 할 것인지 묻자, 혜영이 노력중이라 답했다.",
    "Summary2": "잠옷을 갈아입은 혜영이 있는 미영의 방에 영실이 들어왔다. 영실은 언제까지 헤어진 티를 내며 가족들을 눈치 보게 할 거냐 묻자, 혜영은 자신도 최대한 노력하고 있다고 대답했고, 영실은 속상해하며 방을 나섰다. 미영과 라영이 방으로 들어서니, 침대에서 이불을 뒤집어쓰고 울고 있는 혜영의 모습이 보여 각자 베개를 들고 조용히 나갔다.",
    "Summary3": ""
  },
  "filename": "SCRIPT-fm_drama-33023-00003.json"
}