{
  "Meta": {
    "doc_id": "SCRIPT-fm_drama-46050",
    "doc_category": "SCRIPT",
    "doc_type": "fm_drama",
    "doc_name": "46050_DC_오작교형제들50_2011.txt",
    "author": "KBS",
    "publisher": "KBS",
    "published_year": "2011",
    "doc_origin": "오작교형제들50",
    "passage_id": "SCRIPT-fm_drama-46050-00019",
    "passage": "해설]병원 뜰/ 밤.\n자은 서있다. 복자 다가와 선다. 복자 자은 을 본다. 자은 복자를 보다 이내 죄스러워 시선 거둔다. 복자 그런 자은 에게 품안의 뜨거운 캔음료 내민다..\n자은](슬쩍 볼 뿐 시선도 안주고 안받는다. 건물만 본다)...\n복자]받어. 할머니 깨나시기 전에 쓰러지고 싶어 그려?받어 어여?\n자은](그 소리에도 안받는다)\n복자](가만히 보다 캔음료 주머니에 넣고 두르고 있던 목도리를 풀어 자은 에게 둘러준다)\n자은](당황해 두려움 가득한 눈으로 몸을 빼내며)...안돼요.\n복자]가만 있어. 안되긴 뭣이가 안댜? 이러구 있다 쓰러져 여러 사람 잡고 싶어 그랴?\n자은]...\n복자]걍 있어...엄니 깨나 실껴...강하신 분이여...꼭 깨나 실껴.\n자은](그 말에 눈가가 젖어든다. 울지 안으려 이 악문다)...\n해설]복자 강하게 목도리를 두른다. 꽁꽁 따뜻하게 여며준다. 자은 울지 안으려 이 앙다문다. 자꾸 눈가가 젖어들어 얼른 시선 피한다. 다 두른 복자 아무 말 안고 캔음료 주머니에서 꺼내 따서 자은 의 손에 쥐어준다..\n자은](당황해 빼려면)...\n복자](다시 강하게 쥐어준다)...받어!할머니 깨나 실껴...태희 땜시라도 깨나 실껴...이러구 가시믄 눈에 넣어도 안아픈 당신 새끼 태희 가심에...평생을 뽑아낼 수 없는 대못을 박아 넣고 떠나시는 거니께...다른 건 다 혀도 그거는 안하실 양반여...나는 믿어...꼭 깨나 실껴!\n자은](눈물 흐른다) (당황해 얼른 닦아내면서 고개 돌린다)...\n복자](그런 자은 을 보다)...(더는 아무 말 안고 돌아선다)...\n해설]자은 그제야 고개 돌려 그런 복자를 본다. 다시 눈물이 난다. 얼른 또 닦아내는 자은..\n자은](멀어지는 복자를 이 앙다물고 본다)...(손에 들린 캔음료 하염없이 바라보다)...(그대로 꼭 쥐고만 서서 다시 건물을 간절한 마음으로 바라본다)..."
  },
  "Annotation": {
    "Summary1": "병원 뜰에 서 있는 자은에게 복자가 와서 할머니는 깨어날 것이라며 목도리를 둘러주고 캔음료도 쥐어준다.",
    "Summary2": "자은이 병원 뜰에 서 있는데 복자가 다가와 캔음료를 내밀지만 자은은 죄스러워 받지 않는다. 복자가 목도리를 풀어 자은에게 둘러주면서 할머니는 강한 사람이기에 꼭 깨어날 것이라고 말하자 자은은 눈시울이 젖고, 이어 복자는 캔음료도 자은의 손에 쥐어준다. 자은이 받지 않으려하자 복자는 할머니는 깨어날 것이며 태희 때문이라도 깨어날 것이라고 말한다.",
    "Summary3": ""
  },
  "filename": "SCRIPT-fm_drama-46050-00019.json"
}