{
  "Meta": {
    "doc_id": "SCRIPT-fm_drama-33023",
    "doc_category": "SCRIPT",
    "doc_type": "fm_drama",
    "doc_name": "33023_NC_아버지가이상해23_2017.txt",
    "author": "KBS",
    "publisher": "KBS",
    "published_year": "2017",
    "doc_origin": "아버지가이상해23",
    "passage_id": "SCRIPT-fm_drama-33023-00019",
    "passage": "해설]방송국 로비.\n규택 정환을 기다리고 있다. 엘리베이터 문 열리고 정환 내린다. 둘러보면 규택이 저만큼 서서 정환을 기다리고 있다. 정환 아버지 보고 다가간다. 규택 고개 돌리다 다가오는 정환을 본다. 정환 다가와 선다.\n규택](초췌한 아들 모습에)...모습이 왜 그래? 밥은 먹고 다녀?\n정환]...\n규택]어디 좀 가자...차라도 마셔.\n정환]저 곧 회의 있어요.. 그냥 여기서 말씀하세요.\n규택](보다)...언제까지 집 나가 있으려고? 니 엄마가 잘못하긴 했지만, 니가 이렇게 나오면 엄마 화만 더 돋구는 꼴이야.. 집에 들어와 엄마를 잘 설득할 생각을 해야지? 그래야 그 아가씨와도 결혼할 수 있을 거 아냐?\n정환]...그럴 필요 없어요 이제... 혜영이랑 헤어졌어요.\n규택](놀라 본다)...헤어졌어?\n정환]...예.. 혜영이가 저이랑 결혼 못하겠대요.. 엄마를 시어머니로 모실 자신이 없대요...저도 혜영이를 설득할 수가 없었어요.\n규택](그제야 아들의 반항이 온전히 이해된다)...\n정환]...그래서 집에 들어갈 수가 없어요. 엄마를 보면... 너무 화가 나서요...\n규택]...그래.. 무슨 말인지는 충분히 알겠어.. 이해했고... 알겠는데...\n정환]저 베트남 파견 근무 지원했어요. 지금 신청서 내고 오는 길이에요..\n규택](놀라 보는)...뭐라고?\n정환]...한동안 떠나 있으려구요.. 어떤 식으로든 이렇게 이대로 지낼 수는 없을 것 같아요.. 지금 당장은... 숨 쉬기도 힘들어요.\n규택]정환아?\n정환]아직은 아버지만 알고 계세요...들어가 봐야 해요...가세요.\n규택]정환아??!\n해설]그러나 정환 대답 없이 아버지 등지고 걸어간다. 규택, 당황해 그런 아들 바라본다."
  },
  "Annotation": {
    "Summary1": "규택은 정환에게 집에 들어오라고 하지만 정환은 엄마 때문에 혜영과 헤어졌다며 베트남 파견 근무를 신청했다고 말한다.",
    "Summary2": "규택이 정환을 찾아와 초췌한 모습에 걱정을 하며 혜영과 결혼을 하기 위해서는 집에 들어와 엄마를 설득해 보라고 한다. 정환은 엄마 때문에 혜영과 헤어졌다며 베트남 파견 근무를 지원했다고 한다. 규택이 놀라 정환을 부르지만 대답 없이 등지고 걸어간다.",
    "Summary3": ""
  },
  "filename": "SCRIPT-fm_drama-33023-00019.json"
}