{
  "Meta": {
    "doc_id": "SCRIPT-fm_drama-33013",
    "doc_category": "SCRIPT",
    "doc_type": "fm_drama",
    "doc_name": "33013_NC_아버지가이상해13_2017.txt",
    "author": "KBS",
    "publisher": "KBS",
    "published_year": "2017",
    "doc_origin": "아버지가이상해13",
    "passage_id": "SCRIPT-fm_drama-33013-00037",
    "passage": "해설]규택 화장실.\n힘이 꽉 들어가 있는 규택 발가락. 스르륵 힘이 풀리고 “어...” 하는 감탄사 절로 나온다. 시원하기 그지없는 표정으로 자연스레 휴지를 잡으려 손을 옆으로 뻗었는데.. 텅 비어있는 휴지걸이. 어설픈 자세로 선반 문을 열어보지만 휴지가 없다..\n규택]거기! 나 휴지 좀 줘!\n해설]복녀 거실.\n복녀 거실 쇼파에 앉아 티비 보며 빨래 접고 있는데.. 들리는 규택 목소리.\n규택e]저기 안 들려? 휴지 좀 달라니까아?\n해설]복녀 흘긴다. 일어나 문 앞으로 다가간다.\n복녀]나한테사과부터 해요. 그럼 휴지 줄게요.\n해설]규택 화장실.\n그 소리에 짜증이 치미는 규택. 두리번거리다 일단 휴지 심을 빼 본다. 고작 두 칸 붙어있는 휴지. 이씨. 주머니를 뒤져본다. 나오는 게 아무 것도 없다..\n규택]무슨 사과를 하라는 거야?!\n복녀e]지속적으로 날 무시하고, 말해도 듣지도 않고, 모욕적인 시까지 써서 날 슬프게 한 점 사과하라구요?!\n규택](혼잣말) 이 여자가 진짜...(눈에 샤워기 들어온다) 됐어. 필요 없어"
  },
  "Annotation": {
    "Summary1": "규택은 화장실에서 휴지를 가져다 달라고 하지만 복녀는 사과해야 주겠다고 하고 성질이 난 규택은 그만두라고 말한다.",
    "Summary2": "규택은 화장실에서 볼일을 보고 휴지를 찾지만, 휴지가 없는 것을 확인하고 복녀를 부른다. 복녀는 자신을 무시하고 슬프게 한 것을 사과하면 주겠다고 말한다. 성질이 난 규택은 샤워기를 보며 필요 없다고 한다.",
    "Summary3": ""
  },
  "filename": "SCRIPT-fm_drama-33013-00037.json"
}