{
  "Meta": {
    "doc_id": "SCRIPT-fm_drama-46023",
    "doc_category": "SCRIPT",
    "doc_type": "fm_drama",
    "doc_name": "46023_DC_오작교형제들23_2011.txt",
    "author": "KBS",
    "publisher": "KBS",
    "published_year": "2011",
    "doc_origin": "오작교형제들23",
    "passage_id": "SCRIPT-fm_drama-46023-00006",
    "passage": "해설]태범네 주방/ 밤.\n앞치마 두른 수영. 당근을 감자칼로 깎는데 너무도 어설프다/ 책을 보고 감자를 써는 수영. 역시 너무도 어설퍼 손을 베일 것만 같다/ 후라이펜에 기름 두르면 물기가 있어 기름이 높이 튀어 올라 엄마야! 기겁을 하고/ 갖은 야채 넣고 볶는다. 양파를 너무 일찍 넣어 타기 시작. 어떡해? 당황하며 불 끈다. 탄 양파를 젓가락으로 하나하나 골라내고/ 양파 골라낸 야채에 김치를 넣고 볶고/ 밥을 넣고 볶고/ 제법 음식이 되어가고 모양새를 갖춰간다. 수영 기분 좋고 흐뭇하다/ 김치볶음밥 담긴 그릇에 계란후라이 조심스레 올리는 수영. 물김치 예쁜 그릇에 담아 놓고, 깔끔한 밑반찬 두세 개 더 놓고, 물컵. 수저 놓으며 식탁 정성껏 셋팅한다..\n수영](다 끝내고 뿌듯하게 앞치마를 벗는다. 시계 본다. 저녁 007시) 올 시간 다됐지?\n해설]<시간경과> 수영 식탁에 턱 괴고 앉아 태범 기다리고 있다. 볶음밥 손가락으로 살짝 찍는다...‘다 식었네?’...아쉽게 보다가 핸드폰 들어 문자 온 거 있나 확인하는 수영. <시간 경과> 식탁에서 일어나 왔다 갔다 하는 수영. 핸드폰 들어 전화할까 하다가 그만 둔다...시간을 확인한다. 009시가 다되어간다. 점점 표정 굳어진다."
  },
  "Annotation": {
    "Summary1": "수영은 김치볶음밥을 만들고 태범을 기다리지만 태범은 저녁 9시가 되어도 오지 않고 수영의 표정은 점점 굳어간다.",
    "Summary2": "수영은 어설프지만 당근, 감자를 썰고, 양파, 김치, 밥을 넣고 볶아 김치 볶음밥을 만들고 식탁을 정성껏 세팅한다. 다 끝내고 뿌듯한 마음으로 시계를 보니 저녁 7시가 되었고 올 시간이 다 됐음을 기억한다. 시간이 흐르고 수영은 태범을 기다리고 식어가는 볶음밥을 아쉽게 보고 있다가 핸드폰을 확인하고, 수영은 점점 표정이 굳어간다.",
    "Summary3": ""
  },
  "filename": "SCRIPT-fm_drama-46023-00006.json"
}