{
  "Meta": {
    "doc_id": "SCRIPT-fm_drama-46028",
    "doc_category": "SCRIPT",
    "doc_type": "fm_drama",
    "doc_name": "46028_DC_오작교형제들28_2011.txt",
    "author": "KBS",
    "publisher": "KBS",
    "published_year": "2011",
    "doc_origin": "오작교형제들28",
    "passage_id": "SCRIPT-fm_drama-46028-00016",
    "passage": "해설]마루.\n갑년 복자 태식. 태희. 태필 국수 둘러앉아 있다. 아침상 차려져 있다. 창식 핸드폰으로 “예 알겠습니다” 전화받으며 안방에서 나온다. 창식 핸드폰 끓고 다가와 앉는다.\n갑년]이른아침부터 뭔 전화여?\n창식]농장 산다는 사람이 나섰다네요...낼 농장 보러 온다구요..\n갑년]그려?드뎌 농장이 팔리는구먼.\n창식]예...요즘 부동산 경기가 죽어서 내심 걱정했는데 잘됐어요...자은 이가 최대한 빨리 팔아 달랬는데 좋아 하겠어요.\n태희]...\n갑년](씁쓸하다) 그렇것네...워떤 사람들이 산대?\n창식]무슨 GNP4에서 산다고 했다는데요?\n복자](그 말에 힐끔 보는)...\n창식](복자 눈치 보는)...당신 오늘 시간 워뗘? 우리도 빨리 살 집을 알아봐야잖어?시간 안되면 나 혼자 가보고?\n복자]...같이 가유...안맘 시간 안 되도 살집은 알아봐야 쥬...GNP4믄 농사질 사람들이 아니잖어유?\n창식]그렇것지...왜 서운혀?\n복자]...드세유 엄니.\n갑년]그려 먹자들..\n국수](혼자만 또박또박) 잘 먹겠습니다. 갑년 창식...(국수를 힐끔) (대꾸 안고 먹고)\n태필]우리 국수 똑똑하네. 안 가르쳐줘도 혼자서 척척 다 배우고...많이 먹어어.\n복자](보다) 그려...많이 먹어...(국 밀어놔주다 태식과 눈 마주친다)...(시선 외면한다)\n태식]..."
  },
  "Annotation": {
    "Summary1": "창식은 농장을 산다는 사람이 나타나서 내일 보러 온다고 하면서 복자에게 우리도 살집을 같이 알아보러 가자고 한다.",
    "Summary2": "창식이 전화를 받으며 안방에서 나와 끊자 갑년은 이른 아침부터 어떤 전화냐고 묻는다. 창식은 농장을 산다는 사람이 나타나내일 농장을 보러 온다면서 부동산 경기가 죽어서 걱정했는데 잘됐다고 한다. 갑년이 어떤 사람들이 농장을 사냐고 묻자 창식은 GNP4에서 산다고 하고 복자에게 우리도 살집을 알아봐야하니 같이 가자고 하자 복자도 같이 알아보자고 한다.",
    "Summary3": ""
  },
  "filename": "SCRIPT-fm_drama-46028-00016.json"
}