{
  "Meta": {
    "doc_id": "SCRIPT-fm_drama-33010",
    "doc_category": "SCRIPT",
    "doc_type": "fm_drama",
    "doc_name": "33010_NC_아버지가이상해10_2017.txt",
    "author": "KBS",
    "publisher": "KBS",
    "published_year": "2017",
    "doc_origin": "아버지가이상해10",
    "passage_id": "SCRIPT-fm_drama-33010-00046",
    "passage": "해설]유주 오피스텔 입구(밤).\n배 움켜쥐고 식은땀 흘리며 걸어오는 유주. 위통이 심하다. 이를 악물어 보지만 저절로 앓는 소리가 난다. 고통을 참고 걸어오는데, 오피스텔 입구에서 커다란 덩치 하나가 후다닥 기둥 뒤로 숨는게 보인다. 뭐지? 싶어 눈을 가늘게 뜨고 보는 유주. 준영이 기둥 뒤에 숨어 있다. 준영 기둥 뒤에서 빼꼼.. 얼굴 디밀고 상황을 살피다, 유주와 눈이 딱! 마주친다. 당황하는 준영, 자신도 모르게 다시 숨는다. 그 모습에 허?! 어처구니가 없는 유주. 막상 숨어놓고도 스스로가 한심한 준영, 기둥 뒤에서 머뭇머뭇 나온다. 배를 움켜쥐고 그런 준영을 노려보는 유주. 막상 준영을 보니 긴장이 풀린 듯 더는 고통을 참을 수가 없다. 준영 주춤주춤 다가갈까 망까 망설이는데... 유주 배 붙잡고 그대로 쓰러진다.\n준영](어???) 유주씨? (놀라 황급히 달려와 쓰러지려는 유주 부축해 안는다) 유주씨?? 정신 차려요??"
  },
  "Annotation": {
    "Summary1": "유주는 심한 위통에 힘들게 걸어오다 오피스텔 앞에서 숨어 있던 준영과 눈이 마주치고 쓰러지는 유주를 준영이 부축한다.",
    "Summary2": "유주는 심한 위통에 배를 움켜쥐고 걸어오다가 오피스텔 입구에서 커다란 덩치 하나가 기둥 뒤로 숨는 것을 본다. 준영은 기둥 뒤에 숨어서 얼굴을 디밀고 상황을 살피다 유주와 눈이 마주치자 당황해 다시 숨는다. 기둥 뒤에서 머뭇머뭇 나오는 준영을 본 유주는 긴장이 풀린 듯 고통을 참지 못해 쓰러지고, 준영이 달려와 유주를 부축해 안는다.",
    "Summary3": ""
  },
  "filename": "SCRIPT-fm_drama-33010-00046.json"
}