{
  "Meta": {
    "doc_id": "SCRIPT-fm_drama-46030",
    "doc_category": "SCRIPT",
    "doc_type": "fm_drama",
    "doc_name": "46030_DC_오작교형제들30_2011.txt",
    "author": "KBS",
    "publisher": "KBS",
    "published_year": "2011",
    "doc_origin": "오작교형제들30",
    "passage_id": "SCRIPT-fm_drama-46030-00015",
    "passage": "해설]강촌 강가 / 밤.\n강가를 바라보며 술 마시는 태식. 바닥에 소주병과 오징어 놓여있다. 태식...멍하니 강을 바라본다...문득 떠오르는 예진 생각에...울컥 눈물이 나는 태식...무릎에 얼굴을 묻고 애써 눈물을 참아보지만 곧 어깨를 들썩이며 운다..\n태식]...미안해요 예진씨...정말 미안해요...내가 정말...잘못했어요...(고개 들고...눈물 범벅인 채로)...나보다 더 좋은 남자 만나요.\n해설]태식...깊은 한숨을 쉰다. 이제 더 이상 세상에 미련이 없다. 살아서 뭐하나 싶다. 태식 일어나 강가로 다가간다. 시계 푸르고 지갑 바닥에 내려놓는다. 태식...신발도 벗는다...양말도 벗는다..\n태식]...아버지 어머니...할머니...죄송합니다. 태범아 태희야 태필아...잘 살아라...그리고...국...(차마 입 안 떨어진다) 미안 하다...\n해설]태식...마지막으로 미숙이 떠오른다. “김미숙”...작게 불러보다가 주머니에서 핸드폰 꺼내 전화한다..\n미숙E]...이 시간에 무슨 일이야?\n태식](목소리 반갑다) 미숙아..\n미숙E]...뭐냐니까?\n태식]미숙아아?\n미숙E]...너 취했니? 이제 막가자는 거야? 야 황태식 (하는데)\n태식]...고맙다!.마지막으로 너한테 이 말은 꼭 해야 할 것 같아서...내가 잘못한 거 다 용서해주라..."
  },
  "Annotation": {
    "Summary1": "강가에서 술을 마시던 태식은 예진과 가족들, 미숙에게 미안하다고 했고 소지품을 꺼내 바닥에 내려놓고 신발을 벗었다.",
    "Summary2": "강가를 보며 술을 마시던 태식은 예진이 떠올랐고 예진에게 미안하고 잘못했다며 자신보다 더 좋은 남자를 만나라고 했다. 세상에 미련이 없다고 느낀 태식은 신발을 벗고 소지품을 바닥에 꺼내놓으며 가족들에게 미안하다고 말했다. 마지막으로 미숙이 떠올랐던 태식은 미숙에게 전화를 걸어 자신의 잘못을 다 용서해달라고 말했다.",
    "Summary3": ""
  },
  "filename": "SCRIPT-fm_drama-46030-00015.json"
}