{
  "Meta": {
    "doc_id": "SCRIPT-fm_drama-33009",
    "doc_category": "SCRIPT",
    "doc_type": "fm_drama",
    "doc_name": "33009_NC_아버지가이상해09_2017.txt",
    "author": "KBS",
    "publisher": "KBS",
    "published_year": "2017",
    "doc_origin": "아버지가이상해09",
    "passage_id": "SCRIPT-fm_drama-33009-00043",
    "passage": "해설]한 식당.\n깔끔한 한 식당. 규택 정환 마주 앉아 식사 중이다..\n정환].. 어떠세요? 아버지 한정식 좋아하셔서 엄선한 집인데.\n규택]괜찮네.. 먹어 너도. 왜 안먹어?\n정환]먹고 있어요.. 아버지 엄마한테 관심 좀 갖고 잘해 주세요.. 엄마가 많이 외로우신 가 봐요.\n규택]니 엄마가 하루 이틀 외롭냐? 평생을 외롭다 소리 입에 달고 사는 사람이야.\n정환]그게 다 아버지 때문이잖아요? 아버지가 너무 무심하셔서?\n규택]유심하게 만들어야 유심이 될 꺼 아냐? 니 엄마이이랑 나이이랑은 상극이야. 뭐 하나 맞는 게 없어.\n정환]그래도 엄마는 아버지께 맞추려고 노력이라도 하시잖아요. 아버지는 그런 노력도 안하시고? 그게 부부의 도리고 의무 아녜요?\n규택](그 말에는 말문이 살짝 막힌다)...\n정환]엄마를 좀 이해해 보려고 노력이라도 해보세요? 이해가 안되면 암기라도 하세요!\n규택](보면)...\n정환]아버지 학습 좋아하시니까 엄마에 대해 학습하고 연구하고 탐구하시라구요!\n규택](보는)...내가 아까운 시간에 왜 그걸 해야 하는데? 나 인생 그렇게 낭비하고 싶지 않다.\n정환]아버지!\n규택]너 니 엄마한테 무슨 사주받았냐?\n정환](할 말을 잃고 보다, 참고)...낼 모레 엄마 카페 개업인건 아세요? 다른 건 몰라도 제발 축 개업. 이런 거 쓰여진 화분이라도 하나 들고 꼭 찾아가 보세요. 예? 아셨죠?\n규택]..."
  },
  "Annotation": {
    "Summary1": "정환은 규택에게 엄마에게 잘해주려고 노력이라도 해달라며 카페 개업날 화분 들고 꼭 찾아가 보라 당부한다.",
    "Summary2": "정환은 규택을 만나 엄마에게 잘해달라고 부탁하지만 규택은 자신과 정환 엄마는 맞지 않는다고 한다. 정환은 엄마처럼 노력이라도 하라며 이해할 수 없으면 외우기라도 하라 하고 규택은 그러기엔 시간이 아깝다고 거절한다. 정환은 꾹 참고 엄마 카페 개업에 화분이라도 들고 꼭 가보라 한다.",
    "Summary3": ""
  },
  "filename": "SCRIPT-fm_drama-33009-00043.json"
}