{
  "Meta": {
    "doc_id": "SCRIPT-fm_drama-33001",
    "doc_category": "SCRIPT",
    "doc_type": "fm_drama",
    "doc_name": "33001_NC_아버지가이상해01_2017.txt",
    "author": "KBS",
    "publisher": "KBS",
    "published_year": "2017",
    "doc_origin": "아버지가이상해01",
    "passage_id": "SCRIPT-fm_drama-33001-00006",
    "passage": "해설]분식집 내부 +주방 (새벽).\n영실 문 열고 ‘5분 대기조 왔습니다~’ 들어온다. 테이블 6~7개쯤 놓여있은 아담한 분식집이다. 한 수 주방에서 우엉을 채 썰다가 반갑게 돌아본다..\n한 수]...자다가 날벼락이지? 나 혼자하다간 빠뜻할 꺼 같어서어..\n영실](걸려있던 앞치마 빼내 두르며) 이런 날벼락은 날마다 환영입니다! 백만년만에 단체주문이 들어왔네?\n한 수](역시 기분은 좋다) 50개밖에 안 돼애.\n영실]더 많으면 당신 혼자 감당하기 힘들어서 안 돼애...몇 시까지 찾으러 온대요? (앉아서 감자칼로 당근 까기 시작한다)...\n한 수]칼 날카로워 조심해...(이동해 내솥을 밥솥에 넣고 버튼을 누르며)9시. 시간은 충분해. 재료손질만 해주고, 당신은 올라가 얘들랑 밥 먹어. (우엉 썬다)\n영실](치이 웃음 난다) 그냥 얘들 밥 차려주라고 해애?\n한 수](들켰다, 웃은)...혜영이은 근석 아침 안 챙겨 먹이면 오후 늦도록 굶고 다니 잖어. 막내은 굶겨 노면 사나워지고. 준영이도 밥심이 있어야 공불 하지?\n영실]누가 들으면 청소년기 애들인지 알겠다...미영은 왜 빼? 없은 미영이 섭섭하게?\n한 수]다이어트한다고 아침 먹자 소리하지 말라더라고..\n영실]그 맨날 아침에 시작해 저녁에 끝나은 다이어트?\n한 수](웃은다)..."
  },
  "Annotation": {
    "Summary1": "영실은 단체 주문 준비를 도와주는데 그만하고 밥을 먹으라는 한 수의 말에 혜영 등을 챙겨주기를 원하는 의도를 읽는다.",
    "Summary2": "분식집에 단체 주문이 들어와 도와주기 위해 영실이 주방에 나온다. 단체 주문에 한 수는 은근 기분이 좋아 보이고 영실은 주문 준비를 도와준다. 한 수는 영실에게 칼질을 그만하고 혜영 등과 밥을 먹으라고 하고 그런 한 수의 말에 영실은 혜영 등에게 밥을 먹이기 위한 의도를 읽고 웃는다.",
    "Summary3": ""
  },
  "filename": "SCRIPT-fm_drama-33001-00006.json"
}