{
  "Meta": {
    "doc_id": "SCRIPT-fm_drama-33001",
    "doc_category": "SCRIPT",
    "doc_type": "fm_drama",
    "doc_name": "33001_NC_아버지가이상해01_2017.txt",
    "author": "KBS",
    "publisher": "KBS",
    "published_year": "2017",
    "doc_origin": "아버지가이상해01",
    "passage_id": "SCRIPT-fm_drama-33001-00011",
    "passage": "해설]분식집 주방.\n한 수](밥솥에서 다 된 밥을 큰 그릇에 퍼 담고 있다 돌아보며) 물이 안 나와?\n영실](장갑 끼고 다 다듬은 당근과 시금치를 한가득 쌓아두고 개수대 앞에 서서 수전을 잠궜다 틀었다를 하며)...안 나와,,,\n한 수](놓고 다가와 다시 잠궜다 틀어본다)...왜 이러지? 단수 통보 없었는데.\nE](한 수 핸드폰 울린다. 벨소리는 자두의 ‘김밥’ 잘 말아줘...잘 붙여줘...)\n영실](건네주려 들여다보고) 라영이야. 받아볼게. 어, 라영아...어, 엄마 핸드폰 놓고 왔어. 지금 일층 아빠 식당...베란다 공사?\n해설]거실 + 화장실.\n혜영 문 열고 나온다. 라영 통화 중이다. 현관문 열어놓고 공사 장비를 나르는 인부1, 2의 모습 서서 심란하게 시선 따라가며 바라본다. 준영은 베란다 근처에서 인부들 보고 있다.\n라영]어, 벌써 아저씨들 와서 시작했어. 거기다 오늘 오전 내내 단수까지 된대.\n혜영](다가와) 단수라고?"
  },
  "Annotation": {
    "Summary1": "영실과 한수는 분식집이 단수된 것을 알아차리고 라영은 집에 인부들이 왔다며 오전 내내 단수라는 것을 말해준다.",
    "Summary2": "분식집에서 일하던 영실과 한수는 물이 안 나오자 단수라는 것을 알게 된다. 그때 라영에게 전화가 오고 집에선 공사 장비를 옮기는 인부들의 모습이 보인다. 라영은 영실에게 인부들이 왔다며 오늘 오전 내내 단수라고 말한다.",
    "Summary3": ""
  },
  "filename": "SCRIPT-fm_drama-33001-00011.json"
}