{
  "Meta": {
    "doc_id": "SCRIPT-fm_drama-33008",
    "doc_category": "SCRIPT",
    "doc_type": "fm_drama",
    "doc_name": "33008_NC_아버지가이상해08_2017.txt",
    "author": "KBS",
    "publisher": "KBS",
    "published_year": "2017",
    "doc_origin": "아버지가이상해08",
    "passage_id": "SCRIPT-fm_drama-33008-00061",
    "passage": "해설]병원 자판기 근처.\n벤치에 앉아있는 미영. 옆에 옷 봉투 (안중희 라고 쓰여 있다.) 놓여있다. 풀이 있는 데로 죽어 있는 미영. 태부 다가온다. 미영 얼른 일어나 꾸벅 목례한다. “앉어 앉어” 양손에 음료수 들고 다가온 태부 미영에게 음료수 내밀고, 미영과 나란히 앉는다.\n미영]퇴원 의상랑 시키신 준비물입니다.\n태부]수고했어...마셔 (음료 따서 마신다)\n미영](그러나 넘어가지 않는다)...죄송합니다아..\n태부](힐끔. 부정 못하겠다. 한숨 난다)..그러게 말이다...\n미영]...저는 왜 뭘 하기만 하면 이 모양일까요? 정말 잘하고 싶었는데.. 뭐가 문제 였을까요?\n태부](답답한 애구나.. 그저 미영 등 토닥이며)..처음이라 그럴 거야..\n미영](안타깝고 답답하고).. 그럼 어떻게 하면 안배우님 화가 풀릴까요? 반성문도 싫어하시고.. 저 진짜 뭐든지 할 수 있거든요. 제가 같은 고통을 느끼면 화가 풀리실까요? 어디서 치질 하나 얻어와야 하나.. 근데 제가 또 대장 건강이 너무 좋아서 치질 같은 건 걸려 본 역사가 없거든요. 차라리.. 몇 대 맞는 게 좋을까요?\n태부]어째.. 넌 형님 승질을 점점 돋구는 방법만 생각을 하는 것 같냐..\n미영](시무룩) 죄송합니다.. 진짜 방법을 모르겠어서요...\n태부]일단. 미운 정이라도 붙이자. 내가 널 수시로 부를테니.. 자꾸 얼굴 디밀어 봐. (미영 얼굴 보고 한숨) 에휴.. 미인계라도 좀 쓸 수 있었으면 참 좋았을 텐데 말이다..\n미영](애매한 표정으로 꽃받침 한 번 해 본다)\n태부](고개 절레절레)"
  },
  "Annotation": {
    "Summary1": "잘못을 자책하며 안배우의 화를 풀 방법을 고민하는 미영에게 태부는 얼굴을 자주 비쳐 미운 정이라도 붙이자 한다.",
    "Summary2": "시무룩한 미영에게 태부가 다가와 옆에 앉자 미영은 죄송하다며 자신은 잘하고 싶었는데 뭐가 문제였는지 모르겠다며 자책한다. 태부는 처음이라 그럴 거라고 위로하지만 미영이 안배우 화가 풀릴 방법을 하나씩 나열하자, 그 방법은 안배우 성질을 더 돋구는 거라며 미영을 나무란다. 태부는 얼굴을 자주 비쳐서 미운 정이라도 붙여보자고 권한다.",
    "Summary3": ""
  },
  "filename": "SCRIPT-fm_drama-33008-00061.json"
}