{
  "Meta": {
    "doc_id": "SCRIPT-fm_drama-46028",
    "doc_category": "SCRIPT",
    "doc_type": "fm_drama",
    "doc_name": "46028_DC_오작교형제들28_2011.txt",
    "author": "KBS",
    "publisher": "KBS",
    "published_year": "2011",
    "doc_origin": "오작교형제들28",
    "passage_id": "SCRIPT-fm_drama-46028-00018",
    "passage": "해설]농장 외경/ 아침.\n매장 앞+안.\n매장 앞, 화려한 풍선 장식 아치형으루 꾸며져 있고, 입구에서부터 계단아래까지 쭈욱 레드카펫 깔려있다. 옆 간이테이블에 태필 친구 두 명 정도 서서 전단지와 떡 음료수 등 나눠 주고 있다. 한쪽에선 태필 마이크 들고 멘트 중이다..\n태필]...지금부터 여러분을 깜짝 놀라게 할 브랜드 패션쇼를 시작하겠습니다. 올 겨울을 따뜻하게 보내고 싶으신 분들은 일단~발걸음 멈추시고 지켜봐주십쇼~.\n해설]신나는 음악과 함께 매장 안에서 남녀 모델 두 명 걸어 나온다. 등산복에 등산화 모자 배낭 매고 워킹 한다. 길 한가운데까지 걸어 나가 포즈 잡는 모델. 지나가는 행인들 뭐지? 힐끔쳐다 본다..\n태필](그 위로) 마운티어링 라인입니다. 전문성과 기능성을 갖추어 산행은 물론이고 일상생활 아웃도어 활동에도 최적의 컨디션을 유지할 수 있습니다..\n해설](모델들 포즈 잡고 서면) 자 여기서 퀴즈 나갑니다. 이 두 사람은 과연 무슨 사이일까요? 맞추신 분께 사은품 나갑니다!\n행인1](솔깃해) 연인이요?\n태필]땡! 아 아쉽네요~.\n행인들](참여하기 시작한다) 부부 아니에요?/ 그러기엔 너무 어리지? / 친구! / 선후배!\n태필]땡! / 어머님~땡입니다!/ 틀리셨어요 / 누님! 죄송합니다..\n행인]남매!\n태필]정답입니다! 선물은 (테이블 가리키며) 저쪽에서 받아가시구요? 자 다음 퀴즈 나갑니다.\n해설]모델들 퇴장하면 이번엔 다운 점퍼를 입은 모델 세명 나온다. 행인들 또 퀴즈가 나올까 싶어 집중해서 바라본다. 점점 많은 사람들이 모여든다. 한쪽 테이블에도 사람들 몰려들어 음료수와 떡 먹는다. 전단지도 받아가고 성황을 이루는데..\n태필]겨울을 대비한 초경량 구스다운 점퍼입니다. 최고급 헝가리산 구스다운을 사용하여 매우 가볍고 보온성이 뛰어난 제품이죠? 자 그럼 두 번째 퀴즈 나갑니다..\n해설]매장 안에서 태필 지켜보는 여경과 현재. 제법이네? 싶다. 한쪽에서 탈의실 앞에서 신상 제품들 모델에게 챙겨주는 여울과 직원1...밖의 모습 힐끔 보며 미소 짓는다. 그때 매장 안으로 들어오는 손님1.\n손님1](두리번거리며) 여기...장사 안하나요?\n여울](첫 손님에 놀라 본다)\n현재, 여경...(보는).\n여울](얼른 달려가 미소) 어서오세요. 찾는 제품 있으세요?\n손님1]밖에 모델들이 입은 점퍼 좀 볼 수 있을까요?\n여울](활짝 웃으며) 예! 그럼요? 이쪽으로 오세요?\n해설]손님들 또 들어온다. 이번엔 직원1 다가가 맞는다. 몰려드는 손님들에 여경 다행스러운 미소 짓는다. “여기요?” 하는데 태필은 밖에 있고 여울과 직원1은 다른 손님 받는 중이고...어쩔 수 없이 여경 다가간다.\n여경](미소 지으며) 어서오세요?"
  },
  "Annotation": {
    "Summary1": "풍선과 레드카펫으로 장식된 매장 앞에서 패션쇼가 펼쳐지고 태필의 진행에 매장 안에도 사람들이 들어와 구경한다.",
    "Summary2": "매장 앞에서 화려한 풍선이 아치형으로 장식되어 있고 입구에서부터 레드카펫이 깔려 있다. 간이 테이블에는 태필의 친구들이 전단과 먹을 것을 나눠 주고 태필의 소개로 모델들이 걸어 나오며 패션쇼가 시작된다. 태필은 모델들이 입고 있는 옷에 관해 설명하고 퀴즈를 내서 사람들을 불러 모으고 하나둘씩 매장 안에도 사람들이 들어와서 옷을 구경한다.",
    "Summary3": ""
  },
  "filename": "SCRIPT-fm_drama-46028-00018.json"
}