{
  "Meta": {
    "doc_id": "SCRIPT-fm_drama-46028",
    "doc_category": "SCRIPT",
    "doc_type": "fm_drama",
    "doc_name": "46028_DC_오작교형제들28_2011.txt",
    "author": "KBS",
    "publisher": "KBS",
    "published_year": "2011",
    "doc_origin": "오작교형제들28",
    "passage_id": "SCRIPT-fm_drama-46028-00007",
    "passage": "해설]커피숍/ 밤.\n두 사람 마주 앉아 있다. 커피 잔 놓여 있다..\n태식]...미안해요 예진씨...연락도 못 들리고...화 많이 나셨죠?\n예진]...화가 났다기 보다...(하다 속상한 표정 역력)...저한테 뭔가 화가 나셨나 했어요...저한테 실증 나신건 아닌가?\n태식](화들짝) 아녜요 그럴 리가 있어요 그런 건 전혀 아녜요. 절대 그건 오해세요 예진씨?\n예진](태식의 반응 살짝 살피며 안심)...됐어요...그것만 아니면 되요...(도리도리) 화 안났어요...(미소 지어 보인다)\n태식](보는)...\n예진]...무슨 일이인지 말해줄 수 있어요?\n태식]...집안 일이에요...지금은 말씀 드리기 좀 그렇고...나중에요 말씀 드릴께요...\n예진](보다)...그래요...얘기할 만한 일이면 태식씨가 했겠죠...나중에 얘기하고 싶을 때 말씀해 주세요...그리고 우리 커피 마시고 저녁 먹으러 가요? (커피 잔 든다)\n태식]예 예진씨...뭐든지 말씀하세요. 먹고 싶으신거 다 사드릴께요. (역시 커피 잔 든다)...\n예진](좀 웃는)...예...저 진짜 걱정했어요. 제가 오죽하면 미숙씨를 다 만났겠어요. 근데 미숙씨가 데리고 온 그 남자앤 누구에요? 혼혈 같은데?\n태식](화들짝! 커피 잔 놓친다) (허벅지와 중요부분에 떨어지면서)...앗 뜨거! (뜨아아)!\n해설]태식 표정관리가 잘 안된다. 하필이면 더구나 그부분. 예진 “괜찮아요 태식씨? 괜찮아요 어디 떨어졌는데요?” 태식 “아니 예... 으으~”...태식, 말도 못하겠고, 정말 여러 가지로 괴롭고 죽을 맛이다."
  },
  "Annotation": {
    "Summary1": "미숙이 데려온 혼혈 같은 남자애가 누군지 예진이 묻자 태식은 놀라서 커피잔을 중요부위에 떨어트린 뒤 고통스러워 한다.",
    "Summary2": "연락 못해서 미안하다는 태식에게 예진은 자신에게 실증 난 거냐고 묻고 태식은 오해라고 한다. 예진은 무슨 일인지 말해줄 수 있냐고 하고 나중에 말하겠다는 태식에게 말하고 싶을 때 하라고 한다. 이어 미숙이 데려온 혼혈인 것 같은 남자 아이가 누구냐고 예진이 묻자 놀라서 커피잔을 중요부위에 떨어트린 태식은 말도 못하고 괴로워한다.",
    "Summary3": ""
  },
  "filename": "SCRIPT-fm_drama-46028-00007.json"
}