{
  "Meta": {
    "doc_id": "SCRIPT-fm_drama-46027",
    "doc_category": "SCRIPT",
    "doc_type": "fm_drama",
    "doc_name": "46027_DC_오작교형제들27_2011.txt",
    "author": "KBS",
    "publisher": "KBS",
    "published_year": "2011",
    "doc_origin": "오작교형제들27",
    "passage_id": "SCRIPT-fm_drama-46027-00050",
    "passage": "해설]지능범죄수사팀 /밤.\n제하 “즐거운 저녁입니다!”하며 들어선다. 양손에 음료수 들고 들어오는데 태희 자리에 없다. 제하 급실망한 얼굴로 태희 자리로 다가간다.\n제하](동민에게) 우리 황경위님 어디 가셨습니까?\n동민](우리 황경위님?)...잠깐 나갔어요..김피디님은 우리 형님한테 참 관심이 많으신 거 같애요?\n제하](웃으며) 잘생겼잖아요? 인상 팍! 쓰는 것도 귀엽구?\n해설]동민 썩소 지어 보이고 이내 일한다. 제하 다가와 태희 책상에 살짝 앉아본다. 공연히 의자 쿠션도 튕겨보고, 서류들 한쪽에 정리도 해놓고...그러다 문득 태희가 놓고간 지갑 본다.\n제하 태희 지갑에 슬쩍 시선 준다. 대놓고 손은 못대고 동민 눈치 보며 볼펜으로 살짝 지갑 젖혀본다. 딴청하며 쓰윽 지갑 보는데...펼쳐진 지갑 사이로 태희친모의 증명사진 보인다.\n제하]!\n해설]제하의 눈에서 장난끼 사라진다.. 한눈에 알아볼 수 있는 어머니의 과거 사진! 제하의 시선 어느새 깊어지고 그리움 가득한 시선으로 바라본다. 조심히 손 뻗으려는 찰나 수사팀 문 열리고 태희 들어온다. 제하 얼른 지갑 덮으며 손 거두고 일어선다..\n제하](웃으며) 황경위님? 저 왔습니다!\n태희](힐끔 보고, 마지못해)...예...서동민 밥 먹으러 가자."
  },
  "Annotation": {
    "Summary1": "제하는 태희가 놓고 간 지갑에서 자기 어머니의 옛날 사진을 보고 시선이 깊어지고 태희는 제하에게 마지못해 인사한다.",
    "Summary2": "제하는 태회가 자리에 없자 태희의 책상에 앉아 태희가 놓고 간 지갑을 본다. 제하가 볼펜으로 지갑을 졎히자 태희 친모의 증명사진이 보이고 자기 어머니의 과거 사진임을 알게 되자 시선이 깊어진다. 태희는 들어오자 제하는 지갑을 덮고 태희는 마지못해 제하에게 인사한다.",
    "Summary3": ""
  },
  "filename": "SCRIPT-fm_drama-46027-00050.json"
}