{
  "Meta": {
    "doc_id": "SCRIPT-fm_drama-46028",
    "doc_category": "SCRIPT",
    "doc_type": "fm_drama",
    "doc_name": "46028_DC_오작교형제들28_2011.txt",
    "author": "KBS",
    "publisher": "KBS",
    "published_year": "2011",
    "doc_origin": "오작교형제들28",
    "passage_id": "SCRIPT-fm_drama-46028-00001",
    "passage": "해설]음식점 앞/ 밤.\n제하](태희 보며 미소)...황경위님!\n태희](뚫어져라 자은 보는)...\n자은](예상 못 한 태희와의 만남. 시선 피한다)...\n해설]제하 태희에게서 시선 돌려, 다시 자은 을 본다. 어른 남자답게 자신감 넘치는 모습으로.\n제하]...드디어 만났네!인사부터 합시다...반가워요...김제합니다! (손 내민다)\n자은](가볍게 목례한다)...안녕하세요...백자은이에요..\n제하](손이 살짝 무안하다. 웃으며 거두고)...\n태희]...\n자은]제가 실례를 했나봐요...일행이 있는지 몰랐어요. 말씀 하셨으면 내일 뵙자고 했을텐데...\n제하]아녜요 전혀!\n자은]아뇨 제가 불편해서...오늘은 그냥 돌아갔다 내일 다시 전화 드릴께요.\n제하]안되지 그건!이렇게 만나기까지 얼마나 힘들었는데 그건 안될 말이고?(생각) 그럼 같이 갑시다. 같이 사무실로 가요..\n해설]태희 그모습 계속 뚫어지게 바라보고 있다. 그 옆으로 동민 다가와 선다..\n동민](자은 을 알아본다) 어?백자은씨 아녜요?(자은에게 크게)안녕하세요? 자은씨?\n해설]제하 그말에 돌아본다. 자은도 주춤 돌아본다.\n제하]어? 아는 사이세요?잘 됐네. 그럼 저녁 같이 먹으며 얘기해도 되겠네요?\n자은](진심으로 엮이고 싶지 않다)...\n태희](그런 자은 을 뚫어지게 바라본다)..."
  },
  "Annotation": {
    "Summary1": "제하가 반갑게 인사하지만 자은은 일행이 있으니 다시 전화한다고 하는데, 제하는 만나기 힘들었다며 같이 가자고 한다.",
    "Summary2": "자은에게 손을 내밀며 반갑게 인사를 하는데 자은이 가볍게 목례만 하자 제하는 웃으며 무안하게 손을 거둔다. 자은은 일행이 있는지 몰랐다며 불편하니 내일 다시 전화한다고 말하지만, 제하는 이렇게 만나기까지 힘들었다면서 같이 사무실로 가자고 한다. 그때 동민이 자은을 알아보고 인사를 하자 제하는 잘 됐다고 말하며 같이 저녁 먹으며 얘기하자고 한다.",
    "Summary3": ""
  },
  "filename": "SCRIPT-fm_drama-46028-00001.json"
}