{
  "Meta": {
    "doc_id": "SCRIPT-fm_drama-33014",
    "doc_category": "SCRIPT",
    "doc_type": "fm_drama",
    "doc_name": "33014_NC_아버지가이상해14_2017.txt",
    "author": "KBS",
    "publisher": "KBS",
    "published_year": "2017",
    "doc_origin": "아버지가이상해14",
    "passage_id": "SCRIPT-fm_drama-33014-00041",
    "passage": "해설]회사 옥상.\n유주와 미영 마주 서있다. 미영 무표정하게 서 있고 유주 가식적인 미소 띄고 있다.\n유주]어떻게 생각 정리는 다됐니? 뭘 그렇게 정리할 생각이 있는 진 모르겠지만..\n미영](어이없다) 뭐?\n유주]10년도 더 지났잖아? 이제 새로운 관계로 발전할 사인데.. 우리 지난 일로 불편하게 지내는 거 서로 힘들지 않겠어?\n미영]서로? 아니. 니가 힘들겠지..\n유주](얘 봐라..?) 어린 시절에 사소한 오해도 있었고, 그것 때문에 앙금이 좀 남은 것 같은데... 우리 이번 기회에 푸는 게 어떨까?\n미영]사소한 오해?? (어이없다) 허..?? 그래 그거 어떻게 풀건데? 어디 한 번 풀어봐..\n유주](미영의 태도에 당황했다) 너 진짜 뒤끝 길다? 야 내가 뭘 그렇게 잘못했어? 나는 다 너를 위해서 그런거거든? 너 충격받고 다이어트하라고? 덕분에 너 살 뺐잖아?!\n미영]뭐라고?? (버럭) 야! 김유주!\n유주]깜짝이야! 왜 소리는 지르고 그래?!\n미영]...(후우 심호흡하고) 나 니가 알던 그 변미영 아니야. 어설프게 넘어 갈 생각하지마. 예전처럼 입 꾹 다물고 가만히 있을 생각 없어.\n유주](당황+화남) 그럼 안 넘어가면 준영씨 한테 이르기라도 하겠다는 거야?\n미영]말 못할 거 없지.\n유주]니가 말한다고 뭐가 달라질 것 같아? 잊었나 본데 나 임신했어, 니가 뭐라고 하든 준영씨만 힘들어 지는 거야.\n미영]그래. 울 오빠 힘들어 지겠지. 근데. 너도 같이 힘들어 질 거야..\n유주]야!\n미영]너 이 결혼 쉽게 못해.\n해설]미영 경고하듯 한마디를 날리고 휙 돌아선다. 옥상위에 유주 내버려 두고 먼저 나가버리는 미영. 혼자 남겨진 유주. 당황스럽다. 미영이 저렇게 나올 줄은 몰랐다. 미영 뒤쫓아 가는 유주."
  },
  "Annotation": {
    "Summary1": "새로운 관계가 될 사인데 지난 일로 불편하게 지내는 게 힘들지 않겠냐는 유주에게 미영은 이 결혼 쉽게 못할 것이라 한다.",
    "Summary2": "유주는 생각 정리가 다 되었냐 물어보고, 새로운 관계로 발전할 사인데 10년도 더 지난 일로 서로 불편하게 지내는 게 힘들지 않겠냐고 말한다. 미영은 사소한 오해가 아니며 어설프게 넘어갈 생각하지 말라 한다. 유주는 자신이 임신해서 미영이 뭐라 하든 준영만 힘들어지는 일이라 하고, 미영은 이 결혼 쉽게 못할 것이라 하며 돌아선다.",
    "Summary3": ""
  },
  "filename": "SCRIPT-fm_drama-33014-00041.json"
}