{
  "Meta": {
    "doc_id": "SCRIPT-fm_drama-33008",
    "doc_category": "SCRIPT",
    "doc_type": "fm_drama",
    "doc_name": "33008_NC_아버지가이상해08_2017.txt",
    "author": "KBS",
    "publisher": "KBS",
    "published_year": "2017",
    "doc_origin": "아버지가이상해08",
    "passage_id": "SCRIPT-fm_drama-33008-00050",
    "passage": "해설]몽 따지.\n건물 입구, 물걸레로 입구 여기저기를 닦는 말분. 옆에 서서 잔소리하는 복녀. 말분 울화가 치밀지만, 꼼짝도 못 하고 시키는 데로 열심히 걸레질 한다. 건물 앞, 빗자루로 열심히 쓸고 있는 말분. 복녀 카페 앞에서 내다보고 있다. 말분 쓰레기 다 모아 쓰레받기에 쓸어 담고, 끄응 허리를 펴는 데 잘 펴지지도 않는다.\n안방, 말분 허리를 펴지도 못 하고 문 열고 들어온다. 영실 누워 있다 놀라 일어나며.\n영실]엄마 왜 그래?\n말분](그 이불 위에 다가가 엎드리며) 파스 없냐? 파스 좀 붙여봐아.\n영실]그러길래 내가 하시지 말라니까 (얼른 문갑 열어 파스 꺼내고).\n말분]오미 독헌 여편네.. 그 여편네 똥은 지나가는 개도 안먹을껴. 하도 유독혀서. \n해설]일식집 입구.\n준영 신 나게 걸어오고 있다. 일식집 입구 그대로 걸어서 지나가다가 응?? 뒷걸음으로 다시 돌아온다..\n준영]스시 원? (간판 보고) 스시 원! 맞네? (가게 외관에 놀랍다)... 비쌀거 같은데..?"
  },
  "Annotation": {
    "Summary1": "복녀 카페에서 열심히 청소 후 집에 온 말분은 복녀에 분개하고 지나다가 일식집 간판을 본 준영은 그 가게가 맞다며 놀랜다.",
    "Summary2": "말분은 복녀 카페에서 복녀의 잔소리에 울화가 치밀지만 꼼짝 못하고 열심히 청소하고 있다. 집에 돌아온 말분이 허리를 펴지도 못한채 문을 열고 안방에 들어오자, 영실이 놀라워하며 걱정을 하는데, 말분은 복녀에 분개한다. 한편, 일식집 입구를 걷던 준영은 다시 뒷걸음치며 일식집 간판을 보고는, 그 집이 맞다며 가게 외관에 놀란다.",
    "Summary3": ""
  },
  "filename": "SCRIPT-fm_drama-33008-00050.json"
}