{
  "Meta": {
    "doc_id": "SCRIPT-fm_drama-46031",
    "doc_category": "SCRIPT",
    "doc_type": "fm_drama",
    "doc_name": "46031_DC_오작교형제들31_2011.txt",
    "author": "KBS",
    "publisher": "KBS",
    "published_year": "2011",
    "doc_origin": "오작교형제들31",
    "passage_id": "SCRIPT-fm_drama-46031-00022",
    "passage": "해설]복도.\n태범 수영 현욱 은실 등 보도2팀 기자들 걸어 나온다. 현욱, 은실...뭐 먹으러 갈까요? / 부대찌개 어때요? (하는데).\n현욱]어? 부장님 저기서 뭐하시지?\n해설]저만큼 정수기 앞에 지환 서있다. 아주머니 대신 생수통 번쩍 가볍게 들어서 정수기에 들어 올린다. 그 모습에 수영 은실 등 여기자들 집중! 지환 다시 생수통 번쩍 들어서 옆에 정수기에 또 올린다. 너무도 쉽게 들어 올린다!\n은실](다가가) 우와...부장님! 팔힘 장난 아니시네요?\n현욱]운동 좀 하셨나봅니다?\n태범](맘에 안 든다)...\n지환](웃으며 손 터는)...힘 좋단 소리 좀 듣긴 했지?\n수영]학교 다닐때부터 유명하셨어. 전국 팔씨름대회에서 우승도 했죠 선배?\n태범](그런 수영 거슬려) 애들 장난도 아니구 팔씨름이 뭐야?\n해설]<시간경과> 어느새 기자들 많이 모여있다. 정수기 옆 휴게 테이블에 마주 앉은 태범과 지환. 와이셔츠 팔 걷어부친 채 어깨 돌리고 팔 털며 팔씨름할 준비하고 있다. 가운데선 수영 이 상황이 황당하기만 하다. 현욱 “자자~ 준비하시고~”하면 태범과 지환 오른손 테이블 위에 올리고 맞잡는다. 서로를 노려보는 두 사람. 긴장감이 감돌고...\n현욱](두 사람 손 위에 손 올렸다) 힘들 빼시구요...자...갑니다. 시이작! (하며 손 뗀다)\n태범, 지환...(힘 팍 준다)!\n기자들](각각 태범과 지환 응원한다)\n태범](지환의 힘에 놀란다. 생각보다 세다)!\n지환](역시 놀란다. 만만치 않은 걸?)!\n해설]서로를 바라보며 죽을 힘을 다 해 팔씨름하던 두 사람. 귀까지 빨개져가며 팔씨름하는데 태범 잠시 숨 돌리는 틈을 타 기습으로 공격하는 지환, 넘겨버린다! 태범을 응원하는 기자들 아쉬워한다. 수영 이 상황이 어이없기만 하다..\n지환](피식)\n태범](후...열받는다) 남자는 삼세판! 아시죠? (하며 팔 털고 다시 테이블에 얹는다)\n지환](보다)...그냥은 재미없으니까 점심 내기 어때? 메뉴는?\n현욱](얼른) 꽃등심이요!\n태범]...좋습니다. 하시죠?\n해설]태범과 지환 서로를 노려보며 다시 맞잡는다. 팽팽한 긴장감이 감돌고 현욱 다시 ‘시작’을 외치면 두 사람 죽을힘을 다 해 팔씨름한다. 이를 악물고 젖 먹던 힘까지 다 해 팔씨름하는 태범의 모습! 수영 조금씩 긴장된다. 인상 구겨지는 태범 따라 수영의 얼굴도 구겨진다...\n수영](조금만 더! 조금만 더!)\n태범](으으으으!) (괴력을 발휘한다! 지환 넘겨버리는)\n기자들](놀라 박수 치며) 오! 황기자아!\n수영](어? 좋아서 박수치다가...정신 차리고 얼른 멈춘다)...\n태범](기세 등등해 목 스트레칭하며 지환 본다).\n지환](슬슬 열받는다)...(하아! 넥타이 푸른다).\n현욱](가운데서 신 났다) 자자, 꽃등심 내기 마지막 한판입니다! 태범, 지환...(탁자에 팔 올리고 맞잡는다)\n기자들]황태범 파이팅! / 부장님 힘내세요! / 아무나 이겨라!\n현욱]준비들 하시고...시이작! 태범, 지환...(동시에 괴성을 지른다) 으아아아아~~/ 아아아악~~.\n수영](그들과 함께 표정 일그러지는)"
  },
  "Annotation": {
    "Summary1": "지환이 힘쓰는 모습에 여기자들이 관심을 보이고 못마땅 해 하던 태범과 지환이 팔씨름을 해 서로 한 번씩 이겼다.",
    "Summary2": "지환이 힘쓰는 모습에 은실과 수영이 관심을 보이자 태범이 못마땅해 한다. 이어 태범과 지환이 팔씨름을 하게 되고 서로 힘에 놀라지만 지환이 이긴다. 태범이 남자는 세 번은 경기해야 한다고 하자 지환이 내기를 걸고 한 번 더 팔씨름을 하고 이번엔 태범이 괴력을 발휘해 지환을 넘기자 기자들이 놀라며 손뼉 친다.",
    "Summary3": ""
  },
  "filename": "SCRIPT-fm_drama-46031-00022.json"
}