{
  "Meta": {
    "doc_id": "SCRIPT-fm_drama-33014",
    "doc_category": "SCRIPT",
    "doc_type": "fm_drama",
    "doc_name": "33014_NC_아버지가이상해14_2017.txt",
    "author": "KBS",
    "publisher": "KBS",
    "published_year": "2017",
    "doc_origin": "아버지가이상해14",
    "passage_id": "SCRIPT-fm_drama-33014-00033",
    "passage": "해설]외부 주차장.\n주차된 카니발. 미영 운전석에서 내려 중희 쪽 문 열어준다. 중희 당연한 듯 내려 걸음을 옮기고 미영 카니발 문 닫고 중희 뒤를 따라간다. 갑자기 주차장 한 가운데 우뚝 멈춰 선 중희. 저만큼 보이는 건물이 딱 아빠분식 건물처럼 생겼다..\n미영](뒤따라 걷다 멈춰서 중희 보고) 안배우님. 피부과 예약 시간 다됐는데요?\n중희](건물만 보며)...딱 저만하지 그 건물이?야. 저 건물에도 사람 살겠지?\n미영](올려다보고) 네 이 건물도 3, 4층은 살림집인 거 같은데요?\n중희]그래? 이 정도면 몇 평 쯤 되는데?\n미영]글쎄요.. 우리집이랑 비슷해 보이는데? 35~6평쯤 되지 않을까요?\n중희]에이..설마?6명이나 사는데?\n미영]...예?\n중희]아냐 됐어.. (다시 건물 본다)...엄청 낡았든데. 저 건물보다 더 낡았어. 더 좁은 것도 같고... (표정 점점 심각해진다)...그런데 6명이 살아?"
  },
  "Annotation": {
    "Summary1": "중희는 차에서 내린 후, 건물 하나를 바라보며 미영에게 평수를 질문하고 아빠분식처럼 생겼다 생각하며 비교한다.",
    "Summary2": "미영은 외부 주차장에 카니발을 주차하고 중희 쪽 차 문을 열어준다. 내린 중희는 갑자기 주차장 한가운데 멈춰 서고, 미영은 멈춰 선 중희에게 피부과 예약을 얘기하지만 중희는 바라보고 있는 건물이 아빠분식 건물 같다 생각하며 미영에게 평수를 물어본다. 미영의 집과 비슷해 보인다는 대답에 아빠분식 건물이 더 낡고 좁은 것 같은데 6명이나 사냐며 심각해진다.",
    "Summary3": ""
  },
  "filename": "SCRIPT-fm_drama-33014-00033.json"
}