{
  "Meta": {
    "doc_id": "SCRIPT-fm_drama-33014",
    "doc_category": "SCRIPT",
    "doc_type": "fm_drama",
    "doc_name": "33014_NC_아버지가이상해14_2017.txt",
    "author": "KBS",
    "publisher": "KBS",
    "published_year": "2017",
    "doc_origin": "아버지가이상해14",
    "passage_id": "SCRIPT-fm_drama-33014-00001",
    "passage": "한 수](마음이 쓰여 달려왔다)...걱정이 돼서...아까 왔다가 그냥 간 거 같길래.\n중희](한수를 뚫어지게 본다)...\n한 수]...술도 사 온 것 같던데? 혹시 무슨 일 있어?\n중희](뚫어지게 보다. 자신도 모르게 부른다) (실은 홧김이다)...아버지!\n한 수]! (예상 못 한 말이다)\n중희]... 나 아버지 집에 살고 싶어요!\n한 수](당황스럽다)...\n중희]...나 아버지 집에서 살래요...\n한 수](당황해)...어...(선뜻 대답을 못하는데)\n중희]...오늘 가족들끼리 화목한 모습 보니까.. 나도 그렇게 살고 싶더라구요...\n한 수](뭐라 대답이라도 해야 할 것 같다)...그럴래?그래.. 그렇게 하자.\n중희](그렇게 하자고?)...네...\n해설]중희 실은 안된다 할 줄 알았다. 대답은 했지만 중희 내심 놀랐다. 한 수도 당황스러움 감추느라. 어색한 표정 감추지 못하고, 희미한 미소라도 지어보려 애쓴다."
  },
  "Annotation": {
    "Summary1": "중희는 한수에게 아버지 집에 살고 싶다고 말하고 당황한 한수는 그러자고 하는데 중희 역시 당황하며 알겠다고 답한다.",
    "Summary2": "중희는 마음에 걸려 자신을 찾아온 한수를 아버지라 부르고 한수의 집에 살고 싶다고 말한다. 그 말에 한수는 당황해하지만 중희에게 그렇게 하자고 답한다. 안된다고 할 줄 알았던 중희는 알겠다고 답하지만 역시 당황스러워한다.",
    "Summary3": ""
  },
  "filename": "SCRIPT-fm_drama-33014-00001.json"
}