{
  "Meta": {
    "doc_id": "SCRIPT-fm_drama-46027",
    "doc_category": "SCRIPT",
    "doc_type": "fm_drama",
    "doc_name": "46027_DC_오작교형제들27_2011.txt",
    "author": "KBS",
    "publisher": "KBS",
    "published_year": "2011",
    "doc_origin": "오작교형제들27",
    "passage_id": "SCRIPT-fm_drama-46027-00020",
    "passage": "해설]17 농장 외경/ 아침.\n보도국 사무실.\n태범과 수영 각자 자리에서 머리를 싸매고 있다. 일이 잘 안 풀리는 표정들. 그때 두 개의 핸드폰이 동시에 울린다. 태범 수영 각각 받는다.\n태범]어 말해...뭐어? 광주?\n수영]무지개 요양원? 확실한 거야?\n해설]하다 서로 마주 보는 두 사람. 동시에 벌떡 일어나 소지품 카메라 가방 등 정신없이 챙긴다 \n방송국 복도.\n카메라 가방 든 태범과 수영 각자 통화하며 빠른 걸음으로 걸어간다. 태범이 더 앞서 걸어간다..\n태범]예 광주 무지개노인요양원 번호 좀 부탁합니다. 예...\n수영]거기 무지개요양원이죠? 어르신 중에 혹시 이만복씨라고 계시는지 알 수 있을까요?\n해설]예...예...\n태범]아예 감사합니다. (끊으며 막 닫히려는 엘리베이터에 올라탄다!).\n해설]뒤이어 엘리베이터로 수영 다가오는데 태범 빠르게 닫힘 버튼 누른다. 수영 “잠깐만!”하며 얼른 버튼 누르는데 이미 내려갔다. 수영 열받아서 보는!"
  },
  "Annotation": {
    "Summary1": "태범과 수영은 소지품 등을 챙겨 나서고, 먼저 엘리베이터에 탄 태범은 수영이 타기 전에 빠르게 닫힘 버튼을 누른다.",
    "Summary2": "태범과 수영은 일이 잘 안 풀려 애를 먹고 있다가 두 대의 핸드폰이 동시에 울리자 각자 전화를 받고, 이내 둘은 소지품과 카메라 등을 챙긴다. 이어 태범이 전화로 무지개 노인 요양원의 전화번호를 묻고 동시에 수영도 전화로 그곳에 이만복이 입원해 있는지 묻는다. 태범은 통화를 마치고 막 닫히려는 엘리베이터에 올라탄 뒤 수영이 타기 전에 빠르게 닫힘 버튼을 누른다.",
    "Summary3": ""
  },
  "filename": "SCRIPT-fm_drama-46027-00020.json"
}