{
  "Meta": {
    "doc_id": "SCRIPT-fm_drama-46027",
    "doc_category": "SCRIPT",
    "doc_type": "fm_drama",
    "doc_name": "46027_DC_오작교형제들27_2011.txt",
    "author": "KBS",
    "publisher": "KBS",
    "published_year": "2011",
    "doc_origin": "오작교형제들27",
    "passage_id": "SCRIPT-fm_drama-46027-00018",
    "passage": "해설]18 마루.\n좌탁에 아침상 차려져 있다. 복자 찌개냄비 내려놓고 앉는다. 태필 국수를 데리고 계단에서 올라온다. 갑년 창식 태식 태희 앉아 있다. 태필 국수와 함께 다가와 선다.\n태필]국수야 인사 드려.\n갑년]걍 앉어...앉어 걍.\n복자]그려...앉어.\n태필](그 말에) 예...앉자 국수야..\n해설]태필 국수를 앉힌다. 국수 자신을 꺼리는 가족들 분위기 느낀다. 말없이 앉는다..\n갑년](힐끔 보다 이내 외면한다)...\n창식](그런 국수를 보다. 태식을 노려본다)...\n태식](아버지 시선 느껴 괴롭고)...\n복자](국수를 힐끔 보다 이내 시선 거둔다)...\n태희](그런 어른들의 반응 느끼고)...\n태필](역시 어른들 반응 느껴져 마음 무겁다)...\n복자]엄니 드셔유?\n갑년]그려...먹기는 먹어야지...먹자들. 태희. 태필...잘 먹겠습니다...(두 사람 목소리만 공허하다)...\n해설]다들 말없이 수저를 든다. 거실에 침묵이 흐른다. 아무도 쉽게 선뜻 말을 열지 못한다. 그런 무거운 분위기에서 국수 조용히 숟가락으로 밥만 떠 먹는다.\n창식]...오늘 저녁까지 어떡할지 결정 내려서 보고 해!\n태식](보는)...\n창식]어떡할지 보고하라고? 왜 대답이 없어?\n태식]...예.\n창식]그리고...이번에 이사헐 때 너는 무조건 독립해...더는 니 꼴 못 봐...독립해 태희. 태필...\n태식]...예 (하는데)\n국수](무거운 공기에 눈치 보다가) 예! (대답한다)...\n가족들](동시에 그런 국수를 본다)!\n창식](흐으유)(기가 딱 막히고)...\n태식](당황해 그런 국수를 보고)...\n복자](그런 아들 보다, 국수 보다. 억장이 무너진다)..."
  },
  "Annotation": {
    "Summary1": "가족들은 국수를 꺼려하는 분위기고, 창식은 태식에게 저녁까지 어떻게 할지 결정 내리고 이사할 때 독립하라 한다.",
    "Summary2": "태필이 국수를 데려오고 국수는 자신을 꺼리는 가족들의 분위기를 느낀다. 창식은 태식을 노려보고 태희와 태필은 어른들의 반응에 마음이 무거워 다들 말없이 수저를 들고 침묵이 흐르는 도중 창식이 태식에게 저녁까지 어떻게 할지 결정 내리고 이사할 때 독립하라 말한다. 국수도 눈치를 보다가 태식을 따라 대답하자 가족들은 국수를 동시에 본다.",
    "Summary3": ""
  },
  "filename": "SCRIPT-fm_drama-46027-00018.json"
}