{
  "Meta": {
    "doc_id": "SCRIPT-fm_drama-46029",
    "doc_category": "SCRIPT",
    "doc_type": "fm_drama",
    "doc_name": "46029_DC_오작교형제들29_2011.txt",
    "author": "KBS",
    "publisher": "KBS",
    "published_year": "2011",
    "doc_origin": "오작교형제들29",
    "passage_id": "SCRIPT-fm_drama-46029-00008",
    "passage": "해설]8 여경네 거실 / 밤.\n쇼파에 앉은 여경 물 벌컥벌컥 마신다. 그 옆에 현재 그런 여경 본다.\n여경]...나쁜 기집애. 어떻게 나를 속여?\n현재]...아 말 못 할 사정이 있었겠지? 수영이가 허튼 짓할 애도 아니고?\n여경]...사정은 무슨 사정이요? 보나 마나 황서방 갖다 준 거에요? 황서방이 자기가 말 못 하니까 우리 수영이 앞세워서 이런 일을 벌인 거라구요?\n현재]또! 또!오늘 사돈댁에 가서 그 망신을 당하고도 또 이렇게 지레짐작 혼자 앞서서 각본을 쓰지?\n여경](그 말에) 그 얘긴 왜 또 해요? 다시 하지 말라니까아?\n현 제]청심환은 왜 꺼내애? 청심환까지 꺼내 돌리지만 않았어도 덜 무렴했잖아?\n여경]나만 돌렸어요 당신도 ‘드세요 사돈어르신’ 동조했잖아요?아니 그 양반들도 그래? 알면 안다구 중간에라도 얘기하던가?\n현재]거기다 완전 화룡점정이지? 인생지사 새옹지마 얘기는 또 왜 해?\n여경](힉 보는) 하지 말라니까요?"
  },
  "Annotation": {
    "Summary1": "현재는 또 지레짐작하는 여경을 탓하자, 여경은 사돈댁에 준 청심환 건은 현재도 동조했다고 말한다.",
    "Summary2": "여경은 현재에게 황서방이 수영을 앞세워 일을 벌인 거라 한다. 현재는 여경에게 또 지레짐작한다고 한다. 여경은 사돈댁에 청심환 준 것을 탓하는 현재에게 현재도 동조하지 않았냐 한다.",
    "Summary3": ""
  },
  "filename": "SCRIPT-fm_drama-46029-00008.json"
}