{
  "Meta": {
    "doc_id": "SCRIPT-fm_drama-33014",
    "doc_category": "SCRIPT",
    "doc_type": "fm_drama",
    "doc_name": "33014_NC_아버지가이상해14_2017.txt",
    "author": "KBS",
    "publisher": "KBS",
    "published_year": "2017",
    "doc_origin": "아버지가이상해14",
    "passage_id": "SCRIPT-fm_drama-33014-00027",
    "passage": "해설]방송국 회의실.\n정환 앉아 있다. 문 열리고 조연출, 연지 들어온다. 정환 “왔어? 앉어?” 두 사람 앉는다. 두 사람 앉은 자리에도 정환 자리에도 스케쥴 표가 놓여 있다.\n정환]...오마이보스 전체 스케쥴표야. 종범, 연지-(스케쥴 표 본다)...\n정환]어제 첫 리딩 했고, 곧 포스터 촬영 있고, 일주일뒤부터 첫 촬영 시작해서 거의 매일 촬영이더라구. 그 얘기는 곧 우리도 거의 매일 메이킹 촬영을 나가야 한다 얘기지.\n종범]빡빡하네요.\n정환]완전 빡빡하지. 거기다 올 야외. 지금부터 한여름까지 낮에는 작열하는 태양을, 밤에는 달려드는 모기떼를 피할 곳이 없는 올 야외 촬영이더라고. 지금까지 했던 정보 예능과는 차원이 다른 하드코어 막노동이 될 거야. 그래도 한번 해볼라고.\n종범](보는)...맘 정리 하셨어요?\n정환]어. 새로운 소재를 찾기 보다, 소재에 접근하는 방식을 달리 하기로 했어..\n연지]새로운 프로를 기획하기 보다, 비록 메이킹 필름이지만, 새롭게 접근해 보시겠다구요?\n정환]그래. 그래서 니들도 함께 동참해 줬으면 하고!\n연지]당연하죠. 그 제안 안하셨으면 서운했을꺼에요. 기쁜 마음으로 차정환 메이킹 호에 승선할께요.\n종범]전 이미 했는데요.\n연지]선배. 우리 비장하게 파이팅 한번 해요! (일어나 손 뻗는다)...\n정환]야 유치하게 뭘 그런걸 (얼른 일어나 손 얹는다)\n종범](역시 웃으며 얻으면)...\n세사람](기분 좋게) 화이팅!"
  },
  "Annotation": {
    "Summary1": "정환은 종범과 연지에게 스케쥴표를 보여주며 어려움에도 도전할 것을 전하며 두 사람이 동참을 권유하고 둘은 승낙한다.",
    "Summary2": "방송국 회의실에서 정환은 종범과 연지에게 오마이보스 스케쥴표를 보여주며 일정을 전달한다. 빡빡한 스케줄과 환경적 어려움을 말하는 정환은 한번 도전해보려고 한다며 말하고 종범과 연지에게 동참을 권유한다. 종범과 연지는 동참을 승낙하고 정환, 종법, 연지는 함께 화이팅을 외친다.",
    "Summary3": ""
  },
  "filename": "SCRIPT-fm_drama-33014-00027.json"
}