{
  "Meta": {
    "doc_id": "SCRIPT-fm_drama-33014",
    "doc_category": "SCRIPT",
    "doc_type": "fm_drama",
    "doc_name": "33014_NC_아버지가이상해14_2017.txt",
    "author": "KBS",
    "publisher": "KBS",
    "published_year": "2017",
    "doc_origin": "아버지가이상해14",
    "passage_id": "SCRIPT-fm_drama-33014-00043",
    "passage": "해설]중희 오피스텔 (밤).\n한 수 중희 식탁에 마주 앉아 있다. 여전히 어색한 두 사람이다. 중희 한 수를 탐색한다. 먼저 무르지 말할 수는 없다.\n중희]...(짐직 툭)...어떻게 됐나 궁금해서요.. 진행 상황이요.\n한 수](난처한 마음 감추지 못하고)...어어...\n중희](그 표정에 내심 반가워)...아무래도 가족들한테 얘기하기가 힘드시죠? 이해해요,\n한 수](얼른) 아니야 얘기할 거야. 오늘 밤에 하려고.\n중희](내심 실망)...예에...\n한 수]그것 땜에 보자고 했지? 걱정하지 마 꼭 할 거야.\n중희]아니요 그렇다기 보다... 집이 몇 평인지 저도 알아야 준비를 하니까...\n한 수]...아마 서른 다섯평인가 여섯평 쯤 될 거야. 방 네 개에 화장실 두 개.\n중희](오 마이 갓)...아!예...\n해설]그 때 한 수 핸드폰 울린다. 한 수 꺼내 확인하면 ‘라영’ 뜬다. 한 수 망설이자.\n중희]받으세요.\n한 수]그래 그럼 잠깐만.. (일어나 이동해서 전화받는다)... 어 라영아...아빠 잠깐 장 보러 나왔어..\n중희](그 말에 힐끔 본다)(뭔가 기분이 확 나빠진다)...\n한 수]아냐 금방 갈 거야.. 그래. 집에서 봐.\n해설]한 수 전화 끊고 주머니에 핸드폰 넣고 다시 다가와 앉으면, 중희 벌떡 일어난다.\n중희]이제 그만 가보세요. 저도 대본 연습해야 해서요.\n한 수](앉다가 엉거 추춤 머쓱. 다시 일어난다) 그래.. 그럼.. 가볼게.\n해설]한 수 현관으로 향한다. 중희 슬쩍 몇걸음 움직일 뿐 더는 배웅하지 않는다. 한 수 입구에서 그런 중희 보다 “갈게” 인사하고 나간다. 중희 문 닫히면 나빠진 기분 감추지 않는다..\n중희]...여기가 시장이야?하!\n해설]중희 주방으로 다가와 냉장고 연다. 생수만 두 개 들어있는 텅 빈 냉장고. 모자 찾아들고 집을 나서는 중희."
  },
  "Annotation": {
    "Summary1": "중희의 오피스텔에서 함께 있던 한수가 라영에게 장을 보는 중이라고 하자 중희는 기분이 나빠져 서둘러 한수를 배웅한다.",
    "Summary2": "중희 오피스텔에 온 한수와 어색하게 앉아 있던 중희가 진행 상황을 묻고 한수는 난처해하다가 오늘 밤에 가족들에게 얘기를 하겠다고 대답한다. 그 후 라영의 전화를 망설이다 받은 한수가 장을 보는 중이라고 답하는 걸 듣고 중희는 기분이 나빠진다. 한수가 전화를 끊고 중희에게 다가오지만 중희는 대본 연습을 해야 한다며 서둘러 한수를 배웅한다.",
    "Summary3": ""
  },
  "filename": "SCRIPT-fm_drama-33014-00043.json"
}