{
  "Meta": {
    "doc_id": "SCRIPT-fm_drama-33009",
    "doc_category": "SCRIPT",
    "doc_type": "fm_drama",
    "doc_name": "33009_NC_아버지가이상해09_2017.txt",
    "author": "KBS",
    "publisher": "KBS",
    "published_year": "2017",
    "doc_origin": "아버지가이상해09",
    "passage_id": "SCRIPT-fm_drama-33009-00008",
    "passage": "해설]아빠 분식 실내(밤).\n한 수 문 열고 들어선다. 보미 주방에서 바구니 가득 세척한 숟가락 젓가락 들고 나오다가 한 수를 본다..\n보미]오셨어요? 마감하는 중이에요..\n한 수](그제야 생각에서 벗어나).. 혼자 고생 많으셨죠? 이제 제가 할 테니 주고 퇴근하세요.\n보미]이것만 마저 하구요.. (은근히 탐색하는 눈빛으로, 마른 행주질 해서 수저통에 꽂으며).. 근데 무슨 일이신데 매일 그렇게 외출을 하세요? (한 수가 보자).. 아.. 형님께는 아무 말씀 안 드렸어요. 암말 말라 하셔서.\n한 수]예.. (난처하여 미소 조금).. 그럴 일이 좀 있어요... 내일도 또 나가봐야 해요. 당분간 혼자 힘드시겠지만, 수고 좀 해주세요.\n보미]내일두요? 예.. (눈빛에 호기심+의구심 가득이지만, 더는 묻지 못한다)...\n해설]한 수 한쪽에 놓여 있던 단무지 상자로 다가가 이내 끄응 집어 들고 주방으로 향한다."
  },
  "Annotation": {
    "Summary1": "분식집에 늦게 돌아온 한수에게 보미는 무슨일로 매일 외출하냐고 묻지만 한수는 쉽게 대답하지 못하며 대답을 넘긴다.",
    "Summary2": "늦게나마 분식집으로 돌아와 보미를 퇴근시키려 하는 한수에게 보미는 무슨 일로 매일 외출을 하냐고 물으면서도 형님에게는 아무 말씀 안드렸다고 말한다. 한수는 대답을 어물쩍 넘기고 내일도 나가봐야 한다며 당분간 혼자 수고 좀 해달라고 한다. 보미는 호기심과 의구심이 가득하지만 묻지 못하고 알겠다고 대답한다.",
    "Summary3": ""
  },
  "filename": "SCRIPT-fm_drama-33009-00008.json"
}