{
  "Meta": {
    "doc_id": "SCRIPT-fm_drama-33008",
    "doc_category": "SCRIPT",
    "doc_type": "fm_drama",
    "doc_name": "33008_NC_아버지가이상해08_2017.txt",
    "author": "KBS",
    "publisher": "KBS",
    "published_year": "2017",
    "doc_origin": "아버지가이상해08",
    "passage_id": "SCRIPT-fm_drama-33008-00043",
    "passage": "해설]안방(밤).\n간접 조명 켜진 방. 영실은 잠들어 있고, 한 수는 옆에 앉아 있다. 한 수 영실 이마에 손을 얹어 보고.\n한 수]...열이 다시 좀 오르나? (한쪽에 치워둔 얼음 담긴 볼을 당겨 수건을 적셔 짜낸다. 영실의 이마에 얹는데, 영실 움찔하며 눈을 뜬다)...미안. 깨웠구나?\n영실]...당신 안 자?\n한 수]잘 거야...열이 내리더니 다시 조금 오르는 거 같아서.. (수건 꼭 눌러 주며) 차가워도 좀 참어.\n영실](고마워서 남편을 본다).. 나 가끔 아플까봐..\n한 수]언젠 못해줬어?\n영실]어어? 디게 잘해준지 아나 보네?\n한 수]아니야? 나 같은 남편 없다며?\n영실]그래. 그런 걸로 하자. (빙그레).. 여보 나 오늘 행복해.. 혜영이까지 나 아프다고 다 일찍 들어와 주니까 그래도 우리가 헛고생한 건 아니구나 싶고...\n한 수]...나도 그랬어.. 다 당신 공이야.. 당신이 얘들 잘 키워서 그래.\n영실](빙그레).. 그런 건 아니지만 그래도 듣기 좋다...\n한 수](빙그레)...자.. 자야 빨리 나아. 눈 감어..\n영실]...어.. 잠이 오긴 와.. 또 잘 께. 당신도 얼른 자.\n해설]영실 다시 눈 감는다. 한 수 수건 만져보고 다시 얼음물에 적셔 짠 후 얹어 준다. 이불도 여며준다. 한 수 보다가 얼음 볼 들고 일어난다."
  },
  "Annotation": {
    "Summary1": "영실은 남편과 애들까지도 잘해줘서 가끔 아플까 싶다고 하고 한수는 다 당신이 애들을 잘 키워서 그렇다고 한다.",
    "Summary2": "잠든 영실 옆에서 한수는 간호를 하고 있다. 영실은 남편과 혜영이까지도 잘 해줘서 가끔 아플까 싶다고 한다. 한수는 다 당신 공이라며 애들을 잘 키워서 그렇다고 한다.",
    "Summary3": ""
  },
  "filename": "SCRIPT-fm_drama-33008-00043.json"
}