{
  "Meta": {
    "doc_id": "SCRIPT-fm_drama-33015",
    "doc_category": "SCRIPT",
    "doc_type": "fm_drama",
    "doc_name": "33015_NC_아버지가이상해15_2017.txt",
    "author": "KBS",
    "publisher": "KBS",
    "published_year": "2017",
    "doc_origin": "아버지가이상해15",
    "passage_id": "SCRIPT-fm_drama-33015-00035",
    "passage": "해설]주방.\n한 수 영실 준영 미영 라영 둘러앉아 아침 식사 중이다. 다들 “잘 먹겠습니다” 식사 시작한다. 밥 대신 죽이 차려져 있다. 한 수 숟가락 들지만 입맛이 하나 없다..\n라영]오늘 아침은 웬 죽이야?\n영실]아빠가 어젯밤에 궤양이 재발하셔서...\n라영]아빠 궤양 재발했어?\n준영]많이 편찮으세요? 병원 안 가보셔도 되요?\n한 수]괜찮아...(영실에게) 죽 끓일 꺼 없다니까...걱정들 말고 얼른 먹고 출근해.\n미영]갑자기 왜 그러시지? 아빠 뭐 스트레스 받는 일 있으세요?\n라영]맞어. 아빠 신경 쓰고 속 끓이면 궤양 재발하잖아?\n한 수]...아냐... (더는 말 안고 숟가락으로 죽만 휘젓는다)...\n영실](그 모습 본다)...\n한 수](결국 숟가락 놓는다)..아직 속이 안 좋아서 아침은 못 먹겠어...나 먼저 출근할께.\n준영](보며) 병원 가셔야 하는 거 아녜요? 많이 편찮으신 거 같은데..?\n한 수]아니라니까.. 아직 뭐를 못 먹어 그렇지 그 정도는 아냐... (일어나면)\n해설]준영/ 미영/ 라영-힘들면 부르세요. 병원 모셔다 드릴께요 / 다녀오세요? / 아빠 얼른 나/ 다들 걱정스럽게 나가는 한 수를 본다. 영실도 그 모습 보다.\n영실]걱정들 말고 먹어.. 아빠 궤양 한 번 도지면 두세 끼는 못 드시잖어...\n준,미,라영](먹는다)\n영실](말은 그렇게 하고 영 걱정스럽다)..."
  },
  "Annotation": {
    "Summary1": "한수의 궤양이 재발해 영실이 아침으로 죽을 준비하고 모두 한수를 걱정하지만 한수는 괜찮다며 아침을 거르고 출근한다.",
    "Summary2": "아침 식사에 죽이 차려져 있고 영실은 한수의 궤양이 재발해 죽을 준비했다고 말한다. 라영, 준영, 미영이 한수를 걱정하자 한수는 괜찮다고만 하며 아침을 거르고 먼저 출근한다. 영실은 가족들에게 걱정말고 먹으라고 하지만 속으로는 걱정스럽다.",
    "Summary3": ""
  },
  "filename": "SCRIPT-fm_drama-33015-00035.json"
}