{
  "Meta": {
    "doc_id": "SCRIPT-fm_drama-33015",
    "doc_category": "SCRIPT",
    "doc_type": "fm_drama",
    "doc_name": "33015_NC_아버지가이상해15_2017.txt",
    "author": "KBS",
    "publisher": "KBS",
    "published_year": "2017",
    "doc_origin": "아버지가이상해15",
    "passage_id": "SCRIPT-fm_drama-33015-00018",
    "passage": "해설]주방.\n영실 들어서 다가와 앉는다. 컵에 물을 따라 마시는데, 현관문 열리는 소리. 이내 말분이 들어서 다가와 앉는다..\n말분](털썩 앉아) 오미 분혀. 오미 서러워. 나가 참말로 딸년까지 없었시믄 이 설움을 워찌할 뻔 혔어.\n영실](생각에 잠겨 안 들린다)...\n말분]야 민하 에미가 나보고 집 나가란다! 준영이 장가 가믄 니집 옥탑이 빈다고 당장 여 옥탑으로 옮겨 나가랴! 나가 시방 설움이 목젖을 쳐서 목소리도 안 나오고, 온 몸이 발발 떨려어.\n영실]...\n말분](반응 없는 영실 모습에) 뭐 허냐?시방 뭐허는 겨? 엄마 말 안 들려??\n영실](생각에 빠져)...어. 엄마 나 지금 머리 복잡한 일이 있어서 아무 말도 안 들려. 나중에 얘기해요.\n말분]뭐셔?(화가 더 치민다) 딸년도 다 필요 없어! 됐어!\n해설]말분 화를 내고 자리 차고 벌떡 일어나 다시 현관으로. 말분 그대로 현관문 탁 닫고 나간다. 영실 그제야 힐끔 본다. 그러나 이내 다시 생각에 잠긴다."
  },
  "Annotation": {
    "Summary1": "말분은 영실에게 가서 서러웠던 얘기를 하지만 반응 없는 영실에 화가 나서 나가고, 힐끔 보던 영실은 다시 생각에 잠겼다.",
    "Summary2": "주방에 있던 영실에게 엄마인 말분이 다가와 본인이 서러웠던 얘기를 꺼내며 들어주길 바란다. 생각에 잠겨 반응 없는 영실에게 말분은 화가 나서 나가버린다. 그제야 말분을 힐끔보다가 영실은 다시 생각에 잠겼다.",
    "Summary3": ""
  },
  "filename": "SCRIPT-fm_drama-33015-00018.json"
}