{
  "Meta": {
    "doc_id": "SCRIPT-fm_drama-33015",
    "doc_category": "SCRIPT",
    "doc_type": "fm_drama",
    "doc_name": "33015_NC_아버지가이상해15_2017.txt",
    "author": "KBS",
    "publisher": "KBS",
    "published_year": "2017",
    "doc_origin": "아버지가이상해15",
    "passage_id": "SCRIPT-fm_drama-33015-00044",
    "passage": "해설]준영 방.\n준영 영식과 함께 초음파 사진 보며 이야기 중이다. 싱글벙글 하는 준영. 영식 어이구.. 이 자식 싶지만. 좋아하는 준영 보니 속 없이 또 같이 좋다..\n준영]아무리 봐도 날 좀 닮은 것 같죠?\n영식](어이없다) 임마 5주면 아직 세포분열도 다 안됐어?!\n준영](초음파 자세히 들여다보며) 아냐. 유주씨 닮았네... 그러네~.\n영식](한심해서 한숨만 나온다)... 좋냐? 결혼할 생각하니까?\n준영]...엄마 아버지께 면목은 좀 없지만, 좋긴 하네요.\n영식]으이구.. 도대체 뭐가 그렇게 좋냐? 결혼은 인생의 무덤이야 임마아.\n준영]그 무덤에 유주씨도 같이 있을 테니까 (헤죽) 좋은데요?\n영식]콩깍지가 단단히 씌었구만.. 중증이야 중증..\n준영]콩깍지 씔 만한 사람이에요. 나를 많이 위해주고, 늘 용기를 북돋워 줘요. 유주씨 옆에 있으면 내가 꽤 괜찮은 사람인 것만 같아요..\n영식](한심하단 표정으로 준영 보며 혀를 끌끌 찬다) 니 외숙모도 그랬어... 결혼 전에는...\n준영]유주씨는 절대 변하지 않을 꺼에요.\n영식](한숨 절로 난다)...집은 어떻게 하기로 했어?\n준영]이번주말부터 보러 가기로 했어요.. 근데 인터넷으로만 봐도 전세값이 장난 아니라 걱정이에요"
  },
  "Annotation": {
    "Summary1": "초음파 사진을 보며 결혼 생각에 들뜬 준영에게 영식은 결혼은 인생의 무덤이라 하지만 준영은 유주는 변하지 않는다 한다.",
    "Summary2": "준영이 5주밖에 안 된 초음파 사진을 보며 좋아하자 영식은 어이없는 동시에 같이 좋아한다. 영식이 결혼할 생각에 좋나며 결혼은 인생의 무덤이라 말하는데 준영은 그 무덤에 유주씨도 있으니 좋다고 한다. 준영이 유주 칭찬을 늘어놓자 영식은 네 외숙모도 결혼 전엔 그랬다고 하는데 준영은 유주는 절대 변하지 않을 거라고 한다.",
    "Summary3": ""
  },
  "filename": "SCRIPT-fm_drama-33015-00044.json"
}