{
  "Meta": {
    "doc_id": "SCRIPT-fm_drama-33014",
    "doc_category": "SCRIPT",
    "doc_type": "fm_drama",
    "doc_name": "33014_NC_아버지가이상해14_2017.txt",
    "author": "KBS",
    "publisher": "KBS",
    "published_year": "2017",
    "doc_origin": "아버지가이상해14",
    "passage_id": "SCRIPT-fm_drama-33014-00019",
    "passage": "해설]주방 (밤).\n한 수 영실 마주 앉아있다. 해물파전, 소주병 소주잔 세팅되어 있다. 한 수 두 사람 잔에 술 채우며 영실의 안색을 살핀다. 영실 해물파전 찢어 조금 먹고 “음.. 맛있다.” 한 수 입에도 넣어준다. 한 수 어떻게 이야기를 꺼내야 하나 고민스러운데...\n영실]자 건배 (두 사람 잔 부딪히고 내려놓는다)...당신도 많이 답답했구나?\n한 수](놀라 보면)...\n영실]...왜 어떻게 알았냐고?알지 그걸 어떻게 몰라.. 어젯밤에도 밤새 잠 못 자고 뒤척이던데?\n한 수]...알고 있었어?나는 당신이 알꺼라고는 꿈에도 생각 못했어.\n영실]그걸 어떻게 모르냐? 당신랑 한 이불 덮고 산지 35년이다...\n한 수](만감이 교차하며 안도도 되고, 고맙기도 하고)...여보.\n영실]우리 장남은 알까? 우리가 지 때문에 이렇게 하루아침에 무능한 부모가 되어 가슴앓이 하는 거?\n한 수](!??)...\n영실]아무리 생각해도 전세금 담보 대출 말고는 방법이 없겠어...혜영이한테 얼마라도 융통해볼까 생각도 해봤는데, 차마 입이 안떨어져. 재작년 전세금 인상분 올려줄 때도 혜영이가 변통해줬었잖아.\n한 수]그랬지...\n영실]3년 만에 간신히 대출금 다 갚고 만세다 했던 게 불과 석 달 전인데, 아들 장가 보낸다고 또 대출을 받아야 하다니...이제부터 버는 거 다 노후 자금으로 모아도 될까 말깐데 어떻게 또 대출을 받아? 우리 이러다 깡통 노년 되는거 아닐까? 나중에 우리 애들이 우리 짐짝처럼 여기며 귀찮아 하면 어떡해?\n한 수]여보 너무 멀리 갔어..\n영실]허무하고 쓸쓸해.. 우리 참 성실하게 살아 왔잖아?아이들 열심히 최선을 다해 키우면서, 당신은 근면 성실하게 당신 가게 꾸려 왔고, 나는 나대로 30년 긴 세월 하루도 빠짐없이 직장 생활 꾸준히 해왔고.. 그런데도 지금 우리한테 남은 것이 어떻게 이렇게 아무 것도 없지?\n한 수]그래도 우리한테는 애들이 있잖아! 네 자식 중 누구 하나 삐뚤어나간 애도 없고..특별히 모자란 애도 없고...다 당신이 잘 키운 덕이야.\n영실](보다) 위로가 안 돼...(힐끔 보고) 나는 직장 다닌다고 날라리 엄마였지. 당신이 다 키웠어.\n한 수]무슨 내가 다 키워... 그래 우리 둘 다 수고했다고 하자..(잔 들어 내민다)\n영실]치.. (잔 들어 부딪힌다)\n해설]부부 그렇게 서로를 위로하며 술잔을 기울인다. 한 수 술잔 내려놓으면 마음이 이내 무겁다. 말해야 하는데 결국 말 하지 못했다."
  },
  "Annotation": {
    "Summary1": "영실이 장남의 결혼과 노후를 걱정하자 한수는 아이들이 있다고 위로하지만 끝내 할 말은 하지 못한다.",
    "Summary2": "함께 술을 마시며 할 말이 있어 눈치를 살피는 한수에게 영실은 당신도 많이 답답했냐고 말한다. 하지만 영실은 한수와는 달리 장남 결혼을 위해 대출을 받아야 할 상황과 노후를 걱정하고 있었다. 영실이 최선을 다해 살았지만 남은 것이 없다고 하자 한수는 아이들이 있다고 말해주며 서로를 위로하지만 끝내 할 말을 하지 못했다.",
    "Summary3": ""
  },
  "filename": "SCRIPT-fm_drama-33014-00019.json"
}