{
  "Meta": {
    "doc_id": "SCRIPT-fm_drama-33001",
    "doc_category": "SCRIPT",
    "doc_type": "fm_drama",
    "doc_name": "33001_NC_아버지가이상해01_2017.txt",
    "author": "KBS",
    "publisher": "KBS",
    "published_year": "2017",
    "doc_origin": "아버지가이상해01",
    "passage_id": "SCRIPT-fm_drama-33001-00025",
    "passage": "해설]결혼 정보 회사 사무실.\n복녀]개룡녀는 싫어요.\n해설]복녀 상담 중이다. 맞은편에 직원 앉아있다. 컴퓨터에 입력하며 복녀의 요구 조건 듣는다.\n복녀]없는 집안에서 아등바등 공부해 성공한 여자, 아우 딱 질색이에요. 나는 그런 아이 며느리로 맞아들이고 싶은 생각 (손까지 휘저으며) 저언혀 없어요. 내 남편이 딱 그렇거든요. 그런 사람들이 얼마나 잘난 척을 하는지 모르죠? 모를 꺼에요. 겪어보지 않으면...\n해설]서재.\n규택 책상에 앉아 책을 보다가 귀가 가려운지 무심코 귀를 긁적긁적...혹시 귀지 나왔나 확인하고 계속 책을 본다. \n결혼 정보 회사 사무실.\n복녀]아후...남편 하나로 충분해요. 나는 그런 아이 며느리로 저얼대!노 땡큐에요..\n상담사](입력한 후) 예...그 밖에 다른 조건은요?\n복녀]그거야 물론 사람 됨됨이가 제일 중요하죠. 이왕이면 이뻤으면 좋겠고. 우리 아들이 엄마를 보고 자라서 눈이 높아요. 이세를 위해서도 그렇고. 그리고 아까도 말했지만 집안! 나고 자란 환경 그거 정말 중요하거든. 보고 배운다고 하잖아요? 좋은 집안에서 잘 자란 아가씨로, 다소곳하고 수더분하고, 어른 공양할 줄 알고. 착하고...뭐 그 정도면 될 꺼 같에요."
  },
  "Annotation": {
    "Summary1": "복녀가 아들의 며느리감으로 없는 집안에서 성공한 여자는 싫다며 됨됨이, 이쁜 외모, 좋은 집안 등 조건을 제시한다.",
    "Summary2": "복녀가 결혼 정보 회사 사무실에서 아들의 며느리감으로 없는 집안에서 아등바등 공부해 성공한 여자는 딱 질색이라고 말한다. 복녀는 제 남편이 딱 그렇다고 말하고 서재에 있던 규택은 귀가 가려워 귀를 긁는다. 복녀는 다른 조건으로 됨됨이가 제일 중요하다며 이뻤으면 좋겠고 좋은 집안에서 잘 자란 아가씨였으면 한다고 말한다.",
    "Summary3": ""
  },
  "filename": "SCRIPT-fm_drama-33001-00025.json"
}