{
  "Meta": {
    "doc_id": "SCRIPT-fm_drama-46014",
    "doc_category": "SCRIPT",
    "doc_type": "fm_drama",
    "doc_name": "46014_DC_오작교형제들14_2011.txt",
    "author": "KBS",
    "publisher": "KBS",
    "published_year": "2011",
    "doc_origin": "오작교형제들14",
    "passage_id": "SCRIPT-fm_drama-46014-00005",
    "passage": "해설]3 복자집 태희방 문 밖 /밤.\n창식 문밖에서 그 소리 들었다. 창식 착잡하고 마음이 무겁다...문고리 잡으려던 손 내리고, 돌아서 가는 창식. 그리고 조금 떨어져 그런 아버지를 바라보는 물컵을 든 태희. 아버지의 축 쳐진 어깨를 바라보는 태희의 마음도 무겁다. \n5 복자집 안방 /밤.\n복자 문 열고 들어오면, 창식 착잡해 앉아있다. 복자 물컵 들고 다가와 내려 놓고 앉으며.\n복자]...아무리 화가 나두 애한테 손질을 하고 그래요?걔 나이가 시방 몇이구만.\n창식]...\n복자]너무 걱정 말어유...태범이헌티 수영이 데려온다는 다짐받았어유...그리구 우리 태범이가 원제 한 번이라도 우리 실망시킨 적 있어유?너무 안달복달 허지 말고 우리 태범이 믿고 조금만 기다려봐유...일단 태범이도 생각할 시간이 필요할 꺼 아녜유?\n창식]...\n복자](계속 표정 착잡한 창식 보며) 대답도 안고?애 때려놓고 영 기분이 그래서 그래유?\n창식](착잡해 앉아있다 그제야)...이불 펴까? (일어나는)"
  },
  "Annotation": {
    "Summary1": "복자는 태범이가 수영이를 데려 온다 다짐했다며 기다려 보자 하고, 창식에게 애를 때려 맘이 불편하냐고 묻는다.",
    "Summary2": "방에 들어온 복자는 창식 옆에 앉으며 아무리 화가 나도 애한테 손찌검을 할 수 있냐고 비난한다. 아무 말 못 하는 창식에게 복자는 걱정 말라며 태범이가 수영이를 데려온다 다짐했다며 조금만 믿고 기다려 보자 한다. 착잡한 표정의 창식에게 복자는 애를 때린 것이 맘이 불편하냐고 묻고 창식은 그제야 이불을 펴자며 일어난다.",
    "Summary3": ""
  },
  "filename": "SCRIPT-fm_drama-46014-00005.json"
}