{
  "Meta": {
    "doc_id": "SCRIPT-fm_drama-33008",
    "doc_category": "SCRIPT",
    "doc_type": "fm_drama",
    "doc_name": "33008_NC_아버지가이상해08_2017.txt",
    "author": "KBS",
    "publisher": "KBS",
    "published_year": "2017",
    "doc_origin": "아버지가이상해08",
    "passage_id": "SCRIPT-fm_drama-33008-00048",
    "passage": "해설]건물 입구.\n말분 빗자루로 슬렁슬렁 쓸고 있다. 복녀 다가온다.\n복녀]...왜 할머니가 하고 계세요? 따님은요?\n말분](쳐다도 안 보고 심드렁하게) 갸 오늘 아퍼서 못나와유.\n복녀]그래서 대신 청소하시는 거에요? (대충 대충 쓰는 모습 영 맘에 안 든다).. 좀 깨끗이 좀 해주세요.. 너무 대충 쓰신다.. 다 쓸고 나면 물걸레질도 해야 하는 거 아시죠?\n말분](그제야 보는) 뭔 물걸레질까정 해유? 금세 다 사람들이 밟아댈 텐디?\n복녀]참 이상한 말씀을 하시네요? 어차피 더러워질 꺼 세수 안 하나요? 그럴수록 더 깨끗이 닦아야죠?\n말분]정 그라고 깨깟이 하고 싶으면 직접 닦으시든가? 난 물걸레질은 못허니께 그런 줄 알아유!\n복녀]할머니?!\n말분]왜유 아줌니??\n복녀](기막혀 입이 딱 벌어져 보면)...\n말분](다시 비질하며) 아 걸거쳐유. (하며 복녀 쪽으로 비질 해댄다)...\n복녀]어머어머 (얼른 질색하며 피하며) 왜 이러세요. 진짜아! 이거 계약 위반인거 아시죠? 다 계약서에 명시된 사항이에요!\n말분]뭐유?\n복녀]청소 일체를 담당하는 조건으로 재계약 한 건데 이런 식으로 나오시면 이건 명백한 계약 위반이죠? 이러면 저도 임대료를 올려 받거나 다른 방도를 강구할 수밖에 없어요.\n말분](뭔 소리여 이건 또?)...(미워 본다)\n복녀]...어떻게...물걸레질 하시겠어요? 아니면 제가 따님과 전화해 얘기를 해요?\n말분](밉고 또 밉다. 노려보다 결국)...해유 해??! 누가 안한댔슈??! (휙 지나가며) 앉은 자리에 풀도 안 날 여편네.\n복녀](휙 돌아본다) 뭐라구요?"
  },
  "Annotation": {
    "Summary1": "딸 대신 청소를 하고 있는 말분에게 복녀는 걸레질을 시키고 말분은 어쩔 수 없이 하겠다고 한다.",
    "Summary2": "청소를 하고 있는 말분에게 복녀가 다가와 왜 딸이 아닌 복녀가 청소를 하고 있냐 묻는다. 말분은 딸이 아파 대신 하고 있다 말하고 복녀는 물걸레질도 해야 한다 말한다. 말분이 이를 거절하자 복녀는 계약 위반을 들먹이고 말분은 어쩔 수 없이 걸레질을 하겠다 한다.",
    "Summary3": ""
  },
  "filename": "SCRIPT-fm_drama-33008-00048.json"
}