{
  "Meta": {
    "doc_id": "SCRIPT-fm_drama-46027",
    "doc_category": "SCRIPT",
    "doc_type": "fm_drama",
    "doc_name": "46027_DC_오작교형제들27_2011.txt",
    "author": "KBS",
    "publisher": "KBS",
    "published_year": "2011",
    "doc_origin": "오작교형제들27",
    "passage_id": "SCRIPT-fm_drama-46027-00038",
    "passage": "해설]마당.\n복자와 갑년 다가온다. 마당 한쪽에 내던져진 텐트가 눈에 들어온다..\n복자]엄니 먼저 들어가세요. 영 심란허구 쑥쑥헌디 저 텐트나 빨아 널어야것어유.\n갑년]그려...\n해설]갑년 현관으로. 복자 텐트로 다가간다. \n편의점.\n자은 팩소주를 집어들어 여러 개 카트에 담는다. 핸드폰 울린다. 모르는 번호다.\n자은](받는다) 여보세요?\n제하E]안녕하세요. 지난번에 전화 드렸던 굿필름의 김제합니다.\n자은]전에 말씀 드렸잖아요 관심 없다구요, 먼저 끊습니다 (끊는다. 참치캔 집어 든다)\n해설]고시원 방.\n자은 혼자서 소주 마시는 중. 참치캔 따져 있다. 팩소주를 소주잔에 따라가며 마시고 있다. 표정 없이 기계적으로 거듭 잔을 비우는 자은. 안주는 전혀 손도 대지 않는다. 핸드폰 울린다. 자은 확인도 안 하고 받는다.\n자은]여보세요?\n제하E]굿필름 김제합니다.\n자은](그대로 핸드폰 탁 끊어버린다)...(소주잔 들어 다시 비운다)"
  },
  "Annotation": {
    "Summary1": "복자는 심란해 텐트를 빨고 자은은 편의점에서도 고시원에서도 굿필름 김제하에게 걸려온 전화를 매번 끊어버린다.",
    "Summary2": "복자는 마당 한쪽에 있는 텐트를 보고 심란하니 텐트나 빨아야겠다며 복자 먼저 들어가라고 한다. 편의점에서 자은은 소주를 카트에 담다가 전화를 받는데 굿필름의 김제하라고 하자 관심 없다며 끊는다. 고시원 방으로 온 자은은 혼자서 소주를 마시다가 핸드폰이 울리자 확인도 안 하고 받는데 또 굿필름 김제하라고 하자 바로 끊어버리고 소주를 마신다.",
    "Summary3": ""
  },
  "filename": "SCRIPT-fm_drama-46027-00038.json"
}