{
  "Meta": {
    "doc_id": "SCRIPT-fm_drama-33002",
    "doc_category": "SCRIPT",
    "doc_type": "fm_drama",
    "doc_name": "33002_NC_아버지가이상해02_2017.txt",
    "author": "KBS",
    "publisher": "KBS",
    "published_year": "2017",
    "doc_origin": "아버지가이상해02",
    "passage_id": "SCRIPT-fm_drama-33002-00013",
    "passage": "해설]해온ent 면접장 입구(복도).\n미영e]쉽게 포기하지 않고 최선을 다하는 성실하고 열정적인 일꾼이 되겠습니다! 제게 꼭 기회를 주십시오!\n해설]긴장해 앉아있는 일동. 문 열리고 3인의 면접자 나오면, 다음 순서 3인이 들어간다. 미영등 대기자들 일제히 일어나 일사분란하게 자리를 당겨 앉는다. 좌석 이동 후 조용해진 대기자들 사이에 다시 긴장감이 흐른다. 미영 긴장감이 점점 커지는지 자신도 요의가 느껴진다..\n미영](아무래도 안되겠다. 일어나 직원에게) 저 화장실 좀 다녀올게요. 금방 갔다 올게요. \n해설]해온 엔터 화장실 앞 복도.\n종종 걸음으로 다가오는 미영, 두리번거리며 화장실을 찾는다. 저만큼 화장실 표시! 미영 빠르게 화장실로 달려들고, 때 맞춰 화장실에서 나오는 유주. 두 사람 어깨를 부딪히며 충돌한다. 동시에 유주 손에 들렸던 사원증이 바닥에 떨어진다. 아! 짜증스런 반응 보이며 아파하는 유주..\n미영]“죄송합니다.” 사과하며 얼른 바닥에 떨어진 사원증 집어들다 보면 유주 사진과 이름!\n미영e]김유주? (고개 들어 마주 선 여자의 얼굴을 확인한다. 유주가 맞다.)!\n유주](뭐야?자신을 멍청하게 바라보는 미영에게서 사원증을 예의 없이 낚아채 나선다.)...\n미영](순간적으로 충격에)!.(멀어지는 유주를 돌아본다.)..."
  },
  "Annotation": {
    "Summary1": "면접장의 화장실에서 어떤 여자와 부딪힌 미영은 여자의 사원증을 주워주다가 그 여자가 김유주란 것을 알아채고 놀란다.",
    "Summary2": "미영은 회사 면접을 보러왔다. 긴장감에 요의를 느낀 미영은 서둘러 화장실로 들어가다가 한 여자와 부딪힌다. 여자의 떨어진 사원증에서 김유주란 이름을 발견한 미영은 놀라 확인하지만 여자는 미영을 알아보지 못하고 사원증을 챙겨 떠난다.",
    "Summary3": ""
  },
  "filename": "SCRIPT-fm_drama-33002-00013.json"
}