{
  "Meta": {
    "doc_id": "SCRIPT-fm_drama-33001",
    "doc_category": "SCRIPT",
    "doc_type": "fm_drama",
    "doc_name": "33001_NC_아버지가이상해01_2017.txt",
    "author": "KBS",
    "publisher": "KBS",
    "published_year": "2017",
    "doc_origin": "아버지가이상해01",
    "passage_id": "SCRIPT-fm_drama-33001-00059",
    "passage": "해설]경비실.\n경비실 간이 의자에 앉아있는 미영. 손에 매직이 들려 있다. 황당한 경비아저씨 얼굴. 미영 경비아저씨를 보고 어색하게 웃고 매직으로 스타킹 사이 살을 꼼꼼히 칠한다. 그때 경비실 문을 노크하는 소리 똑똑! 경비 얼른 일어나 문 열면, 중희(선글라스 끼고) 서있다.\n경비]지금 나가시게요? 몇 번이시죠?\n중희]4885요.\n경비]예 잠깐 기다리세요. 금방 빼드릴께요. (차키 여러 개 걸려있는 곳 보며) 4885...(찾아서 들고 나간다)\n해설]경비 나가고, 중희 그제야 간이 의자에 앉아 있는 미영을 본다. 매직으로 색칠하는 있는 이 이상한 생물체는 또 뭐지? 싶다. 색칠을 끝마친 미영 급히 벌떡 일어나 중희를 본다. 비켜달란 눈빛으로.\n중희E](매직을 보고) 아 이노무 인기란...썬글라스를 껴도 알아보네.. (선글라스 벗으며)\n중희]종이가 있어야 하는데 사인을 받으시려면.\n미영](마음 급해서 들리지도 않는다) 저 나가야 하는데요.\n해설]미영, 중희가 무슨 말인지 인식도 하기 전에 얼른 밀치고 후다닥 달려간다. 그러다 다시 달려와 중희 손에 매직을 턱 안겨주고.\n미영]아저씨께 감사하다 꼭 좀 전해주세요. (다시 달려간다)\n중희](손의 매직 보다 멀어지는 미영 본다)...하!.(짐짓 실소 터뜨리지만 영 기분 나쁘다)"
  },
  "Annotation": {
    "Summary1": "미영이 매직을 든 걸 보고 사인을 해달라는 것으로 착각한 중희는 미영이 자신에게 매직을 주고 가자 기분이 나쁘다.",
    "Summary2": "미영은 경비실에 앉아 매직으로 스타킹 사이 살을 꼼꼼히 칠하고 있고 이 모습을 본 경비는 황당해한다. 경비가 중희의 차를 빼러 자리를 뜨자 중희는 미영을 이상한 눈으로 보고, 미영도 급히 일어나 비켜달라는 눈빛으로 중희를 본다. 중희는 매직을 든 미영이 사인해달라고 하는 줄 착각하지만, 미영이 중희의 손에 매직을 쥐여준 채 떠나자 중희는 기분이 나쁘다.",
    "Summary3": ""
  },
  "filename": "SCRIPT-fm_drama-33001-00059.json"
}