{
  "Meta": {
    "doc_id": "SCRIPT-fm_drama-46029",
    "doc_category": "SCRIPT",
    "doc_type": "fm_drama",
    "doc_name": "46029_DC_오작교형제들29_2011.txt",
    "author": "KBS",
    "publisher": "KBS",
    "published_year": "2011",
    "doc_origin": "오작교형제들29",
    "passage_id": "SCRIPT-fm_drama-46029-00049",
    "passage": "해설]커피숍.\n홍씨 자리에 앉아있다. 태희 다가와 선다. 홍씨 누군가? 돌아보면.\n태희]...지능범죄수사팀 황태희 경위입니다...이기철 서장님은 잘 만나보셨습니까?\n홍씨](놀라고 당황해 보는)...\n태희]잠깐 앉겠습니다...\n해설]<시간경과>.\n태희]...진실을 밝혀 주십시요...07년 1월 홍콩 레스토랑에서 백인호 사장은 이기철 서장에게 명품시계를 건넸습니다. 그렇죠?\n홍씨]...\n태희]...백자은씨의 부정입학 혐의를 벗길 수 있는 사람은 홍만식씨밖에 없습니다...비록 수사결과는 혐의없음으로 드러났지만, 여전히 백자은씨는 인터넷 등에서 부정입학자로 매도되고 있습니다. 07년 당시 서교수에게 실제로 명품시계를 건넨 사람을 밝혀내지 못하는 한, 백자은학생은 평생 부정입학자로 낙인 찍혀 살 겁니다...부탁 드립니다...백자은씨의 혐의를 벗겨 주세요."
  },
  "Annotation": {
    "Summary1": "태희는 서교수에게 시계를 준 사람을 밝혀야 백자은의 부정 입학 혐의가 벗겨지고 그 일은 홍씨만이 할 수 있다며 부탁한다.",
    "Summary2": "태희는 홍씨에게 다가와 신분을 말하고 이기철 서장은 잘 만나고 왔는지 묻자 홍씨는 당황한다. 태희는 홍콩에서 백인호가 이기철 서장에게 명품 시계를 건넨 것이 사실인지 묻지만 홍씨는 답하지 않는다. 태희는 줄곧 부정입학자로 매도 되고 있는 백자은의 결백을 증명할 사람은 홍씨 밖에 없다며 서교수에게 시계를 준 사람을 밝혀 백자은의 혐의를 벗겨 달라 부탁한다.",
    "Summary3": ""
  },
  "filename": "SCRIPT-fm_drama-46029-00049.json"
}