{
  "Meta": {
    "doc_id": "SCRIPT-fm_drama-33013",
    "doc_category": "SCRIPT",
    "doc_type": "fm_drama",
    "doc_name": "33013_NC_아버지가이상해13_2017.txt",
    "author": "KBS",
    "publisher": "KBS",
    "published_year": "2017",
    "doc_origin": "아버지가이상해13",
    "passage_id": "SCRIPT-fm_drama-33013-00060",
    "passage": "해설]카니발 내부 (운행 중) (저녁).\n중희 싸늘하게 식은 얼굴로 창밖만 보고 있다. 조수석에 숨도 못 쉬고 앉아있는 미영. 태부 룸미러로 그런 중희 살피며 눈치 보다.\n태부]...형님 (하는데)\n중희]적당히 세워서 차 나 주고...니네는 회사로 복귀해.\n태부]...예...근데 어디 가시려고요?\n중희](대답하지 않고 차갑게 경직된 표정으로 창밖만 바라본다)...\n해설]편의점(밤).\n모자 푹 눌러쓴 중희 편의점으로 들어온다. 바구니 하나 집어 들고 주류코너로 가는 중희. 소주부터 맥주, 와인, 싸구려 양주까지 종류별로 하나씩 다 담는다..\n중희](소주 집어서 담으며) 술? 까짓거 같이 한번 마시면 되는 거 아냐?\n해설]아빠 분식 밖 (밤).\n한수 문 열고 나온다. 그러나 중희는 이미 사라지고 없다. 못내 마음이 쓰인다. 그런데 바닥에 놓여있는 비닐봉투. 한수 집어 들어 보면, 소주 맥주 등...무슨 일인데 술까지 사들고 여길 다 온걸까? 다시 중희가 사라진 곳 바라본다."
  },
  "Annotation": {
    "Summary1": "중희는 싸늘한 표정을 하고는 미영과 태부에게는 회사에 복귀하라고 하고, 자신은 편의점에서 술을 종류별로 담는다.",
    "Summary2": "싸늘한 표정의 중희는 태부와 조수석에 앉아 있는 미영에게 차는 두고 회사로 복귀하라고 한다. 중희는 어딜 가냐는 태부의 물음에 대답을 하지 않는다. 그러고는 모자를 푹 눌러쓰고 편의점에서 술을 종류별로 하나씩 담는다.",
    "Summary3": ""
  },
  "filename": "SCRIPT-fm_drama-33013-00060.json"
}