{
  "Meta": {
    "doc_id": "SCRIPT-fm_drama-46027",
    "doc_category": "SCRIPT",
    "doc_type": "fm_drama",
    "doc_name": "46027_DC_오작교형제들27_2011.txt",
    "author": "KBS",
    "publisher": "KBS",
    "published_year": "2011",
    "doc_origin": "오작교형제들27",
    "passage_id": "SCRIPT-fm_drama-46027-00032",
    "passage": "해설]수영의 차안.\n주차된 차에 타는 수영...졌다는 생각에 허탈하다. 이제 팀장 자리 뺏기는 거야? 수영 기막히고 열 받아서 핸들을 주먹으로 쾅쾅 내리치며 몸부림 친다. 머리도 쾅 박고! 보조석의 자료들도 구기고! 찢고! 괴로움에 어쩔 줄 몰라하다가...이내 정신 차리려 후~ 심호흡한다. “그래 진정해 차수영” 스스로를 다독거리며 머리 정돈한다. 차에 시동 거는 수영. 그때 보조석 문 열리고 태범 올라탄다.\n수영]!\n태범](의기양양한 표정으로) 회사로 들어가실 거죠? 같이 가요?\n수영](죽일 듯 보는)...누가 타래? 나 회사로 안 갈거야?\n태범]그럼 서울까지만요?\n수영]나 서울 안가! (아무 거나 대는) 부산 갈거야?\n태범]예? 이 시간에요? (보다) 인터뷰 놓쳐서 화났습니까? 그래서 그래요?\n수영](힉 본다) 황기잔 내가 고작 그런 인간으로 보여? 내가 인터뷰 놓쳤다고 화나서 억지 부린다고 생각해? 내가 왜? 나는 최선을 다 했고 한 점 부끄럼 없이 내 열정을 쏟았어! 그러니까 결과에 깨끗하게 승복할 수 있어? (하는 순간 갑자기 눈물이 왈칵 쏟아진다)\n태범](당황)!\n수영](스스로도 당황스러워 얼른 고개 돌리지만...한 번 터진 눈물은 멈출 줄 모른다) (점점 복받쳐 오르는 감정! 안되겠다. 얼른 차에서 내린다)\n태범](그 모습 놀라서 보는)..."
  },
  "Annotation": {
    "Summary1": "수영은 괴로워하다 스스로를 다독이고, 재범은 차에 타서 인터뷰 놓친 것 때문에 화났냐고 묻는데 수영은 눈물을 쏟는다.",
    "Summary2": "수영은 차 안에서 졌다는 생각에 허탈하고 화가 나 핸들을 주먹으로 내리치며 몸부림치다 이내 정신차리고 스스로를 다독인다. 이때 조수석으로 태범이 타고 서울까지 같이 가자고 하자 수영은 서울 안 가고 부산 간다고 한다. 태범은 인터뷰 놓친 것 때문에 화났냐고 묻고 수영은 고작 그런 인간으로 보이냐며 눈물을 쏟는다.",
    "Summary3": ""
  },
  "filename": "SCRIPT-fm_drama-46027-00032.json"
}