{
  "Meta": {
    "doc_id": "SCRIPT-fm_drama-46050",
    "doc_category": "SCRIPT",
    "doc_type": "fm_drama",
    "doc_name": "46050_DC_오작교형제들50_2011.txt",
    "author": "KBS",
    "publisher": "KBS",
    "published_year": "2011",
    "doc_origin": "오작교형제들50",
    "passage_id": "SCRIPT-fm_drama-46050-00025",
    "passage": "해설]병원 뜰.\n자은 인호 서있다. 저만큼 떨어져 서있는 제하 핸드폰으로 전화받는 중이다. 제하 표정이 밝아진다. “그러죠...끊습니다” 전화 끊는다. 제하 다가간다..\n제하](다가가 선다) 자은 씨?아버님?\n인호. 자은...(돌아본다)...\n제하]...할머니 의식 돌아오셨대요...(인호 보고) 이제 걱정 안 하셔도 되요...(자은 보고) 됐어요 이제 자은 씨!\n인호]...정말인가? 정말 어르신 회복하셨어? 아무 이상 없이 회복하셨대?\n자은](믿어지지 않는 듯 보면)...\n제하]예. 황경위에게 막 전화 왔습니다...(자은 본다)...안 믿어져요?깨나셨대요. 아무 이상 없으시구요.\n인호]감사합니다. 감사합니다...(저만큼 다가가 뭔가를 집고 몸을 지지하며 안도한다)\n자은](아!)...(눈빛이 흔들리더니 그대로 후드득 눈물이 떨어져 내린다)...(참았던 눈물이 하염없이 뚝뚝 떨어져 내린다)...(제하도 의식하지 못한다. 외면할 생각도 감출 여력도 없이. 하염없이 눈물을 뚝뚝 떨군다)...\n제하](그 모습에)...\n자은](하염없이 눈물만 뚝뚝 떨군다)...(처음으로 저만큼 등 돌리고 서있는 아빠를 돌아본다 복잡한 감정이 밀려든다)..."
  },
  "Annotation": {
    "Summary1": "전화를 끊은 제하가 자은과 인호에게 할머니 의식이 돌아왔고 아무 이상이 없다고 전하자 자은은 참았던 눈물을 흘린다.",
    "Summary2": "떨어져서 전화를 받고 있던 제하의 표정이 밝아지면서 전화를 끊고 다가와 자은과 인호를 부른다. 제하가 할머니 의식이 돌아왔다고 전하자 인호는 아무 이상 없이 회복했는지 묻고 자은은 믿어지지 않는 듯 본다. 제하는 황경위 전화를 받았다면서 아무 이상 없다고 말하고 자은은 참았던 눈물을 흘리다가 처음으로 아빠를 돌아보며 복잡함 감정에 휩싸인다.",
    "Summary3": ""
  },
  "filename": "SCRIPT-fm_drama-46050-00025.json"
}