{
  "Meta": {
    "doc_id": "SCRIPT-fm_drama-33007",
    "doc_category": "SCRIPT",
    "doc_type": "fm_drama",
    "doc_name": "33007_NC_아버지가이상해07_2017.txt",
    "author": "KBS",
    "publisher": "KBS",
    "published_year": "2017",
    "doc_origin": "아버지가이상해07",
    "passage_id": "SCRIPT-fm_drama-33007-00001",
    "passage": "해설]중희 그 순간 웃음기가 가신다. 한 수를 돌아보며 검지손가락으로 사진을 가리키며.\n중희]당신 아들입니다, 나!\n한 수](선뜻 이해를 못한다)...\n중희]내가 당신 아들이라구요?? 이해 못하겠어요?\n한 수]...저기 술이 과하신거 같은데요?\n중희]하! 돌아버리겠네.??(헛웃음 난다)\n한 수]이봐요(말 끝나기도 전에)\n중희]안수진 씨 알죠?\n한 수]...\n중희]안수진은 알 꺼 아냐?설마 안수진도 몰라요?와 여자가 대따 많았나보네 얼굴만 봐선 전혀 그렇게 안 보이시는데?\n한 수]...안수진이요?\n중희]그래요 안수진?내가 그 아들이라구요 변한 수씨?!\n한 수](안수진 씨라면?)...(설마!한 수 아들!)\n중희](그 표정에) 하!이제야 기억이 나셔?와 나도 뭐 막 눈물 콧물 짜고 이런 거는 기대도 안 했지만, 뭐 또 이렇게까지 시크하게 쌩까실 줄은 몰랐네?\n한 수](정신을 차릴 수가 없다)...저...저기...혹시...아아니...그... 그 그래요 일단 좀 아앉아요...(당황해 중희를 앉히려 하자)\n중희](확 손길을 강하게 뿌리친다)...내가 왜 앉아 여기를?!\n한 수](원망과 분노에 찬 눈빛을 아무 말도 못하고 본다)...\n중희]나 여기 회포 풀려고 온거 아니구요!?!알려 주려고 왔어요?! 알아는 두시라고!?안수진의 아들이 태어나 살고 있다는 거!당신 그동안 인생 편하게 살았을 꺼 아냐? 날마다 두다리 쭈욱 뻗고...내가 오늘 아 아주 기분 엿같은 일이 있었거든요?! 그러니 당신도 마음이 조금은 불편해져야지? 밤잠도 좀 설치시고...입맛까지 잃으면 더욱 좋고?!예?\n한 수](멀거니 아무 말을 못하고 본다)...\n중희](시종 일관 멀거니 쳐다만 보고 있는 한 수의 표정에)...하!돌아버리겠네 진짜?(순간 울컥 치민다)...어떻게 계속 저런 표정을 짓고 있냐?그래도 35년 만에 아들이라고 나타났는데?최소한 이름이라도 물어봐야 하는 거 아냐?어디서 어떻게 살았는지는 집어치고라도?\n한 수](그 말에 그 표정에 아차 싶고 당황스럽다)...\n중희](원망과 분노 가득한 눈빛으로 보는)...\n해설]한 수 그제야 입술을 달싹이며 무슨 말이라도 해보려 하는데, 중희 그대로 휙 뒤돌아 입구로. 문 확 열어젖히고 나간다. 한 수 그 모습에 당황해 얼른 뒤따른다."
  },
  "Annotation": {
    "Summary1": "한수는 중희가 자신이 안수진과 한수의 아들이라고 하자 당황하고, 중희는 분노와 원망의 눈빛으로 말을 쏟아낸다.",
    "Summary2": "중희가 한수에게 자신이 한수의 아들이라 하고 믿지 않으니 안수진의 아들이라고 한다. 한수가 당황해 하며 중희를 앉히려 하나 중희가 원망과 분노에 찬 눈빛으로 중희의 손을 뿌리친다. 중희의 분노에 찬 말을 멍하니 듣고 있던 한수의 모습에 중희가 울컥한다.",
    "Summary3": ""
  },
  "filename": "SCRIPT-fm_drama-33007-00001.json"
}