{
  "Meta": {
    "doc_id": "SCRIPT-fm_drama-33001",
    "doc_category": "SCRIPT",
    "doc_type": "fm_drama",
    "doc_name": "33001_NC_아버지가이상해01_2017.txt",
    "author": "KBS",
    "publisher": "KBS",
    "published_year": "2017",
    "doc_origin": "아버지가이상해01",
    "passage_id": "SCRIPT-fm_drama-33001-00060",
    "passage": "해설]건물 앞 거리.\n영실 혜영 현관문을 나와 선다. 영실, 혜영의 옷차림 한 번 더 살펴보고 매무새 만져 준다..\n영실]...잘하고 와...우황청심환이라도 먹어야 하는 거 아냐?\n혜영]촌스럽게. 생방도 아니고 녹화방송이라니까?\n영실]그래도 방송출연 처음인데...진짜 안 떨려? 나는 너 방송 출연한다니까 괜히 내가 떨려.\n혜영]아니. 이따는 어떨지 몰라도 지금은 전혀...갔다 올게..\n영실]잘하고 와...아니다 너무 잘하려고 하지 말고 해. 그래야 긴장 안고 오히려 잘해.\n혜영]그렇게 좋아 내가 방송 출연한다니까?\n영실]당연히 좋지. 그걸 말이라고 해?\n혜영](어이없이 픽) 가요.\n영실](배웅한다)...그래...다녀와. 넌 잘 할 거야...(뒷모습을 마냥 바라본다. 눈빛에 표정에 자부심과 기쁨이 가득하다)...어쩌다 내가 저런 대견한 딸을 낳았을까?"
  },
  "Annotation": {
    "Summary1": "영실은 방송 출연을 하는 혜영의 옷 매무새를 한번 더 만져주고, 혜영의 뒷모습을 바라보며 자부심과 기쁨을 느낀다.",
    "Summary2": "영실은 혜영이 첫 방송 출연을 위해 나서자 옷 매무새를 한번 더 만져주며 긴장할까봐 걱정한다. 혜영은 녹화방송이라 괜찮다며 말하고, 영실은 혜영이 방송 출연하는 것을 대견해한다. 혜영의 뒷모습을 바라보며, 영실은 혜영 같은 딸을 낳은 것에 대해 자부심과 기쁨을 느낀다.",
    "Summary3": ""
  },
  "filename": "SCRIPT-fm_drama-33001-00060.json"
}