{
  "Meta": {
    "doc_id": "SCRIPT-fm_drama-33014",
    "doc_category": "SCRIPT",
    "doc_type": "fm_drama",
    "doc_name": "33014_NC_아버지가이상해14_2017.txt",
    "author": "KBS",
    "publisher": "KBS",
    "published_year": "2017",
    "doc_origin": "아버지가이상해14",
    "passage_id": "SCRIPT-fm_drama-33014-00007",
    "passage": "해설]주방.\n영실 미영 앉아 있다. 식탁 위에 우유 쨈 등 놓여 있다. 준영 라영 차례로 들어와 앉고, 한 수 프렌치 토스트 접시 들고 와 내려 놓으며 “먹자” 앉는다. 준,미,라영 “잘 먹겠습니다”.\n준영]변변은요?\n영실]어젯밤에 갔어. 아침일찍부터 일이 있대.\n라영](먹다가 뱉어내며) 아 짜!\n미영](역시 뱉어내며) 아후.\n한 수]짜?\n영실](먹어보고) 어후 (역시 뱉어낸다) 당신 설탕 대신 소금 넣은 거 아냐?\n한 수](먹어보고)...아이고.. 그러네.\n라영]아빠아!\n한 수]미안해. 어뜩하지? 뭘 먹어. 과일도 없고.\n영실]떡 좀 녹이지 뭐. 우유 마시고 있어, 금방 녹여 줄게 (일어나려면)\n한 수]내가 할 게 (얼른 일어난다)\n미영]저는 우유 한잔 마시고 일찍 출근 할께요. 별로 생각이 없어요.\n라영]왜 그래? 어제 오늘 계속 기운 없이 시들시들?\n준영]어, 영 쳐져 보여, 일이 고돼? 우리 주님께 부탁해서 일 좀 줄여 달라 해볼까?\n미영](펄쩍 뛴다) 무슨 소리야? 절대 그러지 마. 나 그런 거 딱 질색이니까!\n준영](기세에 주춤)...그래 알았어. 근데 왜 화를 내!\n미영](일어난다) 다녀올께요 (간다)\n영실]그래 우리 미영이 답다. 공사 구분 분명해 좋아. 다녀와~ (미영 나가면) 눈치가 그렇게 없어. 미영이 입장에도 나이도 같은데 벌써 팀장이라면 뭐가 좋겠어. 미영인 이제 겨우 인턴인데?\n준영]아아.. 그 생각은 못했어요..."
  },
  "Annotation": {
    "Summary1": "힘들어 보이는 미영에게 준영이 주님께 부탁해 일을 줄여 달라고 부탁할지 물었다가 미영이 정색하고 화를 내자 당황한다.",
    "Summary2": "식구들이 주방에 모여 식사를 하며 대화를 나누는데 미영은 식사 생각이 없다며 우유만 마시고 출근한다고 한다. 기운이 없어 보이는 미영에게 준영은 일이 힘드냐며 주님한테 부탁해 일을 줄여 달라고 할지 묻자 미영이 정색하고 화를 낸다. 미영이 나간 뒤 영실이 준영에게 눈치가 없다고 한마디 하자 준영이 그 생각은 못 했다며 당황해한다.",
    "Summary3": ""
  },
  "filename": "SCRIPT-fm_drama-33014-00007.json"
}