{
  "Meta": {
    "doc_id": "SCRIPT-fm_drama-33009",
    "doc_category": "SCRIPT",
    "doc_type": "fm_drama",
    "doc_name": "33009_NC_아버지가이상해09_2017.txt",
    "author": "KBS",
    "publisher": "KBS",
    "published_year": "2017",
    "doc_origin": "아버지가이상해09",
    "passage_id": "SCRIPT-fm_drama-33009-00002",
    "passage": "해설]한 수 다가오는 중희를 본다. 그런 한 수를 향해 걸어오는 중희. 드디어 가까이 다가온 중희. 한 수 뭔가 먼저 입을 열려는데, 중희 그대로 한 수를 스쳐 지나쳐 버린다. 당황하는 한 수! 차갑게 지나치는 중희! 한 수. 얼른 뒤돌아본다. 건물 안으로 들어가 버리는 중희. 한 수 뒤따른다.\n중희 오피스텔 1층 로비.\n중희 들어서 엘리베이터로 향한다. 한 수도 뒤따라 들어서며 다급하게.\n한 수]...저기 잠깐만...얘기 좀 해요.\n해설]중희 그소리에 주춤 선다. 그러나 이내 못 들은 척 엘리베이터로 향한다. 그 모습에 또다시 어쩔 줄 모르겠는 한 수. 뒤따른다. 중희 엘리베이터 앞에 다가와 선다. 사람들 기다리고 있다. 한 수도 다가와 선다. 엘리베이터 도착음과 함께 문 열리고, 기다리던 사람들과 함께 중희도 오른다. 한 수 마지막으로 오른다. 문 닫힌다. 중희 엘리베이터에 오르는 한 수 모습에 어이없다. 그러나 계속 무시한다. 문 닫힌다."
  },
  "Annotation": {
    "Summary1": "한수는 중희를 뒤따라가며 잠시 얘기하자 하고 중희는 무시해도 계속 뒤따라오는 한수의 모습에 어이없어한다.",
    "Summary2": "중희가 한수를 그냥 지나쳐간다. 한수가 중희가 탄 엘리베이터에 뒤따라가며 잠시 얘기를 하자고 한다. 중희는 주춤하나 못 들은 척하고 뒤따라 엘리베이터를 타는 한수의 모습에 어이없어하나 계속 무시한다.",
    "Summary3": ""
  },
  "filename": "SCRIPT-fm_drama-33009-00002.json"
}