{
  "Meta": {
    "doc_id": "SCRIPT-fm_drama-33010",
    "doc_category": "SCRIPT",
    "doc_type": "fm_drama",
    "doc_name": "33010_NC_아버지가이상해10_2017.txt",
    "author": "KBS",
    "publisher": "KBS",
    "published_year": "2017",
    "doc_origin": "아버지가이상해10",
    "passage_id": "SCRIPT-fm_drama-33010-00039",
    "passage": "해설]구민센터 운동장.\n철수 축구공이 잔뜩 든 그물을 들고 핸드폰 보며 걸어오고 있다. 라영 벤치에 앉아 그런 철수 지켜보고 있다가 철수가 라영의 앞을 지나갈 때 쯤, 슬쩍 발 내민다. 당연히 발에 걸려 넘어질 줄 알았는데 철수 꼭 본 것처럼 라영의 발을 피해서 걸어간다. 라영 황당하고..\n라영]저기요?!\n철수](멈춰서 돌아본다.)\n라영]또 축구 봐요?! 그 정도면 빠돌이 수준 아니에요?\n철수](또 뭣 땜에 이러나 무신경한 얼굴로 라영 본다)\n라영](어설픈 연기, 배 움켜쥐고) 아... 배고파. 배 안 고파요? 배고프죠?\n철수]아뇨. 전혀 배 안고픈 데요. (돌아서서 가려고 하는데..)\n라영](핸드폰 동영상 재생 시킨다, 핸드폰 흔들며) 그럴 리가 없는데? 배고플 걸요?\n철수](핸드폰 흔드는 것 보고 성큼성큼 라영에게 다가가는)\n라영](뭐.. 뭐지? 당황해 다가오는 철수 보고 있다)\n철수](가까이 다가와 축구공 내려놓고, 강아지한테 하듯 한 손 내밀고, 라영 눈 마주치며) 손.\n라영](응???)\n철수](손 내밀며 눈 마주치고) 손!\n라영](철수와 눈 마주치자, 홀린 듯 얼떨결에 손 내민다)...\n철수](다른 손 내밀고, 눈 마주치고) 반대 쪽.\n라영](저도 모르게 또다시 핸드폰 쥔 채 나머지 손도 올린다)...\n해설]철수 씩 미소 지어준다. 라영 철수 웃는 얼굴에 정신 팔렸다. 철수 그사이 자연스럽게 핸드폰 빼내 가져가서, 동영상 지우려 핸드폰 검색. 라영 상황을 인식하고 순간 당황해 철수에게 달려들어 핸드폰 빼앗으려 한다.\n라영]안되요! 핸드폰 줘요오!\n철수](등으로 라영 막고, 양손 높이 올려 핸드폰 검색. 드디어 찾았다. 펄쩍펄쩍 달려드는 라영을 한 손으로 막고, 삭제 한 후 핸드폰 돌려준다)\n라영](핸드폰 받아 들고 분개) 말도 안돼. 이런 법이 어딨어요??! 와 진짜.. 껍데기에 한눈 판 사이에! 이건 사기야! 물어내요!\n해설]그러나 철수 본 척도 않고 다시 축구공 집어 든다. 라영 열 받아 씩씩대며 난리 치지만, 철수 그대로 휑 하니 가버린다..\n라영](철수 뒷모습 보며 씩씩)...그냥 가는 게 어딨어요?? 야 박철수??\n철수](그러나 뒤도 안돌아본다)...\n라영](씩씩대며 그 모습 바라보다)...너무해...(속상해 다시 소리친다) 야 박철수!"
  },
  "Annotation": {
    "Summary1": "라영은 동영상을 핑계로 철수와 밥을 먹으려 하지만 철수는 핸드폰을 빼앗아 동영상을 지우고 가버린다.",
    "Summary2": "라영은 핸드폰 동영상을 핑계로 같이 밥을 먹고자 한다. 하지만 철수는 라영에게서 자연스럽게 핸드폰을 빼앗는데 라영은 이 순간에도 철수의 웃는 얼굴에 마음을 뺏긴다. 철수는 라영 핸드폰에서 동영상을 삭제하고 뒤도 돌아보지 않고 가버린다.",
    "Summary3": ""
  },
  "filename": "SCRIPT-fm_drama-33010-00039.json"
}