{
  "Meta": {
    "doc_id": "SCRIPT-fm_drama-33001",
    "doc_category": "SCRIPT",
    "doc_type": "fm_drama",
    "doc_name": "33001_NC_아버지가이상해01_2017.txt",
    "author": "KBS",
    "publisher": "KBS",
    "published_year": "2017",
    "doc_origin": "아버지가이상해01",
    "passage_id": "SCRIPT-fm_drama-33001-00047",
    "passage": "해설]라영방.\n혜영 문 열고 들어선다. 다가가 행거에 걸린 옷들을 밀쳐내고 행거에서 가장 비싼 라영의 실크 원피스를 꺼내든다. 클리닝까지 해서 비닐 커버가 씌워져 있다. 혜영 비닐을 벗겨내고 다시 문으로. \n거실 + 화장실.\n혜영 방에서 나와 화장실로 향한다. 미영과 준영 소리에 반사적으로 돌아본다. 혜영 화장실로 들어가려 화장실 문을 여는 순간. 우당탕탕 요란한 소리와 함께 라영 달려 들어온다.\n라영](현관에서) 큰언니이???\n혜영](돌아본다)...\n라영]언니 내가 잘못했어! (얼른 가방 보이며) 봐! 언니 애기 흠집 하나 없이 도로 잘 모셔왔어 (팔뚝의 옷으로 가방을 닦는 시늉까지 하며 아부하다, 문득 혜영의 손에 들린 원피스를 본다. 충격!)...언니?설마 아니지?\n혜영]왜 아닐 꺼라 생각해? (그대로 화장실로 들어간다..\n라영]안 돼애????"
  },
  "Annotation": {
    "Summary1": "혜영은 라영의 방에서 가장 비싼 원피스를 가지고 화장실로 향했고, 라영은 가방을 흠집 없이 가져왔다며 용서를 구한다.",
    "Summary2": "혜영은 라영의 방에 들어가 행거에서 가장 비싼 실크 원피스를 꺼내든다. 원피스 비닐을 벗겨내고 화장실로 향한다. 요란한 소리에 달려온 라영은 가방을 흠집 하나 없이 도로 가져왔다며 용서를 구한다.",
    "Summary3": ""
  },
  "filename": "SCRIPT-fm_drama-33001-00047.json"
}