{
  "Meta": {
    "doc_id": "SCRIPT-fm_drama-33008",
    "doc_category": "SCRIPT",
    "doc_type": "fm_drama",
    "doc_name": "33008_NC_아버지가이상해08_2017.txt",
    "author": "KBS",
    "publisher": "KBS",
    "published_year": "2017",
    "doc_origin": "아버지가이상해08",
    "passage_id": "SCRIPT-fm_drama-33008-00051",
    "passage": "해설]일식집 룸 내부.\n준영 들어선다. 유주 먼저 도착해 앉아 있다. 평소와 다른 차분하고 웃음기 없는 표정이다..\n준영](살짝 이 분위기가 어색하다)...유주씨~ 일찍 왔네요?\n유주]앉아요. 뭐 먹을까요?\n준영](어쩐지 긴장된다)...근데...오늘 무슨 날이에요?여기 엄~청 비싸 보이는데..\n유주]아~ 우리 자기 공부하느라 힘든거 같아서 내가 오늘 맛있는 거 좀 사주려구요..\n준영](아.. 금세 긴장 풀려) 난 정말 천사와 연애를 하나봐요!\n해설](시간경과)\n한 상 가득 차려진 고급스러운 음식들. 준영 음식에 정신 팔려 이것저것 먹으며 감탄 중이다.\n준영]와~이 달걀찜. 정말 차원이 달라요. 가쓰오부시 육수인 것 같은데 적정한 온도에 아주 부드럽게 알 끈도 없이 잘 됐어요. 이건.. 참돔 야부리 한 거구나. 야부리가 뭐냐면요 (하는데)\n유주](준영 빤히 보고 있다)...\n준영].. 유주씨? (배시시) 부끄럽게 왜 그렇게 봐요?\n유주]아버님이 일식집을 하셔서 그런가? 자기는 참 음식에 조예가 깊은 것 같아요~.\n준영](어색하게 웃으며) 아하하. 이 정도야 뭐 상식이죠 상식.\n유주]언제 한 번 아버님 가게에 가봐야 할 텐데.. 아버님 가게는 상호가 어떻게 되요?\n준영](컥! 전복 먹다 목에 걸렸다. 켁켁 거리는)\n유주](준영에게 얼른 물 내밀며).. 천천히 먹어요...\n준영]고..고마워요. (물 들이키는데)\n유주]아버님 성을 따서 스시 변?\n준영](그대로 물 뿜는)...\n유주](대답하라고 빤히 본다)...\n준영](유주 시선에).. 오..,오 또상 스시 라고.. 뭐 아빠 초밥. 뭐.. 아빠 식당 이런.. 뜻으로.\n유주]아~ 오또상 스시~ 이름이 정감 있네요.. 그럼 가게는 몇 층에 있어요? 아니면 혹시 건물 전체?\n준영]아..아뇨. 1층 일부를..\n유주]아.. 그래도 목동에서 1층에 가게면 임대료가 꽤 될 텐데 매출이 좋은가보다..\n준영E](마른침 꿀꺽) 어떡하지? 지금이라도 바른 대로 털어 놓을까?내가 왜 김밥을 스시라고 해서 이 사단을 만들었을까? 시간이 더 시간이 지나기 전에 말해야겠지? (하는데)\n유주]준영씨?\n준영](공연히 놀라) 네?\n유주](임신테스트기 올려놓는다.)\n준영](보고) 이게 뭐에요? 체온계 같은데?\n유주]나 임신했어요. 5주래요..\n준영]예?\n유주]나.. 임신했다구요!\n준영](뭐??? 그제야 테이블의 임신테스트기와 유주 얼굴 번갈아 본다)...(충격)!"
  },
  "Annotation": {
    "Summary1": "아버지 가게에 대해 묻는 유주에게 준영은 아버지 가게에 대해 털어놓아야 하나 고민하는데 유주는 임신했다고 말한다.",
    "Summary2": "유주와 일식을 먹으며 음식에 감탄하는 준영에게 유주는 아버님의 가게 상호와 위치는 묻는다. 준영은 당황하며 지금이라도 분식집인 것을 털어 놓아야 하나 고민한다. 유주는 임신테스트기를 꺼내 놓으며 준영에게 임신했음을 밝힌다.",
    "Summary3": ""
  },
  "filename": "SCRIPT-fm_drama-33008-00051.json"
}