{
  "Meta": {
    "doc_id": "SCRIPT-fm_drama-33009",
    "doc_category": "SCRIPT",
    "doc_type": "fm_drama",
    "doc_name": "33009_NC_아버지가이상해09_2017.txt",
    "author": "KBS",
    "publisher": "KBS",
    "published_year": "2017",
    "doc_origin": "아버지가이상해09",
    "passage_id": "SCRIPT-fm_drama-33009-00042",
    "passage": "해설]몽 따지.\n도로, 카니발 달려온다. 미영 운전 중이다. 전방을 뚫어져라 주시하며 조심 운전하다 입이 찢어져라 하품한다.\n속초일각, 카니발에서 내리는 미영. 주변을 두리번거리고 거리지만 아무리 봐도 식당이 있을 것 같지 않은 동네. “도대체 어디야아.. 내가 잡아서 끓이는 게 빠르겠네..” 물곰탕 앞길, 헤메던 미영 표정이 급 밝아진다. 낡은 가게 문 앞에 더 낡은 종이로 붙어있는 가게 이름 ‘제일식당’ ‘물곰탕’ 물곰탕집, 냄비에 담기는 물곰탕, 냄비를 분홍 보자기로 꽁꽁 싸는 주인. 냄비 받아 들고 주인에게 뭔가 말하는 미영.\n물곰탕집 앞, 주인 할머니와 보자기에 싼 냄비 받쳐 들고, 간판 나오게 인증 샷 찍는 미영. \n중희 오피스텔 침대.\n중희 핸드폰 문자 보다 휙 소파로 던진다..\n중희]언제까지 버티나 보자. (벌렁 드러 누웠다 다시 벌떡 일어나 핸드폰 확인) 근데 왜 이렇게 빨리 왔어? 속초 갔다 온거 맞어? (인증 샷 확인한다)...물곰탕집 맞네...담에 부산 붕장어를 시켜야하나? (다시 휙 던지고 벌렁 드러 눕는다)...아 심심해."
  },
  "Annotation": {
    "Summary1": "중희는 속초까지 가서 자신이 시킨 물곰탕 심부름을 완료한 미영이 보낸 인증 사진을 보고 놀란다.",
    "Summary2": "미영은 중희의 심부름으로 속초까지 운전해서 물곰탕집을 찾아간다. 물곰탕을 포장한 미영은 가게 앞에서 인증 사진을 찍어 중희에게 보낸다. 미영을 시험하려고 일부로 심부름을 시켰던 중희는 생각보다 빨리 일을 처리한 것에 놀라 더 어려운 심부름을 시켜야 하나 고민하며 오피스텔 침대에 드러눕는다.",
    "Summary3": ""
  },
  "filename": "SCRIPT-fm_drama-33009-00042.json"
}