{
  "Meta": {
    "doc_id": "SCRIPT-fm_drama-33014",
    "doc_category": "SCRIPT",
    "doc_type": "fm_drama",
    "doc_name": "33014_NC_아버지가이상해14_2017.txt",
    "author": "KBS",
    "publisher": "KBS",
    "published_year": "2017",
    "doc_origin": "아버지가이상해14",
    "passage_id": "SCRIPT-fm_drama-33014-00036",
    "passage": "해설]영식네 마루.\n보미 참외 쟁반 들고 다가와 앉는다. 영실 말분 마주 앉아 얘기 중이다..\n말분]왜그리 얼굴이 푸석햐?\n영실]그래?준영이 장가 보낼 생각에 심란해 그런가?\n말분]불효자식이여...취직허고 돈 좀 모아서 천천히 가믄 좀 좋아.\n영실]에후 절로 한숨이 나네... (말분 살핀다)...엄마 그래서 말인데요.. 혹시 엄마 정기 예금 부어 떼어 돈 좀 융통해 주실 수 없을까?\n말분](순간 움찔)(이내 모른 척)...뭔 적금?\n영실]작년에 엄마 적금 탄 거 정기 예금 들어놨잖아. 2천만원?\n보미](긴장하고)...\n말분]이.. (웃으며) 참말로 너는 기억력도 좋다.. 근디 그건 안되지. 내년에 이 집 재계약할 때 고스란히 들어가야 혀.\n영실]걱정 마셔. 그전에는 갚지. (보미 보며) 올케, 재계약 내년 5월이잖아?\n보미](곤란해 참외만 열심히 깎으면서 딴청)...\n말분](난감, 시선 피하며 둘러댄다)...정기 예금을 들어놔서 말여.. 중간에 해약허믄 이자도 다 날라가고...내가 또 원체지 간에 중간에 뭐 허다 마는 것을 싫어하잖여?\n영실](말분의 의중이 느껴진다. 외면하고 참외만 깎는 보미 모습으로도)...알았어요...좀 서운하기는 하네.. 영식이 사업한다 할 때 그이랑 나는 두 번 묻지도 않고 보증 다 서줬었는데.\n말분e](끄응) 그 얘기 안 나오믄 나영실이 아니다 혔다...\n영실e](끄응) 엄마한테 자식은 영식이 뿐이지...\n영실](뜨악)...어느새 저녁 할 때가 다 되가네..그만 가볼 게여 저녁 할 때 다 되가네.\n보미](핸드폰 울린다) 아주버님이네요.. (받는다)...예 아주버님? 지금요.. 예 알겠어요. (끊고).. 잠깐 외출하신다고 가게 좀 봐달라시네요.\n영실]그래?그럼 같이 일어나.\n보미](말해야 하나, 영 난감하다)..."
  },
  "Annotation": {
    "Summary1": "말분이 준영의 결혼 비용을 융통해달라는 영실의 부탁을 거절하자 영실은 말분이 영식만을 위한다며 서운해한다.",
    "Summary2": "영실은 말분이 정기 예금을 해약해 준영의 결혼 비용에 융통해 주기를 부탁하지만 말분은 집 재계약 비용이라며 둘러댄다. 영실은 영식이 사업할 때 보증을 서 준 일을 다시 말하며 영식만을 위하는 말분에게 서운함을 표현한다. 마침 보미가 아주버님이 가게를 봐 달라고 했다는 말을 하자 영실은 보미에게 함께 일어나자고 말하고 보미는 말을 해야 할지 난감해한다.",
    "Summary3": ""
  },
  "filename": "SCRIPT-fm_drama-33014-00036.json"
}