{
  "Meta": {
    "doc_id": "SCRIPT-fm_drama-33015",
    "doc_category": "SCRIPT",
    "doc_type": "fm_drama",
    "doc_name": "33015_NC_아버지가이상해15_2017.txt",
    "author": "KBS",
    "publisher": "KBS",
    "published_year": "2017",
    "doc_origin": "아버지가이상해15",
    "passage_id": "SCRIPT-fm_drama-33015-00045",
    "passage": "해설]규택 서재.\n규택 안경을 코끝에 간당간당 걸치고 노트북 화면에 집중해 있다. 화면 보면 ‘꿈꾸는 시인들의 모임’ 카페 문구가 보인다. 자작시 카테고리를 클릭하는 규택. ‘인생 – 육몽 차규택’ 제목 옆에 (댓글 4개) 표시가 되어있다.\n규택](반색하며) 무슨 댓글이 이렇게 많이 달렸어어?\n해설]클릭해서 댓글 확인해 보는 규택. ‘좋습니다.’ ‘공감합니다.’ 다음 댓글 ‘저는 별로네요.’ 저는 별로네요에서 인상 확 찌푸려지는 규택. 궁시렁 거린다..\n규택]거 아직 시를 볼 줄 모르는 사람이구만? (짜증 가득한 손길로 스크롤 내리는데 시인 조르바 닉네임 보인다.) 조르바님..? (갑자기 자세 바로 하고 안경 바로 끼고 앉는 규택, 얼굴에 기쁨이 가득하다).\n해설]댓글 보면 [시인 조르바]육몽 차규택 님의 시 잘 감상했습니다. 인생에 대한 깊이 있는 통찰이 느껴지는 좋은 시였습니다. 젊은 시절을 흘려보낸 안타까움, 허망함이 제 가슴을 뒤흔드네요. 이 느낌을 공유할 수 있는 분을 만나 너무나 행복합니다. 조만간 뵐 수 있겠지요? 뵙고 싶습니다.]\n규택]역시 명문은 명문을 알아보는 법이지. 가만 있자.. 동호회 정기 모임이..? (달력 확인하는 규택, 조르바에게 댓글 단다) 곧 만날 수 있을 것 같습니다. 저도 그 날만을 기다리고 있겠습니다..\n해설]뿌듯한 얼굴로 댓글을 단 규택. 얼굴에 웃음이 가득하다. 의자에 푹 기대어 좋아하며.. “이런 걸 소울메이트라고 하나...” 중얼거리는 규택."
  },
  "Annotation": {
    "Summary1": "규택은 서재에서 자신이 카페에 올린 시에 달린 댓글을 확인하다 시가 좋았다는 시인 조르바의 글을 보고 웃으며 좋아한다.",
    "Summary2": "규택은 서재에서 노트북으로 카페에 자신이 올린 시에 달린 댓글 표시를 확인한다. 반색하며 댓글을 확인하는데 글이 별로라는 댓글에 인상을 찌푸리며 시를 볼 줄 모른다며 구시렁거린다. 인생에 대한 깊이 있는 통찰이 느껴져 좋았다는 시인 조르바의 댓글에 뿌듯한 얼굴로 댓글을 달아주고 웃음이 가득한 얼굴로 좋아한다.",
    "Summary3": ""
  },
  "filename": "SCRIPT-fm_drama-33015-00045.json"
}