{
  "Meta": {
    "doc_id": "SCRIPT-fm_drama-33001",
    "doc_category": "SCRIPT",
    "doc_type": "fm_drama",
    "doc_name": "33001_NC_아버지가이상해01_2017.txt",
    "author": "KBS",
    "publisher": "KBS",
    "published_year": "2017",
    "doc_origin": "아버지가이상해01",
    "passage_id": "SCRIPT-fm_drama-33001-00044",
    "passage": "해설]커피숍 앞 거리.\n기분 털어내고 걸어오는 혜영. 커피숍 앞을 지난다. 그러다 문득 뭔가를 본 것 같다. 멈칫 서는 혜영. 다시 뒤돌아 커피숍 앞으로 다가간다. 라영 체육관 강사들과 (회식 후 뒤 풀이) 주문대 앞에 서있다. ‘녹 차라 떼’를 주문하고 적당히 뒤로 빠져 서있는 라영이 자부심 가득한 표정으로 들고 있는 백! 혜영이 아끼는 C사 가방이다. 혜영의 표정 차갑게 굳어지다 못해 일그러진다..\n혜영]...변라영. 너 내가 그렇게 경고했을 텐데...\n해설]남자1,2는 픽업대, 여자들은 자리로 이동한다. 라영 자리에 앉아도 가방을 부심 넘치는 표정으로 테이블에 올려놓는다. 여 강사들 라영의 가방을 보고 칭찬하기 시작한다. “어머, 이거 C사 신상 아니에요? ”맞어. 너무 이뻐요“ ”진짜 이쁘다“ 등등.\n라영](좋아서 절로 웃음이 난다) 그쵸?끝장이죠?\n해설]라영, 부심 가득해 그들의 칭송을 즐긴다. 그런데 뭔가 느낌이 쎄하다. 라영 고개를 돌리다 헉! 숨이 멎는 기분. 떠억! 창밖에 혜영이 버티고 서서 자신에게 레이저를 쏘고 있다.\n라영](순간 얼음)!(저도 모르게 가방을 슬쩍 집어 들어 아래로 내리고 시선 외면)...\n혜영](레이저를 발사하며, 저승사자 포스로 노려본다)...\n라영](다시 슬쩍 본다. 혜영이 여전히 버티고 있다)(움찔)...(어뜩하지?)(어떡해야 하지?)...(결국 엉거주춤 일어나려는데, 혜영 시선 거두고 돌아서 간다)...어?(시선 따라가며, 작게 혼잣말) 간다, 간다...한 번 봐 주는 건가?\n해설]하아! 크게 안도의 숨을 내쉬는 라영. 살았다 싶다. 남강사1,2가 쟁반에 음료 들고 와 서로 나누며 분주한 와중이다. 라영도 녹 차라 떼 받아들며 안도의 한숨 쉬며 기분 좋게 한 모금 마신다. 그러다 문득 떠오르는 한 컷!\n<인써트>.\n혜영](으시시하고 눈에서 레이저 뿜으며) 다시 한 번만 내 물건에 손대면 경고로 그치지 않고, 응분의 조치를 취한다? (*)\n라영]...아 왜케 불안하지...(안절부절 못한다. 다시 창밖도 보며...어뜩하지 가볼까?)..."
  },
  "Annotation": {
    "Summary1": "혜영은 자신의 가방을 든 라영을 보고 굳고, 라영은 가방에 대한 칭찬을 받으며 기뻐하다 혜영을 보고 당황하며 외면한다.",
    "Summary2": "혜영은 라영이 들고 있는 가방을 보고서는 얼굴을 구긴다. 라영은 여 강사들에게 가방에 대한 칭찬을 받으며 기뻐한다. 라영은 혜영을 발견하고 당황하며 외면한다.",
    "Summary3": ""
  },
  "filename": "SCRIPT-fm_drama-33001-00044.json"
}