{
  "Meta": {
    "doc_id": "SCRIPT-fm_drama-46030",
    "doc_category": "SCRIPT",
    "doc_type": "fm_drama",
    "doc_name": "46030_DC_오작교형제들30_2011.txt",
    "author": "KBS",
    "publisher": "KBS",
    "published_year": "2011",
    "doc_origin": "오작교형제들30",
    "passage_id": "SCRIPT-fm_drama-46030-00018",
    "passage": "해설]트럭 안 (달리는) / 밤.\n미숙 계속 통화 중이다..\n태식E]...하나한테 인사도 못하고 가서 미안 하다고 전해줘...\n미숙]...알았어 다 전해줄게? 더할 얘기 없어?끊지 말구! (생각하다) 그래! 영자한테! 영자한테 남길 말 없니?\n태식E]...영자? 보험 하나 못 들어줘서 미안하지...미안한 것만 생각나네...(하다 툭 끊긴다)\n미숙]...여보세요? 여보세요? 태식아?\n해설]미숙, 다시 걸어본다. 핸드폰 꺼져 있다는 메시지 나온다. 미숙...안절부절하며 속도 높인다. \n강가 / 밤.\n저멀리 미숙 달려온다. “태식아? 황태 식?” 부르며 태식 찾고 있다. 태식의 모습 보이지 않고 미숙 걱정스럽다. 그때 미숙...바닥에 놓여진 태식의 신발과 양말, 시계, 지갑 등 본다.\n미숙]!\n해설]놀라서 달려가 본다. 태식의 물건이 맞는 거 같다...미숙...놀라서 강을 쳐다본다. 고요하기만 하다...어떻게 된 거지? “황태 식?” 다시 다급하게 불러본다. 다시 두리번거다리다 문득 한쪽 구석에 웅크리고 앉아있는 태식 보인다..\n미숙](다가가는) 황태 식?태식아?\n태식](고개 드는) 어...김미숙...왔구나아?\n미숙](한숨) 어린애도 아니고 이게 대체 뭐하는 짓이야? (보다) 얼른 일어나. 감기 걸리겠다..\n태식](아직 취기가 남아있는)...나 안 가. 미숙아...\n미숙](보는) 뭐?\n태식]...나...죽을 거야..\n미숙](하아! 기막혀)\n태식]...예진씨 없는 내 삶은 이제 죽은 거나 마찬가지야...영혼 없이 사십년 오십년을 사느니...차라리 지금 내 삶을 마감할래...\n미숙E]미친놈.\n태식](일어나며) 너 왔으니까 이제 안심하고 간다. (성큼 성큼 걸어가는데)\n미숙](황급히 붙잡으며) 너 진짜 왜 이래? 정신 좀 차려?\n태식](뿌리치며) 놔아?나 장난하는 거 아냐? 더 이상 살 의미가 없다구? (다시 걸어가 발목정도 강물에 담그고)\n미숙](다시 붙잡는다) 그렇게 힘들면 예진이 붙잡아? 죽을 용기로 매달려?\n태식](확 뿌리치며) 다 끝났어! 이거 놔? (다시 걸어가는)\n미숙](다시 잡으며) 국수는? 국수는 어쩔 건데?\n태식](!) (국수 생각에 주춤)\n미숙]...너만 보고 여기에 온 애야. 근데 니가 사라지면 국수 어떻게 살라구?너는 그 애가 불쌍하지도 않니? 엄마한테 버림받고 아빠한테 또 버림 받으라구?\n태식]내가 왜 그 앨 책임져야해?내가 왜? (하며 다시 뿌리친다) 놔!\n미숙](그 모습 실망스럽게 보다) (열 받아서 확 밀어버린다).\n태식](생각지 못한 공격에!) (첨벙 빠진다) (차가운 강물에 놀라 벌떡) 야!\n미숙]그래? 차라리 죽어! 등신같이 사느니 차라리 죽는 게 낫겠다. (하며 태식 잡아 다시 밀치는).\n태식]어어? (쓰러지지 않으려 미숙 잡으며) 야! 왜 이래 애? 너 미쳤어?\n미숙](밀치며) 죽으라구? 죽고 싶다며?\n태식](풍덩 또 빠지는! 앗 차가워!) 야아아?"
  },
  "Annotation": {
    "Summary1": "미숙은 전화가 끊어지자 강가에서 태식을 찾지만, 왜 국수를 책임져야 하냐는 태식의 말에 태식을 강으로 밀어버린다.",
    "Summary2": "미안한 것만 생각이 난다는 말을 끝으로 미숙과 통화하던 태식의 전화가 끊어지고, 강가 바닥에 놓인 태식의 물건들이 미숙의 눈에 보인다. 미숙이 구석에서 웅크리고 앉아있는 태식을 찾으나 태식은 죽을 거라며 강으로 걸어간다. 국수는 어쩔 건지 물었지만 왜 국수를 책임져야 하냐는 대답을 듣자 미숙은 차라리 죽는 게 낫겠다고 태식을 강으로 밀어버린다.",
    "Summary3": ""
  },
  "filename": "SCRIPT-fm_drama-46030-00018.json"
}