{
  "Meta": {
    "doc_id": "SCRIPT-fm_drama-33015",
    "doc_category": "SCRIPT",
    "doc_type": "fm_drama",
    "doc_name": "33015_NC_아버지가이상해15_2017.txt",
    "author": "KBS",
    "publisher": "KBS",
    "published_year": "2017",
    "doc_origin": "아버지가이상해15",
    "passage_id": "SCRIPT-fm_drama-33015-00055",
    "passage": "해설]중희 오피스텔.\n벨소리. 중희 다가와 인터폰 보면 한 수다. 어? 중희 다가가 현관문 연다. 한 수 들어선다..\n중희]...웬일이세요? 연락도 없이?\n한 수](상기된 표정으로 다가와 선다)...전화를 할까 하다가 직접 알려주고 싶어서...가족들에게 얘기했어. 모두 동의했고!언제 이사 들어올래?\n중희](당황)...예?가족들이 동의를 했다구요?\n한 수]어 (기쁘게 끄덕이는)\n중희](말이 선뜻 안 나온다)...아니.. 그.. 정말 동의를 했다구요? 혹시 그 막 강요하거나 강압하거나.\n한 수](웃으며) 아냐 그런 거.. 어떤 강압도 없이 흔쾌하게 동의했어.\n중희]아아... 상당히 쿨한가 보네요.\n한 수](웃으며 보다)... 그런데 어쩌나 저 침대는 너무 커서 우리 애 방에 안 들어갈 꺼 같은데.. 들어오면 우리 둘째 방을 쓰게 될 거야. 얼마 전 둘째가 독립해 나가서 지금 그 방이 비어 있거든.\n중희]...아...예...(여전히 말이 잘 안 나온다. 이 일을 어쩐다 싶기도 하고 놀랍기도 하고)..."
  },
  "Annotation": {
    "Summary1": "한수가 중희의 오피스텔에 찾아와 가족들의 동의를 모두 구했다며 언제 이사 올 지, 어떤 방을 쓸지에 대해 묻는다.",
    "Summary2": "중희의 오피스텔에 한수가 찾아와 가족들이 모두 동의를 했다고 언제 이사 올 지를 묻는다. 중희는 한수의가족들이 동의를 했다는 말에 당황하고 강압적으로 진행한게 아닌지 묻자 한수는 웃으며 아니라고 한다. 한수는 중희가 자신의 집에 들어올 경우 어느 방을 쓸지에 대해 얘기하고 중희는 어벙벙하다.",
    "Summary3": ""
  },
  "filename": "SCRIPT-fm_drama-33015-00055.json"
}