{
  "Meta": {
    "doc_id": "SCRIPT-fm_drama-33008",
    "doc_category": "SCRIPT",
    "doc_type": "fm_drama",
    "doc_name": "33008_NC_아버지가이상해08_2017.txt",
    "author": "KBS",
    "publisher": "KBS",
    "published_year": "2017",
    "doc_origin": "아버지가이상해08",
    "passage_id": "SCRIPT-fm_drama-33008-00052",
    "passage": "해설]구민센터 일각.\n핸드폰 전화번호부만 열심히 들여다보며 걸어오는 라영.\n라영]...구남친 결혼식에 절대 혼자 갈 수는 없는데? 아~ 얜 길이가 아쉽고.. 이쪽은 또 어깨가 아쉽고.. 이렇게 쓸 만한 껍데기가 없나?\n해설]궁시렁 대며 걷는데 턱 앞이 막힌다. 고개를 들면 떡! 가로막고 버티고 선 철수!\n라영](기겁) 악! 깜짝이야!\n철수]이야기 좀.. 하시죠.\n라영](손가락질 하며) 그 이야기 저기~ 조오오기~ 떨어져서 해요.\n철수](해치지 안는 다는 듯 두 손 들고 뒷걸음으로 라영에게서 떨어지며) 그날 일 말인데요. 어쩌다 거기 계셨는지는 모르겠는데,그 꼴을 보인 건 고의가 아니었거든요. 거긴 분명히 남자 탈의실이었고 (강조) 여강사님이 계실거라곤 생각을 못했습니다...\n라영]지금 나한테 뒤집어씌우는 거에요?! 그럴 입장 아닌 것 같은데? (하고 철수 빤히 보는)\n철수e](라영 눈빛에 움찔했다) 알고 있구나.. 저건 아는 눈빛이지?\n라영e](철수 빤히 보며) 오~ 왜 얘 생각을 못했지?\n철수]어떻게 아셨는지 모르겠지만.. 제가 사정이 좀 있어서요. 센터에서 오래 살 건 아니고 금방 방을 구해서 나갈 거거든요.\n라영](e)뭐?지금 여기서 산다는 거야??? 헐! 대박?!\n철수](라영 눈치 힐끔 보면)...\n라영]아~ 그... 폐쇄시킨 숙직실? 센터장님 아시면 큰일 나겠다. 그쵸?\n라영e]다시 봐도 참 괜찮네~.\n철수](풀 죽어)..네.. 최대한...빨리 정리하도록 하겠습니다.\n라영]그래요, 근데 일요일에 뭐해요?\n철수]...예?\n라영]그때 봤죠? 카페에서. 도망가던 놈. 내 구남친인데, 그 새.. 아니 그 자식이 나한테 청첩장을 내밀었거든요. 구 남친 결혼식을 혼자 갈 순 없고? 같이 좀 가줘요.\n철수]그건 좀.. (황당해 보다가) 힘들겠는데요.\n라영](요것 봐라?? 감히 거절을 해??) 그래요?\n철수](이건 무슨 뜻이지..?) 예. 죄송합니다.\n라영]그래요. 알았어요.\n철수]그럼 수고하세요.\n해설]철수 재빠르게 인사하고 얼른 자리를 뜬다. 휴~ 생각보다 잘 마무리된 듯싶다."
  },
  "Annotation": {
    "Summary1": "라영은 사과하러 온 철수에게 구남친 결혼식에 같이 가자 하지만 거절 당한다.",
    "Summary2": "구남친의 결혼식에 같이 갈 사람을 생각하던 라영의 앞을 철수가 막아 선다. 철수는 라영이 센터에서 자신이 기거하고 있다는 것을 알고 있다고 오해하고 금방 나가겠다며 그날 일을 사과한다. 라영은 철수에게 구남친 결혼식에 같이 가달라고 하지만 철수는 황당해하며 거절하고는 라영이 알겠다고 하자 일이 잘 처리되었다고 생각하며 자리를 뜬다.",
    "Summary3": ""
  },
  "filename": "SCRIPT-fm_drama-33008-00052.json"
}