{
  "Meta": {
    "doc_id": "SCRIPT-fm_drama-46054",
    "doc_category": "SCRIPT",
    "doc_type": "fm_drama",
    "doc_name": "46054_DC_오작교형제들54_2011.txt",
    "author": "KBS",
    "publisher": "KBS",
    "published_year": "2011",
    "doc_origin": "오작교형제들54",
    "passage_id": "SCRIPT-fm_drama-46054-00012",
    "passage": "해설]공사장.\n인호 자제를 지고 고층을 향해 이동한다. 마음이 괴로운 인호. 죽고만 싶다. 발걸음이 천근만근이다. 무거운 자제를 끄응 자리에 내려놓는다. 건물 끝 난간을 바라본다. 인호 다가간다. 순간적으로 치미는 자살충동. 다가와 선다. 아래를 내려다 본다...한두 발짝 더 다가간다.\n자은E](조금씩 난간 끝으로 다가가는 인호의 모습 위로)...아빠...요즘 많이 힘드시죠?짧은 시간에 너무 많은 일들이 있었잖아요...그렇지만 아빠딸 백자은 이제 기운 내려구요...무엇보다 아빠가 이렇게 무사히 제 곁에 돌아와 주셨잖아요...고맙습니다 아빠!아빠는 여전히 세상에서 제가 가장 사랑하는 분이세요!\n해설]인호 어느 순간 멈추고 그 자리에 주저앉는다. 뜨거운 눈물로 눈가가 젖어든다. 인호 주머니에서 자은 의 편지와 부적을 꺼낸다. 인호 부족을 손에 꼭 쥐고 편지를 읽는다.\n자은E](본 내용보다 한결 밝게)\n 덧붙임]아빠! 잠시 동안만 서울을 떠나 있을께요...아빠딸 백자은 곧 씩씩하게 회복해 돌아올테니 기대해 주세요!^^...그리고 이건 아빠 실종되던 날 드리려던 행운의 부적이에요. 앞으로는 꼬옥 언제나 몸에 지니셔야 해요!^^ 자은 올림!\n해설]인호 편지와 부적에 얼굴을 묻고 운다. 후회와 회한의 눈물을 흘린다."
  },
  "Annotation": {
    "Summary1": "공사장에서 일하던 인호는 난간을 보고 순간 자살 충동을 느끼지만 딸인 자은의 편지와 부적을 보며 후회의 눈물을 흘린다.",
    "Summary2": "공사장에서 자재를 지고 고층으로 옮기던 인호는 건물 끝 난간을 보자 자살 충동을 느낀다. 인호가 난간 끝으로 다가가지만 인호가 살아 돌아와 고맙고, 사랑한다고 했던 딸 자은의 목소리가 떠오른다. 인호는 걸음을 멈추고 주저앉아 자은이 준 편지와 부적을 얼굴에 묻고 후회의 눈물을 흘린다.",
    "Summary3": ""
  },
  "filename": "SCRIPT-fm_drama-46054-00012.json"
}