{
  "Meta": {
    "doc_id": "SCRIPT-fm_drama-46014",
    "doc_category": "SCRIPT",
    "doc_type": "fm_drama",
    "doc_name": "46014_DC_오작교형제들14_2011.txt",
    "author": "KBS",
    "publisher": "KBS",
    "published_year": "2011",
    "doc_origin": "오작교형제들14",
    "passage_id": "SCRIPT-fm_drama-46014-00002",
    "passage": "해설]2 복자집 태희방 /밤.\n태범, 문 확 열고 들어선다. 화나고 답답하다. 뒤따라 복자 태필 들어선다..\n복자]...왜 그렸어?생각해 본다고만 했어도 아버지가 그렇게 화는 안 내셨을 껴?아버지 생전 가야 너한테는 손지검 한 번 하셨어?\n태범]제가 맞을 짓 한 적도 없잖아요.\n복자]그려...원제 한 번 부모 실망시켜본 적 없구만...워쩌다 니가 이런 일을 다 저질렀어?\n태범](돌아본다)...엄마...나는 정말 차팀장랑 결혼 못해...엄마는 알잖아 내가 얼마나 이기적이고 자기중심적인 놈인 거? 이런 내가 어떻게 애 땜에 참고 살어?\n복자](안타깝다)...그려...너는 진작에 혜령랑 결혼을 했어야 혀!\n태범](와락) 엄마 갑자기 그 얘기는 왜 꺼내애? 내 앞에서 혜령이 얘기하지 말 랬잖아요?\n태필]엄마...한혜령은 우리 집에서 금지언거 몰라?\n복자](보는)...너 설마 아직도 갸 못 잊어 그러는겨?엄마 그러믄 참말로 속상혀. 엄마는 내 아들 싫다고 차고 간 지지배 아직도 못 잊고 그러는 거(채어).\n태범](화나 돌아보며 와락) 혜령이가 왜 나를 떠났는데애?\n복자]...\n태범]우리가 왜 결혼을 못했는데애?.결혼준비 다해놓고 삼년만 기다려달라 혜령이 실망만 안 시켰어두, 아버지가 또 기획부동산인지 뭔지 사기만 안 당했어도 혜령이 그렇게 기다리게 하다 놓치는 일 안 했어요 나두?"
  },
  "Annotation": {
    "Summary1": "태범이 차팀장과 결혼할 수 없다고 말하며 자신이 혜령과 결혼하지 못한 것은 아버지가 사기를 당해서 그렇다며 분노한다.",
    "Summary2": "복자는 태범에게 생각해 본다고 말을 했으면 아버지가 그렇게 화내진 않았을 거라 말하고 태범은 자신은 맞을 짓을 한 적이 없다고 답한다. 태범이 자신은 이기적이라서 차팀장과 결혼할 수 없다고 말하자 복자는 진작 혜령과 결혼했어야 한다고 말한다. 복자가 아직도 채령을 잊지 못했냐 하자 태범은 혜령과 결혼하지 못한 것은 아버지가 사기를 당해서라며 화를 낸다.",
    "Summary3": ""
  },
  "filename": "SCRIPT-fm_drama-46014-00002.json"
}