{
  "Meta": {
    "doc_id": "SCRIPT-fm_drama-33023",
    "doc_category": "SCRIPT",
    "doc_type": "fm_drama",
    "doc_name": "33023_NC_아버지가이상해23_2017.txt",
    "author": "KBS",
    "publisher": "KBS",
    "published_year": "2017",
    "doc_origin": "아버지가이상해23",
    "passage_id": "SCRIPT-fm_drama-33023-00013",
    "passage": "해설]영식네 주방.\n보미 설거지를 하고 있다. 영식 들어선다. 슬쩍 보미 눈치 보며.\n영식]내가 뭐 도와줄 거 없어?\n보미](보는) 없어... 출근 안 해요?\n영식]어.. 해야지 (하는데)\n민하](거실에서) 저 나가요. 다녀오겠습니다.\n영식]그래 잘 갔다와~.\n보미](얼른 내다보며) 아들. 잘 다녀와! (영식에게) 왜 그러고 있어? 민하 나갈 때 같이 가요?\n영식]어?오늘은 좀 늦게 나가도 되는데.\n보미]왜요?\n영식](차마 말이 안 나오는데)...\n말분](목욕 가방 들고 다가온다) 나 목욕 갔다 온다...너 왜 여적 안 나갔어?\n영식](말분까지 합세해 물으니 더욱 말이 안 나온다)...이제 나가려던 참이에요.\n말분]얼런 출근햐. 사램이 일단 성실하고 봐야 허는 겨, 일이 있건 없건 재깍재깍 제 시간에 출근허고.\n영식]예.. 다녀올게요. 나 갔다 올게. (결국 아무 말 못 하고 현관으로 향한다)"
  },
  "Annotation": {
    "Summary1": "뭔가 할 말이 있던 영식이 결국 보미에게 아무 말도 못 하고 출근한다.",
    "Summary2": "설거지를 하고 있는 보미에게 영식이 다가와서 말을 붙이는데 보미는 민하와 같이 출근하라고 한다. 뭔가 할 말이 있지만 못 하고 있던 영식에게 말분도 얼른 출근하라고 보챈다. 결국 보미에게 아무 말도 못 하고 영식은 출근한다.",
    "Summary3": ""
  },
  "filename": "SCRIPT-fm_drama-33023-00013.json"
}