{
  "Meta": {
    "doc_id": "SCRIPT-fm_drama-46029",
    "doc_category": "SCRIPT",
    "doc_type": "fm_drama",
    "doc_name": "46029_DC_오작교형제들29_2011.txt",
    "author": "KBS",
    "publisher": "KBS",
    "published_year": "2011",
    "doc_origin": "오작교형제들29",
    "passage_id": "SCRIPT-fm_drama-46029-00012",
    "passage": "해설]주방/ 밤.\n태희 냉장고에서 소주를 한 병 꺼내 투명 물컵에 가득 따른다. 태희 소주를 물처럼 그 자리에 서서 마신다. 주방으로 들어오려다 그 모습 보고 놀라 선 태필. 태필 주춤 선다. 태희 꿀떡꿀떡 물컵 가득 든 소주를 다 마신다. 태희 컵을 탁 내려놓고 돌아서다 태필과 눈 마주친다..\n태필]무슨 일 있냐?\n태희](보다) (말없이 방으로)...\n태필]너...형은 그게 문제야?.말을 해야 알 꺼 아냐?.말을 해봐 무슨 일인데? (그러나 태희 다가와, 끝내 말없이 지나쳐 방으로 들어가 향한다)...말을 해보라니까? 이십 몇 년 간 척하면서 사는 거 싫었다며?.(하는데 문 탁 닫힌다)...그래 평생 그렇게 입 딱 붙이고 개폼 잡으며 살어라. 형은 무슨? 살던 대로 살자고? 너나 내나!.(말은 그렇게 하고도 걱정스럽다)...무슨 일이길래 소주를 물컵째 원샷해?"
  },
  "Annotation": {
    "Summary1": "태희가 소주를 컵째 마시는 걸 보고 태필은 무슨 일인지 묻지만 태희는 답이 없고 태필은 무슨 일인지 의아해한다.",
    "Summary2": "태희는 냉장고에서 소주를 꺼내 물컵 가득 따른 뒤 그대로 마시고 태필은 그 모습을 보고 놀란다. 태필이 무슨 일인지 묻지만 태희는 말없이 방으로 가고 태필은 말을 해야 알 것 아니냐며 답변을 재촉한다. 하지만 태희는 방에 들어가 문을 닫아버리고 태필은 무슨 일이길래 소주를 물컵에 마시는지 의아해한다.",
    "Summary3": ""
  },
  "filename": "SCRIPT-fm_drama-46029-00012.json"
}