{
  "Meta": {
    "doc_id": "SCRIPT-fm_drama-33008",
    "doc_category": "SCRIPT",
    "doc_type": "fm_drama",
    "doc_name": "33008_NC_아버지가이상해08_2017.txt",
    "author": "KBS",
    "publisher": "KBS",
    "published_year": "2017",
    "doc_origin": "아버지가이상해08",
    "passage_id": "SCRIPT-fm_drama-33008-00046",
    "passage": "해설]규택방.\n노크하고 정환 들어선다. 한쪽에 놓인 침대가 눈에 들어온다. 규택은 이미 자리에 없다. 정환 벌써 일어나셨나? 문으로 돌아서는데, 규택 들어선다.\n규택]어? 너 언제 왔냐?\n정환]어젯밤에요.. 운동 다녀오세요?\n규택]어 치코랑 동네 한 바퀴 돌았어.. 웬일이야 개편 때라 한참 바쁠 때 아냐?\n정환]그러니까요. 이렇게 한참 바쁠 때 엄마 모시고 왔잖아요?\n규택](보는)...엄마를 모시고 오다니? 니 엄마 언제 집 나갔었냐?\n정환](어이없다).. 엄마 나가신지도 몰랐어요 아버지?\n규택]그걸 내가 어떻게 알어? 갑자기 왜 또? 무슨 변덕이 또 불어서?\n정환](보는. 정말 엄마한테 관심이 없구나)...\n규택]하여간 영원히 철 안들 여자지? 멘탈 자체가 초딩이야 초딩!\n정환](욱해서) 아버지 때문이잖아요? 아버지가 엄마한테 고통의 뿌리라고 하셨다면서요?? 영겁의 오복녀! 몸서리 쳐지는 지옥이라고 하셨다면서요??\n규택](그 말에 주춤, 책상 쪽 봤다가 정환 본다)...봤냐?넌 왜 남의 습작을 멋대로 보고 그래?\n정환](보다)...아버지.. 진짜 엄마한테 너무 무심하신거 아녜요?"
  },
  "Annotation": {
    "Summary1": "정환은 규택에게 복녀를 데려왔다 하지만 규택은 복녀의 가출 사실도 모르고 그런 규택에게 정환은 무심 하다고 한다.",
    "Summary2": "정환은 운동을 다녀 온 규택에게 복녀를 데려왔다고 말하지만 규택은 복녀가 가출한지도 모르고 있다. 복녀는 철이 안 든다는 규택의 말에 정환은 그게 규태 때문이라며 화를 낸다. 규택은 정환에게 왜 남이 습작을 훔쳐보냐고 한마디 하지만 정환은 규택이 너무 무심하다 한다.",
    "Summary3": ""
  },
  "filename": "SCRIPT-fm_drama-33008-00046.json"
}