{
  "Meta": {
    "doc_id": "SCRIPT-fm_drama-46023",
    "doc_category": "SCRIPT",
    "doc_type": "fm_drama",
    "doc_name": "46023_DC_오작교형제들23_2011.txt",
    "author": "KBS",
    "publisher": "KBS",
    "published_year": "2011",
    "doc_origin": "오작교형제들23",
    "passage_id": "SCRIPT-fm_drama-46023-00013",
    "passage": "해설]마루.\n상 차려져 있고, 갑년 창식 앉아있다. 자은 수저 놓고 있다. 태식 태필 다가와 앉는다.\n태필]안녕히 주무셨어요?\n갑년]태희는?\n태식]어제 안 들어왔어요..\n자은](저도 모르게 관심 집중)...\n갑년]또 잠복한겨? 쯧쯧쯧...아침이나 챙겨 먹어가며 일하는지...(복자 생선조림 들고 다가와 놓는다)\n태식](복자한 심경으로 엄마를 슬쩍 본다)\n갑년]아침부터 진수성찬이네...혹시 누구 생일여?\n복자]아네유 걍 올만에 이것저것 하게 됐네유.\n자은]어디 가신대요?\n갑년]워디?\n복자]일단 시작하세유 엄니?\n갑년]그려 먹자들... (자은 태필 태식 등 “잘먹겠습니다” 식사 시작하면)\n복자]잠깐 고향에 좀 다녀오께요 엄니...엄니 산소에도 좀 가보고 동생네도 보구요.\n창식](복자를 본다)...\n갑년](보는)...갑자기 뭔 일 있어?에미 뭔 일 있으면 산소 가잖여?\n자은](역시 그말에 보는)...무슨 일 있으세요 아줌마?\n복자]아녀. 아무일 없어유 엄니?진작부터 올해는 무슨 일이 있어도 수확만 끝나면 엄니 산소에 한번 다녀와야것다 했었어유. 너무 오래 못 갔잖아유?\n갑년]수확 아직 다 마감헌 것도 아니잖여?\n창식]댕겨오라고 하세유 엄니...어차피 왕불은 대충 껐구, 남은 잔불은 저혼자 해결해도 충분하구요...날 더 추워지면 산소 올라가기도 힘들고 지금이 성묘하기도 딱 좋아요.\n갑년]황사장이 이렇게 나오면 내가 마다헐 수가 있나...댕겨와 그람...오늘 안에 와?\n복자]간 김에 동생도 좀 보구 하루 자고 오께요. 동생 본지도 몇년 되나서요.\n갑년]그려...그렇게 혀.\n복자]국이랑 찬은 넉넉하게 다 해놨으니께 때 되면 밥만 허시믄 되유.\n갑년]걱정말어. 아직 두세끼 정도는 해결헐 수 있어.\n자은]오리들도 걱정마세요. 제가 톱밥도 매일 갈아주고 사료도 꼬박꼬박 챙겨 먹이고, 애들 잘 돌보고 있을께요.\n복자]그려...\n창식](그런 복자를 보고)...\n태필. 태식...(역시 엄마를 보고)..."
  },
  "Annotation": {
    "Summary1": "복자가 어머니 산소에 다녀오겠다고 말하자 갑년은 무슨 일이 있는지 묻고, 자은은 오리를 잘 돌볼 테니 걱정 말라고 한다.",
    "Summary2": "아침상 앞에서 갑년이 태식에게 \"태희는?\" 이라 하자 태식은 어제 안 들어왔다고 한 뒤 엄마를 슬쩍 본다. 복자가 고향에 있는 어머니의 산소와 동생네 다녀오겠다고 말하자 갑년은 무슨 일 있는지 묻고 복자는 오래 못 가서 그렇다고 말한다. 자은이 오리를 잘 돌볼 테니 걱정 말라고 하고 복자가 알겠다고 하는데 창식, 태필 등은 그런 복자를 바라본다.",
    "Summary3": ""
  },
  "filename": "SCRIPT-fm_drama-46023-00013.json"
}