{
  "Meta": {
    "doc_id": "SCRIPT-fm_drama-33014",
    "doc_category": "SCRIPT",
    "doc_type": "fm_drama",
    "doc_name": "33014_NC_아버지가이상해14_2017.txt",
    "author": "KBS",
    "publisher": "KBS",
    "published_year": "2017",
    "doc_origin": "아버지가이상해14",
    "passage_id": "SCRIPT-fm_drama-33014-00026",
    "passage": "해설]정환 오피스텔 거실.\n출근 준비하고 의자에 앉는 혜영. 식탁에 간단한 찬 몇 개와 된장찌개 놓여 있다. 정환 밥공기 두 개 가져와 하나는 혜영 앞에 두고, 하나는 자신 앞에 두고 앉으려면, 혜영 정환에게 앞으로 와보라는 고개짓. 정환 기대감에 다가오면, 혜영 정환의 볼을 제대로 꼬집는다. 정환 “아야!”.\n혜영]리얼로 아픈거 보니 확실히 꿈은 아니네.\n정환]왜 나이랑 같이 아침 먹는 게 꿈만 같아?\n혜영]아니 직장이 코앞이라 아직도 한 시간이나 여유 있다는게 꿈만 같어..\n정환]거봐. 내가 같이 살자 한 거 잘 한 거지?\n혜영]어, 칭찬해.. 아침 된장찌개도 칭찬해.. 잘 먹을께 (숟가락 들어 된장찌개 한입 먹는데)\n정환]그럼 상 줘. (입술 쭈욱 디밀면)\n혜영](숟가락으로 그 입술 도로 밀어 넣고, 콧소리 애교 작렬)...우리 까기는 못하는 게 뭘까? 된장 찌개도 입안에서 사르르 녹아요.\n정환]하지마! 그거 아냐!\n혜영](바로) 어. 나도 힘드네.\n정환](웃음)...\n혜영]선배...모처럼 여유 생겼는데 이럴 때 여행이라도 다녀오지 그래?아직 프로그램 안 맡았지?\n정환]...어...뭐...아니.\n혜영]어 뭐 아니 면 맡았다는 말일까? 안 맡았다는 말일까?\n정환]...\n혜영]이제 뭐든 얘기하기로도 했었던 것 같은데.\n정환]그래. 뭐.. 맡았어. 맡았는데.. 나보고 창사 특집 미니 메이킹 필름을 찍으래.. 내 짬에 할 만한 일은 아니지.\n혜영](보는)...아아.\n정환]그래서 갈등 중이야. 못하겠다 정식으로 지를까? 그럼 책임을 져야 할 거야. 타 부서 발령까지도 각오해야 하고.\n혜영]메이킹 필름이면 드라마 제작 과정을 옆에서 기록하는 거지?\n정환]...어.\n혜영]그럼 드라마 만드는 사람들에 대한 휴먼 관찰 프로그램이다 생각하면 어때? 선배 디테일이 살아 있는 관찰 예능 하고 싶다 했잖아? 포맷은 메이킹 필름이라도 그 안에 담겨지는 내용은 전혀 다른 것이 나올 수도 있지 않을까?\n정환](보는)...\n혜영]선배는 남다른 데가 있잖아. 정보 예능을 해도 선배가 하면 깊이 있고 섬세하거든..\n정환](금세 기분 좋아져서 허세까지).. 아는구나?내가 좀 깊고 디테일 한 데가 있지.. 알겠지만, 이 깊으면서 디테일하긴 쉽지 않거든"
  },
  "Annotation": {
    "Summary1": "혜영이 정환에게 정환이 맡게 된 드라마 메이킹필름을 휴먼 관찰 프로그램이라고 생각해 보라고 조언한다.",
    "Summary2": "혜영이 정환의 볼을 꼬집으며 아픈 거 보니 꿈이 아니라고 하자 정환이 잘했냐며 상 달라고 하자 혜영은 애교를 부리고 정환은 하지 말라고 한다. 혜영은 프로그램 아직 안 맡았냐고 물어보고 정환이 망설이다 드라마 메이킹필름을 찍으라고 했다고 갈등 중이라고 한다. 혜영은 드라마 만드는 사람들에 대한 휴먼 관찰 프로그램이라고 생각하는 것이 어떠냐고 조언한다.",
    "Summary3": ""
  },
  "filename": "SCRIPT-fm_drama-33014-00026.json"
}