{
  "Meta": {
    "doc_id": "SCRIPT-fm_drama-46023",
    "doc_category": "SCRIPT",
    "doc_type": "fm_drama",
    "doc_name": "46023_DC_오작교형제들23_2011.txt",
    "author": "KBS",
    "publisher": "KBS",
    "published_year": "2011",
    "doc_origin": "오작교형제들23",
    "passage_id": "SCRIPT-fm_drama-46023-00012",
    "passage": "해설]주방.\n국이 끓고 있고, 그 옆에선 굴비가 구워지고 있다. 강된장도 끓이는 중이다. 잡채가 이미 다되어 있고. 복자 콩나물 비듬나물 취나물을 무치고 있다. 자은 들어선다.\n자은]안녕히 주무셨어요 아줌마?\n복자]일어났어?거 토마토 주스 갈아놨어. 한 잔 마셔.\n자은]어? (감격) 저 줄려구 하셨어요? (마신다)...와~ 짱 맛있어요...(하다) 어? 잡채다...(다가가 국냄비와 생선구이를 보고)와! 꾸들꾸들 말린 굴비에, 양지머리 맑은 무국까지 이거 다 내가 완존 사랑하는 것들인데...아줌마? 설마 이거 다 저 때문에 하시는 거...아니죠?\n복자]행주 들고 마루 탁자 좀 닦어.\n자은]예...(복자를 보다)...아줌마 혹시 어디 아프세요? 기운이 없어 보이세요?\n복자](나물 무치며) 아녀어...아침부터 이것저것 헌다고 땀 뺐더니 그랴...워디 좀 갈라고.\n자은](보는)...어디요?\n복자]아침 먹으면서 얘기햐. 배 고플텐디 얼런 차리게 좀 닦어..\n자은]예...(이내 빙그레. 행주 들고 문으로)..."
  },
  "Annotation": {
    "Summary1": "복자는 자은이 좋아하는 여러 가지 요리를 해놓고 자은에게 어디 좀 갈 건데 밥 먹으면서 얘기하자고 말한다.",
    "Summary2": "복자는 주방에서 굴비에 강된장, 잡채 등을 만들어 놓고 나물류를 무치고 있는데 자은이 들어온다. 복자가 갈아놓은 토마토 주스를 맛있게 먹던 자은은 완성된 요리들을 보고 설마 전부 자신 때문에 한 것인지 묻다가 복자의 얼굴을 보고 안색이 안 좋다며 어디 아픈지 묻는다. 복자는 아침부터 요리하느라 그렇다면서 어디 좀 갈 건데 밥을 먹으면서 말하자고 한다.",
    "Summary3": ""
  },
  "filename": "SCRIPT-fm_drama-46023-00012.json"
}