{
  "Meta": {
    "doc_id": "SCRIPT-fm_drama-33046",
    "doc_category": "SCRIPT",
    "doc_type": "fm_drama",
    "doc_name": "33046_NC_아버지가이상해46_2017.txt",
    "author": "KBS",
    "publisher": "KBS",
    "published_year": "2017",
    "doc_origin": "아버지가이상해46",
    "passage_id": "SCRIPT-fm_drama-33046-00031",
    "passage": "해설]현관 + 마루 (저녁).\n현관문 열고 들어서는 혜영. “다녀왔습니다” 들어선다. 지친 기색의 혜영 마루에 올라서면, 마루에 저녁상이 차려지는 중이다. 한 수 영실 자리에 앉아 있고, 유주 밥공기 쟁반 들고 막 앉으며 앞앞이 놓는 중이다. 한 수, 영실 “어서 와라” “딱 맞춰 왔네 얼른 와”.\n혜영]예...(다가와 앉아, 라영에게) 일찍 왔다?\n라영](다시 밝은 모습으로) 어 언니. 저기 주방에 언니 선물 있어!\n혜영]선물?? (하는데)\n정환](계란찜 뚝곱 들고 주방에서 나온다 / 억양 넣어)...맛있는 계란찜이 왔어요~.\n혜영](놀라 돌아본다)...\n정환]왔어?(비켜 달라고) 막내처제 뜨거워 머리 머리...(방향 계속 부딪히다) 오른쪽 오른쪽 (그제야 방향 서로 비키면, 뚝곱 내려놓는다).\n혜영](황당해 그 모습 보다) 선배, 나이랑 얘기 좀 해 (일어나 정환을 끌고 가려면)\n준영](주방에서 전골냄비 들고 나오며) 내가 오라고 했어. 신혼부부가 별거가 웬 말이야?\n혜영]오빠?\n준영]앉어. 일단 앉아서 저녁 먹고 얘기 해.\n한 수]앉아서밥부터 먹어. 차서방도 여태 밥하느라고 고생했어.\n영실]그래.. 밥 먹고 얘기해. 너 많이 지쳐 보여..\n유주]앉으세요 아가씨~.\n혜영](모두의 만류에 결국 다시 앉는다)...\n정환](안도하며) 자~ 형님과 저의 야심 찬 콜라보, 못 먹어본 사람은 있어도, 한 번만 먹은 사람은 없다는 전설의 불낙전골입니다~! 맛있게 많이 드셔 주세요..\n한 수](미소 조금)...그래.. 다 같이 한 번 전설의 불낙전골 먹어보자..\n해설]준영 유주 정환 혜영 라영 다 같이 기분 좋게 “잘 먹겠습니다”...식사 시작한다..\n유주]음!진짜 너무 맛있어요!드셔 보세요 어머니? 아버님?\n영실]진짜네..당신보다 나은데요?\n정환](웃으며) 에이 아버님은 그래도 못 따라가죠...우리 막내처제 왜 안 먹어?\n라영]형부 나 다이어트!\n정환]에이 다이어트는 원래낼부터 하는 거야. (앞 접시 가져다 퍼서 내밀며) 얼른 먹어봐.\n해설]라영 받아서 먹고. 맛있다고 엄지 척. 정환 좋아하고. 가족들 모처럼 화기 애애 즐겁게 식사한다. 영실, 한 수 그런 정환이 고맙다. 혜영도 그런 정환을 고마운 마음에 바라본다."
  },
  "Annotation": {
    "Summary1": "정환이 차린 저녁상으로 혜영과 가족 모두 모처럼 즐거운 식사 자리를 갖게 되고 영실, 한수, 혜영은 그런 정환이 고맙다.",
    "Summary2": "혜영이 귀가하자 라영이 주방에 선물이 있다 말하는데 정환이 나타난다. 혜영이 정환을 끌고 가려는데 준영과 한수, 영실 등은 정환이 차린 밥부터 먹자고 한다. 혜영도 같이 앉는데 가족들이 모처럼 즐겁게 식사하고 영실과 한수, 혜영 모두 그런 정환을 고맙게 바라본다.",
    "Summary3": ""
  },
  "filename": "SCRIPT-fm_drama-33046-00031.json"
}