{
  "Meta": {
    "doc_id": "SCRIPT-fm_drama-46050",
    "doc_category": "SCRIPT",
    "doc_type": "fm_drama",
    "doc_name": "46050_DC_오작교형제들50_2011.txt",
    "author": "KBS",
    "publisher": "KBS",
    "published_year": "2011",
    "doc_origin": "오작교형제들50",
    "passage_id": "SCRIPT-fm_drama-46050-00030",
    "passage": "해설]식당 주방 + 홀.\n미숙 수저통 들고 홀로 나오다 카운터 앞에 선 태식 본다..\n미숙](다가가려다)\n천사장]뭐? 그만 두겠다고?\n미숙](주춤)! (놀라서 보는)...\n태식]죄송합니다. 사장님...미리 말씀드렸어야 했는데...제가 갑자기 사정이 생겨서요?\n천사장]아니...아무리 사정이 생겼어도 그렇지 갑자기 그만두면 어떡해?\n태식]정말 죄송합니다..\n미숙](그 모습에 기막혀)...(얼른 주방으로 들어간다).\n해설]주방으로 들어온 미숙...화나고 기막히다. 놀란 가슴 진정시키려 옆에 놓인 물통 채로 물 벌컥벌컥 마신다. 생각할수록 어이없어 밖을 노려보는 미숙.\n<인써트>.\n미숙](보는)...어쩌면 나...금방 결혼할 수도 있지 않을까?좀 기다려봐?어?\n태식](보다)...(대답 못 하고)...글쎄... (*)\n미숙]...뭐야? 어제 내가 결혼 얘기했다고 저러는 거야? (하아!) 웃겨 정말? /.\n해설]설거지하는 미숙. 설거지하다 또 다시 열올라와 그릇 확 팽겨친다. “아니 누가 결혼하 쟀어? 그만 두긴 왜 그만둬?” 와락 소리친다. / 홀에서 빈 테이블 행주로 닦던 미숙...화나 “나쁜 놈!” 하면 옆에서 식사하던 남자손님들 놀라 힐끔 쳐다본다. / 카운터에서 멀거니 앉아있는 미숙, 머리띠 확 빼버린다. 반으로 부러뜨리려다 차마 부러뜨리진 못하고 서랍에 툭 넣는다."
  },
  "Annotation": {
    "Summary1": "미숙은 결혼 이야기 때문에 태식이 갑자기 일을 그만 두는건가 싶어서 화가 나 머리띠를 부러뜨리려다 서랍에 넣는다.",
    "Summary2": "미숙은 천사장에게 갑자기 일을 그만두겠다고 말하는 태식을 보고 주방으로 들어간다. 미숙은 어제 \"어쩌면 나 금방 결혼 할 수도 있지 않을까? 좀 기다려봐\" 라고 자신이 태식에게 말했던 걸 떠올리고, 그 일 때문에 태식이 일을 그만 두는건가 싶어서 화가 난다. 미숙은 그 생각 때문에 일을 하면서 소리를 지르고 머리띠를 빼 부러뜨리려다 서랍에 넣는다.",
    "Summary3": ""
  },
  "filename": "SCRIPT-fm_drama-46050-00030.json"
}