{
  "Meta": {
    "doc_id": "SCRIPT-fm_drama-33014",
    "doc_category": "SCRIPT",
    "doc_type": "fm_drama",
    "doc_name": "33014_NC_아버지가이상해14_2017.txt",
    "author": "KBS",
    "publisher": "KBS",
    "published_year": "2017",
    "doc_origin": "아버지가이상해14",
    "passage_id": "SCRIPT-fm_drama-33014-00035",
    "passage": "해설]숙직실.\n살짝 문 열어보는 라영. 숙직실 비어있다. 망설이다 들어서 다가와 포장한 파스와 손목보호대를 간이 침대위에 내려두려다 멈칫.\n라영]놓고 가면 너무.. 짝사이랑녀 같잖아?! 이건 절대 사심 아니고 휴머니즘이라고 말은 하고 줘야 오해가 없겠지? (다시 집어 든다)\n해설]영희 차 내부.\n감동받은 표정으로 포옹을 푸는 철수. 영희 뿌듯한 표정으로 철수 보며 어깨 으쓱한다..\n철수]... 진짜 고맙다.\n영희]더해주고 싶었는데.. 아버지 감시가 워낙 심해서.. 그래도 그 반지 비싼 거다? 팔면 돈 좀 나올 거야.\n철수]네 커플링까지 팔게 만들고... 미안하네.\n영희]전여친이랑 한건데 뭐. 괜찮아. 미안하면 엄마이랑 나한테는 연락을 좀 해. 엄마 진짜 니 전화 얼마나 기다리시는 줄 알아?\n철수]알았어. 연락 잘 할게.\n해설]아빠 분식 주방.\n한 수 떡볶이 만들고 있다. 생각에 잠겨 이리저리 휘젓는데 핸드폰 울린다. 꺼내서 확인하면 ‘중희’ 뜬다. 한 수 절로 긴장한다. 손 닦고 받는다. <중희 화면 분할되어 들어온다>.\n한 수]...여보세요.\n중희]...전데요.\n한 수](공연히 미안 하다. 아직 가족에게 말을 못 꺼내)...어. 그래...\n중희]잠깐 볼 수 있나요? 지금요!\n한 수]...어...근데 지금은 좀 그렇고...007시까지는 갈 수 있을 것 같은데... 그때까지 가도 될까?\n중희]알겠어요. <중희 화면에서 나간다>.\n해설]한 수 핸드폰 끊는다..\n한 수]...왜 보자고 하는 걸까?. 얼른 말해야 하는데..."
  },
  "Annotation": {
    "Summary1": "숙직실에 간 라영이 오해 받을까 돌아오고 영희는 철수에게 돈이 될 만한 반지를 주고 중희는 한 수와 약속 시간을 잡는다.",
    "Summary2": "숙직실이 비어있는 걸 확인한 라영이 파스와 손목 보호대를 침대 위에 내려두려다 괜히 오해를 받을까 봐 다시 집어 든다. 영희의 차 안에서 영희가 철수에게 커플링을 팔아 사용하라 주고 철수는 미안하고 고마운 감정을 느낀다. 아빠 분식 주방에서 생각에 잠겨 떡볶이를 만드는 한 수의 핸드폰에 중희의 전화가 오자 긴장하며 받고, 중희와 약속 시간을 잡는다.",
    "Summary3": ""
  },
  "filename": "SCRIPT-fm_drama-33014-00035.json"
}