{
  "Meta": {
    "doc_id": "SCRIPT-fm_drama-33014",
    "doc_category": "SCRIPT",
    "doc_type": "fm_drama",
    "doc_name": "33014_NC_아버지가이상해14_2017.txt",
    "author": "KBS",
    "publisher": "KBS",
    "published_year": "2017",
    "doc_origin": "아버지가이상해14",
    "passage_id": "SCRIPT-fm_drama-33014-00002",
    "passage": "해설]혜영방 (밤).\n혜영 침대에 앉아 생각에 잠겨 있다..\n혜영]...나도 알어.. 차도 바꾸도 집도 바꾸고 외모도 바꾸고 심지어 성격까지 바꿀 수 있어도 부모는 못 바꾼다는 거! 아는데.. 안다고! 알지만! (놓여 있던 핸드폰 집어들어 들여다 본다. 여전히 연락이 없다. 다시 고개 드는 표정 시무룩해져 있다)... 보고 싶다고~ 내가 왜 그 모친 땜에 다시 또 그 아들을 포기해야 하냐고?! (고개 푹 떨군다)\n해설]혜영 잠시 고개 떨구고 낙망에 빠져 있다가. 다시 고개를 든다.\n혜영]...아냐. 쉽게 생각하자. 심플하게. 변혜영아. 니가 그 가방이 너무 맘에 들어. 근데 딸려 오는 옵션이 맘에 안 들어. 그럼 그 가방 안살래?왜?너는 그 가방이 너무 맘에 드는데? 어디 가서 그런 가방 다시 살 수 없을 것 같은데?그냥 옵션은 안쓰면 되잖아... 그렇지?\n해설]혜영 결심한 후 문자를 찍기 시작한다..\n혜영e]나 지금 짐 빼러 갈 거야. 마주치면 불편할까봐 미리 말하는 거나까 나가고 싶음 나가 있던지. (전송 버튼 누른다)...\n해설]혜영 일어나 옷장문 열고 갈아입을 옷 꺼낸다."
  },
  "Annotation": {
    "Summary1": "혜영은 남자의 어머니 때문에 포기를 고민하다가 결국 포기하지 않기로 하고 짐을 빼러 가기 위한 준비를 한다.",
    "Summary2": "혜영은 그 남자의 어머니 때문에 남자를 포기해야 할지도 모르는 상황에 괴로워하고 있다. 하지만 생각을 바꿔 싫은 것을 감수하더라도 원하는 것을 얻는 것이 맞는 것이라고 생각한다. 혜영은 짐을 빼러 가겠다는 문자를 보내고 옷을 꺼내며 외출 준비를 한다.",
    "Summary3": ""
  },
  "filename": "SCRIPT-fm_drama-33014-00002.json"
}