{
  "Meta": {
    "doc_id": "SCRIPT-fm_drama-33010",
    "doc_category": "SCRIPT",
    "doc_type": "fm_drama",
    "doc_name": "33010_NC_아버지가이상해10_2017.txt",
    "author": "KBS",
    "publisher": "KBS",
    "published_year": "2017",
    "doc_origin": "아버지가이상해10",
    "passage_id": "SCRIPT-fm_drama-33010-00004",
    "passage": "해설]현관 밖.\n한 수 문밖에 서있다. 황망해 선뜻 발걸음 내딛지 못하다 기운 없이 엘리베이터 향한다. 엘리베이터 문 열리고, 도시락 알바생 도시락 들고 내린다. 돌아보면, 알바생 중희집 현관 앞으로 다가가 벨 누른다, 안에서 인터폰 받으면, 알바생 “도시락이요” 외치고, 도시락 문 옆에 내려놓고 다가와 선다. 한 수 슬쩍 도시락을 바라보는데.\n알바생]혹시 저 집 사세요?\n한 수]...아뇨...왜요?\n알바생]연예인이 산다는데 한 번도 얼굴을 못 봐서요. 맨날 놓고 가라고만 해요.\n한 수](그 말에 슬쩍)...도시락을 자주 시켜 먹어요?\n알바생]거의 매일일껄요...아 연예인 누굳이?\n한 수](밥을 안 해 먹나?)... (도시락을 다시 한 번 슬쩍 바라본다)...\n해설]서브 타이틀.\n술집(밤).\n정환 연지 조연출 술 마시고 있다. 간단한 술안주 놓여 있고 소주 마시는 중. 다들 취했다.\n조연출]...가을 되면 낙엽이 지듯, 때가 되면 프로그램도 다 낙엽 져요. 이건 포맷이 낡은 거지 절대 형 탓이 아녜요?\n정환]그 낙엽이 하필이면 왜!내가 맡았을 때 떨어지냐 이거지?\n연지]나는...누가 뭐래도 차정환 빠다.. 나는 지킬 껀 지켜가며 프로그램을 만드는 선배의 연출세계가 좋아..\n정환]니가 뭘 좀 볼 줄 아는구나?\n조연출]마셔 마셔. 마시자..\n해설]정환, 연지도 잔 집어들어 부딪히며 “건배” “원샷” 마신다. 그때 정환 핸드폰 울린다.\n 화면에 [호두♥] 뜬다. 정환 “어 호두다~ 잠깐마 안” 핸드폰 집어 들고 조금 이동해 받는다.\n정환](씨익 웃으며)(혀가 살짝 꼬인다) 호두야아~.. 어떠케 아라써?.어 술 마셔."
  },
  "Annotation": {
    "Summary1": "한 수는 중희가 매일 도시락을 시켜 먹는다는 것을 알게 되고 한편에선 프로그램 폐지로 속상한 정환이 연지와 술을 마신다.",
    "Summary2": "한 수는 중희집 현관 앞에 도시락을 놓고 가는 도시락 알바생과의 대화를 통해 중희가 거의 매일 도시락을 시켜 먹는다는 것을 알게 된다. 한편 술집에서 정환과 연지, 조연출이 술을 마시고 있다. 정환은 자신이 맡은 프로그램이 폐지되는 것에 속상해하고 연지가 그를 위로하는 중에 정환의 핸드폰으로 호두에게서 전화가 오자 정환이 웃으며 전화를 받는다.",
    "Summary3": ""
  },
  "filename": "SCRIPT-fm_drama-33010-00004.json"
}