{
  "Meta": {
    "doc_id": "SCRIPT-fm_drama-46029",
    "doc_category": "SCRIPT",
    "doc_type": "fm_drama",
    "doc_name": "46029_DC_오작교형제들29_2011.txt",
    "author": "KBS",
    "publisher": "KBS",
    "published_year": "2011",
    "doc_origin": "오작교형제들29",
    "passage_id": "SCRIPT-fm_drama-46029-00017",
    "passage": "해설]마루.\n갑년 창식 복자 태희 태필 앉아있다. 태식과 국수 다가와 앉는다..\n갑년]그려 먹자들.\n국수]잘 먹겠습니다..\n태희](보는)...우리 국수 말이 점점 드네?많이 먹어 (머리 헝크러뜨리며 애정표현)\n복자](국수를 힐끔) (그 앞으로 반찬 밀어놔준다)...그려. 많이 먹어.\n국수]예.\n창식](그러나, 여전히 억장이 무너지는 심정으로 그런 국수를 힐끔)...\n갑년]그려서 태식이 너는 워쩌기로 했어?\n태식](보는)...\n창식]그런 거 물을 것도 없으세요 엄니? 저 녀석 하는 얘기가 말이 되야 묻고 자시고 하죠?\n갑년]아범도 인자 너무 그렇게 성만 낼 것이 아니라 대책을 세워야 할 꺼 아녀?\n창식]대책을 세우고 말고 할 게 뭐 있어요? 일단 예진이한테 이사실부터 알려야죠?\n복자]그건 아버지 말씀이 옳아...어쨌거나 예진이는 이사실을 알아야혀?\n태희]그래 큰형. 무조건 알아야 해.\n태필]그럼. 당연히 알아야지..\n태식]...\n창식]왜 대답이 없어?\n태식]...알아요 저두. 다들 너무 당연한 말씀들을 하시니까 그렇죠...\n창식]오늘 예진이 만나 얘기 해?\n태식]...예.\n창식]대답했어 분명히?\n태식]...근데 오늘 예진씨 출장 갔는데요?\n창식]뭐?\n태식]내일 오니까...모레 얘기할께요..\n창식](기막혀 보다. 더는 말하고 싶지도 않다)...\n복자]그려 모레까진 꼭 얘기혀. 꼭?\n태식]...예.\n복자](풀 죽은 아들을 본다)..."
  },
  "Annotation": {
    "Summary1": "갑년은 태식에게 대책을 세워야 한다고 하자 복자는 태식에게 모레까지 꼭 예진에게 이 사실을 얘기하라고 한다.",
    "Summary2": "마루에 태식과 국수가 다가와 앉고 태희와 복자는 국수에게 많이 먹으라고 한다. 갑년은 태식에게 대책을 세워야 할거 아니냐는 말에 창식, 복자 등이 예진이는 이 사실을 알아야 한다고 말한다. 태식은 예진이가 출장을 갔다며 모레 얘기하겠다고 하자 복자는 모레까지 꼭 얘기하라고 한다.",
    "Summary3": ""
  },
  "filename": "SCRIPT-fm_drama-46029-00017.json"
}