{
  "Meta": {
    "doc_id": "SCRIPT-fm_drama-33015",
    "doc_category": "SCRIPT",
    "doc_type": "fm_drama",
    "doc_name": "33015_NC_아버지가이상해15_2017.txt",
    "author": "KBS",
    "publisher": "KBS",
    "published_year": "2017",
    "doc_origin": "아버지가이상해15",
    "passage_id": "SCRIPT-fm_drama-33015-00053",
    "passage": "해설]산소 앞 (과거/ 회상).\n한 수 무덤 앞에 서 있는 윤석. 죄책감에 고개 떨구고 있다. 차마 죄스러움에 쳐다도 못 보고 비스듬히 서있는 영실. 두 사람 모두 울고 있다. 영실은 하염없이 눈물을 흘리고 있다.\n윤석]...미안 하다 친구야.,이 죄는 죽어서 갚을께... 미안 하다...\n영실](하염없이 눈물 흘린다)... 죄송해요 한 수씨...죄송합니다... 죄송합니다...\n윤석](미안함 죄스러움에 소리 없이 눈물을 떨군다)...\n해설]안방 + 카톡창.\n영실 옷장에 외투 벗어 걸고 문갑으로 다가와 앉는다. 문갑에 올려떼어 핸드폰 집어 들어 가족방 열어 문자 찍는다.\n영실e]공지. 오늘 저녁 008시 긴급 가족회의 소집. 혜영이까지 한 사람도 빠지지 말고 참석 요망!\n라영e](센터 일각/ 엄마 옆으로 들어온다) 엉~ 엄마 나 곧 수업. (바로 나간다)\n혜영e](로펌 개인 사무실/ 들어온다) 안건은요?\n영실e]톡으로는 말 못해. 시간 맞춰 꼭 와!\n혜영e]알았어. 이따 봐요 (나간다)\n준영e](콜센터/ 들어온다).. 그러니까 더 궁금하네. 아버진 좀 어떠세요?\n영실]역시 장남 밖에 없네. 괜찮으셔. 병원 다녀오시고 많이 좋아지셨어. 밥도 드셔.\n미영e](혜영 자리로 들어온다) 엄마 나도 시간 맞춰 갈게..\n영실]어. 다들 남은 하루 잘 보내고, 이따 보자. 아들, 딸, 딸, 딸, 엄마가 사랑해~ 해설]영실 핸드폰 놓고 나간다 / 준영 미영 나가려다 [사랑해] 라는 문자에 놀란다. 준영 미영 핸드폰 부여잡고 멘붕에 살짝 빠졌다가, 준영 정신 차리고 얼른 새로운 단톡방을 연다 /"
  },
  "Annotation": {
    "Summary1": "윤석과 영실은 한 수의 묘 앞에서 참회의 눈물을 흘리고, 안방에서 영실은 긴급 가족회의를 소집하는 문자를 보낸다.",
    "Summary2": "윤석과 영실은 한 수의 묘 앞에서 눈물을 흘리며 죄를 참회한다. 안방에서 영실은 오늘 저녁 가족회의 소집 문자를 보내고, 안건을 묻는 혜영에게 만나서 말해준다고 하며, 아버지 안부를 묻는 준영을 칭찬하며 많이 좋아지셨다고 한다. 영실은 이따 보자면서 사랑한다는 문자를 남기고, 준영은 놀란다.",
    "Summary3": ""
  },
  "filename": "SCRIPT-fm_drama-33015-00053.json"
}