{
  "Meta": {
    "doc_id": "SCRIPT-fm_drama-33001",
    "doc_category": "SCRIPT",
    "doc_type": "fm_drama",
    "doc_name": "33001_NC_아버지가이상해01_2017.txt",
    "author": "KBS",
    "publisher": "KBS",
    "published_year": "2017",
    "doc_origin": "아버지가이상해01",
    "passage_id": "SCRIPT-fm_drama-33001-00056",
    "passage": "해설]안방(밤).\n한 수 영실 이불 펴고 누워 있다. 영실도 한 수도 피식 웃고 있다..\n영실](느껴져 보고)...여보도 나이랑 같은 생각하지?\n한 수]...어...(웃으며) 어렸을 때도 생각의 방석에 앉혀 놓으면 준영이 미영이는 별 지은 죄도 없이 국으로 앉아 있었어? 사고는 혜영이 라영이가 쳤는데...\n영실](함께 웃으며)..그때두 혜영이 얼마나 따박따박 억울하다 분하다 항변하고 대들고 따지고...그래서 그 덕에 변호사가 됐나?\n한 수]변호사가 될 재목이라 그런거지?\n영실]맞다 (빙그레)...언제 저렇게들 컸지?\n한 수]그러니까...올망졸망 너무 이뻐서 제발 더는 안 컸으면 좋겠다 싶던 때가 엊그제 같은데...\n해설]나란히 누워 입가에 미소 머금고 추억에 잠시 잠기는 부부. 그러다 영실 한 수를 본다.\n영실]근데 오늘 사고 쳐서 어뜩해?(무슨 사고? 한 수 표정에)...건물주.\n한 수]아...그러니까 왜 그랬어?,,,\n영실]그러니까...알았나 뭐...내가 친 사고 내가 수습해보께.\n한 수]어떻게?\n영실]일단...\n한 수]...일단?\n영실](어떡하지 끔뻑끔뻑)...자자. 내일 일은 내일 생각하라고 비비안 리도 그랬어. 크라크 케이블 불 꺼..\n한 수](웃고 마는)...그래 불 끈다 내가. (일어나 불 끈다)...(다가와 누워며) 잘 자.\n영실]...잘 자요."
  },
  "Annotation": {
    "Summary1": "영실과 한수가 자식들의 어린 시절을 이야기하며 추억에 잠긴다.",
    "Summary2": "영실과 한수가 안방에 이불을 펴고 누워 자식들의 어린 시절 이야기를 하고 있다. 또박또박 말대꾸하고 따져대던 혜영이를 떠올리며 추억에 잠긴다. 영실은 오늘 자신이 친 사고를 스스로 수습해 보겠다고 한다.",
    "Summary3": ""
  },
  "filename": "SCRIPT-fm_drama-33001-00056.json"
}