{
  "Meta": {
    "doc_id": "SCRIPT-fm_drama-33015",
    "doc_category": "SCRIPT",
    "doc_type": "fm_drama",
    "doc_name": "33015_NC_아버지가이상해15_2017.txt",
    "author": "KBS",
    "publisher": "KBS",
    "published_year": "2017",
    "doc_origin": "아버지가이상해15",
    "passage_id": "SCRIPT-fm_drama-33015-00032",
    "passage": "해설]거리 일각 (저녁).\n말분 벤치에 앉아 있다. 옆에 놓인 비닐봉투 뒤지면, 먹다 만 빵과 조금 마신 주스가 들려 있다. 말분 빵을 꺼내려다, 영 입맛도 없고, 의욕도 없다. 기운 없이 틱 도로 집어넣는다. 이번에는 핸드폰 꺼내 열어 본다. 그러나 전화 온 흔적 전혀 없고, 울리지도 않는다. 흔들어 보지만 역시 울리지 않는다..\n말분]...에미가 집을 나와도 전화 한 통 허는 새끼들이 없고...불효막심헌 것들... (탁 닫고 다시 주머니에 넣는다).. (시무룩 기운 없고 힘들다)...\n해설]민하 걸어온다. 학원 갔다 오는 길이다. 민하 다가오다 말분을 보고, 다가와 선다.\n민하]할머니? 왜 여기 앉어 계세요?\n말분](조금 망설이다. 뚜웅 솔직히 말한다)...니 엄마이이이랑 싸워 서 가출 혔다.. 넌 워 서 오는겨?\n민하]학원 갔다 가요...엄마이이이랑 왜 싸우셨는데요?\n말분]그건 알 꺼 없고.. 어여 가서, 나 찾나 안 찾나 함 동태를 봐봐. 엄마헌티 할머니 워디 가셨는데 안 보이시냐? 혹시 무슨 일 있는 거 아니냐 겁도 좀 주고!\n민하](그 모습에 픽).. 울 할머니 귀여우시네.\n말분]뭐셔.\n민하](다가와 할머니 손잡는다)...그냥 저이이이랑 들어가세요. 제가 걱정되서 찾으러 다니다가 모시고 온 걸로 할께요..\n말분](보는)...\n민하](씨익 웃는다)...배 안고 프세요?\n말분](그 말에 결국) 고프지 왜 안고파. 그려 내가 자식 복은 없어도 손주 복은 있다...가자! 가! (결국 웃는다)\n해설]말분 일어나, 민하와 손잡고 다정하게 길을 나선다."
  },
  "Annotation": {
    "Summary1": "말분이 자식들은 불효막심하다고 투덜대자 민하는 말분을 찾다가 같이 온 것이라 말하겠다 하며 말분과 다정히 걷는다.",
    "Summary2": "말분이 벤치에 앉아 자신이 집을 나와도 전화가 없다며 불효막심하다고 투덜댄다. 마침 학원에서 돌아오는 민하가 말분을 보고 여기 있는 이유를 묻자 말분은 네 엄마랑 싸웠다며 가서 자기를 찾는지 동태를 살펴보라 한다. 민하는 말분이 걱정되어 찾아다니다 같이 온 것이라 말하겠다 해 말분은 자식 복은 없어도 손주 복은 있다며 민하와 손잡고 다정하게 길을 나선다.",
    "Summary3": ""
  },
  "filename": "SCRIPT-fm_drama-33015-00032.json"
}