{
  "Meta": {
    "doc_id": "SCRIPT-fm_drama-33015",
    "doc_category": "SCRIPT",
    "doc_type": "fm_drama",
    "doc_name": "33015_NC_아버지가이상해15_2017.txt",
    "author": "KBS",
    "publisher": "KBS",
    "published_year": "2017",
    "doc_origin": "아버지가이상해15",
    "passage_id": "SCRIPT-fm_drama-33015-00025",
    "passage": "해설]공항 일각.\n팔짱 끼고 어이없다는 듯 철수를 노려보고 있는 유리. 철수 난감한 표정이다..\n유리]그러니까 아버님 회사도 물려받지 않을 꺼고, 아버님과 싸워서 집을 나왔다고? 고작 축구 때문에?!어떻게 나한테 한마디 상의도 없이 이런 결정을 해?\n철수]공부하는데 걱정할 까봐.. 별로 중요한 이야기도 아니고..\n유리](짜증이 솟구친다) 이게 어째서 중요한 이야기가 아니야? 자기 진로 자체가 바뀐 건데? 자기의 모든 조건이 바뀌는 거라고.\n철수]그치만 나는 원래 축구선수였잖아. 바뀐 게 아니고 제자리로 돌아갔다고 생각해 줘...부상만 당하지 않았으면 나는 지금도 축구를 하고 있을 거야.\n유리]그렇지만 이미 부상은 당했고, 자긴 잘 해봐야 고작 코치 밖에 할 수 없잖아?\n철수]유리야.\n유리]마중은 왜 나왔어? 차도 없다면서. (캐리어 툭 치고) 이건 어떻게 들고 가라고?!\n철수](화내는 유리 달래려) 유리야.. 진정 하고..\n유리]됐어. 나 그냥 택시 타고 갈게. 나중에 다시 이야기해..\n해설]유리 철수 손에서 캐리어 낚아 채 가 버린다. 남겨진 철수 어떡하지... 난감하다."
  },
  "Annotation": {
    "Summary1": "공항으로 마중 나온 철수에게 유리는 겨우 축구 때문에 아버님과 싸워 가출을 했다며 화를 내며 먼저 가버린다.",
    "Summary2": "공항에서 유리는 어이없는 듯 철수에게 축구 때문에 아버님과 싸워 가출을 한 것이냐고 묻고 철수가 난감한 얼굴을 하자 유리는 더욱 짜증을 내며 철수의 모든 조건이 바뀐 것이라고 한다. 철수는 부상당하지 않았다면 지금도 축구를 하고 있을 것이라고 하자 유리는 이미 부상은 당했고 코치밖에 못하지 않냐고 한다. 유리는 차도 없이 왜 마중 나왔냐고 하더니 가버린다.",
    "Summary3": ""
  },
  "filename": "SCRIPT-fm_drama-33015-00025.json"
}