{
  "Meta": {
    "doc_id": "SCRIPT-fm_drama-33009",
    "doc_category": "SCRIPT",
    "doc_type": "fm_drama",
    "doc_name": "33009_NC_아버지가이상해09_2017.txt",
    "author": "KBS",
    "publisher": "KBS",
    "published_year": "2017",
    "doc_origin": "아버지가이상해09",
    "passage_id": "SCRIPT-fm_drama-33009-00039",
    "passage": "해설]김밥집.\n한 수 테이블 닦는데, 문 열리는 소리. 돌아보면 혜영 들어선다. 한 수 보다 다시 테이블 닦는다. 다가와 서는 혜영. 살갑던 딸이 아니어서 살짝 어색하다..\n한 수]...어쩐 일이야?\n혜영](살짝 어색)...아빠 오늘 저녁에 저이랑 데이트하실래요? 저 오늘 006시면 끝나는데?\n한 수](보다)...왜 독립 얘기하게? 어제 얘기 끝냈잖아?\n혜영]아아뇨.. 꼭 그것 때문만은 아니구.\n한 수](말 자른다) 아빠 오늘 바빠. 그리고 다시 한 번 말하지만 독립은 안돼!\n혜영]...꼭 그것 때문 아니라니까요?\n한 수]아니면 다행이고. 늦었는데 얼른 출근해. 아빠 바빠. (주방으로 가버린다)\n혜영](더는 말 붙일 의욕이 생기지 않는다)...(공연히 서운함만 더 커진다)... 다녀올께요.\n해설]혜영 문으로. 문 닫고 나간다. 한 수 그제야 돌아본다. 여러 감정이 교차한다."
  },
  "Annotation": {
    "Summary1": "혜영은 아빠에게 데이트를 제안하지만 한 수는 독립 건 관련이라 생각하여 거절하자, 혜영은 서운한 마음이 든다.",
    "Summary2": "혜영은 아빠에게 다가와 저녁 데이트를 제안하고, 한 수는 평소 혜영과는 다른 모습에 살짝 어색함을 느낀다. 한 수는 혜영이 독립 건으로 데이트를 제안한 것으로 생각하여 바쁘다고 거절하자, 혜영은 아빠의 거절에 못내 서운한 마음이 든다. 혜영이 나간 후 한 수는 여러 감정이 교차한다.",
    "Summary3": ""
  },
  "filename": "SCRIPT-fm_drama-33009-00039.json"
}