{
  "Meta": {
    "doc_id": "SCRIPT-fm_drama-33010",
    "doc_category": "SCRIPT",
    "doc_type": "fm_drama",
    "doc_name": "33010_NC_아버지가이상해10_2017.txt",
    "author": "KBS",
    "publisher": "KBS",
    "published_year": "2017",
    "doc_origin": "아버지가이상해10",
    "passage_id": "SCRIPT-fm_drama-33010-00027",
    "passage": "해설]상가 주택 앞.\n차 세워져 있고, 한 수 아이스박스 두 개, 반찬통 든 쇼핑백을 얹고 줄로 단단히 묶은 밀차를 통째로 들어 차 뒷좌석에 싣고 있다. 준영은 혜영의 캐리어를 트렁크에 싣고 있다. 미영 라영 배웅하느라 서있고, 영실은 이미 운전석에 타고 있다. 말분 보미 영식 나온다.\n말분]짐 가는 겨?\n혜영]왜 다들 나오세요. 주말마다 올 꺼라니까.\n말분]그려도 영 핼미가 허텃허고 섭햐. 암만 바뻐도 잊지 말고 와야 혀?\n혜영]예, 꼬박꼬박 올께요.\n영식]짐 다 실었네. 타 늦겠다.\n한 수]그래. 타 혜영아. 다녀올께요 장모님. (운전석으로 돌아가고)\n해설]미영/ 준영/ 라영-언니 잘 가! / 가! 주말엔 꼭 오고! / (뚜웅 흘기며) 가 얼른!\n영식/ 보미-혜영아 주말에 보자 / 잘가 혜영 조카.\n혜영]들어들 가. 외숙모, 할머니 갈께요. (차에 탄다)\n해설]영실 출발한다. 가족들 모두 떠나는 차를 향해 손 흔든다. 차 이내 멀어져 간다. 가족들 “아직 쌀쌀하다” “들어가자” 하며 안으로 향한다. 영식 얼른 기운 없는 준영을 잡아 채 한쪽으로 끌고 간다.\n영식]어떻게 됐어? 아직 얘기 못했지?\n준영](끄덕끄덕)...\n영식]불쌍한 놈.. 며칠 사이에 얼굴이 반쪽이 됐네.. 아가씨이랑은?화해했어?\n준영](도리도리)...전화도 못했어요.\n영식]어쩔려고?무조건 찾아가 빌어야지.\n준영]알아요 아는데...\n영식]맞아 죽을까봐 겁나서?\n준영]아녜요...아차피 아버지 손에 맞아 죽듯, 유주씨 손에 맞아 죽듯, 어디서든 죽게 되 있으니 그건 겁 안 나요.\n영식]근데?\n준영]...유주씨가 나 용서 안 해줄까봐.. 그게 너무 무서워.."
  },
  "Annotation": {
    "Summary1": "혜영과 영실이 떠나고 영식은 준영에게 유주에게 무조건 빌라는데 준영은 유주가 용서 안 해줄까 봐 무섭다고 한다.",
    "Summary2": "혜영과 영실이 타고 떠나려는 차에 한수와 준영은 짐을 실어 주고 미영, 라영, 말분, 보미, 영식이 나와 배웅한다. 영실과 혜영이 출발하고 나서 영식은 준영에게 아직 얘기 못했냐고 묻고 준영은 그렇다고 끄덕거린다. 영식은 준영에게 유주와는 화해했냐면서 무조건 찾아가 빌어야 된다고 말하지만 준영은 유주가 용서해 주지 않을까 봐 무서워 못했다고 말한다.",
    "Summary3": ""
  },
  "filename": "SCRIPT-fm_drama-33010-00027.json"
}