{
  "Meta": {
    "doc_id": "SCRIPT-fm_drama-46054",
    "doc_category": "SCRIPT",
    "doc_type": "fm_drama",
    "doc_name": "46054_DC_오작교형제들54_2011.txt",
    "author": "KBS",
    "publisher": "KBS",
    "published_year": "2011",
    "doc_origin": "오작교형제들54",
    "passage_id": "SCRIPT-fm_drama-46054-00006",
    "passage": "해설]여경네 주방 / 밤.\n잠옷 차림으로 앉아있는 현재와 여경. 여경 우울하고 심각한 표정으로 앉아있고, 현재 그런 여경 옆에서 지켜보고 있다.\n현재]별일 없을 거라니까?오늘 윤박사랑 내 통화해 놓고 그래? 섬유선종 같은 양성 혹일 확률이 높다잖아? 내내 건강했던 사람이 갑자기 무슨 일이 있겠어?\n여경](불안+초조)...아녜요...내가 말은 안 했지만...요즘 들어 화장도 안 먹고...손발은 차고...심장은 두근두근거리구?이상한 게 한두 가지가 아니었어요? 아무래도 느낌이 안 좋아요?\n현재](보다)...당신 일년마다 건강검진 꼬박꼬박 받았잖아? 설사 일년 사이에 뭐가 생겼다해도 작은 혹 정도거나 초기라니까?얼마든지 해결할 수 있어어!\n여경](서운해 보는)...어떻게 그렇게 남의 얘기하듯 해요?\n현재]...그럼. 그렇게 걱정되면 내일 당장 검사받으러 가? 병원 예약 당겨 놓을게?\n여경]아녜요?안돼요?내일은 아직 마음의 준비가 안됐어요?\n현재]...일단 들어가서 좀 잡시다?이렇게 밤 샐 수는 없잖아?\n여경]...당신 먼저 들어가요?난 더 있다 갈게요? (하며 다시 고민)...\n현재](그런 여경 보는) (일어나려고 엉덩이 들썩이다 도로 앉는다, 차마 못 일어난다)..."
  },
  "Annotation": {
    "Summary1": "현재는 건강에 문제가 생긴 것 같다며 초조해하는 여경을 달래지만 여경은 계속 불안해하며 현재에게 서운해한다.",
    "Summary2": "현재는 초조해하는 여경에게 윤박사의 말대로 섬유선종 같은 양성 혹일 확률이 높다며 별일 없을 거라고 하지만 여경은 요즘 몸이 이상했다며 느낌이 안 좋다고 한다. 현재가 매년 건강검진했으니 뭐가 생겼다고 해도 초기일 거라고 하자 여경은 남의 얘기하듯 한다며 서운해한다. 현재는 그럼 내일 당장 검사받으러 가겠냐고 묻고 여경은 마음의 준비가 안됐다고 한다.",
    "Summary3": ""
  },
  "filename": "SCRIPT-fm_drama-46054-00006.json"
}