{
  "Meta": {
    "doc_id": "SCRIPT-fm_drama-46027",
    "doc_category": "SCRIPT",
    "doc_type": "fm_drama",
    "doc_name": "46027_DC_오작교형제들27_2011.txt",
    "author": "KBS",
    "publisher": "KBS",
    "published_year": "2011",
    "doc_origin": "오작교형제들27",
    "passage_id": "SCRIPT-fm_drama-46027-00024",
    "passage": "해설]방송국 앞.\n태범 급하게 택시 잡는다. “택시!” 부르는데 좀처럼 오지 않는 택시. 속이 탄다. 그때 저 멀리 다가오는 수영의 차! 태범 쪽으로 다가온다. 태범 혹시나? 기대에 차서 다가가면 수영 보란 듯이 휙 태범을 스쳐 지나간다. 태범 열받아서 노려본다. “택시” 다시 외친다. 택시 다가와 선다. 태범 급하게 올라타며.\n태범]아저씨 터미널로 빨리 가주세요! 제가 좀 급해서요?.(하다 문득!) 아니아니 김포공항으로 가주세요? 30분이면 가죠? \n해설]김포공항+수영차안.\n헐레벌떡 뛰어 들어오는 태범 / 속도 점점 올려 운전하는 수영 \n공항 일각+휴게소.\n비행기 티켓 들고 시계 보는 태범. 초조하고 / 휴게소 화장실에서 급하게 나오는 수영. 얼른 차에 오른다.\n시내일각+수영차안.\n택시 잡는 태범. 택시 서면 올라타며 “무지개요양원이요?” / 차 막히는 수영...초조하다..."
  },
  "Annotation": {
    "Summary1": "택시를 잡는 태범을 수영이 스쳐지나간 후 태범은 택시를 잡아 무지개 요양원으로 향했고, 수영은 차가 막혀 초조했다.",
    "Summary2": "태범은 방송국 앞에서 급하게 택시를 잡으려고 했지만 좀처럼 잡히지 않았고, 그때 수영의 차가 태범 쪽으로 다가왔다. 태범은 자신에게 멈춰 설 줄 알았지만 수영의 차는 스쳐 지나갔고, 이내 태범은 택시를 잡아 김포공항으로 갔다. 수영은 운전하며 차가 막혀 초조했고, 태범은 비행기에서 내려 택시를 잡아 무지개요양원으로 향했다.",
    "Summary3": ""
  },
  "filename": "SCRIPT-fm_drama-46027-00024.json"
}