{
  "Meta": {
    "doc_id": "SCRIPT-fm_drama-46029",
    "doc_category": "SCRIPT",
    "doc_type": "fm_drama",
    "doc_name": "46029_DC_오작교형제들29_2011.txt",
    "author": "KBS",
    "publisher": "KBS",
    "published_year": "2011",
    "doc_origin": "오작교형제들29",
    "passage_id": "SCRIPT-fm_drama-46029-00051",
    "passage": "해설]약국 앞 거리.\n자은 걸어오며 핸드폰으로 통화 중이다.\n자은]늦어서 죄송해요 아저씨. 이제 다 와가요. 예...(끊고 다시 나서려다 보면)\n해설]약국문 열리고 태희 나온다. 태희 손에 과산화수소와 붕대를 들고 나와선다. 자은 그 모습에 저도 모르게 얼어붙듯 멈춰 선다. 태희 과산화수소 뚜껑을 열어 손에 붓는다. 쓰라려서 절로 인상을 쓰는 태희. 아~ 표정만으로 아픔을 알겠다. 자은 그 모습에서 시선 떼지 못 하고 본다. 태희 아픔을 꾹 참아가며, 한 병을 통째로 다 들이붓고, 이번에는 붕대를 풀어 감으려 시도. 그러나 왼손으로 붕대가 잘 감기지 않는다. 끙끙대다 결국 붕대를 놓친다. 이런!저만큼 풀린 붕대뭉치를 집으려 돌아보는데, 붕대뭉치를 누군가 집어 든다. 보면 자은 이다..\n태희]...\n자은]...\n해설]자은 풀린 붕대뭉치를 다시 돌돌 감는다. 태희 그 모습 본다. 자은 다 감은 붕대를 들고 다가와 선다. 자은 태희 손을 조심스레 붙잡고 붕대로 천천히 감기 시작한다. 태희 아무 말 못 하고 손을 내주고 있다가, 감기 시작하자 쓰라려 절로 움찔 움추린다. 그 모습에 자은 도 마음이 아파 움찔..\n자은]...미안해요...조금만 참아요.\n태희]...어...괜찮아.\n자은](천천히 조심스럽게 감는다)...\n태희](그런 자은 을 본다)...\n자은](말없이 붕대를 감는다)...(또다시 먹먹한 슬픔이 차오른다)...\n태희](말없이 그런 자은 을 본다)...(가슴이 뻐근하게 아려온다)\n자은](말없이 붕대를 감는다)...(가슴이 뻐근하게 아파온다)\n태희](먹먹한 슬픔이 온 몸을 뒤덮는다)...\n자은](들킬까봐 차마 고개 들지도 못 하고 말없이 붕대를 감는다)...\n태희](그런 자은 에게 시선 떼지 못 하고)...(계속 본다)..."
  },
  "Annotation": {
    "Summary1": "과산화수소를 붓고 붕대를 풀어 감으려다 놓친 태희의 손을 자은이 붕대로 감으며 둘은 말 없이 슬퍼한다.",
    "Summary2": "약국 앞 거리에서 통화하며 걸어오던 자은 앞으로 태희가 약국문을 열고 나온다. 그 모습에 자은이 얼어붙듯 멈춰 서는데 태희는 과산화수소를 손에 붓고 아픔을 참아가며 붕대를 풀어 감으려다 놓친다. 자은이 붕대 뭉치를 집어 들고 다가와 태희의 손을 붙잡고 붕대로 천천히 조심스럽게 감는데 자은과 태희 둘 다 먹먹한 슬픔에 차올라 가슴이 뻐근하게 아파온다.",
    "Summary3": ""
  },
  "filename": "SCRIPT-fm_drama-46029-00051.json"
}