{
  "Meta": {
    "doc_id": "SCRIPT-fm_drama-33014",
    "doc_category": "SCRIPT",
    "doc_type": "fm_drama",
    "doc_name": "33014_NC_아버지가이상해14_2017.txt",
    "author": "KBS",
    "publisher": "KBS",
    "published_year": "2017",
    "doc_origin": "아버지가이상해14",
    "passage_id": "SCRIPT-fm_drama-33014-00029",
    "passage": "해설]복녀 집 외경 (아침).\n복녀 거실.\n주방에서 나오는 복녀 눈에 엉망으로 어질러진 거실이 보인다. 규택 잠옷, 규택 수면양말, 규택이 쓴 수건, 면도기, 코 풀고 그대로 둔 휴지, 치코 사료 봉투 등등이 거실 여기저기 널부려져 있다. 거실 꼴에 기가 차는 복녀. 씩씩거리며 다시 주방으로 간다.\n복녀 주방.\n그사이 도시락을 싹 비운 규택 빈 도시락 통을 싱크대에 그대로 팽개쳐 둔다. 복녀 그 꼴을 보고 눈이 뒤집힌다..\n복녀]이거 설거지해 놓고 가야죠?!\n규택]나중에 할 거야.\n복녀]나중에! 언제요?! 이거 봐! (싱크대 안에는 규택이 전날 먹은 컵라면, 끓여먹은 냄비 등이 쌓여있다) 이거 다 당신이 먹고 안 치운 거잖아요!\n규택]거 참.. 나중에 한다니까.. (복녀 잔소리 피해 거실로 나가버린다.)\n해설]숙직실 앞 복도.\n주변을 경계하며 숙직실로 다가오는 라영. 손에 파스와 손목보호대를 리본까지 묶어 포장했다. 숙직실 앞으로 다가온 라영. 똑똑 노크한다. 반응 없다..\n라영](소리 낮춰) 나에요...변라영.. 걱정 말고 문 열어봐요.. (그러나 계속 반응 없다)"
  },
  "Annotation": {
    "Summary1": "복녀는 규택의 물건들로 거실이 엉망이 된 것과 싱크대에 쌓인 규택의 도시락통 등을 보고 규택에게 설거지를 하라고 한다.",
    "Summary2": "복녀는 아침에 거실에 규택의 물건들로 심하게 어질러져 있는 것을 보고 어이가 없어 말이 나오지 않는다. 주방에도 규택이 다 먹은 빈 도시락을 싱크대에 쌓아놓은 것을 보고 규택에게 설거지를 하라고 한다. 하지만 규택은 나중에 한다며 복녀 잔소리를 피해 나간다.",
    "Summary3": ""
  },
  "filename": "SCRIPT-fm_drama-33014-00029.json"
}