{
  "Meta": {
    "doc_id": "SCRIPT-fm_drama-46029",
    "doc_category": "SCRIPT",
    "doc_type": "fm_drama",
    "doc_name": "46029_DC_오작교형제들29_2011.txt",
    "author": "KBS",
    "publisher": "KBS",
    "published_year": "2011",
    "doc_origin": "오작교형제들29",
    "passage_id": "SCRIPT-fm_drama-46029-00005",
    "passage": "해설]3 엘리베리터 앞/ 밤.\n태희 다가와 서서 버튼 누른다. 이내 엘리베이터 문 열리고, 태희 올라타, 문 닫는다.\n4 엘리베이터 안/ 밤.\n태희, 갇힌 공간에 혼자 남겨지자, 온 몸이 뜨거워지는 분노에 다시금 휩싸인다.\n<플래시백> 책상 위에 놓인 사진 액자에 제하와 친모의 다정한 사진 제하...그러니까 니 형이다. (*)\n제어 불능의 상태가 되기 싫어, 이 악물고 안간힘을 다해보는 태희. 그러나 눈빛에서 느껴지는 깊은 상처와. 분노. 24년만에 처음으로, 자신의 존재를 알려온 생모다. 그런데 하필이면 이런 방식이다. 용서가 안될 것 같다. 지독한 생모다. \n5 제하 사무실/ 밤.\n책상에 뒤집혀 놓인 엄마의 사진을 집어들어 제자리에 바르게 놓는 제하. 사진을 들여다 본다. 씁쓸하고 쓸쓸하다. 예상보다 강한 태희의 거부반응이다."
  },
  "Annotation": {
    "Summary1": "태희는 제하와 친모의 사진을 떠올리며 분노하고, 제하는 태희의 거부반응이 예상보다 강하다고 생각한다.",
    "Summary2": "태희가 엘리베이터를 타고 분노에 휩싸여 제하와 친모가 다정하게 찍은 사진을 떠올린다. 태희는 자신을 제어하려고 안간힘을 다해 애쓰지만 태희의 눈에서는 깊은 상처와 분노가 느껴진다. 한편 제하는 사무실에서 책상에 뒤집힌 엄마의 사진을 제자리에 세워 놓고 바라보며 태희의 거부반응이 예상보다 강하다 생각한다.",
    "Summary3": ""
  },
  "filename": "SCRIPT-fm_drama-46029-00005.json"
}