{
  "Meta": {
    "doc_id": "SCRIPT-fm_drama-33015",
    "doc_category": "SCRIPT",
    "doc_type": "fm_drama",
    "doc_name": "33015_NC_아버지가이상해15_2017.txt",
    "author": "KBS",
    "publisher": "KBS",
    "published_year": "2017",
    "doc_origin": "아버지가이상해15",
    "passage_id": "SCRIPT-fm_drama-33015-00026",
    "passage": "해설]라영 방.\n라영 침대위에 대자로 누워있다. 온갖 허무함과 허탈함이 가득한 얼굴. <인서트 14부 31씬 영희 철수에게 작은 반지 케이스 내민다. 받아서 열어보는 철수. 씩 웃고는 철수를 향해 팔 벌리는 영희. 철수 자연스레 영희에게 안긴다.> 라영 땅이 꺼져라 한숨을 푹 내 쉬며 모로 돌아눕는다.\n<인써트 6부 40, 41씬. 9부 49씬, 50씬 / 철수가 라영에게 옷 뒤집에 씌워주는 컷 / 벤치에 앉아 우는 라영에게 옷 사이로 휴지 넣어주는 컷 / 결혼식장에서 등장하던 컷 / 어깨 감싸며 웃어주는 컷 >.\n라영](눈물 촉촉하게 고인다)...속상해... 세기의 껍데기였는데.. 완벽한 썸이었는데...(눈물 주르륵 정말 슬프다)... (자기 감정에 취해 눈물 닦는다) 울지마. 변라영. 이건.. 일종의 자연 재해야. 사람의 힘으로 어떻게 할 수가 없는 거라고...(그러나 다시 생각해도 속상하다)... 그래도 너무 속상해에... (눈물 닦고 일어나 앉는다)...아냐.. 이럴 꺼 없어.. 나만 속상한 거 아니잖아.. 일종의 공공재 같은 거라고 생각하면 되는 거야.. 어차피 다른 여자도 못 만나는 거니까..."
  },
  "Annotation": {
    "Summary1": "라영은 영희와 철수의 관계를 생각하며 어떻게 할 수 없는 현실에 슬퍼하지만, 다른 여자도 못 만나니 괜찮다고 생각한다.",
    "Summary2": "라영은 허무한 얼굴로 침대 위에 누워 영희가 철수에게 반지케이스를 내밀고 포옹하는 장면을 떠올리며 한숨을 내쉰다. 완벽했다고 생각했던 철수와의 순간들을 생각하는 라영은 어떻게 할 수 없는 현실에 눈물 흘린다. 너무 속상하지만 그래도 다른 여자도 못 만나는 일종의 공공재라고 생각하면 된다며 눈물을 닦고 앉는다.",
    "Summary3": ""
  },
  "filename": "SCRIPT-fm_drama-33015-00026.json"
}