{
  "Meta": {
    "doc_id": "SCRIPT-fm_drama-46029",
    "doc_category": "SCRIPT",
    "doc_type": "fm_drama",
    "doc_name": "46029_DC_오작교형제들29_2011.txt",
    "author": "KBS",
    "publisher": "KBS",
    "published_year": "2011",
    "doc_origin": "오작교형제들29",
    "passage_id": "SCRIPT-fm_drama-46029-00018",
    "passage": "해설]주방.\n복자 쟁반에 밥 먹은 그릇들 걷어서 들어온다. 뒤따라 갑년 찌개냄비 들고 들어온다. 복자 쟁반을 놓으면, 갑년도 가져다 놓는다.\n갑년]저 화상 대답허는 꼴이 석삼 년은 걸릴 꺼 같어 예진이헌티 얘기하려면...(의자 빼서 앉는다) 으유후...팔자에 없는 손자가 생긴 너헌티다 비할 바는 아니지만도...워쩌자고 이 나이에 팔자에도 없는 꺼먼 증손자가 다 생겼을꼬...나는 안즉도 밥 먹다가 갸 얼굴만 보믄 깜짝깜짝 놀래애...넌 안그려?\n복자]...요새는 원체 국수같은 애들 많잖아유 엄니?지는 시간이 갈수록 받아들이야지 싶어유...팔자에 있으니께 왔것지 팔자에도 없는데 왔것어유?\n갑년]...그려 그려서 내가 말혔잖여. 손자가 생긴 너헌티다 비헐 바냐고?\n복자]국수 지가 키워준다고 할까봐유 엄니?\n갑년](보는)...\n복자]지가 키워준다고 해도 예진이가 받아들일지 말지도 모르는 일이구유...워쨌거나 그래야 워떤 결말이 나든 지 원망은 안 할 꺼 아녜유?장남이라고 키우면서 변변허게 뒷바라지해준 것도 없는데 이럴 때 한 번, 지가 저러구 예진이 없으면 못살것다는 디유.\n갑년]만에 하나 그러다 덜컥 예진이가 결혼허것다 그라믄 너 꼼짝없이 자식 또 하나 키워야 하는 겨?너도 인자 낼 모리면 환갑여?\n복자](애써 웃는)...그람 늦둥이 하나 봤다구 치쥬 뭐...어차피 이사도 가야 허고 새로운 맴으로다유.\n갑년]너두 차암 팔자가 박복허다...이려서 이름을 잘 지어야 허는 겨. 박복자가 뭐여? 박씨헌티다 복자가?.임씨헌티다 신중 못잖여."
  },
  "Annotation": {
    "Summary1": "갑년은 팔자에 없는 증손자가 생겼다며 한탄하는데 복자는 받아들여야지 싶다며 국수는 자기가 키워줘야겠다고 말한다.",
    "Summary2": "갑년이 어쩌자고 팔자에 없는 증손자가 다 생겼냐고 한탄하자 복자는 자기는 받아들여야지 싶다며 팔자에 있으니까 왔지 않게냐 한다. 복자는 국수를 자기가 키워준다 할까 보다며 어쨌든 자기 원망을 안 할 거 아니냐 한다. 갑년이 예진이 결혼하겠다 그러면 자식 또 하나 키워야 되는 거라고 하자 복자는 늦둥이 하나 봤다고 치겠다며 애써웃는다.",
    "Summary3": ""
  },
  "filename": "SCRIPT-fm_drama-46029-00018.json"
}