{
  "Meta": {
    "doc_id": "SCRIPT-fm_drama-33008",
    "doc_category": "SCRIPT",
    "doc_type": "fm_drama",
    "doc_name": "33008_NC_아버지가이상해08_2017.txt",
    "author": "KBS",
    "publisher": "KBS",
    "published_year": "2017",
    "doc_origin": "아버지가이상해08",
    "passage_id": "SCRIPT-fm_drama-33008-00018",
    "passage": "해설]본부장실 앞 복도.\n미영 긴장한 듯 종종걸음으로 걸어온다. 입구에 멈춰 서서 본부장실 이라고 붙어있는 문패 보고 잠시 발 동동 거리고 볼 짝짝 때린다. 조심스럽게 노크하는 미영..\n강본부장e]들어와.\n해설]가비엔터 복도.\n미영 걸어오고 있는데 미영 머리 뒤에 ‘정직원, 1년, 정직원, 1년버티면, 정직원’ 자막이 졸졸졸 따라붙어 온다. 미영 “정직원..” 중얼거리다. 온 몸으로 좋아한다. 머리위 자막 휙휙 날아 꽃가루처럼 휘날린다.\n미영]그래! 변미영! 할 수 있어!. 그럼 일단.. 태부 선배님께 전화를 (핸드폰 꺼내든다.)\n해설]매니지먼트 1팀 사무실.\n책상 앞에 앉아 모니터에 포털 띄워두고 검색 중인 미영. ‘치질에 좋은 것’ ‘치질 병문안’ 등을 검색해 수첩에 꼼꼼하게 적는다. 그리고 한글 창 열어 커다란 글씨로 반,성.문. 쓰는 미영.\n태부e]뭐 별거 있겠냐.. 치질에 좋은 거 양손 무겁게 사 오고... 진심으로 사죄를 좀 하고.. 아?! 너 반성문 써 와라. 그거 써 오면 그래도 좀 풀리시지 않겠냐?"
  },
  "Annotation": {
    "Summary1": "미영은 정직원이 되기 위해 1년만 버티자고 생각하며 치질에 좋은 것을 준비하며 반성문을 쓰고 있다.",
    "Summary2": "미영은 긴장한 듯 조심스럽게 본부장실을 노크한다. 미영은 정직원이 되기 위해 1년만 버티자고 다짐한다. 미영은 태부의 조언대로 치질에 좋은 것을 검색해 병문안을 꼼꼼하게 준비하고 반성문을 쓰고 있다.",
    "Summary3": ""
  },
  "filename": "SCRIPT-fm_drama-33008-00018.json"
}