{
  "Meta": {
    "doc_id": "SCRIPT-fm_drama-46029",
    "doc_category": "SCRIPT",
    "doc_type": "fm_drama",
    "doc_name": "46029_DC_오작교형제들29_2011.txt",
    "author": "KBS",
    "publisher": "KBS",
    "published_year": "2011",
    "doc_origin": "오작교형제들29",
    "passage_id": "SCRIPT-fm_drama-46029-00028",
    "passage": "해설]고시원 방.\n자은 가방 메고 스케치북 등 챙겨 들고 일어선다. 노크소리. 자은 누굳이? 돌아본다. “누구세요?” 다가가 문을 연다. 사채1,2가 들이닥친다. 자은 당황해 얼른 뒤로 물러선다.\n사채1]아니 이게 누구야? 백자은이 아니야?정윤숙이 어딨는지 모른다면서?\n자은](당황스러운 뒷걸음질 치지만 더 물러날 데도 없다)...\n사채1]정윤숙이 어디 갔어?\n자은]...나갔어요...\n사채1]언제 들어와?언제 들어오냐구우?\n자은](도리도리)...몰라요...\n사채1]무조건 모른다는 말이 이제 통할 꺼 같애?\n자은](두려움 가득해 보는)...\n사채2]정윤숙이한테 전화 걸어...(하다) 핸드폰 이리 내놔.\n자은](손에 핸드폰 들고 당황스럽다)...\n해설]복도.\n윤숙 걸어오는데 소리가 들려온다..\n사채1E]핸드폰 이리 내놓으라니까?\n자은E]아...핸드폰 줘요. 주세요 (하다 바닥에 쓰러지는 소리와 함께) 아!\n해설]윤숙 놀라 그 자리에 우뚝 선다. 놀라고 당황해 잠시, 이내 뒤돌아 도망간다."
  },
  "Annotation": {
    "Summary1": "사채1과 사채2가 윤숙에게 전화걸라며 자은의 핸드폰을 뺏으려 하고 복도를 걸어오던 윤숙은 이 소리를 듣고 도망간다.",
    "Summary2": "고시원에서 자은이 스케치북 등을 챙겨 들고 일어서는데 노크 소리가 들리며 사채1과 사채2가 들이닥친다. 윤숙이 언제 들어오는지 모른다고 답하는 자은에게 사채1은 모른다는 말이 이제 통할 것 같냐고 하고 사채2는 윤숙이한테 전화 걸라며 핸드폰을 뺏으려 한다. 이때 복도를 걸어오던 윤숙은 방안의 소리를 듣고 잠시 놀라 당황해하다가 뒤돌아 도망간다.",
    "Summary3": ""
  },
  "filename": "SCRIPT-fm_drama-46029-00028.json"
}