{
  "Meta": {
    "doc_id": "SCRIPT-fm_drama-33014",
    "doc_category": "SCRIPT",
    "doc_type": "fm_drama",
    "doc_name": "33014_NC_아버지가이상해14_2017.txt",
    "author": "KBS",
    "publisher": "KBS",
    "published_year": "2017",
    "doc_origin": "아버지가이상해14",
    "passage_id": "SCRIPT-fm_drama-33014-00024",
    "passage": "해설]복녀 거실.\n규택 주방에서 나오면 복녀 조르르 따라 나와서 거실에 둔 규택 잠옷, 수면양말, 수건 등등을 집어 들며 잔소리를 이어간다.\n복녀]이거 봐요! 당신 잠옷, 양말, 샤워 한 수건! 이걸 이렇게 두면 누구더러 치우라 는 거에요? 당신 뱀이에요? 무슨 허물을 이렇게 여기저기 벗어놔?!\n규택]아침부터 거 시끄럽게.. 내비둬! 나중에 다 한 번에 치울테니까. (복녀 무시하고 서재로 향한다)\n복녀](규택 뒤에다 대고) 나중에 언제에!\n규택]나아중에! 난 상관없으니까 정 못 견디겠음 당신이 치우던지?! (서재 문 닫고 들어가 버린다.)\n복녀]저 인간이 진짜아! (손에 들고 있던 규택 잠옷, 양말, 수건 다시 팽개친다) 안해!그래 어디 누가 이기나 두고 보자. 지가 쓸 수건 없으면 어쩔 수 없이 빨래하고 치우겠지!\n해설]그때 울리는 초인종 소리. 아침부터 뭔가 싶어 인터폰으로 다다가는 복녀. 서재 문 벌컥 열리더니 규택 반색을 하며 나와 현관으로 나간다. 복녀 뭔가 싶어 지켜보고 있으면 규택 커다란 택배 박스 세 개를 받아들고 들어온다..\n복녀]이게 다 뭐에요?\n규택]내 생필품이야..\n해설]택배박스 거실에 내려놓고 북북 뜯는 규택. 택배 박스 안에서 속옷 30개, 수건 30개, 양말 30개가 나온다. 흡족한 표정으로 속옷, 수건, 양말을 끌어안고 서재로 들어가는 규택. 어이없어서 멍하니 그 꼴을 지켜보던 복녀 규택이 서재 문 탁 닫고 나서야 정신이 든다. 주변을 둘러보면 널부러진 택배 상자와, 포장 비닐들.. 어이가 없다.\n복녀]이거 당장 안 치워요?!\n규택e]내가 알아서 해!\n복녀](울그락 불그락 성질이 나서 못견디겠다)...야 차규태액!\n해설]그러나 규택 그대로 서재로 들어가 문 쾅 닫아버린다. 복녀 기절 하겠다."
  },
  "Annotation": {
    "Summary1": "복녀는 규택이 거실에 아무렇게나 던져놓은 속옷 때문에 규택에게 시비를 걸고, 규택은 한 달 치 속옷 등을 시킨다.",
    "Summary2": "복녀는 규택이 벗어놓은 잠옷과 수건 등을 집어 들고 누구더러 치우라는 거냐며 시비를 걸고, 규택은 나중에 치우겠다며 서재로 들어가 버린다. 이때 초인종이 울리고 규택은 반색을 하며 택배를 받아오는데 상자 안에는 속옷과 수건, 양말이 30개씩 들어있다. 쓸 것이 없으면 치우겠지 싶었던 복녀는 어이가 없고, 규택은 흡족하게 물건을 안은 채 서재로 들어간다.",
    "Summary3": ""
  },
  "filename": "SCRIPT-fm_drama-33014-00024.json"
}