{
  "Meta": {
    "doc_id": "SCRIPT-fm_drama-46014",
    "doc_category": "SCRIPT",
    "doc_type": "fm_drama",
    "doc_name": "46014_DC_오작교형제들14_2011.txt",
    "author": "KBS",
    "publisher": "KBS",
    "published_year": "2011",
    "doc_origin": "오작교형제들14",
    "passage_id": "SCRIPT-fm_drama-46014-00004",
    "passage": "해설]4 복자집 태희방 /밤.\n태범](저도 모르게 토해놓고, 속상하다)...\n태필](태범 표정 느낀다)...엄마는 왜 괜한 얘긴 꺼내가지고...\n복자]...그려어 엄마가 공연한 얘기 꺼냈어...그려도 워쩌 이미 지난 일...인연이 아니라 그런거지 니 아버지 탓만은 아녀 태 범아?\n태범](에이)...알아요...저두 이런 소리하려던 게 아닌데...죄송해요.\n복자]...죄송까지 헐 일은 아니고...그러니께 한 번만 더 잘 생각혀봐...엄마가 얼핏 봐서 잘은 모르것지만, 그 수영이란 아가씨 뭐하나 흠잡을 데 없어 보였어...그리고 워쨌거나...뱃속에 니 얼라가 있잖어?\n태필]엄마 작은형 얘기도 일리는 있어...작은형 인생도 있는 건데...\n복자](태필에게 표정으로 가만 있으라고)...\n태희](문 열고 들어선다)...\n복자]태 범아 한 번만 더?그리고 일단은 아버지 말씀대로아가씨부터 집에 데려오고?둘째야! 엄마가 이러고 사정하는데 대답 안혀?\n태범](후, 미치겠다. 결국)...예...물 좀 줘 (태희 다가가 컵 내밀고)...\n복자]...고마워...(일부러 태범과 눈 마주치고 웃어 보이는)...그라고 좀 웃어어...엄마는 드뎌 며느리도 보고 손주도 보고 허나 싶어 어깨춤이 절로 날라고 허구만.\n태필](복자에게 얼른 그런 소리 말라고 표정 지어 보이고)...\n태범](정색한다)엄마!차팀장 데려와 인사만 시키는 거라니까요?차팀장이 뭐라든 제 결심은 변하지 않아? 엄마가 이런 생각이면 저 아예 차팀장 데려오지도 않아요?\n복자]그려그려 엄마가 너무 앞서갔어. 후퇴후퇴!(얼른 고개 끄떡이며 태범 비위 맞춘다)\n태범](미치겠다 진짜)..."
  },
  "Annotation": {
    "Summary1": "태범은 복자가 수영의 뱃속에 태범의 아기가 자라고 있으니 빨리 인사 시키라는 하자 마지못해 인사 시키겠다고 했다.",
    "Summary2": "태희 방에서 태범과 태필 복자가 대화를 하고 있었다. 복자는 수영의 뱃속에 태범의 아이가 자라고 있으니 집에 데려와 인사를 시키라며 며느리와 손주를 볼 생각에 어깨춤이 절로 나려 한다고 했다. 태범은 복자의 성화에 마지못해 수영을 데려와 인사 시키겠다고 했다.",
    "Summary3": ""
  },
  "filename": "SCRIPT-fm_drama-46014-00004.json"
}