{
  "Meta": {
    "doc_id": "SCRIPT-fm_drama-33015",
    "doc_category": "SCRIPT",
    "doc_type": "fm_drama",
    "doc_name": "33015_NC_아버지가이상해15_2017.txt",
    "author": "KBS",
    "publisher": "KBS",
    "published_year": "2017",
    "doc_origin": "아버지가이상해15",
    "passage_id": "SCRIPT-fm_drama-33015-00042",
    "passage": "해설]스튜디오 주차장.\n유주와 아트팀 직원, 주차된 차 트렁크에서 촬영 소품 박스들 꺼낸다. 다 꺼낸 후 트렁크 닫고 스튜디오를 향해 걸어가는 유주와 아트팀 직원.\n유주](좀 찜찜하고 걱정된다)오늘 안중희도 같이 촬영한다 그랬지?\n직원]네, 안중희가 먼저 촬영해서 (시계 보고) 이미 끝났을 것 같은데요? 그쪽은?\n유주]그래?(미영과 안 마주쳐도 된다 싶다) 다행이네..\n직원]뭐가요?\n유주]아니야.\n해설]스튜디오 복도.\n소품 박스 들고 복도를 걸어오고 있는 유주와 아트팀 직원. 복도 저 끝에서 시끌시끌한 소리가 난다. 보면 중희, 미영, 초롱이 촬영을 끝내고 스튜디오 문 열고 나오고 있다. 미영 스튜디오 문 안쪽에다 대고 “수고하셨습니다.” 인사하고. 유주 미영 보고 살짝 당황스럽다.\n유주](직원에게 소품 박스 넘기며) 저기. 나 화장실 좀 갔다 올게. (미영이 서 있는 복도 반대쪽으로 걸어간다)\n직원](아슬아슬하게 박스 받고 급하게) 팀장님! 화장실 반대 쪽인데...\n해설]유주 이미 멀찌감치 걸어 복도 끝으로 사라졌다. 어깨 으쓱하고 다시 스튜디오로 향하는 직원 옆을 미영, 중희, 초롱이 스쳐간다."
  },
  "Annotation": {
    "Summary1": "유주가 미영과 마주치지 않을 거라 생각하고 있었지만 이내 스튜디오 복도에서 미영을 발견하곤 당황해 급히 사라진다.",
    "Summary2": "유주와 아트팀 직원이 차 트렁크에서 촬영 소품 박스들을 꺼내어 스튜디오를 향해 걷는다. 직원이 안중희가 먼저 촬영해서 이미 끝났을 것 같다고 하자 유주는 미영과 마주치지 않을 거란 생각에 안도한다. 소품 박스를 들고 복도를 걷던 유주가 촬영을 끝내고 스튜디오 문을 열고 나오는 미영을 발견하고 당황스러워 직원에게 소품 박스를 넘기며 급히 사라진다.",
    "Summary3": ""
  },
  "filename": "SCRIPT-fm_drama-33015-00042.json"
}