{
  "Meta": {
    "doc_id": "SCRIPT-fm_drama-46031",
    "doc_category": "SCRIPT",
    "doc_type": "fm_drama",
    "doc_name": "46031_DC_오작교형제들31_2011.txt",
    "author": "KBS",
    "publisher": "KBS",
    "published_year": "2011",
    "doc_origin": "오작교형제들31",
    "passage_id": "SCRIPT-fm_drama-46031-00005",
    "passage": "해설]제하 사무실/ 밤.\n제하 화나 문 쾅 닫고 들어온다. 제하 책상으로 다가가 웃옷 벗어 의자에 휙 던진다. 냄비서 뒤따라 들어오다 그 모습에 주춤 다가와 선다..\n냄비서]...전하셨어요?\n제하](휙 화나 돌아보는) 전했어. 전했다구? 어머니 돌아가셨다구 발음도 또박또박 쥐며느리라도 알아듣게 전했다구? 그런데도 또 씹어? 어머니가 돌아가셨다는 데? 지 낳아준 어머니가 돌아가셨다는 데, 끝까지 한마디도 안물어! 단 한마디도!\n해설]안방/밤.\n복자 걸레질을 하고 있다. 창식 들어온다..\n창식]이불 내려?\n복자]좀 있다요. 졸려요?\n창식]아냐. 닦길래...(앉는다)...태범이한테 한 번 알아보라고 해야겠어. 김홍이 그 김홍인지?\n복자](보는)...계속 걸려유?\n창식]영 찜찜해...만약 맞다면...하고 많은 농장 놔두고 왜 하필이면 우리 농장이야?작정하고 샀다는 얘기 아냐?그러는 거 아니지...제수 씨가 우리한테 그러는 건 아냐.\n복자]만약 올케가 한국에 돌아왔시믄...그람 태희 보것다고 하면요?\n창식](보는) 무슨 말 같잖은 소리야?지 자식 버리고 간 여자야? 태희 만날 자격 없어.\n복자](보다) 엄니방 좀 들여다 봐요...안 그래도 이맘 때 늘 심들어 하시잖아요"
  },
  "Annotation": {
    "Summary1": "제하는 낳아준 어머니가 돌아가셨는데 한마디도 안 물어본다고 화를 내고 창식은 김홍이 본인 농장을 산 건지 찝찝해 한다.",
    "Summary2": "제하는 사무실로 들어와 낳아준 어머니가 돌아가셨다고 전했는데 한마디도 안 물어본다고 화를 낸다. 안방에 창식이 들어오며 복자에게 김홍이 맞는지 알아봐야겠다고 하며 맞는다면 하필 본인의 농장을 샀는지 찝찝하다고 한다. 복자가 올케 얘기를 하자 창식은 자식 버리고 간 여자가 감히 태희를 만나려고 하느냐 하자 복자는 어머니의 방을 들여다보라고 한다.",
    "Summary3": ""
  },
  "filename": "SCRIPT-fm_drama-46031-00005.json"
}