{
  "Meta": {
    "doc_id": "SCRIPT-fm_drama-33001",
    "doc_category": "SCRIPT",
    "doc_type": "fm_drama",
    "doc_name": "33001_NC_아버지가이상해01_2017.txt",
    "author": "KBS",
    "publisher": "KBS",
    "published_year": "2017",
    "doc_origin": "아버지가이상해01",
    "passage_id": "SCRIPT-fm_drama-33001-00035",
    "passage": "해설]사진관 안.\n문 열고 긴 외투 입은 미영 들어선다. 사진관 아저씨 일하고 있다 “어서 오세요?” 돌아본다. 각종 의상 등 갖춰진 취준생 사진을 전문적으로 찍어주는 사진관이다..\n미영]안녕하세요?증명사진 좀 찍으려구요. 이력서용이요.\n아저씨]저쪽에 거울랑 다 준비되어 있으니까 준비하고 나와요.\n미영]녜 (향한다)\n해설]거울을 보는 미영, 스튜어디스처럼 단정한 쪽머리를 하고, 파우치로 얼굴결 정돈 중이다. 립스틱도 가볍게 바른다. 비치된 정장 상의를 걸쳐 입는다. 다시 한 번 거울을 보는데.\n아저씨E]준비 다됐으면 나와요.\n미영](거울 보다)...네...(돌아서 향한다).\n해설]그제야 드러나는 하의는 츄리닝이다. 츄리닝 하의에, 정장용 상의를 입고, 의자에 앉는 미영. 아저씨의 지시를 따라 카메라를 향해 어색하고 애매한 표정과 미소를 짓는다. 아저씨 사진 찍으며 미영에게 다양한 표정을 요구하며, 찰칵! 찰칵! 찰칵!\n아저씨E]자...웃어요 스마일!아니아니 아랫니까지 다 보이면 안되요 윗니만 보이게. (찰칵!)\n해설]자 이번에는 입 다물고 미소~ 아니 좀 자연스럽게 그렇지 (찰칵!) 자 이번엔 측면. 셀카 찍는 쪽으로 앉습니다...몰라? 모르면 대충 돌아 앉아요. 자 어깨 내리고, 그렇지 (찰칵!)\n<시간 경과> 모니터 화면에 미영의 사진 떠있다. 아저씨 포토샵 중이고, 그 옆에 나란히 앉은 미영, 포토샵 중인 모니터를 바라보며.\n미영]...아저씨 턱 좀 더 깎아주시면 안되요?눈도 조금만 더 키워 주시면 좋은데?\n아저씨]너무 그렇게 실물과 차이가 나면 면접관들이 배신감 느낀다던데?\n미영]...그래도...너무는 말구요...조금만 더요.\n해설]모니터 사진 속 미영의 턱도 깎여나가고, 눈도 조금 키워진다. 아저씨 뒤에서 그 모습 바라보며 기분이 좋아져 혼자 배시시 웃는 미영."
  },
  "Annotation": {
    "Summary1": "미영이 이력서용 증명사진을 찍으러 사진관에 가서 사진을 찍는다.",
    "Summary2": "미영이 이력서용 증명사진을 찍으러 사진관에 간다. 준비를 하고 아저씨의 요구에 따라 사진을 찍는다. 미영이가 포토샵 중인 사진을 보며 수정을 요구하자 아저씨는 수정을 해준다.",
    "Summary3": ""
  },
  "filename": "SCRIPT-fm_drama-33001-00035.json"
}