{
  "Meta": {
    "doc_id": "SCRIPT-fm_drama-46029",
    "doc_category": "SCRIPT",
    "doc_type": "fm_drama",
    "doc_name": "46029_DC_오작교형제들29_2011.txt",
    "author": "KBS",
    "publisher": "KBS",
    "published_year": "2011",
    "doc_origin": "오작교형제들29",
    "passage_id": "SCRIPT-fm_drama-46029-00038",
    "passage": "해설]37 편집실.\n생각에 잠겨 있는 태범...수영의 말이 내내 신경이 쓰인다...떨쳐버리고 태범 편집화면 플레이 시킨다. 빌딩 앞에서 스탠딩 멘트하려 서있는 태범 화면에 잡힌다. 카메라 초점 맞추며 준비 중에 있다.\n태범](카메라 보며)...괜찮아? 옆으로 갈까?\n카메라E]잠시만요 선배? (초점 다시 맞추는).\n태범](보며 과장된 억양으로) 아이비씨 뉴스 황태범입니다! (싱긋) (더 자신감 넘치게) 아이비씨에서 제일 잘 나가는 황태범입니다!\n카메라E]갑시다! 큐!\n태범](진지하게 카메라 보며) 이번 판결로 대형 유통업체들의 횡포에 제동이 걸릴지 주목됩니다. 아이비씨 뉴스 황태범입니다..\n해설]스톱 버튼 누르는 태범. 화면속 자신감 넘치는 자신의 모습을 바라본다.\n수영E]내가 아는 황태범은 그렇게 당당한 황태범이었어? 넘치는 자신감과 능력으로 세상을 호령할 듯 기세등등 위풍당당한 황태범이었어?\n태범]..."
  },
  "Annotation": {
    "Summary1": "태범은 편집화면을 플레이 시켜 자신감 넘치게 스탠딩 멘트를 하는 자기 모습을 본 후 수영이 태범에 대해 한 말을 떠올린다.",
    "Summary2": "편집실에서 태범은 수영의 말이 신경이 쓰이지만 떨쳐내고 편집화면을 플레이 시킨다. 빌딩 앞에서 태범이 스탠딩 멘트를 하려고 있는 모습이 카메라에 잡히고 큐 사인이 떨어지니 태범이 자신감 넘치게 멘트를 한다. 태범은 화면을 정지시키고 수영이 태범에게 '자신이 아는 황태범은 넘치는 자신감과 능력으로 세상을 호령할 듯 당당했다'라고 말한 것을 떠올린다.",
    "Summary3": ""
  },
  "filename": "SCRIPT-fm_drama-46029-00038.json"
}