{
  "Meta": {
    "doc_id": "SCRIPT-fm_drama-33009",
    "doc_category": "SCRIPT",
    "doc_type": "fm_drama",
    "doc_name": "33009_NC_아버지가이상해09_2017.txt",
    "author": "KBS",
    "publisher": "KBS",
    "published_year": "2017",
    "doc_origin": "아버지가이상해09",
    "passage_id": "SCRIPT-fm_drama-33009-00054",
    "passage": "해설]동네 길(밤).\n한 수 혜영 나란히 걸어온다. 두 사람 아직 조금 서먹한 느낌 남아 있다.\n한 수]...그.. 친구는 많이 친한 친구야?\n혜영](보는)...예..뭐.. 그러니까 같이 살자고 하죠.\n한 수]...폐 되는 거 아니겠지?\n혜영]...그럼요.. 월세 낼껀데요.\n한 수]...그래 그럼...그렇게 해... 독립하라고.\n혜영](멈춰서 본다)...아빠?\n한 수]대신 주말에는 꼭 와야 해?\n혜영]...그럼요.\n한 수]...아빠이...서운해서 그랬어.. 한 번도 생각해 본 적이 없거든.. 결혼 전에 니들이 독립할 꺼라고는...섭섭했지?\n혜영]...아아뇨...\n한 수]...나이서도 밥 꼬박꼬박 챙겨 먹어야 한다. 특히 아침에 아무리 바빠도 주스 한잔 떡 한쪽은 챙겨 먹어야 해!\n혜영]그럼요...내이 앤이?\n한 수]애지 그럼.. 니들은 늙어 줄을 때까지 엄마 아빠한테는 애야..(빙그레)...이자.\n해설]한 수 다시 나선다. 혜영 그런 아버지 바라보며 콧끝이 시큰하고 눈시울이 붉어진다. 얼른 외면해 수습하고 다이와 “아빠!” 부른다. 한 수 돌아보면 혜영 다이와 아빠에게 이방 내민다. 한 수 익숙한 듯 빙그레 받아서 혜영의 이방을 어깨에 매면, 혜영 이번엔 아버지 손 잡는다. 혜영 예쁘게 미소 짓는다.\n혜영]...주말마다 꼭 올께요.\n한 수](끄덕이는)...\n해설]부녀 손 꼭 잡고 걷는다. 혜영 아빠 손을 흔든다. 한 수도 빙그레 마주 흔든다. 어린 시절 자주 그랬듯.. 부녀 손 흔들며 밤 거리를 걸어온다. <인써트 – 한 수와 어린 딸이 손 맞잡고 걸어온다. 한 수 어깨에 딸의 책이방을 메고 있고, 어린 혜영은 아빠에게 당당히 이방 맞기고 아빠 손 잡아 흔들면서 도도히 걷고 있다>"
  },
  "Annotation": {
    "Summary1": "한수는 혜영의 독립을 허락하고 한수의 당부에 울컥한 혜영이 한수에게 다가가 가방을 맡기고 손을 잡고 걷는다.",
    "Summary2": "한수는 혜영과 함께 걸으며 대화를 나누다 독립을 허락하고, 놀란 혜영에게 주말에는 꼭 집에 오라고 말한다. 한수는 연이어 서운하고 놀라서 그랬다며 독립해서도 꼭 밥을 챙겨 먹어야 한다고 당부한다. 혜영은 눈물을 참으며 한수에게 가방을 건네고, 한수의 손을 잡고 주말마다 꼭 오겠다 약속한다.",
    "Summary3": ""
  },
  "filename": "SCRIPT-fm_drama-33009-00054.json"
}