{
  "Meta": {
    "doc_id": "SCRIPT-fm_drama-33010",
    "doc_category": "SCRIPT",
    "doc_type": "fm_drama",
    "doc_name": "33010_NC_아버지가이상해10_2017.txt",
    "author": "KBS",
    "publisher": "KBS",
    "published_year": "2017",
    "doc_origin": "아버지가이상해10",
    "passage_id": "SCRIPT-fm_drama-33010-00014",
    "passage": "해설]정환 오피스텔(아침).\n들려오는 핸드폰 소리. 침대에 뻗어 자고 있는 사람 정환이다.\n 핸드폰 계속 울리면서 [호두♥] 뜨는데, 정환 못 듣고 계속 잔다.\n해설]건물 입구.\n혜영 한 손에 커피 잔 들고, 다른 손으로 핸드폰 귀에 대고 걸어와 입구에 선다..\n혜영](핸드폰 떼내 끊는다) 완전히 뻗었다 이거지? 임연지와 술을 마시고?. 아냐 변혜영아.. 지금은 모닝이고, 손에는 커피가 있고, 너는 오늘따라 더 예쁘고.. 기분 좋게 하루를 시작하는 거야...차까기. 나중에 보자. (등으로 문 밀고 안으로 들어간다)... \n해설]정환 사무실.\n정환 cp에게 불려와 욕 듣는 중이다.\nCP]...지금이 몇 신데 이제 출근을 해?\n정환](일부러 뚜웅)...프로그램도 막 내렸는데 일찍 와서 뭐해요?\nCP]너 막 나가기로 했냐?\n정환]...아녜요... 다음 프로는 언제쯤 결정해 주실 꺼에요?\nCP]당분간 대기하 랬잖아. 그리고 내일 한피디 프로 야외 촬영 좀 해..\n정환]한피디면 한정수요? 저보고 정수 야외를 찍으라구요?\nCP]월급 따박따박 받으면서, 월급 루팡 하고 싶어? 밥값은 해야지.\n정환]부장님??저 프로그램 마무리도 해야 하구요(채어)\nCP]그리고 (책상 옆 쓰레기통 고개짓) 쓰레기통도 좀 비워. (일어나 간다)\n정환](아호. 열 받고)..."
  },
  "Annotation": {
    "Summary1": "정환은 임연지와 술을 먹고 뻗어버렸고 혜영은 화를 참는데, 지각한 정환에게 CP는 한정수의 야외 촬영을 시킨다.",
    "Summary2": "정환은 핸드폰도 못받고 자고 있고 임연지와 술을 먹고 뻗은 정환에게 혜영은 화가 나지만 아침이니 참으려 한다. 정환은 CP에게 불려와 혼이 나는데 정환은 뚱하게 반응하고 다음 프로를 묻는다. 한정수의 야외 촬영을 하라는 CP에게 정환은 따지지만 밥값은 하라고 하며 쓰레기통도 비우라 한다.",
    "Summary3": ""
  },
  "filename": "SCRIPT-fm_drama-33010-00014.json"
}