{
  "Meta": {
    "doc_id": "SCRIPT-fm_drama-33009",
    "doc_category": "SCRIPT",
    "doc_type": "fm_drama",
    "doc_name": "33009_NC_아버지가이상해09_2017.txt",
    "author": "KBS",
    "publisher": "KBS",
    "published_year": "2017",
    "doc_origin": "아버지가이상해09",
    "passage_id": "SCRIPT-fm_drama-33009-00015",
    "passage": "해설]타이틀. 아버지가 이상해..\n안방.\n한 수 영실 앉아 있고, 혜영 마주 앉아 있다.\n영실](혜영 보며)... 무슨 얘기길래?\n한 수]그래 아부지도 궁금하다.. 무슨 얘기야?\n혜영](마음 한구석 조금 찔려서 조심스레 얘기 꺼낸다) 실은전부터 출퇴근하는데 시간 소모, 체력 소모가 너무 커서 회사 근처 원룸이라도 얻을까 생각했었거든요.. 근데 며칠 전 친구가 같이 살자고 제안을 했어요.. 강남 오피스텔에서 혼자 사는데, 월세가 너무 올라서 도저히 감당이 안된다고 같이 월세 부담하며 살면 어떠냐구요? 방도 두 개니 둘이 충분히 산다구요.\n영실]...그러니까.. 나가 살고 싶다고?\n혜영]예.. 그렇지만 주 중에만요. 주말에는 집에 올꺼니까. 백프로 완벽한 독립은 아니에요..\n한 수]그래도 독립은 독립이지?(내심 놀랍고 와락 서운하다. 맏딸의 독립 생각도 안 해봤다)...\n영실]친구는 어떤 친군데?\n혜영](내심 찔려서 열심히 둘러 댄다) 대학 친구에요.. 엄마 모르는.. 그 친구도 집은 성남인데 직장 때문에 독립해 나온 거거든요.\n영실]출퇴근이 너무 고되기는 하지. 한 시간이 훌쩍 넘으니.. 그래도 친구에게 폐가 되는 거 아냐?\n혜영]친구가 먼저 제안한 거라니까...\n영실](끄떡이다 한 수 본다) 당신 생각은 어때? 출퇴근하는 주중만이면 괜찮을 것도 같은데?\n혜영](얼른) 그럼요 주말은 무조건 집에 와서 보낼 거야.\n한 수](표정 굳어져 선뜻 반응 안고))...\n혜영](한 수 표정에 열심히 어필)...사실 저도 집에서 다니는 게 젤 좋죠. 하지만 현실적으로 출퇴근 시간은 너무 길고, 일은 점점 많아지고 체력적으로 부치고.. 숙직실에서 자는 것도 하루 이틀이지, 다음날 찌뿌드하고 하루 종일 피곤한 건 말할 것도 없구요.\n영실](그 말에 좀 미안해진다, 한 수 보면)...\n한 수](표정 여전하다)...그래.. 무슨 말인지 알았어. 생각해 볼테니까 일단 출근해.\n혜영](아빠 표정 느낀다)...예, 아빠.. (엄마 아빠 보며) 잘 고려해 봐 주세요. (일어난다)\n영실](역시 한 수 살피다가) 일교차 커. 옷 따뜻하게 입어.\n해설]혜영 “어” 대답한 후 문 닫고 나간다. 영실 문 닫히면, 한 수를 본다.\n영실]...당신 (안색 살피며)...반대야?\n한 수](즉답 피한다)... 생각해 보자니까...생각해 봐야지... 그럼 나도 출근한다 (몸 일으킨다)"
  },
  "Annotation": {
    "Summary1": "혜영은 한수와 영실에게 독립해서 친구와 함께 살고 싶다는 의사를 전하는데, 그 말을 들은 한수는 내심 놀랍고 서운하다.",
    "Summary2": "혜영은 찔리는 마음으로 한수와 영실에게 출퇴근이 힘들어 회사 근처 원룸을 얻으려 하던 참에 오피스텔에서 같이 살자는 친구의 제안을 받았다는 얘기를 한다. 한수는 독립을 하겠다는 혜영의 말에 내심 놀랍고 서운하다. 영실은 한수에게 생각이 어떤지 묻지만 한수의 표정은 굳어 있고, 혜영은 독립해야 하는 이유에 대해 열심히 어필하지만 한수의 표정은 여전하다.",
    "Summary3": ""
  },
  "filename": "SCRIPT-fm_drama-33009-00015.json"
}