{
  "Meta": {
    "doc_id": "SCRIPT-fm_drama-33015",
    "doc_category": "SCRIPT",
    "doc_type": "fm_drama",
    "doc_name": "33015_NC_아버지가이상해15_2017.txt",
    "author": "KBS",
    "publisher": "KBS",
    "published_year": "2017",
    "doc_origin": "아버지가이상해15",
    "passage_id": "SCRIPT-fm_drama-33015-00052",
    "passage": "해설]산소 앞.\n영실 한 수 무덤 앞에 꽃다발 놓고 선다. 한 수도 소주잔에 소주를 따라 놓고, 햄버거 까서 놓고 선다. 부부 그렇게 잠시 무덤을 바라본다. <시간 경과> 영실 한 수 무덤에서 조금 떨어진 곳에 앉아 있다. 두 사람 잠시 말이 없이 전경을 바라보다.\n영실]...데려와요. 한 수씨 아들..\n한 수](놀라 보는)...\n영실]...그래.. 당신 말이 맞어.. 한 수씨 아들인데 어떻게 모른 척 해.. 데려 와.\n한 수]...여보!\n영실](보는)...정말 안중 흰가 하는 그 청년이 먼저 우리 집에서 살고 싶다고 한 거야?\n한 수](보다, 고개 끄덕인다)...어.\n영실]... 당신 정말 들키지 않고 잘 할 자신 있는 거지?\n한 수](고개 끄떡인다)... 잘 할게., 정신 바짝 차리고.. 약속 해!\n영실]그래.. 당장은 혜영이 방 쓰게 하면 될 것 같애.. 준영이 장가 그땐 그 방 써도 되고... 얘들한테는 내가 얘기할테니까 걱정 말구요.\n한 수](아!) 고마워 여보.. 고마워..\n영실]...그럼 얼른 해지기 전에 내려가자. 내려가서 애들도 소집해야지..\n한 수]그래.. 나도 중희한테 가서 얼른 소식 알려야겠다. (얼른 일어나 비닐 봉투등 집어 들고 주변 정리 시작한다)\n영실](그런 한 수 모습 본다)...\n한 수](영실과 눈 마주치자 벅찬 듯 고마운 미소 짓는다.) 고마워 여보~ 내가 더 잘 할게...정말이야.. 더 더 잘할게.\n영실](어이없다) 녹음해야 돼...(그러나 좋아하는 남편 모습에 결국 표정 푼다)..."
  },
  "Annotation": {
    "Summary1": "영실이 한수의 아들인 중희를 데려와서 같이 살겠다고 하자 한수는 크게 기뻐하며 영실에게 고마워한다.",
    "Summary2": "성묘하러 간 영실은 한수에게 아들인 중희를 데려와서 같이 살자고 한다. 그 말에 한수는 크게 기뻐하며 자기가 더 잘하겠다고 영실에게 다짐한다. 한수의 좋아하는 모습에 영실도 어이없어하다가 기분이 풀어진다.",
    "Summary3": ""
  },
  "filename": "SCRIPT-fm_drama-33015-00052.json"
}