{
  "Meta": {
    "doc_id": "SCRIPT-fm_drama-33009",
    "doc_category": "SCRIPT",
    "doc_type": "fm_drama",
    "doc_name": "33009_NC_아버지가이상해09_2017.txt",
    "author": "KBS",
    "publisher": "KBS",
    "published_year": "2017",
    "doc_origin": "아버지가이상해09",
    "passage_id": "SCRIPT-fm_drama-33009-00046",
    "passage": "해설](과거) KBC 회의실.\nPD (현 CP), 남녀 작가, 회의실 테이블에 둘러 앉아있다. 정환 프린트 물 돌리고 있다..\nPD]스타와 24 게스트로 오세훈 어때?\n작가]괜찮죠. 요즘 스케줄도 많으니 그림도 다양한 것 같고?\n정환](절로 고개 돌아가며).. 오세훈이요??\nPD]어, 오세훈..\n정환]역시 KBC라 예능도 스케일이 남다르네요.\nPD]첫방인데, 거물급으로 캐스팅해야지. 스케줄 체크해봐.\n정환]네, 근데 오세훈 서울시장님이 스케줄이 되실까요? 업무가 많으실텐데..\n해설]회의실 순간 정적이 흐르고, PD, 작가 남녀들 정환을 쳐다본다. 정환은 영문을 모르는 해맑은 눈빛. 다들 참고 다시 회의 이어간다.\nPD]첫방인데.. 더블 캐스팅도 괜찮을 것 같고.\n작가]그럼.. 김종인? 같이하는 것도 그림이 나쁘지 않죠.\n정환](더 놀라며) 김종인까지?\nPD]좋다. 굿 아이디어.\n정환]근데 두 분이 당이 다른데 같이 출연하실까요? 정치적 철학 너무 다른데 PD, 작가들-(일시에 정환을 노려본다. 짜증이 밀려들고 빡 친다)..."
  },
  "Annotation": {
    "Summary1": "과거 KBC 회의실, 게스트로 오세훈, 김종인을 캐스팅하자는 제작진의 의견에 정환이 부정적인 말을 한다.",
    "Summary2": "과거 KBC 회의실에서 PD, 작가들, 정환이 회의를 한다. PD가 오세훈 서울시장을 캐스팅하자고 하자 정환이 놀라고 부정적인 말을 한다. 다시 회의를 이어가는데 작가가 김종인을 더블 캐스팅하자고 하자 정환이 또 부정적인 말을 해서 모두를 짜증나게 한다.",
    "Summary3": ""
  },
  "filename": "SCRIPT-fm_drama-33009-00046.json"
}