{
  "Meta": {
    "doc_id": "SCRIPT-fm_drama-46050",
    "doc_category": "SCRIPT",
    "doc_type": "fm_drama",
    "doc_name": "46050_DC_오작교형제들50_2011.txt",
    "author": "KBS",
    "publisher": "KBS",
    "published_year": "2011",
    "doc_origin": "오작교형제들50",
    "passage_id": "SCRIPT-fm_drama-46050-00028",
    "passage": "해설]매장 안.\n여울 태필 나란히 서서 제품 정리하다, 여울 돌아본다.\n여울]...정말 다행이에요. 빨리 회복하셔서?\n태필]예. 오전에 퇴원하시는 거 보고 왔어요?이제 걱정 안 하셔도 돼요?\n여울](빙그레) 예...아 식사도 못 하고 왔죠? 이것만 정리하고 밥 먹으로 가요?\n태필]그래요. 전 창고 정리하고 있을게요? (하며 돌아서는데).\n해설]그때 매장문 열고 친구1(37부에 등장했던) 들어선다. 화분 하나 들고 있다..\n여울]어서 오세...(하다) 어? 은지야?\n친구1]지나가다 잠깐 들렀어? 와~생각보다 꽤 크네? (태필 보는)...어?혹시...(알아보는)...맞죠? 커플모임 때 여울랑 같이 왔던 여울이 남자친구?\n태필](역시 알아본다) 아아! 그때 술 취해서 진상 떠시던 그 분? 맞으시죠?\n친구1](끙)...(여울 보는).\n여울](난처하게 웃는다)...\n친구1](그러다 태필 손에 들린 제품 등 보고 깨닫는다) 남녀울?너 그럼 매장 직원랑 사귀는 거야?\n여울](얼른) 은지야? (잡아 한쪽으로 끌며) 저쪽에 앉아서 얘기하자? 어?\n태필](맘에 안 들어 보는) 거...지속적으로 맘에 안드시는 분이네...(창고 안으로)...\n해설]<시간경과> 매장 테이블에 마주 앉아있는 여울과 친구1. 친구1 차 마시며 놀랍다는 듯 여울 본다..\n친구1]어쩐지...어디서 저런 어린 애를 만났나 했더니?\n여울](얼른 말 돌리는) 보람이 잘 지내지?\n친구1]야? 아무리 그래두...어떻게 직원랑 사겨? 그렇게 외롭든?\n여울]다른 얘기하자...보람이 올해 몇 학년이야?\n친구1](보다)...그래...맞다. 인생 뭐 별 거 있니? 즐길 때 즐겨야지?난 찬성이야? 딱 부담 없이 놀기 좋잖아? 저런 스타일?\n여울]은지야!(애써 참고) 너 약속 있다며? 안 가?\n친구1]어 가야지...(일어나려다 작게)...그래두 조심해?나니까 이해하지? 남들이 보면 뭐라고 생각하겠니? 돈으로 어린애 꼬셨다고 욕하고도 남아?\n여울](굳어져)..."
  },
  "Annotation": {
    "Summary1": "여울이 태필에게 제품을 정리하고 밥 먹자고 하고 친구1은 태필을 보고 여울에게 사귀냐고 하는데 여울은 표정이 굳는다.",
    "Summary2": "여울이 태필에게 회복해서 다행이라며 제품 정리하고 밥 먹자고 한다. 친구1이 태필을 알아보고 여울에게 매장 직원이랑 사귀냐고 하고, 태필은 친구1이 마음에 안 든다. 친구1은 여울에게 외롭다고 직원이랑 사귀냐며 태필이 부담 없이 놀기 좋은 스타일이라 하자 여울은 애써 참다가 친구1에게 가라고 하고 지속적인 무례한 말에 표정이 굳는다.",
    "Summary3": ""
  },
  "filename": "SCRIPT-fm_drama-46050-00028.json"
}