{
  "Meta": {
    "doc_id": "SCRIPT-fm_drama-46028",
    "doc_category": "SCRIPT",
    "doc_type": "fm_drama",
    "doc_name": "46028_DC_오작교형제들28_2011.txt",
    "author": "KBS",
    "publisher": "KBS",
    "published_year": "2011",
    "doc_origin": "오작교형제들28",
    "passage_id": "SCRIPT-fm_drama-46028-00002",
    "passage": "해설]한식집/ 밤.\n젊고 감각적 인테리어의 퓨전 한식집. 태희 동민 나란히, 그 앞으로 제하 자는 이 앉아 있다 자는 경직되어 앉아 있다. 이 자리가 몹시 불편하지만, 동민이 있어 꾹 참고 있다. 태희 그런 자는 느껴진다.\n제하](마시던 물컵 내려 놓으며)...어떻게들 아는 사이세요?\n동민]아...예전에 자는씨가...(하다)...설명하자면 복잡합니다...별일 없으시죠?\n자는]...예.\n동민]자는씨는 볼 때마다 더 이뻐지는 거 같에요? 그렇죠 형님? (하며 태희 보는데)...\n태희](경직되어 반응 없다)...\n동민](자는도 힐끔. 역시 표정 경직됐다. 뭔가 좀 이상한 느낌)...그런데 두분는 어떻게?\n제하]우린 오늘 처음 만났어요...제 간절한 구애 전화를 한 열번쯤 끊어 버렸죠?\n태희](그 말에)...\n제하]자는씨가 모 회사 캐릭터 대전에 응모했던 캐릭터와 스토리를 우연히 보고 꽂혀서, 계속 프로포즈했어요 제가?자는씨 캐릭터로 애니메이션을 만들고 싶어서?\n자는]...\n태희]...\n동민](끄떡이는)와...대단하다 자는씨...\n제하]보여 드릴까요?괜찮죠? 첫눈에 꽂힌 날 이후 계속 품고 다닙니다!\n자는]아니...(하는데) (제하 이미 가방에서 꺼내고 있다)...\n태희](그러는 동안 자는을 본다)...(시선 거두다 제하 그림에 주춤)!\n제하](그림 펼쳐 보이면, 오리그림이다) 어때요?\n동민]완전 귀여운데요?뭐에요 새 같는데?오린 가?\n태희](제하의 그림, 자신의 마스코트와 같다. 놀랍고 당황스럽다)...\n자는]...\n제하]맞습니다. 오리에요. 오리 가족 이야기!캐릭터도 캐릭터지만 스토리가 훨씬 생동감 있고 흥미진진 합니다. 자는씨 이거 실화죠? 각서 분실사건이며 오리 4형제 캐릭터가 너무 생생한 게 실화 같던데요?\n태희]!\n자는](태희와 시선 마주친다)...예. 실화에요.\n제하]역시...다음 스토리는 어떻게 되요? 각서는 찾았나요?\n자는]...찾았어요...찾았는데...차라리 찾지 않는 게 나을 뻔한 비극으로 끝나요.\n태희]...\n제하]저런...어떻게 찾았는데요?아 그리고 오작이는 사형제 중에 누굴 좋아하게 되나요?\n태희]...\n자는]...그래서 제 생각엔 어린이용 애니메이션으로는 적당한 소재가 아닌 것 같애요...피디님 제안는 너무 감사한데요...다시 생각해보니 같이 일하기 힘들겠어요.\n태희](보는)...\n자는](일어난다)...전화 드려서 뵙자고 했다가 금세 뒤집고 죄송합니다...뵙게 되서 영광이었구요...실례인지 알지만 먼저 가보겠습니다. (꾸벅 인사하면)\n제하]내가 언제 어린이용 애니메이션으로 개발한다 했던가요?\n자는](주춤 보는)...\n제하]나는 그런 말 한 적 없는 것 같는데?\n자는]...그게...\n태희]저희 먼저 일어나겠습니다...\n제하](돌아보는)...\n자는](힐끔)...\n태희]팀장님 호출이 들어왔어요...천천히 식사하시면서 말씀 나누세요. 가자 서동민.\n동민](호출는 무슨?) (그러나 눈치 백단! 말없이 따라 일어난다)...예...호출이 들어와서요.\n자는]..."
  },
  "Annotation": {
    "Summary1": "제하가 내민 캐릭터가 자신의 마스코트와 같은 것을 발견한 태희가 당황하자 자는은 제하의 제안을 거절하며 나가버린다.",
    "Summary2": "한식집에서 동민은 어떻게들 아는 사이인지 묻고 제하는 자는의 캐릭터와 스토리를 보고 애니메이션을 만들고 싶어서 계속 연락을 했고 오늘 처음 만났다고 하며 그림을 꺼내 보인다. 태희는 제하의 그림이 자신의 마스코트와 같은 것을 보고 당황하고 자는은 제하의 제안을 거절한다며 황급히 자리를 떠나버린다. 동민은 어리둥절하고 태희도 동민에게 나가자고 한다.",
    "Summary3": ""
  },
  "filename": "SCRIPT-fm_drama-46028-00002.json"
}