{
  "Meta": {
    "doc_id": "SCRIPT-fm_drama-33010",
    "doc_category": "SCRIPT",
    "doc_type": "fm_drama",
    "doc_name": "33010_NC_아버지가이상해10_2017.txt",
    "author": "KBS",
    "publisher": "KBS",
    "published_year": "2017",
    "doc_origin": "아버지가이상해10",
    "passage_id": "SCRIPT-fm_drama-33010-00011",
    "passage": "해설]안방(밤).\n한 수 영실 이불 펴고 누워 있다. 나란히 누운 부부, 서운한 마음도 같다.\n한 수].. 낼 시장 좀 봐야겠지? 혜영이 밑반찬랑 챙겨 보낼 꺼 좀 준비하려면.\n영실]...그래야겠지? 그럼 오후에 가자. 나 내일 오전에 절에 좀 다녀오려고. 준영이 시험이라?\n한 수]그럼 다녀와. 시장은 나 혼자 다녀올게.\n영실]오후에 같이 가. 당신 혼자 들고 오려면 힘들어.\n한 수]괜찮아...우족도 좀 살게. 곰탕도 좀 끓여 보내게. 국 끓일 시간 없을 꺼 아냐.\n영실]어. 꼬리랑 반반 섞어서.. 잔멸치도 넉넉하게 사. 혜영이 잔멸치 달달하게 볶아주면 잘 먹잖아...\n한 수](영실 슬쩍 본다)...어째 당신 나보다 더 서운한 표정인데?\n영실]...어 쫌...막상 결정하니까.. 이제 나가면 언제가 될지 모르지만 곧 결혼하겠지? 그럼 다시 끼고 살 일은 없을 거야?\n한 수]...그렇겠지...\n영실]내가 당신 괜히 설득했나봐...\n한 수]...아냐 잘했어.. 당신 말대로 애 고생하는 거 생각하면 벌써 내놨어야지...\n영실]그렇지?\n한 수]그러엄...\n해설]부부 잠시 말이 없다. 한 수 먼저 “그만 자자” 영실 끄덕이며 “어” 한 수 일어나 불을 끄고 이불로 들어가 눕는다. 부부 “잘 자” “당신두” 인사하고 잠을 청한다"
  },
  "Annotation": {
    "Summary1": "한수가 혜영을 위해 챙길 것들을 사려고 계획하자 영실은 혜영을 떠나 보내는 것을 후회하고 한수는 그런 영실을 위로한다.",
    "Summary2": "한수는 혜영을 위한 밑반찬과 챙길 것들을 준비하려고 내일 시장에 갈 예정이다. 한수가 곰탕을 끓일 우족도 사고 혜영이 좋아하는 잔멸치도 사려고 계획하는데 영실은 혜영이 집을 나가서 결혼을 하게 되면 앞으로 끼고 살 일이 없다며 후회한다. 한수는 애 고생하는 거 생각하면 미리 했어야 하는 일이라며 영실을 위로한다.",
    "Summary3": ""
  },
  "filename": "SCRIPT-fm_drama-33010-00011.json"
}