{
  "Meta": {
    "doc_id": "SCRIPT-fm_drama-33010",
    "doc_category": "SCRIPT",
    "doc_type": "fm_drama",
    "doc_name": "33010_NC_아버지가이상해10_2017.txt",
    "author": "KBS",
    "publisher": "KBS",
    "published_year": "2017",
    "doc_origin": "아버지가이상해10",
    "passage_id": "SCRIPT-fm_drama-33010-00040",
    "passage": "해설]혜영방.\n라영 침대머리에 기대 앉아 시무룩 세상 속상한 표정이다. 그러다 침대에 있는 얼굴 마사지 룰러 눈에 띤다. 집어 들어 문지르다 점점 화가 나서 속도와 강도 거세진다.\n라영](신경질적으로 벅벅 문지르며) 내가 그 정도로 티를 냈으면 눈치 채야 하는 거 아닌가?결혼식장에서 이미 할 거 다했잖아? 이건 누가 봐도 썸 아냐?!\n해설]<인서트]9부 50씬 라영 어깨 휙 잡아당겨 끌어 안 듯 옆에 세우는 철수 / 라영 내려다 보며 다정하게 웃는 철수 “갈까 라영아”> 결혼식장 장면 떠오자, 갑자기 또 얼굴이 발그레 달아오른다. 양손으로 얼굴 감싸 쥐고 발 동동 대며 저 혼자 좋아하다, 그것도 모자라 침대 위에서 데굴데굴 굴러다니며 좋아하는 라영. 그러다 갑자기 벌떡 일어나 앉는다.\n라영]그래...변라영 연애사에 이렇게 오점을 남길 순 없어...(주먹 불끈 쥔다) 꼭! 꼬시고 만다! 박철수!\n해설]원피스 차림의 라영 거울 앞으로. 거울에 이리저리 자태 비춰본다. 맘에 안 든다 / 다른 원피스. 아니야 / 다른 옷, “나이 들어 보여” / 샤랄라 봄느낌 물씬 나는 원피스 입고 거울 앞으로. 라영 비로서 만족으로 운 표정. 눈 깜빡깜빡 이쁜 짓한다/ 화장대 앞에 앉아 대형 파우치에서 화장품 줄줄이 늘어놓는다. 화장품 집어들어 화장하기 시작하는 라영 / 미스트 뿌리고 / 베이스 바르고 / 아이라인 수정하고 / 마스카라 바르고 / 립스틱 까지 마무리 / 위아래 입술 말아 부딪히며 또 다시 이쁜 표정으로 마무리.\n라영](거울에 얼굴 이리저리 비춰보며)...신이 불공평 하긴 해? 나한테 너무 몰아주셨어. (허공을 보고 눈 꼭 감고 기도한다)...이왕 주실 거 박철수도 저 주세요."
  },
  "Annotation": {
    "Summary1": "라영은 철수와의 일을 생각하며 철수를 꼬시겠다고 다짐하면서 옷을 입고 화장을 한다.",
    "Summary2": "라영은 결혼식장에서 있었던 일에도 눈치 못채는 철수에게 속상하고 화가 난다. 라영은 결혼식장의 일을 생각하자 기분이 좋아지고, 철수를 꼬시겠다고 다짐한다. 라영은 옷을 갈아입고 화장을 한 뒤, 자신의 미모에 스스로 만족해하고, 이어서 자신이 철수를 가질 수 있게 해달라고 허공을 보고 기도한다.",
    "Summary3": ""
  },
  "filename": "SCRIPT-fm_drama-33010-00040.json"
}