{
  "Meta": {
    "doc_id": "SCRIPT-fm_drama-33008",
    "doc_category": "SCRIPT",
    "doc_type": "fm_drama",
    "doc_name": "33008_NC_아버지가이상해08_2017.txt",
    "author": "KBS",
    "publisher": "KBS",
    "published_year": "2017",
    "doc_origin": "아버지가이상해08",
    "passage_id": "SCRIPT-fm_drama-33008-00034",
    "passage": "해설]안방.\n한 수 들어선다. 준영 앉아 있고, 영실 끙끙대며 잠들어 있다. 한 수 다가와 앉으며.\n한 수]여보?많이 아퍼? 아프면 진작 전화를 하지.. (이마 집어본다)...열이 꽤 높아!\n영실](눈도 못 뜨고)...괜찮아아...좀 전에 해열 제도 먹었어.\n한 수]그래도 병원 가서 주사 한 대 맞는 게 빠를텐데.. 정말 병원 안 갈래?\n영실]...어...여보 나 좀 자께...\n한 수]그래 자.. 자다가 안되겠음 그 때 가자.. (걱정스레 얼굴 이마 등 만져 보고) 얼음 수건 좀 만들어야 겠다.. 됐어 너는 올라가 공부 해. 아버지가 하께 (일어나고)\n준영]예.. (뒤따라 일어난다)\n해설]로펌 혜영 사무실.\n혜영 톡방에서 나온다. ‘차까기’ 찾아 전화를 건다. 그러나 정환 받지 않는다. 혜영 문자를 남긴다. \n편집실.\n정환 편집하는데 메시지 도착음. ‘호두’님에게 메시지 도착했다는 문자. 반갑게 얼른 확인하면.\n혜영E]선배, 이번엔 내가 미안. 갑자기 일이 생겨 저녁에 못 보겠어. 내일 퇴근 후는 어때?\n해설]정환 급 실망하여 차무룩.. [그래. 내일은 꼭 보자!\n!] 문자 찍고, 핸드폰 내려놓고 편집한다."
  },
  "Annotation": {
    "Summary1": "한 수는 아픈 영실에게 병원에 가자고 하지만 영실은 자겠다고 하고 혜영은 정환에게 오늘 말고 내일 보자고 문자했다.",
    "Summary2": "한수는 방 안에 아파서 잠들어 있는 영실에게 병원에 가자고 제안한다. 영실이 약을 먹었으니 그냥 잠을 자겠다고 하자 한수는 앉아 있는 준영에게 자신이 영실을 돌볼 테니 올라가서 공부를 하라고 한다. 혜영의 사무실에서 혜영은 전화를 받지 않는 정환에게 문자로 오늘 저녁엔 못 보겠으니 내일 퇴근 후는 어떠냐고 묻고 실망한 정환은 내일은 꼭 보자고 문자를 보낸다.",
    "Summary3": ""
  },
  "filename": "SCRIPT-fm_drama-33008-00034.json"
}