{
  "Meta": {
    "doc_id": "SCRIPT-fm_drama-46028",
    "doc_category": "SCRIPT",
    "doc_type": "fm_drama",
    "doc_name": "46028_DC_오작교형제들28_2011.txt",
    "author": "KBS",
    "publisher": "KBS",
    "published_year": "2011",
    "doc_origin": "오작교형제들28",
    "passage_id": "SCRIPT-fm_drama-46028-00021",
    "passage": "해설]복자네 마루.\n현재와 여경 앉아있다. 갑년과 창식 복자 둘러앉아있다. 앞앞에 찻잔 놓여져있다. 갑년 창식 복자 앞에 청심환 하나씩 놔주는 여경. 세 사람 영문 모르고 쳐다본다..\n복자]이기...뭐래유?\n여경]청심환입니다. 드세요 제 얘길 듣기 전에 먼저 드시는 게 좋습니다..\n현재]예 혹시 모르니까 드세요...드세요 어르신?\n갑년, 복자, 창식...(황당해보는)\n여경](정말 걱정되는 표정으로) 먼저 드시라니까요? 제가 진심으로 걱정이 돼서 그래요?\n갑년, 복자, 창식...(서로 황당해 마주 보고...표정 지어가며 먹자 먹어...일단 먹는다).\n갑년]자 먹었슈. 말씀해보셔유?\n여경]참...저의 이이랑 많이 상의했습니다. 같은 자식을 키우는 부모 입장으로 모른 척 하기엔 너무 사안이 커서...이런 안타까운 소식을 전하는 저희나 들으시는 사돈들께서나 몹시 불행하다고 생각합니다..\n현재]여보.\n여경]예 그럼 말씀 드리겠습니다. 갑년, 복자, 창식...(본다).\n여경](후우~심호흡하고)...이댁 큰 아들 황태 식 실장에게 숨겨진 아들이 있습니다. 갑년, 복자, 창식...(그 얘기야? 빤히 본다).\n여경](그 표정들에) 이해가 안 가세요? 사부인 장남에게 아홉 살 난 아들이 있다구요?\n현재]충격이 너무 크신가보네...믿어지지가 않으신가봐? (걱정스러워 보는)...\n여경]이해합니다. 믿을 수도 없고 믿고 싶지도 않으시겠지만...(안타까운 목소리로) 한 가지가 더 있답니다. 정말 이런 소식을 전하게 되어 유감입니다...혼혈입니다. 갑년, 복자, 창식...\n현재]...괜찮으세요? (갑년에게) 어르신 제 말 들리세요?\n갑년](기막혀 쏘아보는) 오미...참말로...깝깝허네.\n여경]때때로 우리 앞에 현실이 참 가혹하게 느껴질 때가 있죠? 그래도 어떡합니까? 살아야죠? 이를 악물고 버티고 사셔야 해요? 인생사 새옹지마라고 부디 이 난관을 (하는데 계단에서 선 국수 본다) 엄마야!\n현재](국수 보고 놀라는) 어! (여경과 서로 마주봤다가 앞에 있는 사돈들 본다).\n복자](돌아보고) 우리 국수 말씀하시는 거쥬? 국수야 이리와? 와서 인사 드려? 갑년, 창식...\n현재, 여경..."
  },
  "Annotation": {
    "Summary1": "여경과 현재는 갑년과 창식, 복자에게 황태식에게 숨겨둔 혼혈 아들이 있다고 이야기를 하다가 국수를 보고 놀란다.",
    "Summary2": "여경과 현재는 복자와 갑년, 창식에게 청심환을 먹게 한 후 황태식에게 숨겨둔 아들이 있다고 말하지만 다들 빤히 쳐다보고 여경은 안타까워하며 그 아들이 혼혈이라는 얘기도 한다. 갑년은 기가 막혀 답답하고 여경은 버티고 살아야 된다며 말을 늘어놓다가 계단에 서있는 국수를 보고 놀라고 현재도 보고 놀란다. 복자는 국수를 말하는 거냐며 국수에게 인사를 시킨다.",
    "Summary3": ""
  },
  "filename": "SCRIPT-fm_drama-46028-00021.json"
}