{
  "Meta": {
    "doc_id": "SCRIPT-fm_drama-33013",
    "doc_category": "SCRIPT",
    "doc_type": "fm_drama",
    "doc_name": "33013_NC_아버지가이상해13_2017.txt",
    "author": "KBS",
    "publisher": "KBS",
    "published_year": "2017",
    "doc_origin": "아버지가이상해13",
    "passage_id": "SCRIPT-fm_drama-33013-00040",
    "passage": "해설]복녀 거실.\n복녀]필요 없다구요? 됐어요 그럼 나두! (휙 돌아 소파로 향한다) 어디 한 번 혼자 잘 해결해 보시지.. 당해봐야 마누라 귀한 줄 알지.\n해설]복녀 소파에 앉아 다시 빨래 접는다. 화장실 문 벌컥 열고 규택 샤워가운 차림으로 나온다..\n복녀](그 모습에 흥)...사과하기 싫어 샤워를 했어요?\n규택]그래! 아주 개운하고 좋아.\n복녀]퍽도 좋겠네요. 하루에 샤워를 두 번씩이나 하고 (흥 외면해 버린다)\n규택](역시 외면하고 서재로)\n해설]규택 서재.\n샤워가운 입고 서재로 들어서는 규택. 옷장 문 여는데 옷장이 텅 비어있다. 아래 서랍 열자 속옷, 양말 칸도 텅 비었다.\n규택]이 여자가..대체 집에서 뭘 하고 있는 거야?\n해설]복녀 거실.\n빨래 정리 끝내고 텔레비전 보는 복녀. 규택 샤워가운 차림으로 다가온다..\n규택]내 옷들 다 어딨어?\n복녀](어이없다는 듯) 그걸 왜 나한테서 찾아요? 나 파업한 거 몰라요?\n규택]뭐??\n복녀]설마 당신이 파업 뜻을 모를 리도 없구? 앞으로 당신 의식주에서 손 떼겠다고 했잖아요? 조오기 베란다 가봐요. 당신 옷들 거기 다 있을 테니.\n규택]... (베란다로 향한다)"
  },
  "Annotation": {
    "Summary1": "복녀는 사과하지 않는 규택에게 비아냥거리고, 옷의 행방을 묻는 규택에게 자신은 파업했다며 베란다에 가보라 한다.",
    "Summary2": "샤워가운 차림으로 나온 규택에게 복녀는 사과하기 싫어 샤워를 했냐고 묻고, 규택은 아주 개운하다고 대꾸한다. 서재로 들어선 규택은 옷장이 텅 빈 것을 발견하고 복녀에게 본인의 옷들이 다 어디 갔는지 묻는다. 복녀는 파업했다며 베란다에 가서 찾아보라고 한다.",
    "Summary3": ""
  },
  "filename": "SCRIPT-fm_drama-33013-00040.json"
}