{
  "Meta": {
    "doc_id": "SCRIPT-fm_drama-33009",
    "doc_category": "SCRIPT",
    "doc_type": "fm_drama",
    "doc_name": "33009_NC_아버지가이상해09_2017.txt",
    "author": "KBS",
    "publisher": "KBS",
    "published_year": "2017",
    "doc_origin": "아버지가이상해09",
    "passage_id": "SCRIPT-fm_drama-33009-00048",
    "passage": "해설](과거) KBC 사무실.\n정환 책상 앞에 앉아서 열심히 기획안 타이핑하고 있는데.. PD 정환의 책상위에 박스 하나 턱 올린다. 의아한 눈으로 보는 정환.\n정환]이게 다 뭐에요??\nPD](박스 휙 돌려 보여주면, 박스에 차정환 전용 이면지 박스 적혀 있다.\n정환]아~ 이면지 활용하라고~ 근데 왜 제 전용인데요?\nPD](분노를 억누르며) 이. 이면지. 모두. 니가. 제출한. 기획안. 이거든..\n정환](좀 민망하다, 민망한 웃음 베시시..)\nPD]어쩌면 이렇게 단 하나도 쓸 만 한 게 없을까? 이 환경파괴범아?!종이 이딴 식으로 낭비할 거면 기획안이고 뭐고 쓰지마! (참고 가려는데)\n정환](박스 뒤져서 하나 꺼내며) 이건 괜찮지 않았어요? 감동과 사랑이 충만한...(하는데)\nPD](정환 손에 들린 기획안 빼앗아 정환 여기저기 퍽퍽 때리며) 웃기라고 임마! 여기 예능국이야?! 다큐 말고! 예능 기획안을 가져와!"
  },
  "Annotation": {
    "Summary1": "PD가 정환이 제출했던 기획안이 쓸모없다고 창피를 주자 정환이 괜찮은 것도 있다며 너스레를 떨다 PD에게 맞는다.",
    "Summary2": "PD가 정환이 제출했던 기획안들이 담긴 박스를 차정환 전용 이면지 박스라고 이름을 붙이고 정환의 책상에 올려 놓는다. 민망해진 정환이 웃자 PD는 정환이 종이만 낭비하고 있다고 화를 내고 그만 가려고 한다. 그러나 정환이 박스에서 기획안 하나를 꺼내며 이건 괜찮지 않냐고 너스레를 떨자 PD는 다큐가 아닌 예능 기획안을 가져오라며 정환을 퍽퍽 때린다.",
    "Summary3": ""
  },
  "filename": "SCRIPT-fm_drama-33009-00048.json"
}