{
  "Meta": {
    "doc_id": "SCRIPT-fm_drama-46029",
    "doc_category": "SCRIPT",
    "doc_type": "fm_drama",
    "doc_name": "46029_DC_오작교형제들29_2011.txt",
    "author": "KBS",
    "publisher": "KBS",
    "published_year": "2011",
    "doc_origin": "오작교형제들29",
    "passage_id": "SCRIPT-fm_drama-46029-00026",
    "passage": "해설]매장 밖.\n여울과 태필 나온다. 태필 앞서 나오면 뒤에서 여울 종종 걸음으로 따라 나온다.\n여울](가방에서 키홀 더 찾아들며) 차로 가야죠? 어디라고 했죠?\n태필]주세요 제가 운전할께요..\n여울]괜찮은데...(리모컨 찾아 건네고, 계단 내려가다 휘청) 어어!\n태필](여울 부축한다) 조심하세요?\n여울](앗!)...고마워요...\n태필](내려간다)...\n여울](그런 태필이 든든하다. 절로 미소가) (뒤따른다)\n태필](여울 다가오면, 자연스레 보조석 문을 열어준다) 타세요.\n여울]예 (웃으며 타려다가 문득)!\n해설]<플래시백> 17부 28씬 태필 명품녀의 가방 스쳐 지나가는 타이밍에 맞춰 커피잔 바닥에 떨어뜨린다. 명품녀 연신 미안 하다며 사과하면 태필 웃으며 명함 준다.\n여울](잊고 있었던 태필에 대한 기억에 정신이 퍼뜩 든다)!\n태필]뭐하세요? 안타고?\n여울](태필 보며 정색하는) 저기요 태필씨. 앞으로 이러지 마세요..\n태필](보는) 예? 뭘요?\n여울]계단에서 내가 넘어지더라도...나 붙잡아주고 차문 열어주고, 이런 거 하지 말라구요?\n태필]넘어지게 놔둬요? 그럼?\n여울]예, 넘어지게 놔둬요. 어떠한 경우에도 나 도와주지 말고 나한테 손 내밀지 말아요? 이건 사장으로서 명령이에요?주세요 운전도 내가 할테니까.\n태필](어이없어) 예? (하는데)\n여울](태필 손에서 키홀 더 낚아채 운전석으로 향한다)...\n태필](뭐야? 저 아줌마?)..."
  },
  "Annotation": {
    "Summary1": "자상한 태필을 든든해 하던 여울은 태필에 대한 나쁜 기억을 회상하며 갑자기 정색을 하고, 태필은 여울을 어이없어한다.",
    "Summary2": "태필과 함께 매장에서 나온 여울은 휘청이는 자신을 잡아주면서 자상하게 챙겨주는 태필을 든든해하며 미소 짓는다. 하지만 여울은 태필이 여자를 안 좋게 대하던 모습을 회상하며 갑자기 정색을 한다. 여울은 태필에게 사장으로서의 명령이니 앞으로는 어떠한 상황에서도 자신을 도와주지 말라고 말하고, 태필은 여울의 태도에 어이없어한다.",
    "Summary3": ""
  },
  "filename": "SCRIPT-fm_drama-46029-00026.json"
}