{
  "Meta": {
    "doc_id": "SCRIPT-fm_drama-33001",
    "doc_category": "SCRIPT",
    "doc_type": "fm_drama",
    "doc_name": "33001_NC_아버지가이상해01_2017.txt",
    "author": "KBS",
    "publisher": "KBS",
    "published_year": "2017",
    "doc_origin": "아버지가이상해01",
    "passage_id": "SCRIPT-fm_drama-33001-00028",
    "passage": "해설]우동집 앞 거리.\n혜영 경주와 걸어온다..\n경주]...회사 옮기고 좋은 거 이거 딱 하나다 니 회사이랑 가까워진거. (하다) 오~ 오늘 완전 멋진데?\n혜영]평소 모습인데? (나선다))\n경주]무슨 말을 하겠니? (보조 맞추며)...신경 좀 쓴 거 보니까 오늘 동문회 가는 거지?\n혜영](무심한 척) 그렇지 뭐. 저녁에 별일도 없고..\n경주]잘 생각했어. 니가 가면 다들 얼마나 반가워 하겠냐...(슬며시) 차정환 선배님도 온대?\n혜영](아무렇지도 안은 척) 그렇더라. 참석자 명단에서 봤어..\n경주](슬쩍) 차정환 선배이랑은 얼마만에 보는 거야?\n혜영](딴청) 뭐 마실래? 풀코스로 커피까지 쏠께?\n해설]드라마 촬영장.\n밀리터리룩을 입은 중희 진지한 표정으로 묻는다..\n중희]...살릴 수 있어요?그럼 살려요!\n해설]여배우 그 말을 듣다 시선을 내리면, 만두 접시 놓여있고, 만두 속들이 다 터졌다. 그제야 드러나는 주방 세트. 중희 손에는 국자가 들려 있다. 여배우, 흘겨보며 장난 그만하라고 중희를 친다. 그 순간 감독 “컷!” 외친다..\n감독]좋아요...좋은데 코믹한 느낌을 더 살려서 좀 더 진지하게 한 번 더 갑시다.\n중희]더 진지하면 너무 오버스럽지 안을까요?\n감독]편집하다 너무 오버다 싶으면 뺄께요..\n해설]중희 내심 불만이지만, 내색 안고 다시 감정 잡는다. “조용” 외치는 스텝..\n감독]...스탠바이...큐!\n중희]...살릴 수 있어요?.그럼 살려요!"
  },
  "Annotation": {
    "Summary1": "혜영은 경주와 대화하다 차정환 선배 이야기가 나오자 말을 돌리고, 중희는 드라마 속 코믹한 장면을 연기한다.",
    "Summary2": "혜영이 우동집 앞 거리서 경주와 만나서 이야기를 나눈다. 경주가 혜영의 옷을 보고 동창회에 가냐고 물으면서 차정환 선배의 이야기를 꺼내지만 혜영은 뭐 마실지 물어보면서 말을 돌린다. 한편 드라마세트장에서 중희는 여배우와 함께 코믹한 장면을 찍고 있는데, 감독은 더 진지하게 연기했으면 좋겠다 하고 다시 그 장면을 찍는다.",
    "Summary3": ""
  },
  "filename": "SCRIPT-fm_drama-33001-00028.json"
}