{
  "Meta": {
    "doc_id": "SCRIPT-fm_drama-46029",
    "doc_category": "SCRIPT",
    "doc_type": "fm_drama",
    "doc_name": "46029_DC_오작교형제들29_2011.txt",
    "author": "KBS",
    "publisher": "KBS",
    "published_year": "2011",
    "doc_origin": "오작교형제들29",
    "passage_id": "SCRIPT-fm_drama-46029-00019",
    "passage": "해설]태희방/ 밤.\n태희 들어선다. 불 끄고 침대로 다가와 눕는다. 고통스러운 하루였다. 눈 감고 애써 잠을 청한다. \n제하 사무실/ 밤.\n간접 조명만 켜진 사무실에 제하 의자에 기대 혼자 앉아 있다. 제하 시선은 책상에 떼어 어머니 사진에 향해 있다. 제하 쓸쓸하게 어머니 사진을 바라보다가.\n제하]...좋으셨어요?.오늘 이방에 태희가 잠깐 다녀갔잖아요?.잘 자랐죠?.열등감 느껴질 만큼 훌륭하게 잘 자랐더라구요...(희미한 미소 조금) 그래서 아무래도 저는 앞으로도 삼십년은 더 질투하며 살 것 같습니다...(웃음기 다시 걷힌다. 깊고 쓸쓸한 눈빛으로)...전해야 하나요?.전하기 싫은데요?.\n해설]농장 외경/ 아침.\n경찰서 건물 앞.\n태희 주차장 차에서 내린다. 태희 건물로 향하다 보면, 제하가 기다리고 서있다. 태희 애써 가라앉혀 떼어 불길이 다시 인다. 태희 제하를 노려보다, 외면하고 입구로 향한다. 제하 다가오는 태희를 본다. 다가온 태희 제하를 무시하고 입구로 들어가려면, 제하 그 앞을 가로막고 선다..\n제하]...할 얘기가 있다 (말 끝나기도 전에)\n태희](제하에게 주먹을 정확하게 날린다)...\n해설]제하 세게 얻어맞는다. 태희 뒤도 돌아보지 않고 입구로 향해 들어가 사라진다. 제하 하! 기막히다. 제하 입술이 터졌는데도 모른다. 개의치 않고 이내 뒤따른다."
  },
  "Annotation": {
    "Summary1": "제하는 태희가 잘 자라서 질투하며 살 것 같다고 혼잣말하고 경찰서 앞에서 태희는 제하에게 주먹을 날리고 들어간다.",
    "Summary2": "태희는 방에 누워서 잠을 청하고 재하는 사무실에서 쓸쓸하게 어머니 사진을 바라본다. 제하는 태희가 열등감 느껴질 만큼 훌륭하게 자라서 자기는 앞으로 삼십년은 더 질투하며 살것 같다고 혼잣말한다. 경찰서 건물 앞에서 제하가 태희에게 할 얘기가 있다고 말하나 이 말이 끝나기도 전에 태희가 제하에게 주먹질을 하고 입구로 들어간다.",
    "Summary3": ""
  },
  "filename": "SCRIPT-fm_drama-46029-00019.json"
}