{
  "Meta": {
    "doc_id": "SCRIPT-fm_drama-46031",
    "doc_category": "SCRIPT",
    "doc_type": "fm_drama",
    "doc_name": "46031_DC_오작교형제들31_2011.txt",
    "author": "KBS",
    "publisher": "KBS",
    "published_year": "2011",
    "doc_origin": "오작교형제들31",
    "passage_id": "SCRIPT-fm_drama-46031-00014",
    "passage": "해설]갑년방.\n갑년 자리에 앉아 있다. 창식과 복자도 마주 앉아있다. 갑년 적잖은 충격과 분노가 밀려든다..\n복자](갑년 살피며)...엄니?괜찮으세유?\n갑년](골똘했다 돌아본다)...황사장. 나 자은이헌티다 좀 데려다 줘!\n창식](보는)...갑자기 자은 이는 왜요?\n갑년]왜는 왜여? 자은이헌티 계약금 도로 받어다 그 집구석에다 돌려줄라 그려.\n창식]엄니 소용 없어요. 모르고 했을 리도 없고, 작정하고 한 계약인데 그걸 물러줄 꺼 같으세요?\n갑년](와락) 안물러주면 그것들이 사램이여? 여가 어디라고 감히 발길 하나라도 들이고, 우리 농장에 손을 대? 내 금쪽 같은 아들이 누구 땜시 피토하는 나이에 세상을 떴는디? 우리 태희가 누구 땜시 아버지 엄마도 없이 저러고 피눈물 나게 살았는디?\n해설]앞마당.\n현관문 확 열어 젖히고 갑년 나온다. 잠시 후 복자 뒤따라 나온다.\n복자]엄니 태식아버지가 모시고 간다잖아유? 시방 옷 갈아입으니께 쬐끔만 지둘리세유?\n갑년](그러나 뒤도 돌아보지 않고 휙휙휙 걸어오는)...\n복자]하이구 엄니 뭔 걸음이 그렇게 빠르세유? 울 엄니 백살은 너끈히 사시 것네...(따라오며)"
  },
  "Annotation": {
    "Summary1": "갑년은 가도 소용 없을 거라는 창식에게 죽은 아들과 부모 없이 산 태희가 누구 때문에 그렇게 됐냐며 물러줘야 한다고 한다.",
    "Summary2": "갑년은 자은한테 데려다 주면 계약금을 돌려 받아 그 집에 돌려주겠다고 창식에게 말한다. 창식은 모르고 한 것도 아니고 작정하고 한 계약인데 소용 없을 거라고 한다. 갑년은 세상을 떠난 아들과 부모도 없이 자란 태희가 누구 때문에 그렇게 됐냐며 취소해주지 않으면 사람이 아니라고 한다.",
    "Summary3": ""
  },
  "filename": "SCRIPT-fm_drama-46031-00014.json"
}