{
  "Meta": {
    "doc_id": "SCRIPT-fm_drama-46031",
    "doc_category": "SCRIPT",
    "doc_type": "fm_drama",
    "doc_name": "46031_DC_오작교형제들31_2011.txt",
    "author": "KBS",
    "publisher": "KBS",
    "published_year": "2011",
    "doc_origin": "오작교형제들31",
    "passage_id": "SCRIPT-fm_drama-46031-00007",
    "passage": "해설]여경네 거실 / 밤.\n잠옷으로 갈아입은 현재 방에서 나온다. 여경 쇼파에 앉아 팔짱 끼고 생각에 잠겨 있다. 수영의 표정이 내내 걸리고 찝찝하다. 현재 옆으로 다가와 앉아 리모콘 찾으면..\n여경]아무래도 둘이 무슨 일이 있는 게 분명해요? 수영이 표정 당신도 봤죠?\n현재](계속 분주하게 리모콘 찾는다) 일은 무슨 일? 피곤해서 그런 거겠지?\n여경]...피곤하다고 당신 생일 축하 식사 자리에서 표정 구기고 앉아있을 애에요? 우리 수영이가?식사하는 내내 황서방이랑은 눈도 안 마주치고 말도 안 섞고...분명히 다툰 거야?\n현재](리모콘 찾았다)...다퉜으면 어쩌려구?하룻밤 지나면 다 풀어져? 신혼 아냐? (켠다)\n여경]...\n해설]<플래시백> 서재방 쇼파에 이불 펴져있다.\n여경]...안되겠어요. 우리집 일층 보일러는지금부터 고장인거에요. 당신 오늘 수영이네 가서 자요!\n현재]뭐? (기막혀서)"
  },
  "Annotation": {
    "Summary1": "여경은 수영과 황서방 사이에 무슨 일이 있는 게 분명하다면서 현재에게 오늘 수영의 집에 가서 자라고 한다.",
    "Summary2": "잠옷 입고 나온 현재에게 여경은 수영이 식사하는 내내 황서방과 눈도 안 마주치고 말도 섞지 않았다면서 둘 사이에 무슨 일이 있는 게 분명하다고 한다. 현재는 신혼이니까 하룻밤 지나면 다 풀어진다고 한다. 여경은 안 되겠다면서 현재에게 오늘 수영의 집에 가서 자라고 한다.",
    "Summary3": ""
  },
  "filename": "SCRIPT-fm_drama-46031-00007.json"
}