{
  "Meta": {
    "doc_id": "SCRIPT-fm_drama-46029",
    "doc_category": "SCRIPT",
    "doc_type": "fm_drama",
    "doc_name": "46029_DC_오작교형제들29_2011.txt",
    "author": "KBS",
    "publisher": "KBS",
    "published_year": "2011",
    "doc_origin": "오작교형제들29",
    "passage_id": "SCRIPT-fm_drama-46029-00030",
    "passage": "해설]고시원 밖.\n윤숙 두려움에 구르듯 도망 나온다. 손에 들린 핸드폰 진동이 계속 울린다. 윤숙 정신없이 도망쳐 적당한 곳에 몸을 숨기고 입구를 바라본다. 계속 울리는 핸드폰. 윤숙 핸드폰 끊지도 못하고 숨도 못 쉬고 어찌할 바를 모른다. 핸드폰 멈춘다. 윤숙 그제야 숨을 쉰다. 어쩌지? 윤숙 안절부절 어쩔 줄 모른다. 그러다 퍼뜩 떠오르는. 윤숙 얼른 핸드폰으로 02114 누른다.\n윤숙]여보세요. 동부경찰서 지능범죄수사팀이 몇 번입니까?\n해설]지능범죄수사팀.\n동민과 장형사, 각자의 자리에서 조서 작성 중이다. 태희 막 들어선다. 유선전화기 울린다. 동민 모니터 보며 작성하다 전화를 받는다.\n동민]그래서 몇 번이나 만났습니까?여보세요? 황태희 형사요?(들어오는 태희 본다)...어디십니까?잠시만요...형! 백자은 씨 엄마라는 데? 급한 일이라는데?\n태희](그 말에 돌아본다) 누구?(하다 알겠다. 얼른 다가와 받아든다) 여보세요?\n윤숙E]나 자은 이 새엄만데요 자은 이가 사채업자들한테 잡혀 있어요..\n태희](!) 거기 어디에요?(버럭)어디냐니까?알았어요 (수화기 쾅 내려놓으면)\n동민]형 왜 그래요?\n태희](자리로 다가가 열쇠 거칠게 낚아채 달려 나가며 외친다) 서동민 따라와!\n동민]어?.(영문을 모르지만 얼른 뒤따르며)...장형사님 부탁해요?"
  },
  "Annotation": {
    "Summary1": "자은이 사채업자에게 잡혀 있다는 윤숙의 전화를 받은 태희는 동민을 데리고 서둘러 자은에게 가려고 한다.",
    "Summary2": "고시원 밖을 뛰쳐나와 몸을 숨긴 윤숙은 핸드폰이 계속 울리자 '동부경찰서 지능범죄수사팀'에 연락한다. 조서를 작성하던 동민은 급한 일이라며 태희를 찾는 윤숙의 전화를 받아 태희에게 바꿔준다. 윤숙이 자은이 사채업자에게 잡혀 있다는 사실을 알리자 태희는 급하게 동민을 데리고 서둘러 자은이 잡혀 있는 곳으로 가려고 한다.",
    "Summary3": ""
  },
  "filename": "SCRIPT-fm_drama-46029-00030.json"
}