{
  "Meta": {
    "doc_id": "SCRIPT-fm_drama-33010",
    "doc_category": "SCRIPT",
    "doc_type": "fm_drama",
    "doc_name": "33010_NC_아버지가이상해10_2017.txt",
    "author": "KBS",
    "publisher": "KBS",
    "published_year": "2017",
    "doc_origin": "아버지가이상해10",
    "passage_id": "SCRIPT-fm_drama-33010-00010",
    "passage": "해설]혜영방(밤).\n혜영 핸드폰으로 통화 중이다.\n혜영].,, 한숨 돌렸나보네 술 마실 여유도 있고?.(문 쪽 의식해 톤 낮춰) 선배.. 나 허락받았어.\n해설]술집(밤).\n정환]뭐? 진짜?.잘됐네에...(씨익) 우리 호두 진짜 급했구나... 근데 어떡하지? 오빠 좀 취해서 통화 오래 못하는데?\n해설]혜영방(밤).\n혜영]뭐야? 리액션이 왜 이렇게 소박해? 상당히 실망스러운데?\n연지E](역시 술 취한 목소리) 선배 뭐해 빨리 와. 빨리빨리~.\n혜영](임연 지??)...선배 임연지랑 술 마셔?\n정환E]어.. 그건 또 어떠케 알았어?\n혜영](순간 열이 오른다)...알았어. 끊자. (끊는다) 후우...\n미영E]언니 밥 먹어.\n해설]민하방.\n말분 옆에서 대자로 뻗어 자고 있다. 민하 책상 앞에 앉아 모니터에 인강 띄워 놓고 이어폰 꽂고 있다. 언뜻 봐서는 공부 중인 듯 보이지만, 책상 아래로 핸드폰 놓고 트와이스 동영상 보고 있다. 완전히 흠뻑 빠진 표정이다"
  },
  "Annotation": {
    "Summary1": "혜영이 허락받은 사실을 전화로 정환에게 전하는데 정환은 임연지와 술을 마시는 중이었고 이를 안 혜영은 전화를 끊는다.",
    "Summary2": "밤에 혜영은 자신의 방에서 술집에 있는 정환과 핸드폰으로 통화를 한다. 혜영이 정환에게 허락받았다고 하자 정환은 잘됐다고 하면서 좀 취해서 통화를 오래 못한다고 한다. 혜영이 정환의 리액션에 실망한 가운데 전화기 에서 술취한 연지가 부르는 소리가 들리고 정환이 임연지와 술을 마신다고 답하자 혜영은 열이 오른 상태로 끊자고 하며 전화를 끊는다.",
    "Summary3": ""
  },
  "filename": "SCRIPT-fm_drama-33010-00010.json"
}