{
  "Meta": {
    "doc_id": "SCRIPT-fm_drama-33001",
    "doc_category": "SCRIPT",
    "doc_type": "fm_drama",
    "doc_name": "33001_NC_아버지가이상해01_2017.txt",
    "author": "KBS",
    "publisher": "KBS",
    "published_year": "2017",
    "doc_origin": "아버지가이상해01",
    "passage_id": "SCRIPT-fm_drama-33001-00039",
    "passage": "해설]단독주택 마당.\n규택 개를 정성스레 돌보며 털을 빗겨주고 있다. 손길에서 개를 무척 아끼는 것이 드러난다.\n규택]가만 있어봐. 뭘 이렇게 잔뜩 묻혔어?\n해설]복녀 문 닫고 들어서다 그런 규택을 본다. 복녀 다가와 선다.\n복녀]...다녀왔어요...안 추워요?\n규택](쳐다도 안보고 개 손질에만 여념)...\n복녀]나 그 변두리에 건물 괜히 인수했나 봐요. 그냥 무리를 해서라도 이 근처에서 알아볼 껄.\n해설]변두리라 그런가 사람들이 너무 거칠고 수준 낮고 질이 떨어져요. 갈 때마다 내가 너무 스트레스 받구 힘들어...나 어뜩해야 되요? 카페 공사도 괜히 하나봐?\n규택](반응 없다)...\n복녀]나 어뜩하냐구요? 그냥 손해 감수하고 지금이라도 다시 팔까요?\n규택](쳐다도 안보고 영혼 없이) 잘 알아서 해..\n복녀]...그러니까 잘 어떻게?\n규택]거기 연고 좀 줘봐...거기 치코 연고?\n복녀]...(연고 집어 들어 건네면)...\n규택](계속 쳐다도 안 보고) 언제 이런 부스럼이 생겼지? (개에게는 한없이 살뜰하다)...\n복녀](서운하지만, 그래도 말을 나누려 들여다 보며)...너무 자주 빗겨줘서 그런 거 아녜요?\n규택](그제야 돌아본다) 거 무식하게 잘 알지도 못하면서.\n복녀]...아니 내가 개에 대해 말만 하면 그래요?\n규택]들어가아!나는 적어도 이 시간만은 오롯하게 나와 치코만을 위한 시간이고 싶어. 은퇴한 이후로 유일하게!내 삶의 안식이고...위안이고...산소통이야!\n복녀](기가 막히지만)...(기세에 참는다)...알았어요...오붓하게 빗겨요.\n해설]복녀, 휙 돌아서 현관으로 총총총 향하며 속상해 중얼중얼..\n복도](발음에 감정 실린다) 개새끼 부스럼은 보이고 마누라 얼굴에 근심은 안 보이냐?.은퇴가 유세야. 남의 집 남자들은 은퇴하면 고개도 못 들고 네발로 절절 긴다는데..."
  },
  "Annotation": {
    "Summary1": "복녀는 규택에게 건물에 대한 조언을 들으려 하지만 규택의 관심은 치코에게만 쏠려 있어 섭섭함을 느낀다.",
    "Summary2": "복녀가 건물 인수 건에 대해 규택에게 투정을 부리며 조언을 구하지만 규택은 복녀의 이야기는 무시하고 오로지 치코에게만 정신이 팔려 있다. 복녀가 치코 이야기를 했을 때만 반응해서 섭섭하다는 반응을 보이자 규택은 은퇴 후의 자신의 유일한 낙이라며 방해하지 말라는 소리를 한다. 규택의 말에 속상하고 섭섭함을 느낀 복녀가 중얼거리며 집으로 들어가 버린다.",
    "Summary3": ""
  },
  "filename": "SCRIPT-fm_drama-33001-00039.json"
}