{
  "Meta": {
    "doc_id": "SCRIPT-fm_drama-33001",
    "doc_category": "SCRIPT",
    "doc_type": "fm_drama",
    "doc_name": "33001_NC_아버지가이상해01_2017.txt",
    "author": "KBS",
    "publisher": "KBS",
    "published_year": "2017",
    "doc_origin": "아버지가이상해01",
    "passage_id": "SCRIPT-fm_drama-33001-00017",
    "passage": "해설]계단 앞 (외부계단 앞).\n혜영 출근복장으로 빠르게 계단으로 향한다. 준영도 뒤따라 나와 혜영을 빠르게 따르며.\n준영]...남자들은 물티슈로 세수만 해도 되는데 여자들은 머리도 감아야 하고 이럴 때 귀찮겠어,\n혜영]왜 따라 와? 어디가?\n준영]너 전철역까지 태워주려고. 목욕탕 들러 가려면 시간 없잖아.\n혜영](멈칫 선다)...됐어. 마을버스 타고 가면 돼 (하는데)\n영식](보미와 아랫 계단에서 나타났다) 잘됐네, 삼촌도 지금 나가는 길이야. 삼촌이 태워다 주께,\n보미](옆에서 반갑게 손 흔들며) 잘 잤어? 조카들?\n준영](역시 반갑게 본다) 외숙모도 안녕히 주무셨어요?\n혜영](눈빛 곱지 안다)...단 수면 단수라고 미리 말씀을 하셔야 물이라도 받아놓죠?\n영식](어?순간 주춤했다)...얘기했는데...준영이한테..\n혜영](뭐?)(힉 준영을 본다)...\n영식]너 나한테 덮어 씌웠냐?\n준영](당황+머쓱)...아냐 삼촌 그건 절대로 아니고.\n혜영](한심+사실 별로 놀랍지도 안다는 시선으로 준영 보다)...다녀올께요.\n영식]왜? 삼촌 나가는 길이라니까.\n해설]그러나 혜영 대꾸 안고 그대로 스쳐 지나 내려가 버린다. 그런 혜영을 바라보던 보미..\n보미]...준영이 조카 그러면 안돼. 혜영이 조카는 안 그래두 우리 이이한테 감정이 안 좋은데.\n영식]감정이 안 좋은 정도가 아니라 날 인간 취급을 안하지..\n준영]삼촌 혜영이가 그 정도는 아녜요.\n영식]그러니까 앞으로 덮어씌우고 그러지마. 니가 그럴수록 나는 더 입지가 좁아져..\n준영]예...그렇지만 맹세코 제가 덮어 씌운 게 아니라.\n영식]단지 말을 안 했을 뿐이지? 그게 다 같은 거야."
  },
  "Annotation": {
    "Summary1": "혜영에게 미리 단수를 알려주지 않아 오해를 만든 준영이 영식과 보미에게 타박을 듣는다.",
    "Summary2": "단수로 씻지 못하고 출근하는 혜영이 계단에서 영식과 보미를 마주치고, 단수를 미리 말하지 않은 사람이 영식이 아닌 준영임을 알게 된다. 혜영은 태워주겠다는 영식의 말을 무시한 채 가버린다. 영식과 보미는 상황을 오해하게 만든 준영이를 나무란다.",
    "Summary3": ""
  },
  "filename": "SCRIPT-fm_drama-33001-00017.json"
}