{
  "Meta": {
    "doc_id": "SCRIPT-fm_drama-46029",
    "doc_category": "SCRIPT",
    "doc_type": "fm_drama",
    "doc_name": "46029_DC_오작교형제들29_2011.txt",
    "author": "KBS",
    "publisher": "KBS",
    "published_year": "2011",
    "doc_origin": "오작교형제들29",
    "passage_id": "SCRIPT-fm_drama-46029-00040",
    "passage": "해설]옥상.\n수영 들어선다. 옥상에 선 태범 보고 다가간다. 수영 다가오면 돌아서는 태범.\n수영]...무슨 일인데?\n태범]나한테 2천만원만 빌려줘요.\n수영](보는)...\n태범]지금 당장은 못 갚아요. 되도록 1년 안에 갚고 싶지만. 그 이상이 걸릴지도 모르겠어요? (보다)...담보는 나에요. 아이비씨에서 제일 잘 나가는 황태범!\n수영](보는)...\n태범]...꽤 괜찮은 담보 아녜요?믿고 빌려 줄래요?\n수영](보는. 풋! 마음이 풀린다)...담보가 맘에 드네...그럼 전액 상환할 때까지 황태범은 나한테 잡혀 있는 건가?\n태범](보며) (살짝 미소 지으며 끄덕)...아마도?\n수영](미소로 끄덕) 좋아...대출완료야!\n태범](그런 수영이 고맙고 예뻐서 미소 짓는다)...\n수영](태범의 미소에 따라 웃는다).\n태범](물끄러미 바라보다)...저녁에 취재 있어요? 없으면 같이 퇴근할까요?\n수영](그런 태범 보는)...그래."
  },
  "Annotation": {
    "Summary1": "담보는 자신이니 믿고 돈 빌려달라는 태범에 수영은 웃으며 빌려주겠다고 하고, 같이 퇴근하자는 태범에 그러자고 한다.",
    "Summary2": "옥상에 서 있는 태범을 보고 수영이 다가가 무슨 일인지 묻고, 태범은 2천만 원만 빌려달라고 한다. 태범은 갚는 데 1년 이상이 걸릴 수도 있으나 담보는 자신이니 믿고 빌려 달라 말한다. 수영은 웃으며 전액 상환할 때까지 잡혀 있는 거냐며 빌려주겠다고 답하고, 같이 퇴근하자는 태범에 그렇게 하자고 한다.",
    "Summary3": ""
  },
  "filename": "SCRIPT-fm_drama-46029-00040.json"
}