{
  "Meta": {
    "doc_id": "SCRIPT-fm_drama-33009",
    "doc_category": "SCRIPT",
    "doc_type": "fm_drama",
    "doc_name": "33009_NC_아버지가이상해09_2017.txt",
    "author": "KBS",
    "publisher": "KBS",
    "published_year": "2017",
    "doc_origin": "아버지가이상해09",
    "passage_id": "SCRIPT-fm_drama-33009-00035",
    "passage": "해설]안방(밤).\n한 수 영실 이불 펴고 나란히 누워 있다. 한 수 천정 보고 누워 잠 못 이루고 있다. 영실 그런 한 수 슬쩍 보다.\n영실]... 당신 그렇게 서운해? 혜영이 내놓기가?\n한 수](힐끔) 누가 서운하다고 자꾸 그래? 걱정되서 그런다니까?\n영실]...얼굴에 다 써 있어요.. 서운해 내보내진 못하겠고? 막상 안 내보내려니 애 고생 시키는 게 마음 아프고.\n한 수]아니라니까...자. 나도 피곤해.. (등 돌리고 자는 척)...\n영실]...그렇게 서운해서 나중에 결혼은 어떻게 시키려고? 아예 평생 데리고 살려고?(그러나 계속 반응 없는 한 수)...알았어.. 더 말 안 시키께...등까지 돌리구.\n한 수](계속 등 돌리고 반응 없다)...\n영실](어쩐지 안스러워 보이는 남편의 등)...열네 살 스무네 살도 아니고 서른 네 살이나 된 딸자식이 아직도 그렇게 오매불망이야?우리 맏딸은 알려나 아빠의 이 가없는 짝사랑을...(등 돌리고 웅크린 남편이 안스럽다. 이불 여며 등 여며 준다)...진짜 잘게... 잘자요... (눕는다)\n한 수]..."
  },
  "Annotation": {
    "Summary1": "한수는 집에서 내보내게 되는 맏딸 걱정으로 잠 못 이루고 영실은 딸을 사랑하는 한수의 마음을 지켜보며 안쓰러워한다.",
    "Summary2": "영실은 누워서 천정만 보고 잠을 이루지 못하는 한수를 보고 있다. 한수는 혜영이를 내 보내는 것이 그렇게 서운하냐는 질문을 반복하는 영실의 질문에 그저 걱정되어 그런 것이라고만 하고 등을 돌리며 영실의 질문에 더 이상 반응을 하지 않는다. 영실은 등 돌린 채 잠 못 이루는 한수를 안쓰럽게 보며 맏딸이 아빠의 사랑하는 마음을 알아줄까 말하며 잠을 청한다.",
    "Summary3": ""
  },
  "filename": "SCRIPT-fm_drama-33009-00035.json"
}