{
  "Meta": {
    "doc_id": "SCRIPT-fm_drama-46054",
    "doc_category": "SCRIPT",
    "doc_type": "fm_drama",
    "doc_name": "46054_DC_오작교형제들54_2011.txt",
    "author": "KBS",
    "publisher": "KBS",
    "published_year": "2011",
    "doc_origin": "오작교형제들54",
    "passage_id": "SCRIPT-fm_drama-46054-00001",
    "passage": "해설]여관방 / 밤.\n태희]...그날 운전을 한 사람이 누굽니까?\n홍씨](당황해 보다)...운전을 한 건 백인호 사장님 맞습니다..\n태희](뭐?실망감에 쏘아보며)...그럼 백인호사장이 흰옷을 입었다구요?\n홍씨](시선 피하며)...그건 몰라요. 기억이 안나요. 하지만...사장님이 운전을 한 건 분명해요.\n태희](그 모습 쏘아보며) 왜 홍만식씨가 있는데 백인호사장이 운전을 했죠?\n홍씨](초조하고 당황한 기색 역력)...사장님이 자꾸 운전을 한다고 우기셨어요...나도 술에 취해서 말린다고 말렸는데...끝까지 말리질 못했어요..\n태희](뭐라고? 쏘아보는데)...\n홍씨](내려뜨린 손 덜덜 떨린다. 당황해 얼른 맞잡는다)...\n태희](그 모습 놓치지 않고 보다, 홍씨를 본다)...교통사고 사망자가 제 아버지십니다...알고 계십니까?\n홍씨](당황해 보다, 고개 절레절레 흔들며 시선 피한다)...유감이네요...이만 돌아가 주세요...더할 얘기가 없어요...\n태희](보다)...알겠습니다. 오늘은 이만 돌아가고 곧 다시 한 번 찾아 뵙겠습니다..\n해설]태희 가볍게 목례하고 돌아선다. 태희 나가고 문 닫히면...힘 빠져 바닥에 털썩 주저 앉는 홍씨. 두려움에 거칠게 훅 숨을 몰아쉰다. 화장실에서 나오는 이총경! 태희 나간 문을 본다..\n이총경](역시 후우~ 안도의 한숨 내쉰 후, 소리 낮춰)...잘했어...다시 찾아와도 잘 해. 끝까지 입 다물어!"
  },
  "Annotation": {
    "Summary1": "태희는 아버지의 사고 날에 대해 캐묻지만 홍씨는 기억이 안 난다 둘러대고 태희가 돌아간 후 숨어있던 이총경이 안도한다.",
    "Summary2": "태희는 홍씨가 그날 운전한 사람이 백인호 사장이라고 하자 실망한다. 사고 날에 대해 자세하게 묻지만 홍씨는 기억이 안 나고 술에 취했다 둘러댄다. 태희는 교통사고의 피해자가 자신의 아버지라며 알고 있냐 묻고 홍씨는 당황하며 유감이지만 더 할 얘기가 없다며 대화를 피하고 태희가 돌아간 후 숨어있던 이총경이 안도하며 다시 한번 홍씨에게 입단속을 한다.",
    "Summary3": ""
  },
  "filename": "SCRIPT-fm_drama-46054-00001.json"
}