{
  "Meta": {
    "doc_id": "SCRIPT-fm_drama-46029",
    "doc_category": "SCRIPT",
    "doc_type": "fm_drama",
    "doc_name": "46029_DC_오작교형제들29_2011.txt",
    "author": "KBS",
    "publisher": "KBS",
    "published_year": "2011",
    "doc_origin": "오작교형제들29",
    "passage_id": "SCRIPT-fm_drama-46029-00020",
    "passage": "해설]지능범죄수사팀.\n태희 들어온다. 장형사 자리에서 업무 중이고, 동민은 커피를 타다 돌아본다.\n동민]형님 오셨어요?커피 타는 중인데 형님도 타드려요? (하는데. 태희 뒤로 제하가 뒤따라 들어온다) 어 김피디님?\n태희]! (뭐? 그 말에 주춤 선다)...(뒤돌아 본다)\n제하](뒤따라 다가와 선다)...할 얘기가 있다니까. 어머니 얘기야 (하는데)\n해설]태희, 이번에는 온 몸의 체중을 실어 더욱 세게 주먹을 날린다. 제하, 이번엔 나가 떨어질 만큼 세게 맞는다. 책상에 몸이 부딪힌다. 동민 장형사 등 놀라본다..\n태희](무섭게 보는)...\n제하](하! 기막혀 태희를 본다)...\n동민](놀라 달려와 두 사람 사이를 막고 서고) 형님 왜 이러세요?\n태희](흥분하지도 않는다. 싸늘하다) 경고했잖아?서동민! 이 물건 치워!\n해설]태희 밖으로 나간다. 제하 중심을 잡고 일어선다. 동민 돌아보면, 제하의 입술 더 많이 찢겨서 피가 제법 난다. 제하 입술도 따갑고 얼굴도 욱신댄다.\n동민]...김피디님? 괜찮으세요?\n제하](아! 아프다) 안 괜찮은 거 같죠?피 나는 거 같은데?\n동민](쯧쯧) 예...찢어졌어요. 피 나요.\n제하](그제야 손등으로 살짝 닦아서 확인! 무안해 짐짓)...에이 젠장할!.(하다 저렴한 반응에 조금 놀라는 동민과 눈 마주치면)...또 봐요 (입구 돌아보고 다시 뒤따른다)"
  },
  "Annotation": {
    "Summary1": "태희는 자기를 뒤따라와 어머니에 관한 얘기를 꺼내는 제하에게 주먹질을 하고, 제하는 놀란 동민에게 인사하고 나간다.",
    "Summary2": "동민이 업무 중에 들어온 태희에게 커피를 권하다 뒤에 따라온 제하를 보고 그를 부른다. 그 순간 태희는 어머니에 관한 얘기를 꺼내려는 제하에게 주먹을 날리고, 뒤로 나가떨어져 책상에 몸을 부딪힌다. 동민은 놀라서 둘 사이를 막으며 제하가 괜찮은지 돌아보고, 제하는 피 나는 입술을 닦아 본 후에 동민에게 또 보자고 인사하고 나간다.",
    "Summary3": ""
  },
  "filename": "SCRIPT-fm_drama-46029-00020.json"
}