{
  "Meta": {
    "doc_id": "SCRIPT-fm_drama-33015",
    "doc_category": "SCRIPT",
    "doc_type": "fm_drama",
    "doc_name": "33015_NC_아버지가이상해15_2017.txt",
    "author": "KBS",
    "publisher": "KBS",
    "published_year": "2017",
    "doc_origin": "아버지가이상해15",
    "passage_id": "SCRIPT-fm_drama-33015-00013",
    "passage": "해설]가비 인터뷰실.\n중희 테이블 앞에 앉아 쓰린 속 부여잡으며 기다리고 있다. 그때 미영 손에 라떼 두 잔 들고 인터뷰실로 들어온다. 어색하게 중희 앞에 라떼 놔주며 눈치 보는 미영. 중희 힐끔 미영 보면..\n미영].. 해장라떼 입니다. 태부 선배님이 이거 좋아하신다고 알려주셨습니다.\n중희](머쓱하게) 뭘 인수인계를 이렇게 자세하게 해...(라떼 한 모금 마신다)\n미영]기자님은.. 약간 늦으실 것 같다고 연락 왔습니다.\n중희](시선 라떼에 고정) 알았어.\n미영](눈치 보며 중희가 앉아 있는 의자에서 옆 옆 옆 의자로 멀리 떨어져 나란히 앉는다)\n중희](라떼 마시며 눈만 굴려 미영 힐끔 본다.)\n미영](라떼 홀짝이며 곁눈질로 중희 살핀다.)\n중희/미영](눈 딱 마주쳤다. 서로 안 본 척 어색하게 고개 돌린다.)\n중희](괜히 헛기침하며) 너도 속 쓰리냐?\n미영](민망하다) 네에.. 좀..\n중희](어색하게) 근데.. 어제 어쩌다 우리가 술을 마셨지? 기억이 하나도 안나네?\n미영e]아... 이래서 안중희 로봇설이 있구나. 기억 안나기는.. 다 기억하는구만..\n미영](헛기침) 글쎄요? (어색하고 단호하게) 저도 전혀.. 기억이 없어서..\n중희](반색) 그치? 너도 기억 안 나지? 야 니가 내 매니저니까 하는 말인데... 내가 지병이 좀 있어. 허언증. 이게 평소에는 괜찮다가 술만 마시면 주체가 안돼요. 그니까.. 어제 내가 뭔 말을 했던 다 뻥이야 뻥!\n미영]우와. 그러시구나~ 아니 저도 술만 취하면 막장드라마를 쓰거든요. 한때 꿈이 작가였어가지고.. 혹시 기억나시면 그냥 얘가 또 드라마 한편 썼구나.. 해 주세요.\n해설]아하하하 어색하게 웃으며 서로 눈 마주치자 얼른 시선 돌리는 두 사람. 참 공허한 웃음이다"
  },
  "Annotation": {
    "Summary1": "중희와 미영은 인터뷰실에서 해장라떼를 마시면서 서로 어제 일이 기억 안 난다고 말하고 어색하게 웃는다.",
    "Summary2": "인터뷰실에서 미영이 중희에게 해장라떼를 건넨다. 인터뷰가 늦어지자 미영과 중희는 서로 민망한 듯 눈치를 보며 어제 일이 기억 안 난다고 말한다. 중희는 자기가 허언증이 있어서 술만 마시면 주체가 안 된다며 어제 한 말은 다 뻥이라고 하고, 미영은 술만 취하면 막장드라마를 쓴다고 말하며 어색하게 웃는다.",
    "Summary3": ""
  },
  "filename": "SCRIPT-fm_drama-33015-00013.json"
}