{
  "Meta": {
    "doc_id": "SCRIPT-fm_drama-46054",
    "doc_category": "SCRIPT",
    "doc_type": "fm_drama",
    "doc_name": "46054_DC_오작교형제들54_2011.txt",
    "author": "KBS",
    "publisher": "KBS",
    "published_year": "2011",
    "doc_origin": "오작교형제들54",
    "passage_id": "SCRIPT-fm_drama-46054-00011",
    "passage": "해설]마루.\n복자 상자에서 가족사진을 꺼내 보고 있다. 갑년 외출복 차림으로 방에서 나오다 그 모습 본다. 사진 속의 태희와 자은 이 눈에 들어온다..\n갑년](사진을 보는)...\n복자](사진을 보다 그제야 갑년을 본다. 에고) 엄니?지가 잠깐 볼라구유...얼른 다시 치워 노께유...(하다) 워디 가시게유?\n갑년]...잠깐 댕겨와...(현관으로 향하면)\n복자]워디 가시는데유? 지이랑 같이 가세유?\n갑년]미성년자 아녀...아직 머리도 멀쩡하고. 자꼬 애 취급하지 말어 (가는)\n복자](웃는) 그람유 엄니 총기는 저보다 더 조신대유...댕겨오세유...(배웅하고)\n해설]전통찻집.\n태희와 인호 마주 앉아 있다. 주인 두 사람 앞에 대추차 두 잔 가져다 놓고 간다.\n인호]...그래...무슨 일인가?\n태희]...사고 당일의 정황에 대해 자세히 알고 싶습니다...참고인 조사때 운전한 기억도 없다고 말씀하셨죠?\n인호](보다)...그랬어...등산 후 식당에서 술을 마시고 가게를 나섰던 기억까지는 나는데...그 후 기억이 전혀 없네...깨어나보니 내가 운전대에 앉아 핸들을 잡고 있었고...옆에 탄 이기철이 사고가 났다고 하더라고?\n태희]사고 순간도 기억을 못한다구요?\n인호]기억이 안나...정신을 차렸을 때는 사고 현장에서 벗어난 논밭 사이였어...이기철이 그렇게 졸면서 운전하면 어떡하냐고 소리소리를 쳤어...내가 사람을 친 것 같다고...너무 당황하고 놀라서 사고현장으로 달려갔는데...구급차가 막 도착해서 다친 사람을 싣고 있더라고...순간 너무 겁이 났어...이기철이 얼마나 다쳤는지 자신이 알아볼테니까 일단 자리를 피하자고 하길래...그냥 못 이기는 척 도망을 쳤어...너무 겁이 났어...\n태희](감정 개입시키지 않으려 애쓴다) 그때 홍만식은 뒷자리에 동승하고 있었구요?\n인호](끄덕이는)...그랬어...그리고 다음날 다친 사람이 수술 잘 받고 무사히 깨어났다길래...더는 알려고도 하지 않고 예정대로 며칠 뒤에 출국을 했네...이게 사건의 전부야.\n태희](보다, 감정 추스리고)...여전히 당일 날 무슨 옷을 입었는지는 기억이 안나시구요?\n인호]안 그래도 자네 다녀가고 기억해 내려 무진 애를 썼는데...(절레절레) 기억이 안나.\n태희]혹시 당일 날 사진 찍은 기억 없습니까? 등산은 누구와 갔습니까?\n인호](보는)...산악회에서 갔어. 당시 단체사진을 찍긴 찍었어.\n태희](얼굴이 밝아진다) 사진이 있습니까?\n인호]그런데...내가 남아있는 사진이 없어...알다시피 회사 부도나고 나는 실종되면서 자은 이가 이사 나올 때 짐을 다 두고 나오는 바람에...아무것도 남아난 게 없어.\n태희](끄떡이는)...예...마지막으로 한 번 더 묻겠습니다...운전한 기억이 전혀 없습니까?\n인호](죄인처럼, 괴로운 눈빛으로 보다)...전혀 없어...정말이야...아무 기억이 안나...(시선 떨군다)...미안하네...(더는 괴로워 아무 말이 안 나온다)...\n태희](그런 인호를 본다)..."
  },
  "Annotation": {
    "Summary1": "인호는 자기 차에 치인 사람을 보고 겁이 나서 도망 쳤는데 운전한 기억은 나지 않는다면서 태희에게 미안하다고 한다.",
    "Summary2": "인호는 구급차가 인호의 차에 치인 사람을 싣고 있는 것을 보고 겁이 나서 도망 쳤다고 태희에게 말한다. 이어 인호는 사고 당일 어떤 옷을 입었는지 기억도 전혀 없고, 단체 사진을 찍었지만 자기한테 남아있는 사진이 없다고 한다. 마지막 질문이라면서 운전한 기억이 전혀 없냐는 태희의 질문에 인호는 정말 기억이 안난다면서 미안하다고 한다.",
    "Summary3": ""
  },
  "filename": "SCRIPT-fm_drama-46054-00011.json"
}