{
  "Meta": {
    "doc_id": "SCRIPT-fm_drama-33015",
    "doc_category": "SCRIPT",
    "doc_type": "fm_drama",
    "doc_name": "33015_NC_아버지가이상해15_2017.txt",
    "author": "KBS",
    "publisher": "KBS",
    "published_year": "2017",
    "doc_origin": "아버지가이상해15",
    "passage_id": "SCRIPT-fm_drama-33015-00014",
    "passage": "해설]중희 오피스텔 입구.\n중희 선글라스 쓰고 입구에서 걸어 나온다. 입구 바로 앞에 중희 카니발 주차되어 있다. 중희 슬그머니 운전석 살피는데 운전석이 비어있다. 고개 갸우뚱하고 카니발에 타는 중희 \n카니발 내부..\n중희 카니발에 타자마자, 운전석 바닥에 떨어진 뭔가를 줍고 있던 미영 고개 번쩍 든다. 중희 기겁하고..\n중희](놀랐다) 니...니가 왜 여기 있어.\n미영](민망하다, 제대로 돌아보지도 않고 옆으로 인사하는) 아..안녕하십니까, 안배우님.\n중희](민망함이 물밀 듯 밀려온다)...태부는?\n미영]태부 선배님이.. 오늘 신인개발팀 레벨 테스트가 있으셔서.. 어쩔 수 없이..\n중희](좌석에 몸 푹 파묻고 의식적으로 고개 돌리며)... 나 좀 잔다.\n미영](백미러로 흘끔 눈치 보며) 네에...\n해설]마루.\n영실 생각에 잠겨 있다. 아무리 생각해도 안될 얘기다. 저도 모르게 고개 젓는다. 영실 자리에서 몸을 일으킨다."
  },
  "Annotation": {
    "Summary1": "중희는 카니발 운전석에 있는 미영을 보고 놀란다.",
    "Summary2": "중희는 카니발에 탔다가 운전석에서 뭔가를 줍고 있던 미영을 보고 매우 놀란다. 미영은 민망해하며 태부가 신인개발팀 레벨 테스트로 인해 자신이 왔다고 말한다. 중희는 의식적으로 고개를 돌리며 잠을 청한다.",
    "Summary3": ""
  },
  "filename": "SCRIPT-fm_drama-33015-00014.json"
}