{
  "Meta": {
    "doc_id": "SCRIPT-fm_drama-33023",
    "doc_category": "SCRIPT",
    "doc_type": "fm_drama",
    "doc_name": "33023_NC_아버지가이상해23_2017.txt",
    "author": "KBS",
    "publisher": "KBS",
    "published_year": "2017",
    "doc_origin": "아버지가이상해23",
    "passage_id": "SCRIPT-fm_drama-33023-00020",
    "passage": "해설]복녀 거실.\n규택 들어선다. 복녀 궁금한 표정 가득 규택을 맞는다.\n복녀]뭐래요? 정환이 만났어요?\n규택](화나 복녀 본다) 당신 아주 꼴좋다. 당신 그 오매불망 아들 한동안 못 보게 생겼어!\n복녀]그게 무슨 소리예요?\n규택]정환이 베트남 간대. 그 아가씨랑 헤어지고 더는 여기 있을 수가 없어서 베트남 파견 근무 신청했대..\n복녀](놀라) 헤어지고 베트남예요? 걔가 날 더운 거 얼마나 질색하고 못 참는데 베트남에를 가요?\n규택]간다잖아?!\n복녀](믿기지 않아 보다 이내)...그거 다 짜고 치는 고스톱이이예요? 쇼하는 거라고!\n규택]뭐??\n복녀]그 녀석이 그동안 내 앞에서 얼마나 감쪽같이 쑈를 해왔는데? 경찰서에서도? 오피스텔에서도? 그런 식으로 나오면 내가 오냐 그래 다 용서하고 받아 줄 테니 둘이 결혼해라 그럴 줄 아나본데? (코웃음) 하! 웃기지 말라고 해요! 어림 반 푼 어치도 없는 소리!\n규택](어이없이 그런 복녀 본다)..."
  },
  "Annotation": {
    "Summary1": "규택에게 정환이 베트남으로 파견근무 간다는 소식을 들은 복녀는 믿지 못하고 정환이 다 꾸민 일이라고 생각한다.",
    "Summary2": "거실로 규택이 오고 복녀는 정환을 만났는지 정환이 뭐라 말했는지 궁금해 한다. 복녀는 더운 날씨를 싫어하는 정환이 실연하고 베트남으로 파견 근무 간다는 소식을 규택에게 듣고 놀란다. 복녀는 정환의 소식을 믿지 못하고 정환이 복녀를 속이는 것이고 정환이 강경하게 나오면 복녀가 결혼 허락을 해 줄 것이라고 규택에게 말하는데 규택은 그런 복녀가 어이없다.",
    "Summary3": ""
  },
  "filename": "SCRIPT-fm_drama-33023-00020.json"
}