{
  "Meta": {
    "doc_id": "SCRIPT-fm_drama-33048",
    "doc_category": "SCRIPT",
    "doc_type": "fm_drama",
    "doc_name": "33048_NC_아버지가이상해48_2017.txt",
    "author": "KBS",
    "publisher": "KBS",
    "published_year": "2017",
    "doc_origin": "아버지가이상해48",
    "passage_id": "SCRIPT-fm_drama-33048-00046",
    "passage": "해설]영실 차안 (달리는).\n준영 운전석에서 운전 중이고, 보조석에 혜영 앉아 있다. 뒷좌석에 한 수 영실 앉아 있다. 한 수 영실 손을 꼭 잡고 있다. 감정 추스르며 말없이 창밖을 보는 영실과, 한 수. 역시 창밖에 시선 두고 차분히 감정 다스리며 앉아 있는 혜영과, 말없이 운전하는 준영. \n영식네 마루.\n말분 테이블에 앉아 두 손 모아 기도하고 있다. 초조하고 긴장된 모습으로 주방 식탁에 앉아 있는 보미. 차마 앉지도 못하고 서성이는 영식. 말분 도저히 안되겠다. 자리를 떨치고 일어선다.\n말분]...아녀 가봐야것어. 암만 영실이가 오지 말렸어도 내가 불안혀서 도저히 앉아 있을 수가 없어.\n영식](다가와, 만류한다)...엄마...누나 위해서 참어요.. 누나가 매형 그런 모습 엄마 보여 드리고 싶겠어?\n말분](그 모습에 결국 다시 주저앉는다)...오미...(다시 두 손 모은다)...나무관셈보살."
  },
  "Annotation": {
    "Summary1": "준영 등은 차에서 감정을 추스르고 있고 말분 등도 집에서 긴장한 모습으로 있다.",
    "Summary2": "준영 등은 차에서 말 없이 감정을 추스르고 있다. 말분 등도 집에서 긴장한 모습으로 있다. 말분은 영실이 오지 말랬어도 불안해서 가야겠다고 했지만 영식이 만류한다.",
    "Summary3": ""
  },
  "filename": "SCRIPT-fm_drama-33048-00046.json"
}