{
  "Meta": {
    "doc_id": "SCRIPT-fm_drama-46027",
    "doc_category": "SCRIPT",
    "doc_type": "fm_drama",
    "doc_name": "46027_DC_오작교형제들27_2011.txt",
    "author": "KBS",
    "publisher": "KBS",
    "published_year": "2011",
    "doc_origin": "오작교형제들27",
    "passage_id": "SCRIPT-fm_drama-46027-00030",
    "passage": "해설]요양원 복도.\n헐레벌떡 뛰어오는 수영. 사무실을 찾기 위해 두리번거리며 걸어간다. 그러다 문득 휴게실(?)안에서 인터뷰 중인 태범의 모습에 우뚝 걸음을 멈춰 선다..\n수영]!\n해설]요양원 휴게실.\n카메라로 할아버지 찍고 있는 태범. 태범 앞에 앉아 호탕하게 웃으며 인터뷰 중인 할아버지(얼굴에 점이 있는). 자기 자랑에 열을 올리고 있다..\n할아버지]내가 어릴적부터 그렇게 베풀기를 좋아했어. 콩 한쪽도 나눠먹고 도시락도 나눠먹고 지나가다 거지가 있음 주머니 돈 다 털어서 주고...원래 내가 심성이 참 착해?\n태범](약간 이상하지만) 예...그래서 10억을 기부하실 수 있으셨군요?\n할아버지]그럼? 아낌없이 기부할 수 있었지! 하나도 안 아까웠어! 하하하.\n해설]밖에서 지켜보던 수영. 아쉽고 분한 표정으로 바라보다 돌아선다. \n매장 전경.\n커다란 새로운 간판으로 교체됐다."
  },
  "Annotation": {
    "Summary1": "요양원을 두리번거리던 수영은 휴게실에서 할아버지를 인터뷰 중인 태범을 지켜보다가 분한 표정으로 돌아선다.",
    "Summary2": "요양원을 두리번거리던 수영은 휴게실에서 인터뷰 중인 태범을 보고 멈춰 선다. 태범이 카메라로 찍고 있는 할아버지는 어릴 적부터 베풀기를 좋아했던 자신의 심성 자랑에 열을 올리고 있고, 태범은 그래서 10억을 기부할 수 있었냐고 묻는다. 할아버지는 그렇다며 하나도 안 아까웠다고 웃고, 수영은 밖에서 지켜보다가 분한 표정으로 돌아선다.",
    "Summary3": ""
  },
  "filename": "SCRIPT-fm_drama-46027-00030.json"
}