{
  "Meta": {
    "doc_id": "SCRIPT-fm_drama-33009",
    "doc_category": "SCRIPT",
    "doc_type": "fm_drama",
    "doc_name": "33009_NC_아버지가이상해09_2017.txt",
    "author": "KBS",
    "publisher": "KBS",
    "published_year": "2017",
    "doc_origin": "아버지가이상해09",
    "passage_id": "SCRIPT-fm_drama-33009-00020",
    "passage": "해설]본부장실 앞 + 엘리베이터 앞 복도.\n미영 본부장실 앞 복도에서 대기 중이다. ‘땡’ 소리와 함께 엘리베이터 문 열리고 중희 태부 내린다. 중희 시큰둥한 표정으로 느릿느릿 여유 피는데, 태부는 마음이 급하다..\n태부]행님 늦었다니까요. 본부장님 기다리세요.\n중희]됐어 일찍 가봐야 잔소리만 들을 거.. (참?!) 아니다. 오늘은 내가 할 말이 있다..\n해설]중희 성큼성큼 걸음 빨라지는데, 미영 그 모습 지켜보며 마음을 굳게 다진다.\n미영E]나는 할 수 있다. 나는 뭐든 견딜 수 있다. (유도 준비 자세로 기합) 하!\n해설]걸어오던 중희 태부 갑작스런 기합소리에 움찔! 뭐야 돌아보면 아무래도 소리의 진원지 미영 같은데, 미영 얼른 포즈 풀고 쪼르르 달려온다.\n미영]안녕하십니까. 안배우님! 몸은 좀 어떠신가요?\n중희](허! 짜증 가득한 표정으로 미영을 힐끗 보다, 그대로 무시하고 지나친다)...\n해설]미영 얼른 중희를 앞서 문 앞으로 다가가 본부장실 문을 열어준다. 중희 그런 미영을 눈동자만 움직여 볼 뿐 끝내 무시하고 안으로 들어간다. 뒤따르던 태부 미영에게 손짓으로 인사하면, 미영 태부에게 꾸벅. 태부 들어가고 본부장실 문 닫히면, 다시 입구에 대기 자세로 서는 미영."
  },
  "Annotation": {
    "Summary1": "중희와 태부가 엘리베이터에서 내려 걸어오고 기다리고 있던 미영이 달려와 본부장실 문을 열어주지만 중희는 무시한다.",
    "Summary2": "중희와 태부가 엘리베이터에서 내리고 태부는 마음이 급해서 빨리 가야 한다고 말한다. 중희는 잔소리만 듣는다고 느리게 가다가 자신이 할 말이 있다며 걸음이 빨라지고 본부장실 앞 복도에서 기다리고 있던 미영은 뭐든 견딜 수 있다고 말하며 기합을 넣는다. 그 기합을 듣고 중희와 태부가 놀래서 쳐다보고 미영은 달려와서 문을 열어주지만 중희는 무시하고 들어간다.",
    "Summary3": ""
  },
  "filename": "SCRIPT-fm_drama-33009-00020.json"
}