{
  "Meta": {
    "doc_id": "SCRIPT-fm_drama-46054",
    "doc_category": "SCRIPT",
    "doc_type": "fm_drama",
    "doc_name": "46054_DC_오작교형제들54_2011.txt",
    "author": "KBS",
    "publisher": "KBS",
    "published_year": "2011",
    "doc_origin": "오작교형제들54",
    "passage_id": "SCRIPT-fm_drama-46054-00004",
    "passage": "해설]여울방 / 밤.\n여울 침대에 앉아 생각에 잠겨 있다.\n<인써트>.\n수영](기막혀)...언제까지 숨길 생각인데? 아니...둘이 앞으로 어쩌려구? 정말 결혼이라도 하려는 건 아니지?그건 진짜 안되는 거야 이모? 어? (*)\n해설]여울 고민스럽다. 자신없는 여울. 깊은 한숨을 내쉰다. 그러다 떠오르는 태필과의 기억들. <인써트> 함께 홍보하러 다니는 두 사람 / 물건 팔고 좋아하는 여울 / 유람선 위에서 손 잡고 / 동창모임에서 소리쳐 여울을 잡던 멋진 태필. 키스하던 순간/ 라이브카페 앞 태필의 고백 / 자전거 타는 두 사람 / 전남편 때문에 울고 있는 여울을 안아주던 태필 / 맞선자리에서 여울 끌고 나오는 태필/ 스피드 퀴즈 때 사랑해 말하게 하던 태필 등등.\n여울](행복했던 기억들에 미소가 지어진다)...(용기를 내볼까?.고민스럽다)...남녀울...너 태필씨 좋아하잖아?.언제까지 이렇게 겁쟁이로만 살 꺼야?"
  },
  "Annotation": {
    "Summary1": "수영의 말을 떠올리며 고민하다 태필과 행복했던 기억들을 떠올린 여울은 자신에게 언제까지 겁쟁이로 살 거냐고 말한다.",
    "Summary2": "침대에 앉아 생각에 잠겨있던 여울은 언제까지 숨길 생각이냐며 둘이 결혼이라도 하려는 건 아니냐고 묻고 그건 안된다 말하던 수영을 떠올린다. 여울은 고민스럽고 자신이 없어 한숨을 내쉬다 태필과 행복했던 기억들을 떠올리며 미소를 짓는다. 여울은 자신에게 태필을 좋아하지 않냐며 언제까지 이렇게 겁쟁이로만 살 거냐고 말한다.",
    "Summary3": ""
  },
  "filename": "SCRIPT-fm_drama-46054-00004.json"
}