{
  "Meta": {
    "doc_id": "SCRIPT-fm_drama-33015",
    "doc_category": "SCRIPT",
    "doc_type": "fm_drama",
    "doc_name": "33015_NC_아버지가이상해15_2017.txt",
    "author": "KBS",
    "publisher": "KBS",
    "published_year": "2017",
    "doc_origin": "아버지가이상해15",
    "passage_id": "SCRIPT-fm_drama-33015-00009",
    "passage": "해설]중희 오피스텔 화장실.\n비틀비틀 화장실로 들어온 중희. 거울을 보고 상태를 파악하는데 얼굴도 눈도 팅팅 붓고 머리는 까치집을 지었다. 누가 봐도 전날 술 먹은 게 확실해 보이는 몰골. “인터뷰 있는데...망했네..??” 절망적인 얼굴로 윗옷 벗고 샤워실로. 샤워 중인 중희. 얼굴 부기 빼보려 안면 근육을 늘렸다 조였다 이상한 표정들을 지어 보며 머리 감는다.\n중희](문득) 어제... 술을 누구이랑 마셨더라..?? (기억났다)...중희야..? 아니지..?\n해설]<플래쉬백 14부 54씬 중희 -야, 임신하고 애 낳고 다해도 애 버리고 가는 사람 세상에 많어. 니 바로 가까운 데도 있어! / 내가 버린 게 아니라 내가 버려진 거거든?!>.\n중희]...뭐지.. 이거?? 설마.. 인턴한테 저런 이야기를 한 거야?? 뭔 소리를 어디까지 한 거지..?? 저게 단가? 아니.. 저 이야길 했으면 다한 건데..?? (머리 헹구며)... 아니야. 설마... 설마는 무슨 설마! 안중희 너 진짜 왜그래에! 왜 술만 마시면 사고야아~"
  },
  "Annotation": {
    "Summary1": "중희는 샤워를 하다 전날 인턴과 술을 마시며 자신이 인턴에게 하지 않아도 될 이야기를 나눈 장면이 떠올라 괴로워한다.",
    "Summary2": "중희는 술을 먹은 몰골로 오피스텔 화장실로 들어와 샤워를 하며 전날 술을 누구랑 마셨는지 떠올린다. 전날 인턴과 술을 마시며 중희가 버려졌는다는 이야기를 하는 장면이 떠오른다. 중희는 술을 마시고 인턴에게 하지 않아도 될 이야기를 한 것을 괴로워한다.",
    "Summary3": ""
  },
  "filename": "SCRIPT-fm_drama-33015-00009.json"
}