{
  "Meta": {
    "doc_id": "SCRIPT-fm_drama-33001",
    "doc_category": "SCRIPT",
    "doc_type": "fm_drama",
    "doc_name": "33001_NC_아버지가이상해01_2017.txt",
    "author": "KBS",
    "publisher": "KBS",
    "published_year": "2017",
    "doc_origin": "아버지가이상해01",
    "passage_id": "SCRIPT-fm_drama-33001-00015",
    "passage": "해설]분식집 주방.\n영실]거기도 단수라고?.(한 수 바라본다)...왜 갑자기? 이유가 뭐래?.(뭐) 물탱크청소??.(와락) 아니 그럼 미리 공지를 띄워야지 갑자기 이러면 어뜩 하자는 거야??\n해설]거실.\n라영](소리 죽여) 나이랑 오빠도 따졌는데, 아저씨들 말이 이틀 전에 집집마다 직접 다니며 다 얘기했대. 우리 집은 외삼촌한테...(입 쭉 나온다) 어, 외삼촌이 까먹었나봐. 외삼촌은 하는 일마다 왜 그래 진짜?\n혜영](외삼촌이 또? 인상이 절로 쓰여지고)\n준영](그 소리 듣다 슬그머니 외면하고)\n해설]미영방.\n라영 문 열고 들어온다. 미영 아직도 세상모르고 자고 있다. 라영 할 말을 잃는다.\n라영]이 상황에서 잠을 자...이건 인간이 아니고 짐승이야...(다가가 이불 확 당겨 걷어낸다) 일어나 돈! 지금 비상 상황이란 말야!\n해설]그 바람에, 미영 이번에도 이불 감고 가다 나뒹굴다 결국 일어난다. 눈도 반도 못 뜨고, 머리는 새집, 입가엔 침 자국 묻힌 채.\n미영]뭐? 비상식량?"
  },
  "Annotation": {
    "Summary1": "한수와 영실은 갑자기 단수가 되서 당황하고 라영은 아저씨들이 얘기한 걸 외삼촌이 까먹은것 같다며 짜증을 낸다.",
    "Summary2": "분식집 주방에 있는 한수와 영실은 갑자기 영문도 모른 채 단수가 돼서 당황스럽다. 라영은 아저씨들이 이틀 전에 집집마다 직접 다니면서 다 얘기하셨다고 한다며 우리 집에도 외삼촌한테 얘기했는데 까먹은 것 같다며 외삼촌은 하는 일마다 왜 이렇냐며 짜증을 내고 준영은 슬그머니 외면한다. 미영은 세상모르고 자고 있는 미영을 비상상황이라고 하며 깨운다.",
    "Summary3": ""
  },
  "filename": "SCRIPT-fm_drama-33001-00015.json"
}