{
  "Meta": {
    "doc_id": "SCRIPT-fm_drama-33015",
    "doc_category": "SCRIPT",
    "doc_type": "fm_drama",
    "doc_name": "33015_NC_아버지가이상해15_2017.txt",
    "author": "KBS",
    "publisher": "KBS",
    "published_year": "2017",
    "doc_origin": "아버지가이상해15",
    "passage_id": "SCRIPT-fm_drama-33015-00008",
    "passage": "해설]안방 (밤).\n한 수 영실 이불 펴고 누워 있다. 간접 등만 켜져 있다. 영실 적당히 모로 누워 잠 못 이루고 있다. 천정 보고 누운 한 수도 잠이 오지 않는다, 영실의 기척을 느껴 돌아본다..\n한 수]...여보? 안 자?안자면 얘기 좀 해!\n영실]...\n한 수]...알았어...자...일단은 아무 생각하지 말고 푹 자...잘 자~.\n해설]그러나 영실 끝내 대꾸하지 않는다. 한 수도 더 말 걸지 않는다. 서로의 고민과 생각에 빠진 부부, 그렇게 잠 못 이룬다.\n상가 주택 외경 (아침).\n중희 오피스텔.\n바닥에 중희가 벗어 던진 양말, 겉옷, 티셔츠, 시계, 모자 등등이현관에서부터 침대까지 주르르 연결되어 떨어져 있다. 침대에서 숙면에 빠져 있는 중희. 그때 핸드폰 알람 울린다. 팔만 쭉 뻗어 더듬더듬 핸드폰 집는 중희.\n 실눈 간신히 뜨고 액정 확인하는데 [드라마 플러스 인터뷰] 헉! 몸 일으키는데 머릿속에서 지진이 난 것 같다. 머리 붙잡고 다시 쓰러지는 중희."
  },
  "Annotation": {
    "Summary1": "한수와 영실은 각자 생각에 잠겨 잠들지 못하고 중희는 알람을 듣고 깨어나지만 핸드폰을 확인하다가 쓰러진다.",
    "Summary2": "한수는 잠들지 못하다 영실도 잠들지 못하는 것을 느끼고는 말을 건다. 영실이 대꾸하지 않자 한수도 더 말을 걸지 않으며 부부는 각자의 생각에 잠긴다. 한편 중희는 아침 알람이 울리자 오피스텔에서 깨어나 핸드폰을 확인하다가 머리를 붙들고 쓰러진다.",
    "Summary3": ""
  },
  "filename": "SCRIPT-fm_drama-33015-00008.json"
}