{
  "Meta": {
    "doc_id": "SCRIPT-fm_drama-33009",
    "doc_category": "SCRIPT",
    "doc_type": "fm_drama",
    "doc_name": "33009_NC_아버지가이상해09_2017.txt",
    "author": "KBS",
    "publisher": "KBS",
    "published_year": "2017",
    "doc_origin": "아버지가이상해09",
    "passage_id": "SCRIPT-fm_drama-33009-00014",
    "passage": "해설]주방.\n한 수 들어서는데, 혜영이 믹서에 과일 주스를 갈고 있다. 식탁에는 접시 하나에는 달걀 후라이 여러 개, 다른 접시에 구운 베이컨과 햄이 놓여 있다. 빵, 쨈, 세팅되어 있다. 영실은 식탁에 앉아 포크와 빵칼 접시 등을 세팅 중..\n한 수]혜영아? 이리 줘. 아버지한테 얘기하지.\n혜영](다 갈았다. 컵에 따르며) 아녜요 다했어. 앉으세요. 오빠아~ 미영아 라영아 아침 먹자.\n한 수](놀라 영실 보면)...\n영실](웃음 머금고) 나도 혹시 해가 서쪽에서 떴나 했더니 동쪽에서 올바르게 잘 떴더라구.. 여기 차린 것도 혜영이가 한 거야. 나 꼼짝도 못하게 하고 혼자 다했어.\n혜영]엄마 감기 몸살 뒤끝이시잖아요.. (컵을 일일이 자리에 놓는다)\n해설]미영 라영 출근 준비하고 들어서며 역시 혜영 모습에 놀란다.\n라영](호들갑) 웬일이니? 어디 아퍼?\n미영](화들짝) 오늘 혹시 엄마 아빠 결혼기념일?\n혜영]뭘 또 그렇게까지 오버야.. 내가 가끔 아침 준비했잖아.\n영실/미영/라영](동시에) 언제 애??\n혜영](어이없이 보고)...\n한 수](좀 웃으며) 얼른들 앉어 먹어. (다들 앉는다)\n미영]늦었어 아빠. 주스만 마시고 갈게. (주스잔 집어들며) 언니 옷 안갈아 입어?\n혜영]오늘 좀 천천히 출근하려고. 재판 하나 끝냈거든.. 내 달걀 후라이 하나만 먹어봐.\n한 수]어디 우리 맏딸이 한 달걀 요리를 한 번 먹어보까? (그 말에 혜영 얼른 작은 접시에 덜어 내밀면, 받아 먹는다).. 음 맛있다. 간이 딱 맞고!\n혜영]원래 머리 좋은 사람이 요리도 잘해요.\n라영]또 깔대기 훅 들어간다. 달걀 후라이가 요리면, 엄마도 쉐프다.\n영실]여보! 나 가만 있다 봉변 당했어. 한 수 세딸-(와르르 웃는다)\n영실]이런걸 돌려까기라 하는 거지?\n미영]엄마 의문의 일패! (웃다가) 아 늦었다. 다녀올께요. (컵 놓고 후다닥 입구로)\n해설]라영도 쭈욱 시원하게 원샷 한 후 “나두우” 현관으로. 한 수 뒤따라 배웅한다.\n영실]다녀와들...(미영 라영 나가면)...너 무슨 할 얘기 있지?\n혜영]역쉬 울 엄마...네. 식사하구요."
  },
  "Annotation": {
    "Summary1": "가족들에게 칭찬을 들으며 화기애애하게 아침식사를 하던 혜영은 할 이야기가 있냐고 묻는 영실에게 그렇다고 말한다.",
    "Summary2": "영실은 한수에게 감기 몸살이었던 자신을 위해 혜영이 혼자 아침을 차렸다며 웃으면서 말하고 미영과 라영도 웬일이냐며 화들짝 놀란다. 한수는 혜영이 해준 달걀 요리를 맛보며 혜영을 칭찬하고 가족들은 화기애애하게 아침식사를 한다. 식사를 마친 미영과 라영이 나가자 영실은 혜영에게 할 이야기가 있냐고 묻고 혜영은 식사하고 이야기 하겠다고 한다.",
    "Summary3": ""
  },
  "filename": "SCRIPT-fm_drama-33009-00014.json"
}