{
  "Meta": {
    "doc_id": "SCRIPT-fm_drama-46030",
    "doc_category": "SCRIPT",
    "doc_type": "fm_drama",
    "doc_name": "46030_DC_오작교형제들30_2011.txt",
    "author": "KBS",
    "publisher": "KBS",
    "published_year": "2011",
    "doc_origin": "오작교형제들30",
    "passage_id": "SCRIPT-fm_drama-46030-00027",
    "passage": "해설]엘리베이터 안.\n여울...굳어져있다. 몇 년만에 보는 전남편의 얼굴...다신 마주치기 싫은 사람이다. 큰 상처를 준 사람이다...되살아나는 상처에...여울 아직도 태필의 팔 붙잡고 떨며 서 있다. 태필 자신의 팔을 잡은 여울의 떨리는 손이 느껴진다. 태필 당황스러워 여울을 본다. 그러다 여울의 모습에 괜찮냐고 차마 묻지도 못하겠다. 여울 그제야 태필의 시선 느끼고, 아직도 태필의 팔을 잡고 있음을 느낀다. 당황해 손 뗀다.\n여울]...아...미안해요. (손 떼고 앞만 바라본다)...\n태필](그런 여울을 본다)...(다시 팔을 내민다)...쓰세요. 저는 괜찮습니다.\n여울](그런 태필을 보다)...괜찮아요 이제...\n태필](보다)...정말 괜찮으세요?\n여울](그제야 빙그레 조금 웃는다)...괜찮아요.\n태필](웃는 모습을 보니 조금 안심이 된다)..."
  },
  "Annotation": {
    "Summary1": "전남편을 보고 동요한 여울은 무심결에 태필의 팔을 붙잡고 떨다 당황하고, 이를 본 태필은 그녀에게 다시 팔을 내준다.",
    "Summary2": "여울은 큰 상처를 주었던 전남편과 몇 년 만에 맞닥뜨리게 되자 무심결에 태필의 팔을 붙들고 몸을 떤다. 여울의 떨리는 손을 느낀 태필이 당황해 여울을 보고, 여울은 태필의 시선을 느끼고 나서야 당황해 손을 뗀다. 여울이 사과하자 태필은 괜찮다면서 다시 팔을 내주고, 여울은 괜찮다며 미소짓는다.",
    "Summary3": ""
  },
  "filename": "SCRIPT-fm_drama-46030-00027.json"
}