{
  "Meta": {
    "doc_id": "SCRIPT-fm_drama-46027",
    "doc_category": "SCRIPT",
    "doc_type": "fm_drama",
    "doc_name": "46027_DC_오작교형제들27_2011.txt",
    "author": "KBS",
    "publisher": "KBS",
    "published_year": "2011",
    "doc_origin": "오작교형제들27",
    "passage_id": "SCRIPT-fm_drama-46027-00028",
    "passage": "해설]앞마당.\n미숙 트럭 주차한다. 주차 마치고 차에서 내리는데 마당 한쪽에 앉아있는 국수 발견한다. 국수 미숙 보자 벌떡 일어나 다가온다.\n미숙]국수야? (다가가는) 왜 밖에 나와 있어? 안에 아무도 없어?\n국수]있어요..\n미숙]...근데?\n국수](대답 못하는)...\n미숙](그 모습에 애써 밝게)...아줌마 보고 싶어서 나왔구나? 아줌마도 국수 디따 보고 싶었는데 우리 통했네에?\n국수](미숙 보며 미소)\n미숙](국수 손 잡으며) 가자! 아줌마가 맛있는 간식 만들어줄게? (가는데).\n해설]대문 쪽에서 예진의 차 들어와 선다. 미숙 낯선 차에 멈춰 보는..\n예진](차에서 내린다) 미숙 씨? 마침 계셨네요? (다가오며) 안 계실까봐 걱정했는데..\n미숙](곱지 않게 보며) 태식이 출근했을 텐데?\n예진]...저 미숙 씨 만나러 온 거에요. (하다 그제야 미숙 뒤에 국수 본다)!\n미숙](그 시선에)...\n예진]...그 애는 누구에요?\n미숙]알 거 없어?날 왜 만나러 왔는데? 시간 없으니까 빨리 얘기해요..\n예진](국수 보다)...(시선 거두고 미숙에게) 저기 혹시...태식씨한테 제 얘기하셨어요?\n미숙]...무슨 얘기? 아 3천만원? 내가 무슨 상관이라고 그런 얘길 (국수 힐끔 보다) 태식이한테 해? 두 사람 문제는 두 사람이 알아서 한다며? 나하곤 이제 상관없어?\n예진](다행이다) 그래요?\n미숙]그거 물어보려고 여기까지 왔어? 시간이 남아도나보네. 난 바빠서 (가려는데)\n예진]잠깐만요! 미숙 씨! 저기 그럼 혹시...요즘 태식씨한테 무슨 일 있나요? 통 연락이 안 되서요?\n미숙](국수 힐끔 보고)...(예진 보며) 그걸 왜 나한테 물어? 나보다 그쪽이 더 태식이랑 가까운 사이 아니었어? 궁금하면 본인한테 직접 물어보던가?\n예진]...\n미숙]...더이상 태식이 일로 나 찾아오지 말아요. (국수 손 잡으며) 가자..\n예진](보다)...(돌아서서 핸드폰 꺼낸다. ‘태식’에게 전화 거는데)...(받지 않는 전화)...후우~"
  },
  "Annotation": {
    "Summary1": "미숙이 마당에 있던 국수를 데리고 들어가려는데 차에서 내려 태식의 안부를 묻는 예진에게 직접 물어보라고 대답한다.",
    "Summary2": "미숙은 차에서 내려서 마당에 앉아있는 국수의 손을 잡으며 간식을 만들어 준다고 하면서 데리고 가다가 예진의 차가 들어오는 것을 보고 멈춘다. 예진은 차에서 내려 미숙을 만나러 왔다며 태식에게 자기 얘기를 했는지 묻는다. 예진은 자기와 상관없는 일이라 안 했다는 미숙의 말에 안도하며 태식의 안부를 묻고, 미숙은 직접 물어보라고 말하고 국수를 데리고 간다.",
    "Summary3": ""
  },
  "filename": "SCRIPT-fm_drama-46027-00028.json"
}