{
  "Meta": {
    "doc_id": "SCRIPT-culture-00006",
    "doc_category": "SCRIPT",
    "doc_type": "culture",
    "doc_name": "T2000-0030_S000_20201026_PS-2020176533-01-000_fixed.vtt",
    "author": "KBS",
    "publisher": "KBS",
    "published_year": "2020",
    "doc_origin": "인간극장",
    "passage_id": "SCRIPT-culture-00006-00001",
    "passage": "화자1]웅장한 산세를 자랑하는 \n국만목 자리에 안기듯 자리 잡은 동네.\n초가을 들녘을 깨우는 굴착기 소리가 요란한데.\n능숙하게 다루는 굴착기를 운전자 얼굴이 \n아직 엣되다.\n두둑한 일당 받을 생각에 \n벌써부터 신이 난 15살 김건화.\n그래도 이건 희망사항일 뿐.\n아직은 얼마 안 되는 용돈만으로도 행복한 \n중학교 2학년이다.\n한 번 굴착기에 앉으면 도통 시간 가는 줄을 모르니.\n말리는 건 매번 엄마 몫이다.\n어쩌겠는가.\n공부보다 재미있는 일을 찾고 만 것을.\n건화 덕에 잡풀 투성이던 땅이 \n제법 밭 형태를 갖췄다.\n취미는 농사, 특기는 굴착기 운전.\n장래 희망은 농부인 건화.\n3년 전 포천에 정착하며 \n처음으로 농사를 짓기 시작한 건화네.\n엄마는 아직도 농사에 도통 취미를 붙이지 못 했는데.\n심고 가꾸고 수확하는 재미를 알게 된 건화.\n농작물을 키워보면 키워볼수록 \n농부가 되겠다는 그 꿈이 점점 더 \n굳건해지는 중이다.\n올겨울 식구들 밥상을 책임질 \n배추밭 하나를 뚝딱 완성하고.\n마당 너머 작업장으로 향하는 건화."
  },
  "Annotation": {
    "Summary1": "중학교 2학년 건화의 취미는 농사, 특기는 굴착기 운전이며 3년 전 포천에 이사 온 뒤 농사일에 흥미를 느꼈다고 한다.",
    "Summary2": "산 밑에 자리한 동네에서 익숙한 듯 굴착기를 다루는 건화는 중학교 2학년이다. 건화에게 굴착기를 다루는 일은 공부보다 재미있는 일이며, 취미는 농사이고 특기는 굴착기 운전이다. 3년 전 포천에 이사 와 건화네는 처음으로 농사를 시작했으며, 이내 건화는 심고 가꾸고 수확하는 것에 대한 재미를 알게 되었다고 한다.",
    "Summary3": ""
  },
  "filename": "SCRIPT-culture-00006-00001.json"
}