{
  "Meta": {
    "doc_id": "SCRIPT-culture-51011",
    "doc_category": "SCRIPT",
    "doc_type": "culture",
    "doc_name": "51011_DC_걸어서세계속으로011_2014037354.txt",
    "author": "KBS",
    "publisher": "KBS",
    "published_year": "2014",
    "doc_origin": "걸어서세계속으로011",
    "passage_id": "SCRIPT-culture-51011-00011",
    "passage": "해설]이 사막의 시작은 무엇이었을까.\n태초의 소금사막은 어떻게 형성됐을까.\n소금사막에 대한 끊임없는 호기심이 계속 생겨난다.\n해발 3600m고의 고원지대에 뿌려진 이 소금들은 찬란한 빛을 뿜어대는 다이아몬드 같다.\n나는 최초의 발자국을 달에 남기는 지구인의 심정으로 조심스럽게 발걸음을 옮긴다.\n여기서 드는 또 하나의 의문.\n그것은 바로 내 밑에 있는 것이 진짜 소금일까라는 것이다.\n이곳에서는 우리가 아는 바로 그 새하얀 소금이 신기하게도 아름다운 소금 결정체 모습을 한 채로 채취된다.\n광활한 하얀소금 한가운데서 사방을 둘러보니 정말 세상에 이럴 수가라는 탄성이 절로 나온다.\n어떻게 지구상에 이런 곳이 존재할 수 있단 말인가.\n그런데 우유니 소금사막의 소금량은 얼마나 될까.\n현지인의 말에 의하면 우유니 소금사막은 세계 최대의 소금량을 가지고 있다고 한다."
  },
  "Annotation": {
    "Summary1": "해발 3600m고의 고원지대에 있는 태초의 소금사막인 우유니 소금사막은 세계 최대의 소금양을 가지고 있다.",
    "Summary2": "해발 3600m의 고원지대에 있는 태초의 소금사막은 어떻게 형성됐을까. 이것이 진짜 소금일까 하는 의문이 생긴다. 이곳에서는 새하얀 소금이 소금 결정체의 모습으로 채취가 되며, 현지인의 말에 의하면 우유니 소금사막은 세계 최대의 소금양을 가지고 있다고 한다.",
    "Summary3": ""
  },
  "filename": "SCRIPT-culture-51011-00011.json"
}