{
  "Meta": {
    "doc_id": "SCRIPT-culture-00201",
    "doc_category": "SCRIPT",
    "doc_type": "culture",
    "doc_name": "00201_17_역사저널그날PS-2020108903-01-000.txt",
    "author": "KBS",
    "publisher": "KBS",
    "published_year": "2020",
    "doc_origin": "역사저널그날",
    "passage_id": "SCRIPT-culture-00201-00044",
    "passage": "화자1]그러니까.\n양지 팀의 가장 큰 후원자가 사라지게 되는 거죠.\n화자2]약간 실미도 부대랑 비슷한 느낌이네요.\n화자3]그렇네요.\n화자2]나중에 더 이상.\n화자3]그러니까.요.\n뭔가 국가의 필요에 의해서 반강제로소집이 되었는데 그 뒤로 그냥 성과가 안좋을 때 나몰라라 하는 그런 형국일 수도 있겠네요.\n화자4]북한과 축구로 싸워보려 했던 건데.\n화자3]그러니까.요.\n화자5]결국 남북은 언제 공식 경기에서 처음으로 만나느냐면 79년 방콕아시안게임 축구 종목결승전에서 처음 만나게 돼요.\n이때부터 만남을 시작해서 지금까지 17번싸워서 전적은 우리가 7승 9무 1패로압도적으로 앞서 있습니다.\n첫 번째 78년 방콕아시안게임에서의 만남은연장전까지 한 끝에 무승부로 귀결이됐어요.\n그러니까.\n양 팀이 모두 부담감이 컸던 것같아요.\n화자3]그렇죠.\n그렇죠.\n화자5]이거는 잘못하면 우리도 큰일 나고 저쪽도 큰일 나고 서로 큰일이 나는 상황인데그러다 보면 축구에서 나올 수 있는 상황이대충 안전빵 플레이들로 경기를 하고그러니까.\n과감하게 공격을 하다 보면 역습당해서 실점하고 이런 게 축구에서는비일비재 하지 않습니까?"
  },
  "Annotation": {
    "Summary1": "남한과 북한의 공식 첫 축구 대결인 78년 방콕아시안게임 축구 결승전은 양 팀의 안전한 경기 운영 끝에 무승부가 되었다.",
    "Summary2": "북한과 축구로 대결하기 위해 국가에 의해 반강제로 소집된 양지팀의 핵심 후원자가 없어지게 되었다. 남한과 북한의 공식적인 첫 대결은 78년 방콕아시안게임 축구 결승전이었고 연장전 끝에 무승부로 끝났다. 이는 양 팀 모두 실점에 대비하기 위해 안전한 경기 운영을 했으며 최악에 상황에 대한 부담감이 컸기 때문으로 보인다.",
    "Summary3": ""
  },
  "filename": "SCRIPT-culture-00201-00044.json"
}