{
  "Meta": {
    "doc_id": "SCRIPT-culture-28234",
    "doc_category": "SCRIPT",
    "doc_type": "culture",
    "doc_name": "아파트, 과연 불패인가?",
    "author": "KBS",
    "publisher": "KBS",
    "published_year": "2018",
    "doc_origin": "아파트, 과연 불패인가?",
    "passage_id": "SCRIPT-culture-28234-00001",
    "passage": "화자1]'강남 아파트 평당 1억!' 30여 년 간의 부동산 시세와 등락을 데이터로 실증하고 맨해튼과 도쿄 부동산 현지취재를 통해 서울 아파트의 가치를 비교 해봅니다.\n화자2]세계 경제의 중심 뉴욕 맨해튼, 고급 아파트 공급이 늘어나는 추세지만 수요가 따라가지 못하는 상황입니다. 맨해튼 시내 중심지에서 멀지 않은 최고급으로 리모델링된 아파트는 인기가 많을 것이라는 예상을 깨고 경매에 넘어갔습니다. 아파트의 위상은 외곽으로 갈수록 떨어집니다. 좋은 가격과 환경에도 불구하고 뉴욕 브롱크스에는 280일간 매매가 이뤄지지 않은 곳도 있습니다.\n화자1]일본 도쿄 버블 붕괴 이후 20년 동안 부동산 하락기를 맞았던 일본. 소득의 5배까지 부동산을 사도록 정책을 유도해서 비교적 안정화를 찾았습니다. 그러나 가격 하락을 피할 수 없었던 외곽지역의 아파트. 과연 어떤 방법으로 해결책을 모색하고 있는지 현지인들과 전문가에게 들어봅니다."
  },
  "Annotation": {
    "Summary1": "맨해튼과 도쿄 외곽지역의 부동산 사례를 통해 강남 아파트 시세가 평당 1억 원에 이른 서울 아파트의 가치를 가늠해본다.",
    "Summary2": "강남 아파트의 시세가 평당 1억 원에 이르는 수준이 된 서울 아파트의 가치를 맨해튼과 도쿄의 부동산 현지 취재를 통해 가늠해본다. 뉴욕의 맨해튼은 고급 아파트의 공급이 늘어나는 추세지만 외곽으로 갈수록 위상이 떨어져 매매가 잘 이루어지지 않는 상황이다. 한편 도쿄는 부동산 정책으로 비교적 안정을 찾았음에도 외곽지역은 가격하락을 피하지 못했다.",
    "Summary3": ""
  },
  "filename": "SCRIPT-culture-28234-00001.json"
}