{
  "Meta": {
    "doc_id": "SCRIPT-culture-51009",
    "doc_category": "SCRIPT",
    "doc_type": "culture",
    "doc_name": "51009_DC_걸어서세계속으로009_2014025427.txt",
    "author": "KBS",
    "publisher": "KBS",
    "published_year": "2014",
    "doc_origin": "걸어서세계속으로009",
    "passage_id": "SCRIPT-culture-51009-00003",
    "passage": "해설]006시반부터 008시 반까지 반짝 시장이 열리기 때문이다.\n좌판에는 각종나물부터 즉석 족발구이까지 우리나라 시장의 모습과 비슷하다.\n그중에서도 내 눈을 사로잡은 건 김치였다.\n타국에서 우리 음식을 보니 더 반가웠다.\n단골 손님도 꽤 있는 듯하다.\n중국인들에게도 김치가 인기란다.\n먹음직스러워 보이는 배추김치 맛이 궁금해 나도 김치 한 포기를 우리 돈 1천2백원에 샀다.\n시장 손님 대부분은 아침식사거리를 사러온 서민들이다.\n어느 나라나 시장의 백미는 다양한 음식이 아닐까.\n갓 쪄낸 따뜻한 만두가 허기를 자극했다.\n새벽 시장에서 활기를 얻은 나는 완행열차를 타고 쑹위안시로 향했다.\n이렇게 입석도 마다안는 이유는 물고기축제 때문이다.\n나도 슬쩍 말을 걸어봤다.\n혹시라도 궁금한 게 있으면 전화하란다.\n잠깐의 만남이지만 정이 느껴졌다."
  },
  "Annotation": {
    "Summary1": "우리 시장과 비슷하게 식사거리를 사러온 서민들이 대부분인 시장에서 나는 우리 음식 김치를 발견했고 맛이 궁금해 샀다.",
    "Summary2": "시장 좌판은 우리나라 시장의 모습과 비슷했고 그 중에 김치가 있고, 단골 손님도 꽤 있는 듯했다. 중국인들에게도 김치가 인기라하여, 나도 김치 한 포기를 우리 돈 1천2백원에 샀고, 시장 손님 대부분은 식사거리를 사러온 서민들로 갓 쪄낸 만두가 그들의 허기를 자극했다. 나는 완행열차를 타고 물고기 축제가 있는 쑹위안시로 향했다.",
    "Summary3": ""
  },
  "filename": "SCRIPT-culture-51009-00003.json"
}