{
  "Meta": {
    "doc_id": "SCRIPT-culture-00200",
    "doc_category": "SCRIPT",
    "doc_type": "culture",
    "doc_name": "00200_16_역사저널그날PS-2020108901-01-000.txt",
    "author": "KBS",
    "publisher": "KBS",
    "published_year": "2020",
    "doc_origin": "역사저널그날",
    "passage_id": "SCRIPT-culture-00200-00036",
    "passage": "화자1]아우슈비츠 수용소 같은 곳은 비극적인 일들이 많이 벌어졌잖아요.\n그럼에도 불구하고 그걸 보존하면서 교육의현장으로 많이 쓰이거든요.\n그래서 전 이거를 이전을 해서 좀 복원을한 다음에 오히려 우리 교육을 위한 공간으로서 항일 운동 기념관이라든가 그런 식으로 썼으면 어땠을까 이런 아쉬움도 들어요.\n화자2]저는 이게 조금 맥락이 조금 다르다고 생각해요.\n아우슈비츠는 그러니까.\n수용소들 보면아우슈비츠뿐만 아니라 수많은 수용소들이있는데 도시 한복판에 있지는 않아요.\n도시 외곽에 있으니까.\n화자1]조금 더 의미가 조금다른 것 같아요.\n그리고 또 하나는 일본의 태도가 매우중요하다고 생각해요.\n화자2]맞아요.\n화자1]아까도 사진 찍어 떼어 관광객들 보면 만약 이게 다크 투어리즘이고 교육시키고 우리가 이런 짓을 했다.는 것을 같이 알려주면 오케이, 그러면 한 번 보존에 대해서 한 번고 려할 수도 있을 것 같긴한데.\n화자2]그런데 전혀 지금 그런 태도가 아니기때문에.\n화자1]반성의 태도가 아니기 때문에.\n맞아요.\n화자3]진정한 반성이 없는 상태에서 이게 보존이돼서 어디 놨는데 복원이 됐다고 하면 똑같이 제국시대의 추억을 이야기하고 그랬을 거예요.\n화자4]똑같은 각도에서 또 사진을 찍었겠죠.\n화자3]그러니까."
  },
  "Annotation": {
    "Summary1": "일본이 제대로 반성하지 않는 상황에서 이것을 복원하면 일본은 예전처럼 제국시대의 추억이나 떠올릴 것이다.",
    "Summary2": "비극적인 일이 생긴 장소를 보존해서 교육 현장으로 많이 쓰는 것처럼, 이것을 옮겨 복원을 한 뒤 항일 운동 기념관으로 썼으면 어땠을지 아쉬운 생각이 든다. 그렇게 하려면 일본의 태도가 아주 중요한데 일본은 지금 전혀 반성의 태도를 보이지 않는다. 진지하게 반성하지 않는 상황에서 이것을 복원한다면 일본은 전과 같이 제국시대의 추억을 이야기 할 것이다.",
    "Summary3": ""
  },
  "filename": "SCRIPT-culture-00200-00036.json"
}