{
  "Meta": {
    "doc_id": "SCRIPT-culture-51006",
    "doc_category": "SCRIPT",
    "doc_type": "culture",
    "doc_name": "51006_DC_걸어서세계속으로006_2014007630.txt",
    "author": "KBS",
    "publisher": "KBS",
    "published_year": "2014",
    "doc_origin": "걸어서세계속으로006",
    "passage_id": "SCRIPT-culture-51006-00013",
    "passage": "해설]그림엽서에서나 나올 것 같은 풍경에 차를 멈춘다.\n뉴질랜드 양은 약 4700만마리로 추산되고 있단다.\n인구수의 10배가 넘는 숫자다.\n과연 양들의 나라다.\n귀여운 녀석들이다.\n와나카 호수와 마주 보고 있는 하웨아 호수.\n수면이 마치 거울처럼 잔잔하다.\n와나카 호수 남단에 위치한 와나카.\n뉴질랜드 최고의 휴양지로 손꼽히는 곳이다.\n눈 덮인 에스파이어린 산이 와나카 호수의 멋진 배경이다.\n와나카는 미국 할리우드의 유명배우 톰 크루즈의 별장이 있다고 해서 주목을 받기도 했단다.\n여름이지만 한국의 따뜻한 봄날 같은 쾌적한 느낌을 준다.\n호숫물이 투명하고 맑다.\n물속으로 카메라를 잠시 넣어봤다.\n얕은 곳인데도 큰 물고기들이 보인다.\n와나카 호수는 보트타기와 낚시, 수상스키로 인기가 좋은 곳이란다.\n보트를 끌고 온 차들이 곧장 호숫가까지 진입하는 모습이 퍽 흥미롭다."
  },
  "Annotation": {
    "Summary1": "양이 인구 수의 10배를 넘기는 뉴질랜드에서 와나카는 최고의 휴양지로, 와나카 호수는 보트 타기 등으로 인기가 많다.",
    "Summary2": "양은 뉴질랜드 인구의 10배를 넘긴 숫자인 약 4700만 마리로 추산된다. 와나카 호수 남단의 와나카는 배우 톰 크루즈의 별장이 있어 주목을 받은 곳으로 뉴질랜드에서 최고의 휴양지로 여겨진다. 보트 타기, 낚시, 수상스키 등으로 인기가 많은 와나카 호수는 투명하고 맑은 데다 얕은 곳에서도 큰 물고기들을 볼 수 있다.",
    "Summary3": ""
  },
  "filename": "SCRIPT-culture-51006-00013.json"
}