{
  "Meta": {
    "doc_id": "SCRIPT-culture-51018",
    "doc_category": "SCRIPT",
    "doc_type": "culture",
    "doc_name": "51018_DC_걸어서세계속으로018_2014079195.txt",
    "author": "KBS",
    "publisher": "KBS",
    "published_year": "2014",
    "doc_origin": "걸어서세계속으로018",
    "passage_id": "SCRIPT-culture-51018-00003",
    "passage": "해설]그런데 자루를 흔드는 시간이 상당히 오랫동안 반복된다.\n역시 쉽게 만들어지는 것은 없나 보다.\n장인은 느긋하게 양치기 전통가요를 부른다.\n그들도 양들처럼 카르페디엠, 이 순간을 즐기는 듯하다.\n정성이 깃든 두 사람의 우유.\n진한 맛이 느껴지는 아랍 전통 요구르트로 변신.\n헤어짊을 앞두고 나는 잊을 수 없는 선물을 받는다.\n낯선 땅 요르단에서 느끼는 따뜻한 정.\n이제 사막 하면 떠오르는 동물을 만난다.\n한 아이가 나에게 뛰어온다.\n진짜 해맑은 웃음을 보았다.\n목동의 안내를 받아 조심스럽게 낙타에게 다가간다.\n생각했던 것보다 목이 무척 길다.\n이런 게 야생이라는 걸까.\n가슴에 확 다가온다.\n그리고 나는 새끼낙타가 어미의 젖을 먹는 흥미로운 모습을 목격한다.\n특이하다, 이곳에서는 낙타의 젖을 우유로 먹는다고 한다."
  },
  "Annotation": {
    "Summary1": "나는 아랍 전통 요구르트를 선물로 받고 목동의 안내로 새끼낙타가 어미의 젖을 먹는 모습을 보게 된다.",
    "Summary2": "자루를 흔들며 장인은 느긋하게 양치기 전통가요를 부르며 양들처럼 이 순간을 즐기는 것처럼 보였다. 이별을 앞두고 나는 아랍 전통 요구르트가 된 것을 잊지 못할 선물로 받는다. 목동의 안내를 받아 새끼낙타가 어미의 젖을 먹는 모습을 보게 된다.",
    "Summary3": ""
  },
  "filename": "SCRIPT-culture-51018-00003.json"
}