{
  "Meta": {
    "doc_id": "SCRIPT-culture-00191",
    "doc_category": "SCRIPT",
    "doc_type": "culture",
    "doc_name": "00191_7_역사저널그날PS-2020071527-01-000.txt",
    "author": "KBS",
    "publisher": "KBS",
    "published_year": "2020",
    "doc_origin": "역사저널그날",
    "passage_id": "SCRIPT-culture-00191-00007",
    "passage": "화자1]그리고 군대에서 가장 많이 하는 것이훈련도.\n전쟁도 많이 하지만.\n제일 많이 하는 것이 뭐죠?\n화자2]삽질이죠.\n화자1]그렇죠.\n작업입니다, 작업.\n작업 진지 보수.\n중국군은요.\n화자2]야전삽 아니겠습니까?\n화자1]야전삽을 들고 열심히 땅굴을 팠던 거죠.\n땅굴을 파서 낮에는 여기 숨어 있다가 밤에, 밤에만 이동 및 공격을 개시했던 것입니다.\n이렇게 어떤 위장술을 쓰니까.\n미군,유엔군도 중공군이 한반도에 이렇게 많이 들어왔는지 전혀 눈치를 챌 수 없었던 것이죠.\n화자2]저는 이게 왜 여기 있을까.\n돌아보세요?\n화자3]뭐예요?\n화자4]뭐가 눈에 띄어요?\n화자5]꽹과리인데?\n화자2]꽹과리예요, 꽹과리.\n화자4]저건 왜 있지?\n화자3]사물놀이.\n화자2]혹시 풍물패 출신이세요?\n화자5]아니래.\n화자6]혹시 풍류를 즐기시기 위해서?\n화자1]이 꽹과리는 언제 쓰냐면요.\n중국군이 공격을 개시할 때 꽹과리를 막쳤던 거예요.\n화자2]그러니까.\n공격을 할 때.\n화자1]이렇게.\n화자2]공포감이 있었겠네요, 소리를 들으면.\n화자5]매드맥스 보면 전자 기타 치면서.\n화자3]지프 앞에 매달리잖아요.\n화자5]돌진하잖아요.\n매드 맥스의 한국전쟁 판이었군요.\n화자3]신이 나셨어.\n화자1]이런 소리를 들으면 중국군은 더 기세가등등해지겠죠.\n반대로 우리 아군 쪽에서는 소리가 계곡사이에 메아리치고 진동을 하니까.\n실제로 보이는 것보다 많은 병력이 우리를 공격하고 있다.\n이런 공포감을 느낄 수밖에 없었던 것입니다."
  },
  "Annotation": {
    "Summary1": "중국군은 삽으로 땅굴을 파서 낮에는 숨어 있다가 밤에 공격을 했고, 공격할 때는 꽹과리를 쳐서 공포감을 심었다.",
    "Summary2": "중국군은 전쟁 당시 야전삽으로 땅굴을 파서 낮에는 숨어 있다가 밤에만 이동과 공격을 하는 방식으로 전투를 했다. 그 탓에 미군과 유엔군은 중국군이 한반도에 얼마나 많이 침투했는지 알아차리지 못했다. 중국군은 이에 그치지 않고 공격 할 때 꽹과리를 쳐서 그 소리가 계곡 사이에 울리게 만들어 상대편으로 하여금 중국군의 수를 많이 인식하게 해 공포감을 심었다.",
    "Summary3": ""
  },
  "filename": "SCRIPT-culture-00191-00007.json"
}