{
  "Meta": {
    "doc_id": "SCRIPT-culture-00203",
    "doc_category": "SCRIPT",
    "doc_type": "culture",
    "doc_name": "00203_19_역사저널그날PS-2020113163-01-000.txt",
    "author": "KBS",
    "publisher": "KBS",
    "published_year": "2020",
    "doc_origin": "역사저널그날",
    "passage_id": "SCRIPT-culture-00203-00015",
    "passage": "화자1]문제는 우리가 한 번도 고속도로를 만들어본 적이 없으니까.\n공사비 예측이 안되는 거예요.\n화자2]그렇죠.\n화자1]기준으로 삼았던 게 당시 일본에서도쿄하고 나고야를 연결하는 고속도로가 있었기 때문에 그게 한 1km당 8억 원정도의 공사비가 들었대요.\n그래서 그걸 대충 계산해 보면 서울부산간이 430km니까.\n3500억 원 정도 들어갈 거라 예상을 했는데.\n화자3]비싸다.\n화자1]그 당시 전체 우리나라 국가 예산의 두 배정도 돈이에요, 그게.\n화자2]당시에는 우리가 보릿고개가 있었던 시절이에요.\n화자3]맞아요.\n화자4]그러니까.요.\n굉장한 반발도 있었을 것 같아요.\n화자5]한정된 도로를 가지고.\n우선도를 선택을해야 하는 거거든요.\n뭐가 제일 중요한가.\n그 당시에 가장 먼저 이야기가 됐던 거는사실은 치수 사업 문제입니다.\n60년대 오기 직전에 1959년에 사라호태풍이 한 번 왔었는데 완전 초토화가돼요.\n계속해서 물난리를 겪고 있는 시대였고 홍수와 가뭄이 반복이 됐었거든요.\n이 부분에 써야 할 돈을 왜 지금 고속도로공사를 해야 하느냐라는 비판론이 있었고.\n그것도 왜 꼭 경부선이냐, 왜냐하면경부선에는 철도가 있었어요.\n여기다 또 중복해서 경부고속도로 만드는 게 과연 급한 일이냐는 회의논이 있었던 거죠."
  },
  "Annotation": {
    "Summary1": "당시 한국의 국가 예산 두 배에 달하는 돈을 지속적인 물난리 및 홍수와 가뭄 부분에 쓰지 않는 것에 대한 비판론이 있었다.",
    "Summary2": "당시 고속도로의 건설 경험이 전무했던 한국은 일본의 도쿄와 나고야 간 고속도로를 기준으로 삼아 공사비 예측을 했다. 해당 고속도로의 km당 공사비에 따라 추산한 공사비는 당시 전체 국가 예산의 두 배 정도였다. 당시 지속적으로 겪어온 물난리 그리고 홍수와 가뭄 부분에 사용해야 할 돈을 경부선 고속도로공사에 투입하는 것에 대한 비판론도 존재했다.",
    "Summary3": ""
  },
  "filename": "SCRIPT-culture-00203-00015.json"
}