{
  "Meta": {
    "doc_id": "SCRIPT-culture-00192",
    "doc_category": "SCRIPT",
    "doc_type": "culture",
    "doc_name": "00192_8_역사저널그날PS-2020074527-01-000.txt",
    "author": "KBS",
    "publisher": "KBS",
    "published_year": "2020",
    "doc_origin": "역사저널그날",
    "passage_id": "SCRIPT-culture-00192-00008",
    "passage": "화자1]교수님, 그런데 한국전쟁 3분의 2 기간이상을 38선에서 그 근처에서 전투를 벌였다고 저 알고 있는데 맞나요?\n화자2]51년 1월에 1.4 후퇴 이후에 38도 선\n근처에서 전선이 고착화됩니다.\n더 이상 대규모 남진, 북진 이런 것은없고요.\n없고.\n진지전, 고지전이 계속되는 거죠.\n화자1]그렇군요.\n한반도 면적을 누이 더 많이 차지하냐의 문제이니까.\n치열할 수밖에 없었을 것 같아요.\n화자3]진짜로.\n마지막 남은.\n화자1]그러니까.\n땅따먹기 하는 것이 같아요.\n우리로서는 동부전선의 땅을 더 많이이져와서 강원도이 더 많아진 거잖아요,38선보다는.\n그런데 지금 보니까.\n거기다 얼마나 많은.\n화자4]그러니까.요.\n화자1]그 군인들을 묻어놓고 우리 땅이라고 좋아해야 하는 건지 마음이 안 좋네요.\n화자4]안타까운 거는 이 전투이 이렇게 치열하게 벌어지고.\n사람들이 죽어 나이는 동안에도 휴전협정이 벌어지고.\n있었어요.\n그러니까.\n이게 하루, 이틀만 더 빨리 맺어졌어도 목숨을 구할 수도 있었을 텐데."
  },
  "Annotation": {
    "Summary1": "한국전쟁은 3분의 2 기간 이상을 38선 근처에서 치열한 전투를 벌였는데, 여기서 나온 많은 사상자 발생은 안타깝다.",
    "Summary2": "한국전쟁은 3분의 2 기간 이상을 38선 근처에서 전투를 벌였는데, 51년 1월 이후 38선 근처에서 전선이 고착되면서 진지전, 고지전이 계속되었다. 한반도 면적을 누가 더 많이 차지하느냐의 문제로 귀착되면서 전투는 치열할 수밖에 없었다. 휴전협정이 보다 조속히 체결되지 못함으로 인해 많은 사상자가 발생하게 된 것을 안타까운 점이다.",
    "Summary3": ""
  },
  "filename": "SCRIPT-culture-00192-00008.json"
}