{
  "Meta": {
    "doc_id": "SCRIPT-culture-00192",
    "doc_category": "SCRIPT",
    "doc_type": "culture",
    "doc_name": "00192_8_역사저널그날PS-2020074527-01-000.txt",
    "author": "KBS",
    "publisher": "KBS",
    "published_year": "2020",
    "doc_origin": "역사저널그날",
    "passage_id": "SCRIPT-culture-00192-00049",
    "passage": "화자1]물론 한반도에서 벌어지고.\n있는 일들은 북미 평화 협상을 중심으로 전개가 되지만.당연히 한국이 전쟁 상태의 주체이기때문에 당연히 저는 개입하거나 관여해야할 당연한 일이라고 생각합니다.\n화자2]이게 법적으로 우리가 정전협정에는 사인을 못했는데 평화협정으로 가면공식적으로 대한민국이 사인할 수 있게되는 건가요?\n화자3]할 수는 있어요.\n할 수는 있고.\n이제 중국이 들어오냐 마느냐, 이런 부분에 대해서는 사실 얘기가 있는데 중국이 여기에 참여를 할 때 사실인민해방군으로 들어온 건 아니었거든요.\n공식 군대가 들어온 게 아니다.\n화자2]그렇죠.\n화자3]정전협정에 사인을 한 주체들을 보면 유엔군 사령군이었던 클라크가 있고.그 다음에 김일성이 있고.\n김일성.\n펑더화이가 있거든요.\n의용군, 지원군으로 왔기 때문에 법적으로 중국이 들어올 건 없다는 게 주장이기도했죠.\n복잡해요.\n화자1]저는 이런 생각을 하는데 한반도의국제법적인 평화가 회복된다고 한다면 그것을 축하하기 위해서 사실은 유엔 참전국가들 혹은 개입한 모든 나라가 이평화협정에 사인하고 그것을 한반도 평화관계의 회복을 기념하는 자리로 만들어도 저는 의미가 있지 않겠나, 그런 생각을 해본 적이 있습니다."
  },
  "Annotation": {
    "Summary1": "북미 평화 협상 중심으로 한반도 문제가 전개되어도 한국전쟁의 주체인 한국은 한반도의 평화 협정에 참여할 필요가 있다.",
    "Summary2": "한반도에 관련된 사건이 북미 평화 협상을 중심으로 진전된다고 하더라도 한국전쟁의 주체인 한국은 평화협정에 개입할 필요가 있다. 한편 중국의 공식 군대가 개입한 것이 아니라는 주장도 존재한다. 그럼에도 한반도의 국제법적인 평화를 위해 한국전쟁에 개입한 모든 국가가 평화협정에 사인하는 것이 한반도 평화 회복을 기념하는 의미가 있을 것으로 보인다.",
    "Summary3": ""
  },
  "filename": "SCRIPT-culture-00192-00049.json"
}