{
  "Meta": {
    "doc_id": "SCRIPT-culture-00192",
    "doc_category": "SCRIPT",
    "doc_type": "culture",
    "doc_name": "00192_8_역사저널그날PS-2020074527-01-000.txt",
    "author": "KBS",
    "publisher": "KBS",
    "published_year": "2020",
    "doc_origin": "역사저널그날",
    "passage_id": "SCRIPT-culture-00192-00028",
    "passage": "화자1]그런데 진짜 상상해 보세요.\n하늘에 전투기가 1254대 떠있는 거면 거의파란 부분이 보이지 않았을 거 아니에요.\n화자2]그래서 북한에서 지금 미 제국주의,침략자들, 이렇게 이야기하는 게 이때원한이 생겼을 것 같아요.\n그래서.\n화자3]일단 방공호를 파는 게 생존의 기본적인 조건이었습니다.\n화자4]드레스덴은 진짜 대표적으로 완벽하게 파괴된 도시였거든요, 2차 대전 이후.\n결국은 미국 측에서 유엔군에서 전쟁에.\n찍겠다는 그런 작전이었던 것 같아요.\n북한이 아예 종전을 원하도록 하려고 했던 그런 작전.\n화자5]북한은 사실 원했어요.\n빨리 끝냈다는 생각을 했는데 사실 이게북한이 혼자 원한다고 되는 게아니거든요.\n무엇보다도 소련이 있어야 하는데.\n스탈린은 특히나 이거를 굳이 빨리 끝낼 필요는 없는 거예요.\n일단 소련은 어쨌든 미국이 여기서 전쟁을 하고 있으니까.\n이쪽 서유럽 쪽이 약간 공백상태잖아요."
  },
  "Annotation": {
    "Summary1": "미국의 작전으로 북한은 내심 종전을 원하게 되었지만 소련의 입장으로 인해 종전이 쉽게 성사되지는 못했다.",
    "Summary2": "북한은 하늘에 뜬 엄청난 수의 전투기로부터 살아남기 위해 방공호를 팔 수밖에 없었다. 미국은 아예 북한이 종전을 원하도록 하기 위해 그런 작전을 펼쳤던 것으로 보인다. 하지만 당시 소련 입장에서는 이 전쟁으로 미국이 서유럽에서 조금 빠지게 되었으므로 굳이 빨리 끝낼 이유가 없었기 때문에, 북한은 종전을 원했음에도 종전이 쉽게 성사되지는 못했다.",
    "Summary3": ""
  },
  "filename": "SCRIPT-culture-00192-00028.json"
}