{
  "Meta": {
    "doc_id": "SCRIPT-culture-51014",
    "doc_category": "SCRIPT",
    "doc_type": "culture",
    "doc_name": "51014_DC_걸어서세계속으로014_2014062106.txt",
    "author": "KBS",
    "publisher": "KBS",
    "published_year": "2014",
    "doc_origin": "걸어서세계속으로014",
    "passage_id": "SCRIPT-culture-51014-00010",
    "passage": "해설]나는 탑들의 정체가 궁금했다.\n이 탑들은 왜 세웠고 어떤 기능을 했을까? 도시가 한창 번성했던 14세기 초에는 탑의 개수가 72개나 됐다고 한다.\n지금은 모두 14개 정도가 남아 있다.\n유독 왜 이곳에 탑들이 많이 남아 있는 것일까? 마을 광장 대성당 옆으로 들어선 포폴로 궁.\n13세기 말에 건립된 이 궁은 지금도 시청사로 사용 중이다.\n건물 곳곳에서 세월의 흔적이 묻어나는 포폴로 궁에는 산 지미냐노의 역사적 작품들을 전시해 놓고 있었다.\n그중에는 산 지미냐노 탑들의 역사성을 보여주는 중요한 그림이 있다.\n14세기에 그려진 이 그림에는 이곳의 전경이 담겨 있었다.\n600년이 넘은 그림 속 산 지미냐노의 모습, 기본적인 형태가 지금과 거의 같다는 것을 잘 보여주고 있다.\n나는 54m나 되는 그로사 탑으로 올랐다.\n빛바랜 지붕들이 요즘 마을 같지 않다."
  },
  "Annotation": {
    "Summary1": "산 지미냐노의 포폴로 궁은 이곳에 세워진 탑들의 역사성을 보여주는 중요한 그림이 전시되어 있다.",
    "Summary2": "도시가 한창 번성했던 14세기 초 72개였다가 지금은 14개 정도가 남아 있는 탑들을 세운 목적과 기능이 무엇일지 궁금했다. 13세기 말 건립된 포폴로 궁은 현재도 시청사로 사용 중인데 산 지미냐노의 역사적 작품들을 전시 중이다. 그중 산 지미냐노 탑들의 역사성을 보여주는 중요한 그림에는 이곳의 전경이 600년 전과 거의 같다는 것을 보여준다.",
    "Summary3": ""
  },
  "filename": "SCRIPT-culture-51014-00010.json"
}