{
  "Meta": {
    "doc_id": "SCRIPT-culture-10001",
    "doc_category": "SCRIPT",
    "doc_type": "culture",
    "doc_name": "T2000-0030_S000_20201026_PS-2020176533-01-000_fixed.vtt",
    "author": "KBS",
    "publisher": "KBS",
    "published_year": "2020",
    "doc_origin": "역사저널그날",
    "passage_id": "SCRIPT-culture-10001-00007",
    "passage": "화자5]그 두 집단 사이의 연결고리가 될 수 있는 인물이 한 명 있습니다.\n바로 여정남이라고 하는 분인데요.\n1970년대가 돼서 유신 반대 운동을 \n학생들이 조금 더 본격적으로 추진하는 과정에서 \n전국적인 연대를 모색하게 되고요.\n그때 대구 경북 지역의 학생들과 연결할 수 있는 중요한 매개로 여정남이.\n그래서 여정남은 어쨌든 대구, 경북 지역에서 \n학생들에게 영향력이 있는 선배였기 때문에 \n그 여정남과 서울에 있는 학생들이 결합을 하면서 \n같이 공동의 어떤 반유신 운동을 모색했던 거죠.\n화자1]학생 운동을 하면 사실은 학교가 달라도 서로서로 교류가 있어서 좀 알게 되죠.\n이철 씨나 유인태 씨 같은 그때 서울대 학생들이 \n끌려왔을 때 시위하다가 끌려왔을 때 수사당국이 진술서를 쓰게 합니다.\n그때 여정남에게 지시를 내렸다라는 식으로 쓰게 만듭니다.\n그런데 말이 안되죠.\n여정남 씨가 선배인데 말이 안된다고 했더니 \n그러면 바꿔라, 이렇게 된 거죠.\n화자2]이렇게 이렇게 뒤집었네요.\n화자4]굉장히 큰 차이인데.\n화자3]그러니까.요.\n화자1]여정남이 배후에서 조종했다.라고 쓰게 만듭니다.\n그 때, 그렇죠.\n그때 서울 대학생들이 알았던 거죠.\n이게 뭐가 있구나.\n조작을 하려고 하는구나."
  },
  "Annotation": {
    "Summary1": "1970년대 대구 경북 지역과 서울 지역 학생들의 반유신 운동 연대에는 여정남의 존재가 핵심적으로 작용했다.",
    "Summary2": "1970년대 학생들의 반유신 운동은 발전 과정에서 전국적인 연합을 추진하게 됐다. 당시 대구 경북 지역의 학생들에게 영향력이 있었던 여정남은 서울과의 학생 연대 과정에서 핵심적 매개로 기능했다. 이후 서울의 학생들은 시위 도중 끌려간 학생들의 진술서에 적힌 여정남 관련 내용이 이상하다는 사실을 깨닫고 조작 가능성을 의심하게 됐다.",
    "Summary3": ""
  },
  "filename": "SCRIPT-culture-10001-00007.json"
}