{
  "Meta": {
    "doc_id": "SCRIPT-culture-51010",
    "doc_category": "SCRIPT",
    "doc_type": "culture",
    "doc_name": "51010_DC_걸어서세계속으로010_2014025429.txt",
    "author": "KBS",
    "publisher": "KBS",
    "published_year": "2014",
    "doc_origin": "걸어서세계속으로010",
    "passage_id": "SCRIPT-culture-51010-00002",
    "passage": "해설]하지만 옛 명성과는 달리 시내는 한산했다.\n이 시장에서 나를 사로잡은 건 바로 사람들의 표정이었다.\n만나는 사람마다 얼굴에 미소와 여유가 가득했다.\n낯선 이방인의 사진 촬영에도 경계심이 없어 보인다.\n거리를 누비는 동물들도 여유롭기는 마찬가지.\n하지만 정작 운전자는 경적 한 번 울리지 않고 조심히 피해 다닌다.\n이 녀석들 상전대우 톡톡히 받는 모양이다.\n라다크의 겨울은 길다.\n6월부터 9월까지를 제외하고는 여행객을 찾아보기 힘들다 보니 택시운전자들은 늘 대기상태란다.\n한 상인이 반갑게 나를 맞이한다.\n가위부터 빗까지.\n그야말로 없는 게 없다.\n그런가 하면 다른 좌판에는 인도 특유의 장신구와 장갑이 눈에 띈다.\n-안 추울 때는 이렇게 하고.\n베리 콜드 할 때는 이렇게.\n역시 시장의 백미는 먹을거리다.\n잘 말린 각종 과일이 내 눈을 사로잡았다."
  },
  "Annotation": {
    "Summary1": "겨울이 긴 라다크의 시내에는 여행객은 거의 없이 한산하고 시장에는 낯선 이방인을 반기는 상인들의 표정이 여유롭다.",
    "Summary2": "한산한 시내의 시장에서 낯선 이방인에게도 경계심이 없는 사람들의 표정이 여유롭다. 겨울이 긴 라다크에서 6월에서 9월 사이가 아니라면 여행객은 거의 없다. 시장에는 많은 장신구와 장갑, 먹을거리가 즐비하다.",
    "Summary3": ""
  },
  "filename": "SCRIPT-culture-51010-00002.json"
}