{
  "Meta": {
    "doc_id": "SCRIPT-culture-00197",
    "doc_category": "SCRIPT",
    "doc_type": "culture",
    "doc_name": "00197_13_역사저널그날PS-2020099191-01-000.txt",
    "author": "KBS",
    "publisher": "KBS",
    "published_year": "2020",
    "doc_origin": "역사저널그날",
    "passage_id": "SCRIPT-culture-00197-00009",
    "passage": "화자1]사실 또 충격적인 사건이 하나 발생하는 게.\n그러고 대통령 후보로 나오는 거예요.\n화자2]조봉암이요?\n화자1]조봉암이요.\n화자3]그래서 대선에 나가면서 이런 이야기를 합니다.\n내가 대통령이 되리라고는 전혀 생각하고있지 않다.\n다만 이승만 대통령을 상대로 싸울 사람조차 없다면 국민이 너무 불쌍하다.\n이게 출마의 변이었습니다.\n화자2]그렇다면 여기서 갑자기 둘의 관계가휙.\n화자4]슉.\n화자2]돌아가네요?\n화자1]그렇죠.\n화자5]조금 멀어지는 것 같죠.\n화자4]조금 떨어뜨려놔야 할 것 같아요.\n화자2]그렇죠.\n갔다가 이렇게 지금 대선에 나온 거니까.요.\n화자4]되게 독특한 캐릭터인 것 같아요.\n화자5]그렇죠.\n화자4]약간 밀당의 고수라고 해야 하나?\n화자5]그러니까.요.\n그리고 막 정치 9단인 아무리 이대통령이라도 조봉암의 캐릭터에 대해서 한눈에 파악하기는 조금 힘들었을 것 같아요.\n화자4]그렇죠.\n화자5]약간 이해하기 어려운."
  },
  "Annotation": {
    "Summary1": "대통령 후보 조봉암은 본인이 당선 되리라 여기지 않지만 이승만과 싸울 사람이 없다면 국민들이 애처롭다고 말했다.",
    "Summary2": "조봉암은 대통령 후보로 나와 본인이 대통령에 당선 될 것이라고 생각하지 않지만 이승만 대통령을 상대로 싸울 사람이 없다면 국민들이 너무 안타깝다고 출마의 변을 남겼다. 그는 밀고 당기기를 잘하는 특이한 사람으로 보인다. 그래서 아무리 정치를 잘하는 이승만 대통령이라도 조봉암에 대해 단번에 파악하기 어려웠을 것이다.",
    "Summary3": ""
  },
  "filename": "SCRIPT-culture-00197-00009.json"
}