{
  "Meta": {
    "doc_id": "SCRIPT-culture-05158",
    "doc_category": "SCRIPT",
    "doc_type": "culture",
    "doc_name": "예전에 살던 집, 또는 '오래된 집'",
    "author": "KBS",
    "publisher": "KBS",
    "published_year": "2014",
    "doc_origin": "예전에 살던 집, 또는 '오래된 집'",
    "passage_id": "SCRIPT-culture-05158-00001",
    "passage": "화자1]2014년 봄. 옛것을 지키며 현재를 살아가고 있는 사람들이 있습니다. 오래된 집과 그 안에서 살아온 이들의 삶은 서로 닮았습니다.\n화자2]올해로 결혼 60주년을 맞은 전남 보성군의 문형식 씨 내외의 밥상은 봄나물 향기로 싱그럽고, 봄을 맞아 새 식구가 된 병아리들의 재잘거림으로 마당에는 활기가 넘칩니다.\n화자1]이웃사촌들의 발걸음이 끊이지 않는 경남 함양군의 허영호씨 댁은 푸짐한 음식과 마당을 가득 메운 봄꽃들의 향연으로 늘 풍요롭다.\n화자2]명문가의 후손이지만, 농부를 자처하는 경북 영양군 회곡고택의 집주인들에게 봄은 일손이 바빠지는, 한 해의 서막입니다.\n화자1]떠나고 싶지 않고, 떠날 수 없는 옛 집. 그들이 고택에서 보냈던 수 십 번의 봄은 무엇을 남겼고, 그들은 어떤 봄을 기다리고 있을까?.\n화자2]내일 밤 10시50분 방송되는 <다큐 공감> 시간에는 각자의 사연과 방식으로 2014년 봄의 문을 열고 있는 보성, 함양, 영양고택의 세 가족을 만나봅니다."
  },
  "Annotation": {
    "Summary1": "내일 밤 '다큐 공감'에서 옛 것을 지키며 현재를 살고 있는 세 가족의 봄맞이 이야기가 공개된다.",
    "Summary2": "옛것을 고수하며 현재를 사는 사람들이 있다. 전남 보성군에 사는 문형식 부부의 밥상은 봄나물 향기로 싱그러우며, 경남 함양군 허영호의 집에는 다양한 음식과 봄꽃들이 있고, 경북 영양군 회곡고택의 집주인들에게 봄은 바빠지는 한 해의 시작이다. 내일 밤 방송되는 '다큐 공감' 에서 각자의 사연으로 2014년 봄을 맞이하는 세 가족을 만나 볼 수 있다.",
    "Summary3": ""
  },
  "filename": "SCRIPT-culture-05158-00001.json"
}