{
  "Meta": {
    "doc_id": "SCRIPT-culture-00198",
    "doc_category": "SCRIPT",
    "doc_type": "culture",
    "doc_name": "00198_14_역사저널그날PS-2020099746-01-000.txt",
    "author": "KBS",
    "publisher": "KBS",
    "published_year": "2020",
    "doc_origin": "역사저널그날",
    "passage_id": "SCRIPT-culture-00198-00035",
    "passage": "화자1]케네디 대통령은 어떻게 했나요?\n화자2]한국군의 작전 통제권을 가지고.\n있는 매 그루더 유엔군 사령관은 주한 미군사령관을 겸하고 있었기 때문에 미국의군통수권자인 대통령이 어떤 입장을 취하느냐가 굉장히 중요한 상황이었던 거죠.\n그런데 그 당시에 나온 미군의 문서들을 보면 거기에 미국이 명확히 써떼어 게있습니다.\n웨이트 앤드 시.\n화자1]시.\n지켜보자.\n화자3]두고 보자.\n화자2]얘기가 나옵니다.\n상황이 어떻게 됐는지 보자.\n당시 미국의 입장에서 곤란했던 게케네디가 대통령이 된 다음에 피그먼사건이라는 게 있었어요.\n그게 쿠바에 카스트로가 59년에 혁명을 한 다음에 쿠바에서 미국으로 도망 온쿠바인들이 있어요.\n카스트를 반대해서.\n이 사람들을 CI에서 훈련을 시켜서 카스트로 정권을 무너뜨리려고 보내려고,한 판 하자 했는데 그 피그스만 습격사건이 완전히 실패로 돌아가고 말아요."
  },
  "Annotation": {
    "Summary1": "당시 케네디 대통령이 어떤 입장에 서냐가 중요했는데 미군 문서엔 “상황이 어떻게 되는지 보자”고 분명히 적혀 있었다.",
    "Summary2": "당시 한국군 작전 통제권을 가진 매 그루더 유엔군 사령관이 주한 미군사령관을 겸했기에 미군통수권자인 케네디 대통령이 어떤 입장에 서냐가 중요했다. 미군 문서에는 “상황이 어떻게 되는지 보자”고 분명히 적혀 있었다. 케네디의 대통령 당선 후 도망 온 쿠바인들을 CI에서 훈련시켜 카스트로 정권을 무너뜨리려 보내려고 한 피그먼 사건이 완전 실패했다.",
    "Summary3": ""
  },
  "filename": "SCRIPT-culture-00198-00035.json"
}