{
  "Meta": {
    "doc_id": "SCRIPT-culture-06387",
    "doc_category": "SCRIPT",
    "doc_type": "culture",
    "doc_name": "온두라스는 지금, '쓰레기줍는 아이들'",
    "author": "KBS",
    "publisher": "KBS",
    "published_year": "2014",
    "doc_origin": "온두라스는 지금, '쓰레기줍는 아이들'",
    "passage_id": "SCRIPT-culture-06387-00001",
    "passage": "화자1]이번 주 <세계는 지금> 시간에는 아름다운 자연경관과 마야문명의 영광을 간직하고 있는 온두라스의 슬픈 현실을 들여다봅니다. 현재 온두라스는 빈곤국가라는 불명예를 안고 있습니다. 국민의 70%이상이 가난에 허덕이며 빈곤한 생활을 이어가고 있는 온두라스. 수도 테구 시갈파의 외곽에 위치한 한 쓰레기장에는 매일 아침이면 천여 명에 달하는 사람들이 모여듭니다. 바로 고철을 주워 되팔기위해서다. 가난하고 교육 수준이 낮은 이들에게는 쓰레기장이 유일한 생계수단입니다.\n화자2]충격적인 것은 쓰레기장을 찾는 사람들 사이에서 7세~13세의 초등학생 아이들이 같이 쓰레기를 줍고 있다는 것입니다. 생계를 잇기 위해 학교가 아닌 쓰레기장으로 출근하는 아이들. 하루종일 쓰레기장에서 값나가는 구리를 찾기 위해 땡볕아래에서 일하고 끼니 역시 쓰레기더미에서 나온 썩어가는 과일과 채소를 주워 먹고 이마저도 구하지 못하면 굶는 수밖에 많다. 그러나 이렇게 일해서 버는 소득은 하루에 고작 1~2달러(약 2,500 원)밖에 되지 않습니다.\n화자1]온두라스 아이들은 60%가 진학을 포기하고 살기 위해 일을 하거나 길거리로 나갑니다. 사회의 보호를 받지 못하고 방치된 아이들은 쉽게 범죄에 노출되고 있습니다. 지난 3월, 23세 미만의 청소년 93명이 살해당했고 20세 미만 소녀 중 24%는 임신한 상태다. 가난에 쫓겨 사회의 울타리 밖으로 내몰린 온두라스의 아이들을 <세계는 지금>이 카메라에 담았습니다."
  },
  "Annotation": {
    "Summary1": "'세계는 지금'에서는 온두라스의 초등학생 아이들이 쓰레기장에서 생계를 위해 쓰레기를 줍고 있는 실정을 방영한다.",
    "Summary2": "'세계는 지금'에서 빈곤국가라는 불명예를 안고 있는 온두라스의 슬픈 현실을 방영한다. 온두라스는 국민 대다수가 빈곤한 상태로, 수도 외곽에 위치한 한 쓰레기장에는 초등학생 아이들이 생계를 잇기 위해 쓰레기를 줍고 있다. 온두라스 아이들은 절반 이상이 진학을 포기하고 살기 위해 일을 하거나 길거리로 나가며, 방치된 아이들이 범죄에 노출되고 있다.",
    "Summary3": ""
  },
  "filename": "SCRIPT-culture-06387-00001.json"
}