{
  "Meta": {
    "doc_id": "SCRIPT-culture-29696",
    "doc_category": "SCRIPT",
    "doc_type": "culture",
    "doc_name": "플라스틱 지구' 2019 AIBD World TV상 수상",
    "author": "KBS",
    "publisher": "KBS",
    "published_year": "2019",
    "doc_origin": "플라스틱 지구' 2019 AIBD World TV상 수상",
    "passage_id": "SCRIPT-culture-29696-00001",
    "passage": "화자1]KBS 다큐멘터리 'KBS스페셜-플라스틱 지구'(연출:송철훈)가 지난 13일(현지) 캄보디아 씨엠립에서 열린 AIBD(아시아태평양방송개발기구) 월드 TV 상에서 과학-환경 부문 최고 TV 다큐멘터리로 선정됐습니다.\n화자2]AIBD는 1977년 아시아 지역의 미디어 환경 조성 및 방송 정책, 환경 정보 공유를 목표로 만들어진 UN 산하의 기구로 매년 UN 의제와 관련된 최고 작품을 선정해 시상하고 있습니다. 올해는 해양 플라스틱 쓰레기 문제를 소재로 한 전 세계 다큐멘터리 중에 'KBS스페셜 -플라스틱 지구'를 최고의 한편으로 선정했습니다.\n화자1]'KBS스페셜-플라스틱 지구'는 자연과 인간이 공존하기 위해 플라스틱 사용을 없애거나 줄이려는 이들의 다양한 모습을 전해 국내 시청자들에게도 반향을 이끈 바 있습니다. 이로써 'KBS스페셜-플라스틱 지구'는 2019 방통위 방송대상 대상 수상과 함께 AIBD 월드 TV 상까지 휩쓰는 영예를 안게 되었습니다."
  },
  "Annotation": {
    "Summary1": "플라스틱 사용을 줄이는 모습을 담은 다큐멘터리 'KBS스페셜 플라스틱 지구'가 AIBD 월드 TV 상에 선정됐다.",
    "Summary2": "AIBD는 1977년부터 미디어 환경 조성 및 방송 정책, 환경 정보 공유를 목표로 만들어 매년 최고의 작품을 선정해 시상한다. 현지 시간 13일 캄보디아에서 열린 AIBD 월드 TV 상에서 'KBS스페셜-플라스틱 지구'가 선정됐다. 'KBS스페셜-플라스틱 지구'는 자연과 인간의 공존을 위해 플라스틱 사용을 줄이는 모습이 담긴 다큐멘터리다.",
    "Summary3": ""
  },
  "filename": "SCRIPT-culture-29696-00001.json"
}