{
  "Meta": {
    "doc_id": "SCRIPT-culture-00194",
    "doc_category": "SCRIPT",
    "doc_type": "culture",
    "doc_name": "00194_10_역사저널그날PS-2020082426-01-000.txt",
    "author": "KBS",
    "publisher": "KBS",
    "published_year": "2020",
    "doc_origin": "역사저널그날",
    "passage_id": "SCRIPT-culture-00194-00030",
    "passage": "화자1]엄마 뱃속에서 아기가 바깥으로 나오려면 10달 걸리잖아?\n화자2]그렇죠.\n화자1]그러면 뱃속에 있는 아기는 사람 한몫인가, 반 몫인가?\n애매하지?\n9달이면 어때?\n화자2]9달이면 사람이나 다름없죠.\n팔 다리 다 있을 텐데.\n화자1]그러면 8달이면?\n화자2]8달이면 사람이지.\n핑덩이인데.\n화자1]7살이면?\n화자2]7달이면.\n화자1]6살이면?\n그냥 5달, 5달이면 사람 한 몫으로 보고.\n그 밑으로는 사람으로 안 본다는 이야기야.\n화자3]15살이면 사사오입 하면 20살이니까.\n어른대접해줘야 한다, 이런 말도 있었다고 그러고.\n화자4]맞아.\n화자5]그래요?\n중임제한 찬성표를 얻으려면 그 이상의찬성표를 얻어야 하는데 그거를 만들어내기위해서 이상한 사사오입 논리를 두고 나온 거예요.\n화자3]개헌선이라는 거는 개헌안이 국회를 통과하기 위해서 필요한 최소한의 의석수를 말하는 거잖아요.\n지금도 뭐 투표할 때 상당 개헌선, 개헌선 많이 나오고요.\n화자6]보통 개헌선은 국회의원 전체 재적의3분의 2이상을 의미합니다."
  },
  "Annotation": {
    "Summary1": "사사오입은 중임제한 찬성표를 얻기 위해 동원된 논리이며 일반적인 개헌선은 국회의원 전체 제적의 3분의 2 이상이다.",
    "Summary2": "사사오입이라는 논리는 중임제한 찬성표를 얻기 위해 동원된 것이었다. 개헌선은 개헌안의 국회 통과를 위한 최소한의 의석수를 의미한다. 개헌선은 국회의원 전체 제적의 3분의 2 이상을 의미하는 경우가 일반적이다.",
    "Summary3": ""
  },
  "filename": "SCRIPT-culture-00194-00030.json"
}