{
  "Meta": {
    "doc_id": "SCRIPT-culture-08171",
    "doc_category": "SCRIPT",
    "doc_type": "culture",
    "doc_name": "이대 앞 가위손들의 72시간",
    "author": "KBS",
    "publisher": "KBS",
    "published_year": "2014",
    "doc_origin": "이대 앞 가위손들의 72시간",
    "passage_id": "SCRIPT-culture-08171-00001",
    "passage": "화자1]이화여자 대학교가 있는 서울 서대문구 대현동에는 120여개의 크고 작은 미용실들이 모여 있습니다. 30년 전통의 한 미용실은 긴 세월 '이대 앞 미용실'이 걸어온 변화들을 고스란히 보여줍니다. 머리는 늘 '이대 앞'에서만 했다던 30년 전 멋쟁이 아가씨는 어느덧 중년의 어머니가 됐고, 미용실 곳곳에는 파마용 비닐캡을 쓴 개성만점 남자 손님들이 눈에 띈다. 한류 열풍을 타고, 한국 헤어스타일을 동경하는 외국인 관광객들도 꾸준히 늘고 있습니다.\n화자2]오랜 세월, 파마의 이름은 셀 수 없을 만큼 다양해지고, 커트의 유행도 끊임없이 변해왔지만 한 가지 변치 않은 것이 있습니다. 가위 하나로 누군가를 아름답게 변신시켜온 미용사들의 자부심입니다. 2014년 겨울, 이대 앞 미용실에서는 무슨 일이 벌어지고 있을까. 특별한 날 변신을 꿈꾸는 마법의 방.크기도 특성도 다양한 이대 앞 미용실을 관찰한 72시간입니다.\n화자1]헤어디자이너가 되기 위해서는 오랜 기간 인턴 생활을 하며 인고의 과정을 거쳐야 합니다. 항상 끼니를 놓치고 인스턴트 음식 위주로 먹는 직원들에게 위장약은 필수다. 종일 샴푸와 헤어 제품을 만지느라 손에 피부병이 생긴 인턴 유슬기 양. 손이 갈라지고 쓰라려 밤마다 비닐장갑을 끼고 잠들지만 자신이 열심히 일한 결과라며 뿌듯한 마음으로 인턴 생활을 버티고 있습니다.\n화자2]대부분 스무 살을 갓 넘긴 미용실 인턴들. 그중 민수정씨는 스물아홉이라는 나이에 미용 일을 시작한 늦깎이 인턴입니다. 남들보다 뒤처진 10년만큼 열정은 더욱 뜨겁다. 고객의 겉모습뿐만 아니라 마음을 변신시키고 싶은 그녀는 오늘도 누구보다 일찍 출근해 연습용 가발을 꺼냅니다.\n화자1]한편, '다큐 3일'은 오늘 밤 11시10분 KBS 2TV를 통해 방송됩니다."
  },
  "Annotation": {
    "Summary1": "이화여대가 위치한 서대문구 대현동에는 120여개의 미용실들이 모여 있는데, 이 곳을 72시간동안 관찰하였다.",
    "Summary2": "이화여대 대학교가 위치한 서대문구 대현동에는 120여개의 크고 작은 미용실들이 모여 있다. 2014년 겨울, 이대 앞 미용실에서 무슨 일이 벌어지고 있을 지 72시간을 관찰하였다. 헤어디자이너가 되기 위해선 오랜 시간 인턴 생활을 해야 하는데, 미용실 인턴 중 민수정은 남들보다 늦은 나이에 시작했지만 열정은 더욱 뜨겁다.",
    "Summary3": ""
  },
  "filename": "SCRIPT-culture-08171-00001.json"
}