{
  "Meta": {
    "doc_id": "SCRIPT-culture-51001",
    "doc_category": "SCRIPT",
    "doc_type": "culture",
    "doc_name": "51001_DC_걸어서세계속으로001_2013237087.txt",
    "author": "KBS",
    "publisher": "KBS",
    "published_year": "2013",
    "doc_origin": "걸어서세계속으로001",
    "passage_id": "SCRIPT-culture-51001-00018",
    "passage": "해설]왕가의 권위를 과시하기 위해 지붕의 일부는 금으로 만들었다.\n황금지붕이라 불린다.\n요들 송은 티롤의 산간을 중심으로 생겨났다.\n목동들이 소를 불러 모으기 위한 노래였다.\n알프스 산맥 깊숙한 곳에 있는 마을을 찾았다.\n깊은 계곡 속에 자리 잡은 이 마을에는 농경지가 없다.\n산기슭을 깎아 목초지를 만들고 말이나 소를 기른다.\n한 농가를 찾아가봤다.\n30마리 정도의 젖소를 기르는 집이다.\n소들은 건초를 먹고 있었다.\n목초지에서 배어 말린 것이다.\n사료는 거의 먹이지 않는다고 했다.\n이렇게 꼬리를 묶은 것은 배설물이 묻지 않게 하기 위해서다.\n젖소들은 체계적으로 관리되고 있었다.\n우유생산량도 매일 기록한다.\n먹이에 가장 많이 신경 쓴단다.\n국가에서도 적극적으로 지원한다.\n공무원들은 우유의 생산량과 소의 건강 등 여러 가지를 자문해 준다."
  },
  "Annotation": {
    "Summary1": "알프스 산맥의 마을은 산기슭을 깎아 만든 목초지에서 소를 키우는데 농가는 국가 지원을 받아 체계적으로 소를 관리한다.",
    "Summary2": "티롤의 산간을 중심으로 생겨난 요들 송은 목동이 소를 부르는 노래였다. 알프스 산맥 깊은 곳에 있는 마을에서는 산기슭을 깎아 목초지를 만들고 건초를 베어 말려서 소들을 먹여 기른다. 마을 농가의 젖소들은 매일 우유의 생산량을 기록하는 등 체계적으로 관리되고 있는데, 공무원들이 여러 가지를 자문해주는 등 국가에서 적극적으로 지원한다.",
    "Summary3": ""
  },
  "filename": "SCRIPT-culture-51001-00018.json"
}