{
  "Meta": {
    "doc_id": "SCRIPT-culture-00193",
    "doc_category": "SCRIPT",
    "doc_type": "culture",
    "doc_name": "00193_9_역사저널그날PS-2020092155-01-000.txt",
    "author": "KBS",
    "publisher": "KBS",
    "published_year": "2020",
    "doc_origin": "역사저널그날",
    "passage_id": "SCRIPT-culture-00193-00021",
    "passage": "화자1]포로를 이용합니다, 포로.\n6만 명의 포로가 아시아의 노동자, 20만명의 노동자들이 영문도 모른 채 철도공사에 끌려 와서 아주 어려운 환경 속에서 일을 하게 됐던 것입니다.\n그런데 이제 급하잖아요.\n빨리빨리 보급을 해야 하기 때문에.\n험준한 산맥 지역에서 어려운 공사를 하는데 무리하게 속도전을 강행했던 것입니다.\n그러니까.\n사망자가 엄청나게 나왔다고해요.\n그래서 이 철도의 별칭이 바로 죽음의 철도가 되겠습니다.\n그래서 그 구간 중에서도 유명한 지역이 바로 이 근처에 있는 영화로도 만들어졌죠.\n콰이강의 다리예요.\n영화에서는 콰이강의 다리에 보면 영국공병대가 다리를 건설하게 되죠.\n그런데 그때 이 배우들을 보면 건장해요,공사하고.\n그런데 실제 당시 사진을 보면요, 뼈 만남아요.\n처참한 상황에서 어려운 철도 공사에 투입됐다고 합니다.\n보급을 둘러싼 제2차 세계대전의 비화는잠시 후에 계속됩니다."
  },
  "Annotation": {
    "Summary1": "척박한 곳의 철도공사에 아시아 포로 6만을 포함한 20만의 노동자들이 노역했고 죽음의 철도로 불리게 된다.",
    "Summary2": "아시아 포로 6만 명을 포함해 20만 명의 노동자들은 철도공사에 끌려와 척박한 환경 속에 노역한다. 급박한 보급 상황에 놓이자 험악한 지역에도 공사를 무리하게 강행했고 엄청난 사망자가 나오며 죽음의 철도로 불리게 된다. 가장 험한 곳이 영화 ‘콰이강의 다리’로 제작됐고 영화 속 모습과는 다른 실제 상황은 피골의 노동자들이 비참한 철도 공사에 투입됐다.",
    "Summary3": ""
  },
  "filename": "SCRIPT-culture-00193-00021.json"
}