{
  "Meta": {
    "doc_id": "SCRIPT-culture-00199",
    "doc_category": "SCRIPT",
    "doc_type": "culture",
    "doc_name": "00199_15_역사저널그날PS-2020102463-01-000.txt",
    "author": "KBS",
    "publisher": "KBS",
    "published_year": "2020",
    "doc_origin": "역사저널그날",
    "passage_id": "SCRIPT-culture-00199-00030",
    "passage": "화자1]공직자의 중요한 정치인의 입이 갖고 있는 중요성을 잘 몰랐다고 볼 수 있습니다.\n사실은 군사정권이 굉장히 외교적으로 미숙했다.\n국내에서는 철권 통치를 했지만.\n외교라고하는 것은 사실 이런 거죠.\n오른손으로는 상대방에게 협상을 하지만.왼손으로는 국민의 지지나 합의가 있어야하는 거잖아요.\n화자2]그렇죠.\n화자1]그러니까.\n사실은 국민의 지지가 없는 외교의 협상이라는 건 존재할 수가없습니다.\n그런데 국민들은 사실은 어떤 일이 벌어졌는지 정확하게 알 수 없는 상황이었습니다.\n화자3]사실 일본으로서는 협상 상대가 굉장히 쉬웠었습니다.\n화자4]그럼요.\n얼마나 쉬웠겠어요.\n화자3]굉장히 경험 부족을 갖고 있었고.\n일본이 이 협상 직전에 주요 인물들이 모여서 이 사태를 어떻게 할 것인가, 대책회의를 하게 되는데 그중에 이세키.\n화자5]네?\n화자3]아시아 국장.\n아시아 국장.\n화자4]이름이.\n화자5]깜짝이야."
  },
  "Annotation": {
    "Summary1": "철권 통치로 인해 국민의 지지를 잃었던 군사정권은 외교 협상을 잘 다루지 못하였고, 일본은 대책 회의를 마련하였다.",
    "Summary2": "군사정권은 국내에서 폭압적인 통치로 인해 국민들의 신의를 잃었다. 그렇기 때문에 국민의 지지가 적극적으로 필요한 외교 협상에서 주권을 쥐지 못했고, 국민들은 외교적인 상황을 알아차릴 수 없었다. 따라서 일본의 입장에서는 협상 상대가 경험적으로 미숙했으므로 비교적 쉬운 상황이었고, 이를 다루기 위해 주요 인물들이 모여 대책 회의를 마련하였다.",
    "Summary3": ""
  },
  "filename": "SCRIPT-culture-00199-00030.json"
}