{
  "Meta": {
    "doc_id": "SCRIPT-culture-00186",
    "doc_category": "SCRIPT",
    "doc_type": "culture",
    "doc_name": "00186_2_역사저널그날PS-2020047445-01-000.txt",
    "author": "KBS",
    "publisher": "KBS",
    "published_year": "2020",
    "doc_origin": "역사저널그날",
    "passage_id": "SCRIPT-culture-00186-00005",
    "passage": "화자1]1960년 0003.15 시위에 나섰다가 변을 당했습니다.\n그날 어떤 일들이 있었는지 좀 자세히 만나보도록 하겠습니다.\n화자2]안녕하십니까?\n그날의 비화 이광용입니다.\n우리 역사 속 1960년 0003.15은 단군 이래 최대, 아니 희대의 부정선거가 있었던 날이죠.\n당시 선거를 돌아보겠습니다.\n먼저 대통령 후보, 민주당에 조병옥 후보가갑작스럽게 사망하면서, 자유당의 이승만,단독 후보입니다.\n그리고 부통령은 자유당의 이기봉, 민주당장면 후보의 경합이었죠.\n그렇다면 우리가 왜 003.15의 선거를 부정선거라고 부르는지 낱낱이 밝혀드리겠습니다.\n다니엘.\n화자3]네, 형님.\n화자2]우리나라에서 선거해 본 적 없지?\n화자3]전 투표권이 없죠.\n화자2]그렇지.\n한 번 하게 해줄게.\n나와봐.\n나와봐.\n화자3]저 할 수 있어요?\n화자2]1960년 0003.15, 외국인 사상 첫 투표자.\n그리고 3.15 사상 첫 투표자 다니엘을\n모시겠습니다.\n들어가서 투표해.\n내 마음이야.\n투표해.\n화자3]아싸.\n화자1]이거 자체가 부정선거인데요?\n화자4]그러네요.\n너무 큰 부정이네요.\n화자2]했어요?\n화자3]투표했어요.\n넣을게요.\n화자2]넣으세요.\n화자3]그런데 형님, 여기 투표용지가 이미 들어가 있는 것 같은데.\n화자2]말도 안돼.\n자기가 첫 투표인데.\n뭐야, 이거.\n화자3]보세요, 보세요.\n화자2]뭐야?\n이승만.\n화자3]이승만.\n화자2]이승만.\n화자3]이승만.\n화자2]잠깐만.\n여기도 이기봉.\n이기봉, 이기봉.\n화자5]다니엘이 첫 투표자 맞아요?\n화자2]그러니까.\n이건 실제 상황입니다.\n3.15 부정선거에서는 4할 사전 투표가\n이루어졌습니다.\n화자5]정확히 뭐예요.\n화자2]야구가 아니에요, 4할.\n4할 사전 투표.\n이것이 무엇이냐, 이 동네에 살지 않는 사람.\n그리고 살다가 이사 간 사람.\n살았는데 이미 죽은 사람.\n그러니까.\n허위의 인물들을 다 기재를 해서.\n화자1]웬일이야.\n화자2]그 사람들의 명의로 투표를 해서 미리 넣어두는 거예요."
  },
  "Annotation": {
    "Summary1": "1960년 3월 15일에 있었던 대통령 선거는 사전 투표율이 4할에 이르는 희대의 부정선거가 치러졌다.",
    "Summary2": "1960년 3월 15일에는 역사적으로 가장 유명한 부정선거가 있었다. 당시 대통령 후보는 자유당의 이승만으로 단독 후보였으며 부통령은 자유당의 이기봉 후보와 민주당 장면 후보의 경합이었다. 그런데 이때 사전 투표율이 4할에 이르면서 허위 인물들의 명의로 투표가 이루어졌다.",
    "Summary3": ""
  },
  "filename": "SCRIPT-culture-00186-00005.json"
}