{
  "Meta": {
    "doc_id": "SCRIPT-culture-51002",
    "doc_category": "SCRIPT",
    "doc_type": "culture",
    "doc_name": "51002_DC_걸어서세계속으로002_2013237088.txt",
    "author": "KBS",
    "publisher": "KBS",
    "published_year": "2013",
    "doc_origin": "걸어서세계속으로002",
    "passage_id": "SCRIPT-culture-51002-00001",
    "passage": "해설]푸른 바다와 멋진 해변이 있어 사람들은 이곳을 지상낙원이라 부른다.\n바닷속 볼거리와 즐길 거리가 많아 해상레저의 천국이라고 부르기도 한다.\n그곳만의 아름다움과 전통의 멋을 찾아 지금 몰디브로 출발한다.\n인천공항을 떠나 스리랑카 콜롬보까지 009시간.\n다시 콜롬보에서 001시간 반 동안 비행을 해 이브라힘 나시르 공항에 도착했다.\n해마다 이맘때쯤이면 이브라임 나시르 공항은 관광객으로 북적인다.\n지금이 관광 최적기이기 때문이다.\n공항 밖으로 나서자 파란 바다가 펼쳐진다.\n1192개의 작은 섬으로 이루어진 몰디브는 다른 지역으로 이동하기 위해서는 배를 타야만 한다.\n작은 스피드보트는 우리나라의 택시와 비슷하다.\n그리고 도니는 시민들의 대중교통 수단이다.\n공항 섬에서 도니를 타고 수도인 말레를 찾았다."
  },
  "Annotation": {
    "Summary1": "지상 낙원이라 불리는 몰디브에서 사람들은 배와 '도니'라는 대중교통을 이용해 이동한다.",
    "Summary2": "지상 낙원이자 해상 레저의 천국이라 불리는 몰디브는 인천공항에서 스리랑카 콜롬보를 경유하여 10시간 반 동안 비행으로 갈 수 있다. 1192개의 섬으로 이루어진 몰디브는 타 지역으로 이동할 때 이동 수단으로 배를 이용해야 한다. 시민들은 대중교통으로 '도니'라는 수단을 이용한다.",
    "Summary3": ""
  },
  "filename": "SCRIPT-culture-51002-00001.json"
}