{
  "Meta": {
    "doc_id": "SCRIPT-culture-00203",
    "doc_category": "SCRIPT",
    "doc_type": "culture",
    "doc_name": "00203_19_역사저널그날PS-2020113163-01-000.txt",
    "author": "KBS",
    "publisher": "KBS",
    "published_year": "2020",
    "doc_origin": "역사저널그날",
    "passage_id": "SCRIPT-culture-00203-00023",
    "passage": "화자1]그때 있었죠.\n화자2]맞아요, 지난번에 있었죠.\n화자1]한마디로 내부에서 외부에서 온 돈을 끌어다가 자금을 마련한 거네요.\n화자2]이제 노선 정하고 자금 마련했고 다음은또 뭔가요?\n화자3]토지 보상이 문제네요.\n화자2]토지, 토지.\n화자1]그게 문제네요.\n화자4]가장 핫한 문제죠.\n화자3]그 당시에도 사실 큰 이슈였어요.\n그래서 너무 많이 돈이 들어가면 안되잖아요, 토지 보상에.\n그래서 대통령이 서울시장하고경기도지사를 불러서 토지 보상을 해야하는데 평당 300원 해로 해라.\n그렇게 아예 못을 박고 시작을 했다.고 하더라고요.\n화자2]얼마요?\n화자3]300원이요, 평당 300원.\n당시에 담배가 한 갑에 40원 정도했었거든요.\n화자4]평당 300원이면 엄청 헐값인 거죠?\n화자5]그러네요.\n화자3]쌀 한 가만히가 4천3백50원이었거든요.\n그런데 다들 애국심으로 다 싸게 파셔서 실제로 평당 가격이 230몇 원 정도."
  },
  "Annotation": {
    "Summary1": "내부와 외부에서 자금을 모아 토지보상을 진행했고 대통령은 서울시장 등을 불러 평당 300원에 토지보상을 지시했다.",
    "Summary2": "내부와 외부에서 자금을 모아서 토지보상을 했다. 당시 대통령은 토지보상에 금액이 많이 지불되면 안 돼서 서울시장과 경기도지사를 불러 평당 300원으로 토지보상을 하게 지시했다. 당시 쌀이 4천3백50원이었으니 따지면 굉장한 헐값이었고 애국심으로 다들 땅을 싸게 팔아서 실제 평당 가격은 230 몇 원 정도였다.",
    "Summary3": ""
  },
  "filename": "SCRIPT-culture-00203-00023.json"
}