{
  "Meta": {
    "doc_id": "SCRIPT-culture-30574",
    "doc_category": "SCRIPT",
    "doc_type": "culture",
    "doc_name": "세상 끝의 집, ‘카르투시오 봉쇄수도원’",
    "author": "KBS",
    "publisher": "KBS",
    "published_year": "2019",
    "doc_origin": "세상 끝의 집, ‘카르투시오 봉쇄수도원’",
    "passage_id": "SCRIPT-culture-30574-00001",
    "passage": "화자1]카르투시오 봉쇄수도원에서 펼쳐지는 신과 사람, 사람과 사람의 이야기가 연말 KBS에서 공개됩니다.\n화자2]KBS 1TV ‘다큐 인사이트’ 시간에는 19일(목), 25일(수), 26일(목) 밤 10시에 을 방송합니다.\n화자1]이곳에서는 온종일 모든 시간은 기도와 노동, 그리고 신의 신비를 헤아리는 것에 바쳐집니다. 사적인 대화는 금지되어 있으며 인터넷, 전화, 신문, 방송 등 외부와의 소통도 막혀 있습니다. 특별한 경우를 제외하고는 봉쇄구역을 벗어날 수 없으며, 심지어 가족의 부고를 접해도 수도원을 나갈 수 없습니다. 세상을 떠나도 육신은 수도원 경내에 묻힌다. 한 수도원에서 한 평생을 바쳐 영원의 진리를 좇는 봉쇄수도사들. 그 엄혹한 침묵과 고독의 시간이 TV를 통해 펼쳐집니다.\n화자2]2005년 필립 그로닝 감독이 무려 15년 동안의 끈질긴 섭외 끝에 제작한 영화 을 통해 세상에 알려진 카르투시오 수도회. 이번엔 아시아 유일의 카르투시오 수도원인 경북 상주의 모동 수도원입니다. 프랑스, 스페인, 독일, 한국 등 국적도 다양한 11명 수도사들의 삶이 4계절의 변화 속에 아름다운 UHD 영상으로 담겼습니다. 그리고 그 안에서 놀랍도록 인간적인 너무나도 인간적인 수도사들의 모습이 펼쳐집니다.\n화자1]제작진은 이들의 삶이 과연 그들 자신은 물론 수도원 밖의 세상에 어떤 의미와 가치를 지니는지, 그리고 공허한 말들의 성찬 속에서, 끝없이 부딪히는 일상의 욕망과 번뇌 사이에서 우리가 잊고 있는 참된 삶의 의미를 생각해보는 시간이 되기를 바란다고 전합니다."
  },
  "Annotation": {
    "Summary1": "모동 수도원의 이야기를 담은 '다큐 인사이트'가 19일, 25일, 26일 밤 10시에 KBS 1TV에서 방송된다.",
    "Summary2": "카르투시오 봉쇄수도원의 이야기가 오는 19일, 25일, 26일 10시에 KBS 1TV '다큐 인사이트' 에서 방송된다. 이곳은 기도와 노동, 신의 신비를 헤아리는 것에만 전념할 수 있으며 외부와는 단절 되어있다. 제작진은 아시아 유일의 카르투시오 수도원인 경북 상주의 모동 수도원을 담으며, 참된 삶의 의미를 생각해보길 바란다고 전했다.",
    "Summary3": ""
  },
  "filename": "SCRIPT-culture-30574-00001.json"
}