{
  "Meta": {
    "doc_id": "SCRIPT-culture-37166",
    "doc_category": "SCRIPT",
    "doc_type": "culture",
    "doc_name": "환경스페셜 ‘지금 바다는’ 해양쓰레기로 신음하는 바다",
    "author": "KBS",
    "publisher": "KBS",
    "published_year": "2021",
    "doc_origin": "환경스페셜 ‘지금 바다는’ 해양쓰레기로 신음하는 바다",
    "passage_id": "SCRIPT-culture-37166-00001",
    "passage": "화자1]KBS 환경스페셜.\n화자2]바다는 지구 표면의 70% 이상을 차지하며, 다양한 해양생물을 품고 있습니다. 바다는 우리 인류에게 없어서는 안될 중요한 자원의 보고입니다. 그런데 이러한 바다가 최근 해양쓰레기로 인해 고통받고 있습니다.\n화자1]매년 바다로 유입되는 플라스틱 쓰레기의 양은 약 1200만톤. 해양쓰레기의 90%를 차지하는 엄청난 양입니다. 플라스틱은 썩지 않고 분해되지 않는 특성 때문에 바다에 그대로 남아 해양생물 뿐 아니라 우리 인간에게까지 영향을 미칩니다.\n화자2]KBS <환경스페셜>에서는 아귀의 내장에서 플라스틱 병이 나왔다는 한 생선 전문 식당의 제보 영상으로 시작해 괭이갈매기와 거북이의 죽음, 돌고래의 상처 등 해양생태계를 위협하고 있는 각종 플라스틱 쓰레기의 문제를 집중 취재했습니다.\n화자1]KBS 환경스페셜.\n화자2]더 큰 문제는 플라스틱이 바다를 떠돌다가 잘게 부서진 미세플라스틱입니다. 이는 물고기의 먹이가 되어 먹이사슬을 타고, 결국에는 우리의 밥상으로 올라오게 됩니다. KBS <환경스페셜> 팀은 시중에 판매되는 어패류의 미세플라스틱 함량을 분석 실험해 봤습니다. 그 결과 모두 미세플라스틱 검출, 개체마다 다르지만 100g 당 최소 7개에서 최대 34개까지 검출이 되었습니다. 학자들의 연구에 의하면 우리는 매주 신용카드 한 장의 무게인 5g의 미세플라스틱을 섭취한다고 합니다. 그렇다면 우리 몸에 축적되는 미세플라스틱, 안전한 걸까.\n화자1]해양쓰레기로 인해 신음하고 있는 바다, 그리고 그곳에서 생명의 위협을 받고 있는 해양생물. 더는 방관할 수 없다는 생각으로, 바다에서 벌어지고 있는지 플라스틱 쓰레기 문제를 집중 조명한 환경 탐사 다큐. KBS 환경스페셜 ‘지금 바다는’은 008.12 목요일 밤 08시30분, KBS 2TV에서 방송됩니다."
  },
  "Annotation": {
    "Summary1": "사람의 몸에 쌓이는 미세 플라스틱과 해양생태계의 위협인 플라스틱 해양 쓰레기를 KBS'환경스페셜'이 취재했다.",
    "Summary2": "매년 바다로 유입되는 약 1200만톤의 플라스틱 쓰레기는 해양 쓰레기의 90퍼센트를 차지한다. 아귀의 내장에서 플라스틱 병이 나오고 괭이갈매기와 거북이의 죽음 등으로 이어지는 플라스틱 쓰레기 문제를 KBS '환경스페셜'이 취재했다. 더 큰 문제는 잘게 부서진 미세 플라스틱으로 이는 물고기의 먹이가 되고 결국 사람이 먹어 몸에 축적된다.",
    "Summary3": ""
  },
  "filename": "SCRIPT-culture-37166-00001.json"
}