{
  "Meta": {
    "doc_id": "SCRIPT-culture-24955",
    "doc_category": "SCRIPT",
    "doc_type": "culture",
    "doc_name": "명견만리, '방탄소년단과 K-Pop의 미래'",
    "author": "KBS",
    "publisher": "KBS",
    "published_year": "2018",
    "doc_origin": "명견만리, '방탄소년단과 K-Pop의 미래'",
    "passage_id": "SCRIPT-culture-24955-00001",
    "passage": "화자1]방탄소년단의 글로벌 성공에 힘입어 K-Pop 최고의 작곡가에서 글로벌 K-Pop 최고의 프로듀서로 거듭난, 그가 말하는 방탄소년단의 성공비결과 K-Pop의 미래는 과연 무엇일까.\n화자2]지난해 11월, 미국 로스앤젤레스에서 열린 2017 아메리칸 뮤직 어워드(AMAs). 미국 3대 음악시상식으로 불리는 이곳 무대에 한국 노래가 울려 퍼졌습니다. 데뷔 5년차 보이그룹 방탄소년단이 레이디 가가, 셀레나 고메즈, 니올 호란 등 세계적인 톱 가수들과 어깨를 나란히 한 것입니다.\n화자1]방탄소년단은 당일 미국 내 구글 검색순위 1위를 기록했고 미국 전역을 넘어 전 세계인에 방탄소년단을 각인시켰습니다. 7명의 한국 젊은이들이 세계인을 사로잡게 된 이유, 무엇일까?.\n화자2]미국 팬들의 열렬한 환호 속 도착한 LA공항에서부터 분 단위로 잡혀있던 해외 미디어 인터뷰와 방송출연 일정, 아메리칸 뮤직 어워드 공연을 위한 쉴 틈 없는 연습행렬 등 그 어떤 매체에도 공개하지 않았던 방탄소년단의 역사적인 방미 일정을 명견만리에서 독점 밀착 취재했습니다.\n화자1]방탄소년단 멤버들은 명견만리 카메라 앞에서 자신들의 꿈과 목표를 직접 고백했습니다. 그 진솔한 인터뷰를 공개합니다."
  },
  "Annotation": {
    "Summary1": "명견만리에서는 글로벌 스타 방탄소년단의 2017 아메리칸 뮤직 어워드 관련 일정과 멤버들의 인터뷰를 공개한다.",
    "Summary2": "방탄소년단의 글로벌 성공 비결과 K-Pop의 미래는 무엇일지, K-Pop 최고의 프로듀서인 그의 생각이 궁금하다. 2017 아메리칸 뮤직 어워드에 당당히 선 방탄소년단은 이날 전세계인들의 눈과 귀를 사로잡았다. 명견만리에서는 방탄소년단의 미국 방문 일정을 밀착 취재하였으며, 특히 멤버들의 꿈과 목표에 대한 인터뷰를 공개한다.",
    "Summary3": ""
  },
  "filename": "SCRIPT-culture-24955-00001.json"
}