{
  "Meta": {
    "doc_id": "SCRIPT-culture-00187",
    "doc_category": "SCRIPT",
    "doc_type": "culture",
    "doc_name": "00187_3_역사저널그날PS-2020043201-01-000.txt",
    "author": "KBS",
    "publisher": "KBS",
    "published_year": "2020",
    "doc_origin": "역사저널그날",
    "passage_id": "SCRIPT-culture-00187-00020",
    "passage": "화자1]어쨌거나 이승만 전 대통령 반란을 빨리진압해야 하잖아요.\n화자2]정말 빨리 확실히 진압하는 게 목표가됐을 것 같은데 그 진압이 어떻게 진행됐는지 아 윌 비 백 박금수 박사님전해주시죠.\n화자3]아이엠 백.\n1948년 10월 22일 군은 광주에 전투사령부를 설치하고요.\n서울을 방위해야 하는 수도권의 부대를 제외한 대전 이남의 모든 부대를 전남지역에 투입을 하게 됩니다.\n그런데 그 이전까지 당시에 군은 전쟁 또는전투 경험이 없었죠.\n연대급 이상이 되는 부대들 간의 합동작전경험이 전무했던 겁니다.\n그렇기 때문에 지휘계통이 혼란이 왔고요.\n게다가 통신 장비 또한 미비한 상황이어서 정확한 이 상황의 전파 그리고 명확한 명령의 전달에 문제가 생겼던 겁니다.\n심지어는 아군끼리 서로 적군인 줄 알고오인해서 서로 싸우는 이런 일까지 벌어졌다고 하는데요.\n어쨌든 이런 우여곡절 끝에 10월 22일에는순천을 탈환하고요.\n10월 24일에는 보성과 벌교를 탈환을 하게 됩니다.\n그리고 여수가 남았는데요.\n이 여수야말로 당시 반란 진압을 하는 데있어서 여수 탈환이 바로 상징이 되는 것이었죠."
  },
  "Annotation": {
    "Summary1": "이승만은 반란 진압을 위해 군을 투입하였고, 군은 우여곡절 끝에 여수를 남기고 다른 지역을 탈환하는데 성공한다.",
    "Summary2": "이승만 전 대통령은 반란을 진압하기 위해 광주에 전투사령부를 설치하고 대전 이남의 모든 부대를 전남지역에 투입하였다. 그러나 전쟁 및 전투 경험이 없었던 당시의 군은 지휘와 통신에서 혼란을 겪게 된다. 우여곡절 끝에 군은 여수를 남기고 다른 지역을 탈환하는 데 성공하는데, 이 남은 여수를 탈환하는 것이 당시 반란 진압에 있어 상징이 되게 된다.",
    "Summary3": ""
  },
  "filename": "SCRIPT-culture-00187-00020.json"
}