{
  "Meta": {
    "doc_id": "SCRIPT-culture-00202",
    "doc_category": "SCRIPT",
    "doc_type": "culture",
    "doc_name": "00202_18_역사저널그날PS-2020108904-01-000.txt",
    "author": "KBS",
    "publisher": "KBS",
    "published_year": "2020",
    "doc_origin": "역사저널그날",
    "passage_id": "SCRIPT-culture-00202-00026",
    "passage": "화자1]사실 개인적으로 아직도 이해 잘 안 가요.\n왜 북한이 이 특수부대를 훈련시키고 왜 보냈을까요.\n어떤 목표로 이렇게 보냈을까 하는 게개인적으로 너무 궁금해요.\n화자2]한편으로.\n왜 이때였을까.\n상대방을 공격하려면 상대방이 굉장히불안정하거나 뭔가 문제가 있을 때 공격을 하잖아요.\n그런데 그렇다고 하면 4.19 때나.\n화자3]그렇죠.\n화자2]아니면 6.3때, 한일협정 반대 시위가 있을\n때 이런 때가 오히려 공격을 하거나 어떤 일을 벌이기 좋은 때인데.\n화자4]그러니까.요.\n화자2]왜 이 시기였을까?\n화자5]68년에 뭐가 있었죠?\n알려주세요.\n화자2]이때 국제 정세가 어떻게 돌아가고있었는지 사실은 그걸 이해해야만 왜68년에 이런 사건들이 발생을했고67년부터 위기가 고조가 됐고 이게 60년대말에 계속되는가를 이해할 수 있는 것 같아요.\n화자5]지금 증거품들이고요."
  },
  "Annotation": {
    "Summary1": "북한이 왜 그때 공격했을지는 당시 국제 정세를 파악하고 이해해야지만 60년대의 계속된 위기 상황에서 이해할 수 있다.",
    "Summary2": "북한이 훈련한 특수부대를 왜 보냈는지 도대체 어떤 목표였을지 의문이다. 4.19 때나 한일협정 반대 시위로 혼란한 6.3 때의 시기가 있었음에도 왜 하필 이때 공격했을지 아이러니하다. 이는 당시 국제 정세의 상황을 파악하고 이해해야만 60년대 말까지 계속된 상황 속에서 67년부터 고조된 위기 상황과 68년 사건들이 왜 발생했는지를 이해할 수 있다.",
    "Summary3": ""
  },
  "filename": "SCRIPT-culture-00202-00026.json"
}