{
  "Meta": {
    "doc_id": "SCRIPT-culture-00190",
    "doc_category": "SCRIPT",
    "doc_type": "culture",
    "doc_name": "00190_6_역사저널그날PS-2020065700-01-000.txt",
    "author": "KBS",
    "publisher": "KBS",
    "published_year": "2020",
    "doc_origin": "역사저널그날",
    "passage_id": "SCRIPT-culture-00190-00043",
    "passage": "화자1]손가락이 이렇게 해서 맞을 확률이.\n화자2]안돼.\n화자1]되게 어렵잖아요.\n이게 되게 어렵대요.\n화자3]사실.\n우리 원래 잘 안 맞아.\n이거 봐봐.\n화자4]옆으로 비껴가잖아요.\n화자2]다니엘은 일부러 피한 것 같은데요.\n화자5]그 작전이 일본에서는 굉장히 잘 알려진 그러니까.\n누구나 다 아는 작전.\n사실은 그래서 오퍼레이션 커먼 날리지라고 불릴 정도로 할 거다라는 건 다 알고있었던 거예요.\n화자6]그렇죠.\n화자5]사실상 이건 맥아더의 전매특허거든요,이거는.\n화자6]그리고 정부의 기만이 많이 이뤄졌습니다.\n북한도 안할 바에는 상륙작전을 할 가능성이 있다고 할 만한 곳이 몇 곳이 있습니다.\n진남포, 군산, 목포.\n동쪽으로는 원산 이런 지역입니다.\n그러니까.\n미군이 인천상륙작전에 앞서도 진격하거나 포격을 하거나 폭격을했습니다.\n그러니까.\n북한으로서는 분명히 상륙작전을 할 것 같은데 어디 지점인지를 명확하게 특정하기는 굉장히 어려운 상황이었습니다."
  },
  "Annotation": {
    "Summary1": "해당 작전은 맥아더의 전매특허이며, 북한은 미국의 상륙작전을 예상했지만 장소를 특정 짓기는 어려웠다.",
    "Summary2": "해당 작전은 일본에서는 누구나 알고 있는 작전으로 맥아더의 전매특허로 불린다. 북한에서도 상륙작전이 가능한 곳들이 있었지만 미군은 인천상륙 작전 이전에도 진격을 하거나 폭격을 했다. 북한으로서는 미국의 상륙작전이 있을 것이라고 예상했지만 명확한 장소를 특정하기 어려운 상황이었다.",
    "Summary3": ""
  },
  "filename": "SCRIPT-culture-00190-00043.json"
}