{
  "Meta": {
    "doc_id": "SCRIPT-culture-17979",
    "doc_category": "SCRIPT",
    "doc_type": "culture",
    "doc_name": "세상 모든 딸들의 공포, '유방암'",
    "author": "KBS",
    "publisher": "KBS",
    "published_year": "2016",
    "doc_origin": "세상 모든 딸들의 공포, '유방암'",
    "passage_id": "SCRIPT-culture-17979-00001",
    "passage": "화자1]전 세계 여성암 발병률 1위, 유방암. 국내 발생률 역시 연간 7.8%씩 증가하며 여성들의 건강을 위협하고 있습니다. 유방암은 5년 생존률이 91.2%로 ‘착한 암’이라 불리지만 재발률이 20~30%에 달해 ‘꼬리가 긴 암’이라고도 불립니다.\n화자2]생존률은 높지만 결코 안심할 수 없는 두 얼굴의 유방암. 유방암의 다양한 사례들을 통해 올바른 관리법과 예방법을 <생로병사의 비밀> 에서 알아봅니다.\n화자1]여성에게 있어 유방은 단순한 신체의 일부가 아니라 수유의 기능을 담당하는 중요한 기관이자 여성성의 상징입니다. 이런 까닭에 유방암에 대한 여성들의 공포는 커질 수 밖에 없습니다. 여성이라면 전 생애에 걸쳐 유방암의 공포를 감당해야합니다. 이러한 두려움은 유전성 유방암에 대한 관심으로까지 이어지고 있습니다. 한국유방암학회 조사에 따르면, 현재 변이 유전자 검사 건수는 2012년에 비해 3배 이상 증가한 것으로 나타났습니다. 그만큼 유방암에 대한 관심과 인식이 날로 높아지고 있는 것입니다.\n화자2]유방암의 세대교체- 폐경기 여성이 위험합니다!.\n화자1]최근 국내 유방암 환자들의 특징은 연령대의 변화다. 2010년까지는 폐경 전 30~40대의 비교적 젊은 유방암 환자가 많았습니다. 하지만2011년부터는 폐경기 이후 여성들의 발병률이 크게 중가했고, 현재 유방암환자의 52.1%를 차지하고 있습니다. 이른바 유방암 발병의 세대교체가 일어난 것입니다.\n화자2]유방암의 가장 큰 원인으로 손꼽히는 여성호르몬, 에스트로겐. 에스트로겐의 노출시기가 길수록 유방암 확률은 높아집니다. 때문에 에스트로겐이 급감하는 폐경기가 되면 여성들은 유방암의 공포에서 벗어났다고 생각하기 쉽다. 하지만 시간이 갈수록 폐경 이후 여성의 유방암 발생률이 점점 증가하고 있습니다. 유방암의 안전지대라 여겼던 폐경기에 유방암 환자가 늘어난 이유는 무엇일까? 그 원인과 예방법을 알아봅니다."
  },
  "Annotation": {
    "Summary1": "여성암 1위인 유방암은 에스트로겐 노출 시기가 길면 발병 확률이 높지만 최근 폐경기 여성의 발병률이 증가하고 있다.",
    "Summary2": "여성암 발병률 1위인 유방암은 국내 발병률이 매년 증가하고 있으며, 생존률이 높지만 재발률 역시 높아 '꼬리가 긴 암'으로 불린다. '생로병사의 비밀'에서는 여성에게 중요한 신체 부위인 유방에 생기는 암이 최근 폐경기 여성에게 많이 발병한다는 점을 지적했다. 유방암은 에스트로겐의 노출 시기가 길면 생길 확률이 높지만, 폐경기 여성도 안심할 수 없다.",
    "Summary3": ""
  },
  "filename": "SCRIPT-culture-17979-00001.json"
}