{
  "Meta": {
    "doc_id": "SCRIPT-culture-51018",
    "doc_category": "SCRIPT",
    "doc_type": "culture",
    "doc_name": "51018_DC_걸어서세계속으로018_2014079195.txt",
    "author": "KBS",
    "publisher": "KBS",
    "published_year": "2014",
    "doc_origin": "걸어서세계속으로018",
    "passage_id": "SCRIPT-culture-51018-00015",
    "passage": "해설]암수 서로 정답구나.\n가까이 다가가니 부끄러운지 빠른 속도로 도망가 숨는다.\n밤이 되면 대자연 속에서 도란도란 이야기를 나눈다.\n붉은 빛을 내며 타고 있는 숯불 속에는 아련한 추억이 배어 있다.\n숯불에 요르단 전통빵 슈렉을 굽는다.\n갓 구운 빵은 기대를 저버리지 않는 맛이다.\n처음 보는 사람에게 선뜻 주는 따뜻한 정을 가슴에 품고 대자연 속에서 하룻밤을 보낸다.\n다음 날 찾은 곳은 그리스도교와 이슬람이 공존하는 특별한 도시, 마다바.\n각기 다른 종교의 차이점을 초월하는 평화로움을 느낀다.\n교회를 수떼어 모자이크.\n이 모자이크는 고대 로마때부터 제작된 오랜 역사를 간직한 미술품이다.\n개성 넘치는 멋과 자유로움이 공존하는 도시, 암만.\n요르단 전통식당에서 만난 사람들은 열정 가득한 멋쟁이다.\n요르단 음식은 한눈에 맛과 멋이 느껴진다."
  },
  "Annotation": {
    "Summary1": "﻿그리스도교와 이슬람이 공생하는 마다바와 특성 있는 암만의 요르단 전통음식점에서 맵시와 맛을 알 수 있다.",
    "Summary2": "﻿숯불에 막 구운 요르단 전통 빵 슈렉을 낯선 사람과 나누며 함께 밤을 보낸다. 다음날 그리스도교와 이슬람이 공생하는 마다바의 수떼어 모자이크는 고대 로마시대부터 만들어진 역사 있는 미술작품이다. 특성 있고 자유분방한 암만의 요르단 전통음식점에서 본 사람과 음식은 보는 만으로도 맵시와 맛을 알 수 있다.",
    "Summary3": ""
  },
  "filename": "SCRIPT-culture-51018-00015.json"
}