{
  "Meta": {
    "doc_id": "SCRIPT-culture-51008",
    "doc_category": "SCRIPT",
    "doc_type": "culture",
    "doc_name": "51008_DC_걸어서세계속으로008_2014008319.txt",
    "author": "KBS",
    "publisher": "KBS",
    "published_year": "2014",
    "doc_origin": "걸어서세계속으로008",
    "passage_id": "SCRIPT-culture-51008-00006",
    "passage": "해설]해안선 대부분이 바위로 이루어져 있지만 해수욕을 할 수 있는 곳은 충분히 많다.\n맑은 물과 모래사장 등 부족함이 없다.\n인공으로 만든 해수욕장도 곳곳에 있다.\n파도가 만드는 경치.\n그리고 수영을 함께 즐길 수 있다.\n인파로 붐비지도 않는다.\n해수욕을 할 수 있는 바다도 많고 어디든 경치가 좋기 때문이다.\n하우트베이로 향했다.\n케이프타운에서 40분 정도 거리다.\n언덕에서 바라보는 하우트베이는 천연항구의 모습이다.\n실제로 식민지 시절에는 중요한 군사항구였고 해군기지도 있었다.\n지금은 유람선과 어선이 드나드는 항구로 바뀌어 있다.\n생선가게 한곳에 들어가봤다.\n대구의 한 종류로 보이는 생선을 손질하고 있다.\n참치도 많이 잡힌다고 한다.\n하우트베이를 유명하게 만든 것은 물개다.\n항구 곳곳에 물개가 있다."
  },
  "Annotation": {
    "Summary1": "어디든 경치가 좋아 인파로 붐비지 않고, 하우트베이는 항구로 바뀌었고 항구에는 하우트베이에서 유명한 물개가 있다.",
    "Summary2": "해안선이 바위로 이루어져 있지만 해수욕을 즐길 수 있는 곳은 많으며 맑은 물과 모래사장 등이 부족함이 없고, 어디든 경치가 좋고 해수욕을 할 수 있어서 인파로 붐비지 않는다. 케이프타운에서 40분 거리인 하우트베이는 식민지 시절 군사 항구였지만 지금 유람선과 어선이 드나드는 항구로 바뀌었다. 항구 곳곳에 하우트베이에서 유명한 물개가 있다.",
    "Summary3": ""
  },
  "filename": "SCRIPT-culture-51008-00006.json"
}