{
  "Meta": {
    "doc_id": "SCRIPT-culture-00195",
    "doc_category": "SCRIPT",
    "doc_type": "culture",
    "doc_name": "00195_11_역사저널그날PS-2020085851-01-000.txt",
    "author": "KBS",
    "publisher": "KBS",
    "published_year": "2020",
    "doc_origin": "역사저널그날",
    "passage_id": "SCRIPT-culture-00195-00035",
    "passage": "화자1]그러면 나라고 내가 못할 게 있나, 이런 생각들을 갖게 되면서 1958년 총선에서 고향에서 한 번 나가보자.\n화자2]보니까, 옆에서 보니까.\n별거 아니야, 주먹 좀 쓰면 다되는 거야.\n나도 할 수 있겠네, 헛된 희망을 품게되는군요.\n화자3]예전에는 깡패로 정치를 했으면 이제는 깡패가 정치를 하는 날이 온 거네요.\n화자4]그렇죠.\n화자1]그렇죠.\n화자5]그런데 그거는 그냥 야심만 갖고 할 수 있는 건 아니잖아요, 당선되는 데.\n화자1]이천 주민들의 경조사에 빠짐없이 가고 또이천군당의 위원장으로 또 취임을 해서 노인들에게 환갑 잔치 열어주고 또면장들에게 자전거 한 대씩 사주고 심지어이제 아이들한테 고무줄을 나눠줬대요.\n화자2]고무줄이요?\n화자1]고무줄.\n화자3]고무줄놀이하는 그 고무줄이요?\n화자1]그렇죠.\n화자2]그 당시에 유일한 놀이니까.\n화자1]고무줄을 사주고 노래까지 지어줬다는 거예요.\n화자5]무슨 노래.\n어떤 노래요?\n화자1]이번에는 이정재, 이정재를 뽑아요.\n화자5]요즘면 치면 거의 캠페인 송이잖아요.\n거의 트와이스, 장윤정 이런 분들 노래 부르는 것처럼 개사하는 것처럼.\n화자2]약간 서동요 수법으로.\n화자3]이 정도면 이정재가 국회의원에 당선될수도 있었겠네요?\n화자6]충분히.\n화자1]그렇죠.\n화자2]따떼어 떼어."
  },
  "Annotation": {
    "Summary1": "폭력배였던 이정재는 고향인 이천에서 정치인이 되기 위해 아이들에게 고무줄을 주며 자신을 뽑으라는 노래를 지어줬다.",
    "Summary2": "폭력배였던 이정재는 자신도 할 수 있다는 생각에 1958년 총선에서 고향인 이천에서 정치인으로서 출마하기로 결심했다. 이정재는 주민들의 경조사에 참석하고, 노인들의 환갑 잔치를 열어주고, 아이들에게 고무줄을 나눠주며 고무줄놀이를 할 때 이정재를 뽑으라는 노래를 지어줬다. 이로써 이정재는 국회의원에 당선될 가능성이 높아지게 되었다.",
    "Summary3": ""
  },
  "filename": "SCRIPT-culture-00195-00035.json"
}