{
  "Meta": {
    "doc_id": "SCRIPT-culture-27597",
    "doc_category": "SCRIPT",
    "doc_type": "culture",
    "doc_name": "소리없는 위협, 만성콩팥병",
    "author": "KBS",
    "publisher": "KBS",
    "published_year": "2018",
    "doc_origin": "소리없는 위협, 만성콩팥병",
    "passage_id": "SCRIPT-culture-27597-00001",
    "passage": "화자1]24일 <생로병사의 비밀> 시간에는 ‘소리없는 위협, 만성콩팥병’이 방송됩니다.\n화자2]콩팥은 우리 몸의 정수기 역할을 하고 있습니다. 콩팥병은 뚜렷한 증상이 없다가 어느 순간 치명적인 결과를 불러옵니다. 점점 증가하는 고혈압과 당뇨병은 콩팥을 망가트리는 원인이 됩니다.\n화자1]침묵하는 장기 ‘콩팥’을 지키기 위한 방법은 무엇일까? <생로병사의 비밀>에서 만성콩팥병에 대한 모든 것을 알아봅니다.\n화자2]몸에서 정수기 역할을 하는 콩팥. 그렇기 때문에 콩팥이 기능을 못하면 소변으로 나가야 할 노폐물을 콩팥이 제대로 걸러주지 못해 몸의 균형이 깨지게 됩니다. 하지만 콩팥은 망가지면서도 별다른 통증이나 증상이 뚜렷하지 않아, 결국 다 손상된 후에야 알게 됩니다.\n화자1]만성콩팥병에서 뗄레야 뗄 수 없는 질병은 고혈압과 당뇨다. 혈압이 높으면 콩팥을 이루는 사구체에 지속적인 압력이 가해지는데, 이때 혈관벽이 두꺼워지고 혈관벽에 단백질과 지방등이 쌓이게 됩니다. 이로 인해 사구체가 손상되어 콩팥이 제 기능을 못하게 됩니다. 콩팥이 나빠지면, 다시 고혈압을 악화시켜 악순환이 계속 반복한다는 것.\n화자2]만성콩팥병, 식이요법에 주목하라!.\n화자1]만성콩팥병 5기에 이르면 선택해야 하는 두 가지가 있습니다. 바로 이식과 투석입니다. 만성콩팥병이 생겼다면 언젠가는 투석과 이식을 준비해야합니다. 구조적 기능적 회복이 어려운 장기 콩팥. 만성콩팥병초기부터 관리해 투석을 최대한 미루는 방법은 없는 걸까? 만성콩팥병 3기-5기에 해당하는 유순희(65), 박주자(62), 서강순(59)씨를 대상으로 3주간 식이요법을 실시했습니다. 콩팥의 기능을 보여주는 사구체여과율이 좋아지고, 체내에 있는 인(P) 수치가 낮아지는 등의 결과가 나왔습니다. 콩팥을 위한 식사법은 과연 무엇일까?."
  },
  "Annotation": {
    "Summary1": "콩팥병의 주요 원인은 고혈압과 당뇨이며 만성콩팥병에 투석을 늦추기 위해 식이요법을 실시해 유효한 결과를 얻었다.",
    "Summary2": "콩팥병은 명확한 증상이 없다가 한순간에 치명적인 결과가 나타나는데 고혈압과 당뇨가 콩팥을 망가뜨리는 주요 원인이다. 콩팥이 제 기능을 못하면 몸속 노폐물을 걸러주지 못해 몸의 균형이 무너진다. 만성콩팥병에 이르게 되면 투석과 이식 중에 선택해야 하는데, 투석을 늦추기 위해 환자들에게 식이요법을 실시해 유효한 결과가 나왔다.",
    "Summary3": ""
  },
  "filename": "SCRIPT-culture-27597-00001.json"
}