{
  "Meta": {
    "doc_id": "SCRIPT-culture-51014",
    "doc_category": "SCRIPT",
    "doc_type": "culture",
    "doc_name": "51014_DC_걸어서세계속으로014_2014062106.txt",
    "author": "KBS",
    "publisher": "KBS",
    "published_year": "2014",
    "doc_origin": "걸어서세계속으로014",
    "passage_id": "SCRIPT-culture-51014-00006",
    "passage": "해설]2차 세계대전 당시 독일이 이 다리만은 폭격하지 않았다는 이야기도 전설처럼 전해지고 있다.\n역사와 예술과 낭만이 있는 피렌체는 관광의 모든 요소를 갖춘 도시라는 생각이 들었다.\n나는 마침 오랜 전통을 자랑하는 카니발이 열리고 있는 해안도시 비아레조로 향했다.\n해변에는 이미 수많은 사람들로 붐비고 있었다.\n퍼레이드를 준비 중인 대형 조형물이 눈길을 사로잡는다.\n갖가지 형상과 다양한 인물들로 구성된 조형물들은 특이한 모양에 그 크기도 엄청나다.\n주로 폐지와 석고, 나무를 활용해서 만든 것들이다.\n조형물 중에는 정치적 인물들도 많이 들어 있다.\n이 커다란 탱크 조형물은 왜 등장시킨 것일까? 이 조형물은 기획하고 완성되기까지 7개월 반이나 걸렸다고 한다.\n사람들은 갖가지 마스크를 쓰고 카니발을 즐긴다."
  },
  "Annotation": {
    "Summary1": "나는 피렌체를 떠나 해안도시 비아레조로 가서 퍼레이드를 준비 중인 대형 조형물을 감상하며 카니발을 즐겼다.",
    "Summary2": "나는 피렌체를 떠나 카니발이 열리고 있는 해안도시 비아레조로 갔다. 해변에는 이미 수많은 사람들이 붐비며, 갖가지 마스크를 쓰고 카니발을 즐긴다. 퍼레이드를 준비 중인 눈길을 사로잡는 대형 조형물들은 갖가지 형상과 다양한 인물들로 구성되어 있으며 크기도 엄청 나 완성되기까지 오래 걸린다.",
    "Summary3": ""
  },
  "filename": "SCRIPT-culture-51014-00006.json"
}