{
  "Meta": {
    "doc_id": "SCRIPT-culture-00197",
    "doc_category": "SCRIPT",
    "doc_type": "culture",
    "doc_name": "00197_13_역사저널그날PS-2020099191-01-000.txt",
    "author": "KBS",
    "publisher": "KBS",
    "published_year": "2020",
    "doc_origin": "역사저널그날",
    "passage_id": "SCRIPT-culture-00197-00025",
    "passage": "화자1]누가 진짜 변호사 아니랄까 봐, 이렇게 논리적으로 나오면 난 어쩌라는 겁니까,지금?\n화자2]어떻습니까?\n변호인이 정말 재판에서 하듯이 논리적으로 이야기하니까.\n검사가 당황을 합니다.\n화자1]기죽어.\n화자2]그러자 검찰이 조봉암을 잡기 위한 확실한 증거를 하나제시합니다.\n그 첫 번째가 바로 양명산입니다.\n화자3]양명산?\n화자1]이 사람은 잠시 후에 제가 불러 앉힐 증인아닙니까?\n화자2]맞습니다.\n양명산, 당시 심문에서는요.\n조봉암과 접선한 거물급 대남간첩양명산.\n이렇게 대서특필이 됐고요.\n한마디로 북에서 자금을 받아와서조봉암하고 접촉해서 그 자금을 전달했다,그런 의혹을 받고 있습니다.\n화자1]그것이 의혹인지, 아닌지는 확인해 보면 알 일이고요.\n사실 제가 잡범들 위주로 좀 수사를 하다가 이렇게 공안 사건, 간첩 사건은 처음이라 살짝 긴장도 되는데.\n말씀 드리는 순간 증인이, 증인석에자리했습니다."
  },
  "Annotation": {
    "Summary1": "검찰이 조봉암을 잡으려 양명산이라는 증거를 내 보이는데, 양명산은 북의 자금을 조봉암에게 주었다는 의혹을 받았다.",
    "Summary2": "검찰은 조봉암을 잡기 위한 명확한 증거를 하나 제시한다. 그 첫번째가 양명산이며, 그 당시 신문에 '조봉암과 접선한 거물급 대남간첩 양명산' 이라고 크게 기사가 났다. 그는 북에서 자금을 받아 조봉암에게 주었다는 의심을 받았다.",
    "Summary3": ""
  },
  "filename": "SCRIPT-culture-00197-00025.json"
}