{
  "Meta": {
    "doc_id": "SCRIPT-culture-26391",
    "doc_category": "SCRIPT",
    "doc_type": "culture",
    "doc_name": "신라금관, 8,000km의 여정",
    "author": "KBS",
    "publisher": "KBS",
    "published_year": "2018",
    "doc_origin": "신라금관, 8,000km의 여정",
    "passage_id": "SCRIPT-culture-26391-00001",
    "passage": "화자1]12일 <KBS스페셜> 시간에는 신라금관의 비밀을 찾기 위해 광활한 유라시아로 떠나는 ‘신라금관, 8,000km의 여정’이 방송됩니다.\n화자2]KBS가 또 하나의 명품 역사 다큐멘터리를 선보입니다. 유라시아 초원길에서 만난 황금유물들을 단서로 신라금관의 비밀코드를 추적하는 ‘신라금관, 8,000km의 여정’이 12일(목) 밤10시 KBS 1TV를 통해 방송됩니다.\n화자1]유라시아 대륙의 동쪽 한반도에는 동방의 엘도라도라 불린 나라, ‘신라(신라)’ 가 있었습니다. 세계 고고학계의 미스터리인 신라의 눈부신 황금문화를 들여다 봅니다.\n화자2]유럽과 아시아를 잇는 최초의 실크로드, 초원길(Steppe Route), 이 길은 북방유목민족들이 황금을 동서로 나르던 황금길(Golden Road)입니다. 유라시아 대륙의 동쪽에 위치했던 신라가 삼국을 통일하여 천년의 제국으로 성장할 수 있었던 비결은 바로 황금길을 통한 교류에 있었습니다.\n화자1]유라시아 대륙 북쪽의 넓은 초원지대를 지나가는 초원길(Steppe Route)은고대부터 아시아와 유럽을 잇는 8,000km의 통로로서 최초의 실크로드라 불리는 동시에, 북방 유목민족들이 알타이 산의 황금을 동서로 나르던 황금길(Golden Road)이었습니다.\n화자2]중국, 몽골, 카자흐스탄, 키르기스스탄, 러시아, 헝가리, 불가리아, 조지아 등 10개국 8,000km의 유라시아 초원길을 탐사한 장대한 여정이 펼쳐집니다."
  },
  "Annotation": {
    "Summary1": "‘신라금관, 8,000km의 여정’에서는 초원길에서 발견된 황금 유물들을 통해 신라 금관의 비밀을 파헤친다.",
    "Summary2": "12일에 방영되는 KBS스페셜 ‘신라금관, 8,000km의 여정’에서는 유라시아 초원길에서 만난 황금 유물들을 통해 신라 금관의 비밀을 추적한다. 이를 통해 세계 고고학계의 미스터리로 남은 신라의 황금문화를 알 수 있다. 실크로드 초원길은 유목민들이 황금을 동서로 운반하던 황금길로 신라의 삼국 통일의 비결이 되었다.",
    "Summary3": ""
  },
  "filename": "SCRIPT-culture-26391-00001.json"
}