{
  "Meta": {
    "doc_id": "SCRIPT-culture-00187",
    "doc_category": "SCRIPT",
    "doc_type": "culture",
    "doc_name": "00187_3_역사저널그날PS-2020043201-01-000.txt",
    "author": "KBS",
    "publisher": "KBS",
    "published_year": "2020",
    "doc_origin": "역사저널그날",
    "passage_id": "SCRIPT-culture-00187-00016",
    "passage": "화자1]사실 이 정부 수립 두 달 만에 군인들이반란을 일으킨 거잖아요.\n그렇다면 이승만 정권 입장에서는 통치력을 시험받는 테스트받는.\n화자2]그러네요.\n화자1]중요한 사건이었을 텐데요.\n화자2]맞아요.\n화자3]아무리 생각을 해도 국민들은 그 당시에 어쨌거나 통일된 정부에 대한 미련이 아직 남아 있었을 때였고 사실 UN도 그 당시는그 남한 단독 정부를 승인했던 상황도아니었잖아요.\n화자2]미군도 또 철수를 해야 하는 상황이게 또한반도에 그렇게 큰 관심이 없었다고 알고있고.요.\n화자4]정부 수립이 8월이고 이 사건이 10월이면두 달도 채 안된 사건에 일어난 일이라 긴장을 할 수밖에 없는.\n화자5]거기다 또 다 선생이 말씀하셨지만.\n12월가서.\n화자6]다 선생?\n화자5]다 선생.\n화자1]많이 아는 박학다식한 다 선생?\n화자5]다 선생.\n12월에 가야 대한민국 정부 수립을 UN에서 승인하게 됩니다.\n승인하기도 전이었고요.\n화자1]맞아요.\n화자5]이게 국가가 유지가 되려면 사실 돈과이데올로기와 물리력이 있어야 하는 데 그중에 제일 중요한 것 중의 하나인물리력이 흔들린 거예요.\n화자1]그렇죠."
  },
  "Annotation": {
    "Summary1": "이승만 정부 수립 후 두 달 뒤 군인들이 반란을 일으켰고, 국가의 물리력이 흔들린 지 두 달 뒤에야 정부 수립이 승인됐다.",
    "Summary2": "이승만 정부 수립 두 달 만에 군인들이 반란을 일으켰고, 이승만 정권은 정치 능력을 시험 받는 상황에 놓였다. 당시 국민들은 통일 정부를 바라고 있었고 UN은 남한 단독 정부를 승인하지 않았으며 미군 역시 한반도에 큰 관심이 없던 상황이었다. 국가 유지의 주축인 돈, 이데올로기, 물리력 중 물리력이 흔들린 지 두 달 뒤에야 UN은 대한민국 정부 수립을 승인했다.",
    "Summary3": ""
  },
  "filename": "SCRIPT-culture-00187-00016.json"
}