{
  "Meta": {
    "doc_id": "SCRIPT-culture-00197",
    "doc_category": "SCRIPT",
    "doc_type": "culture",
    "doc_name": "00197_13_역사저널그날PS-2020099191-01-000.txt",
    "author": "KBS",
    "publisher": "KBS",
    "published_year": "2020",
    "doc_origin": "역사저널그날",
    "passage_id": "SCRIPT-culture-00197-00013",
    "passage": "화자1]당시에 부통령을 했던 이시영 씨가 나왔는데 많은 분은 이시영 씨가 2등을 할 거라고 예상을 했는데 조봉암 씨가 2등을한 거예요.\n그런데 이제 조봉암 씨도 레이더에 걸리기시작한 거죠.\n화자2]표는 적었지만.\n루키가 같은.\n화자1]그렇죠.\n화자2]떠오르는 정치인으로 부상을 한 거네요.\n화자3]그런데 교수님, 저 질문이 있는데요.\n이때 당시에 대중들이나 미국에서 조봉암의과거의 어떤 사상 같은 것을 문제삼거나하지 않았었나요?\n화자1]다 알고 있었습니다.\n미군정 시기에 문서 보면 CIC나 G2에서 나온 문서들에 한국의 유명한 정치인들의 경력이 다 조사되어 있습니다.\n조봉암이 어떻게 됐는지 다 알고 있고.\n특히 제가 말씀 드린 것처럼 조봉암 전향자체가 미군의 첩보 기관하고 관련이 있는 상태에서 되었거든요.\n잡아떼어 상태에서 편지를 공개하는 그렇기때문에 조봉암이 어떤 인물이라는 게미군은 이미 알고 있었고.\n화자3]대중들 역시도 그런 것에 대한 이해가 있었다는 거죠."
  },
  "Annotation": {
    "Summary1": "조봉암은 당시 부통령 출신 이시영을 제치고 2등을 차지하며 떠오르는 정치인으로 부상하였다.",
    "Summary2": "당시 부통령을 했던 이시영이 나와 2등을 할 것으로 예상되었지만, 조봉암이 2등을 차지하며 떠오르는 정치인으로 부상을 하였다. 조봉암이 과거의 사상과 행적으로 문제가 될 수도 있었는데, 미국은 이미 그 같은 사실을 인지하고 있었다. 조봉암의 전향 자체가 첩보 기관과 관련이 있었기 때문이며 대부분 한국의 유명한 정치인들 경력이 조사되어 있었다.",
    "Summary3": ""
  },
  "filename": "SCRIPT-culture-00197-00013.json"
}