{
  "Meta": {
    "doc_id": "SCRIPT-culture-00198",
    "doc_category": "SCRIPT",
    "doc_type": "culture",
    "doc_name": "00198_14_역사저널그날PS-2020099746-01-000.txt",
    "author": "KBS",
    "publisher": "KBS",
    "published_year": "2020",
    "doc_origin": "역사저널그날",
    "passage_id": "SCRIPT-culture-00198-00019",
    "passage": "화자1]당시 분위기가 4.19 혁명 이후에는 군인들\n둘셋만 모였어도 나라 걱정을 했다.고합니다.\n장군님, 사상계 보셨습니까?\n이 콜론 보고서를 이야기하는 거죠.\n시국이 이렇게 어수선한데 이게 군부가 가만히 있어도 되겠느냐.\n구국을 위해서 궐기해야 하지 않겠느냐라는 식의 이 쿠데타를 언급하는 게 그다지이상하지 않은 분위기였다.\n화자2]젊은 군인들이 미국에 유학을 갔다왔어요.\n화자3]그 당시에 유학파라면.\n화자2]그러니까.\n굉장히 선진적인 그런 부분들을 배워온 거죠.\n그러니까.\n지금은 우리가 가장 선진적인 조직이다.\n하면 기업.\n화자4]그렇죠.\n화자2]뭐 이렇게 이야기를 하지만.\n그 당시에는 군이 가장 선진적이었고.\n또 가장 엘리트들, 젊은 엘리트들이 많았고 또 이 사람들이 야망을 가지고.\n있는 이런 상황이었다고 볼 수가 있습니다.\n화자3]젊은 장교 하면 나이대가 어떻게 됐어요?\n화자4]그러니까.요."
  },
  "Annotation": {
    "Summary1": "4.19 혁명 이후 시국이 어수선한 가운데 젊은 군인들이 주축이 되어 야망을 가지고 쿠데타 언급이 나오는 분위기였다.",
    "Summary2": "4.19 혁명 이후 시국이 어수선한 가운데 군인들이 모이면 구국을 위해 궐기해야한다는 등의 쿠데타 언급이 나오곤 하는 분위기였다. 그 당시 젊은 군인들은 미국 유학을 통해 선진적인 부분들을 학습한 인물들로 스스로를 엘리트라 여기고 있었다. 마치 지금의 기업 처럼 스스로를 선진적인 조직으로 자부하였고 또 이들이 주축이 되어 야망을 갖고 있는 상황이었다.",
    "Summary3": ""
  },
  "filename": "SCRIPT-culture-00198-00019.json"
}