{
  "Meta": {
    "doc_id": "SCRIPT-culture-00198",
    "doc_category": "SCRIPT",
    "doc_type": "culture",
    "doc_name": "00198_14_역사저널그날PS-2020099746-01-000.txt",
    "author": "KBS",
    "publisher": "KBS",
    "published_year": "2020",
    "doc_origin": "역사저널그날",
    "passage_id": "SCRIPT-culture-00198-00023",
    "passage": "화자1]저 사진을 한 번 보시면 참모총장 장도영중장하고 육사 8기생 김종필 중령하고 나이차이가 어느 정도돼 보이시는지요?\n화자2]별로 안 나는데요?\n화자3]비슷할 것 같은데.\n화자4]옷을 저렇게 입고 있어서 그런지 김종필중령이 더 나이가 많나요?\n화자2]더 많아 보이기도 하고.\n화자1]장도영 중장이 더 많기는 한데 3살 차이라고 합니다.\n화자2]또래네요, 또래.\n화자3]그렇죠.\n화자1]그렇죠.\n화자2]그렇죠.\n화자1]그런데 심지어 박정희 소장 같은 경우는요.\n상관인 장도영 중장보다 6살이나 더많았습니다.\n그러니까.\n이거 전문 용어로 이야기하면 군번이 꼬인 거예요.\n화자3]그렇네, 그렇네.\n화자4]거기다 이제 선배들 퇴직할 때 나도 같이퇴직해야 하니까.\n계속 고인 물이 안 빠졌구나.\n화자3]고인물?\n그런 분위기였겠네요.\n화자1]그래서 사회 혼란과 그리고 군 상위층의 부정부패 그리고 인사 적체, 승진 적체가그 8기생으로 하여금 이 세상을 바꿔야겠다고 생각하게 만들었죠.\n더불어서 자신의 인생도 바꿔야겠다고 생각했을 수도 있고."
  },
  "Annotation": {
    "Summary1": "육사 8기생들은 상관들과의 나이 차이로 인한 승진 및 인사 불만, 사회 혼란, 부정부패 등으로 사회 변혁을 생각했다.",
    "Summary2": "참모총장 장도영 중장과 육사 8기생 김종필 중령의 나이는 3살 차이에 불과했고, 장도영 중장은 박정희 소장의 상관이지만 나이는 6살 어렸다. 이로 인한 승진 및 인사 불만과 사회 혼란, 군 고위층의 부정부패 등으로 육사 8기생은 세상을 바꾸는 것을 고려했다. 여기에는 개인의 삶을 변화시키려는 욕망이 포함되었을 가능성도 존재한다.",
    "Summary3": ""
  },
  "filename": "SCRIPT-culture-00198-00023.json"
}