{
  "Meta": {
    "doc_id": "SCRIPT-culture-00195",
    "doc_category": "SCRIPT",
    "doc_type": "culture",
    "doc_name": "00195_11_역사저널그날PS-2020085851-01-000.txt",
    "author": "KBS",
    "publisher": "KBS",
    "published_year": "2020",
    "doc_origin": "역사저널그날",
    "passage_id": "SCRIPT-culture-00195-00039",
    "passage": "화자1]그리고 심지어는 협박까지 당하면서 이제자리를 뺏긴 거잖아요.\n그런데 그렇다면 이정재는 이후에도이기붕의 정치 깡패로 남아 있게 된 건가요, 아니면.\n화자2]끝나는 거죠, 이제.\n이기붕 씨도 겁나는 게 있는 거예요.\n그동안 했던 게 있기 때문에.\n화자3]그렇죠.\n화자2]혹시 야인으로 돌아갔다가 입을 잘못 놀리면 어떻게 하나.\n그러니까.요.\n다른 자리를 또 제안을 해요.\n경찰의 치안국장을 하고.\n그런데 이제 이정재가 나는 그건 안하겠다.\n화자4]이정재는 이제 모든 걸 포기하고 종로평화극장 뒤에 폐가를 하나 사요.\n그래서 그 폐가를 헐어버리고 거기에 집을 짓습니다.\n그리고 이른바 야인 생활을 하게 되죠.\n그렇지만.\n명칭은 동대문 파 보스는 유지해요.\n화자3]그럼요.\n화자4]그렇지만.\n사실상 이빠 빠진 호랑이.\n힘 없는 사람이 돼서 그냥 살아가는 거죠.\n화자5]이젠 돈도 없고 권력도 없고 로맨스도없고.\n로맨스 없죠.\n진짜 다 없는 생활이 돼버렸네요."
  },
  "Annotation": {
    "Summary1": "이정재는 경찰 치안국장직을 맡아 달라는 이기붕의 제안을 거절한 뒤 폐가 자리에 집을 짓고 권력이 없는 야인 생활을 했다.",
    "Summary2": "이기붕은 이정재가 야인으로 돌아갔다가 말을 잘못 할 까봐 걱정을 해서 경찰의 치안국장직을 맡을 것을 제안했다. 하지만 이정재는 그 제안을 거부하고 종로평화극장 뒤의 폐가를 사서 거기에 집을 짓고 야인 생활을 했다. 그는 동대문파 보스라는 명칭은 가지고 있지만 사실상 '이빨 빠진 호랑이' 신세가 되어 돈과 권력, 사랑이 없는 삶을 살았다.",
    "Summary3": ""
  },
  "filename": "SCRIPT-culture-00195-00039.json"
}