{
  "Meta": {
    "doc_id": "SCRIPT-culture-51013",
    "doc_category": "SCRIPT",
    "doc_type": "culture",
    "doc_name": "51013_DC_걸어서세계속으로013_2014062104.txt",
    "author": "KBS",
    "publisher": "KBS",
    "published_year": "2014",
    "doc_origin": "걸어서세계속으로013",
    "passage_id": "SCRIPT-culture-51013-00017",
    "passage": "해설]욕심을 버리고 바른 일을 행하며 모두가 더불어 살아가는 세상을 이루도록 실천하는 것이 불교의 참다운 모습일 것이다.\n양곤으로부터 약 700킬로미터 거리에 위치한 인레 호수.\n이곳은 해발 900m 높이의 길이 22km, 폭 11km의 거대한 호수다.\n도착하자마자 갈매기떼가 나를 반긴다.\n이 호수에 갈매기가 산다는 것이 마냥 신기하기만 했다.\n호수 한가운데에 이르자 인따족을 만날 수 있었다.\n이들은 인레 호수에서 사는 소수민족으로 인따는 호수의 아들이라는 뜻이다.\n평생을 물 위에서 살아가는 인따족은 특이한 방식으로 물고기를 잡는다.\n커다란 그물을 물속에 넣고 삼지창으로 찌른다.\n인따족은 살면서 필요한 것들을 호수에서 얻는다.\n여자들은 연줄기 수확에 한창이다.\n인따족에게 연줄기는 아주 유용한 필수품이라고 한다."
  },
  "Annotation": {
    "Summary1": "소수민족인 인따족은 일생을 인레 호수에서 살아가는데, 물고기와 연줄기 등 필요한 것들을 호수에서 얻는다.",
    "Summary2": "양곤에서 700킬로미터 떨어진 곳에 있는 거대한 인레 호수 한가운데에는 소수민족인 인따족이 살고 있다. 인따족은 일생을 물 위에서 살아가며 필요한 것들을 인레 호수에서 얻는다. 그들은 큰 그물을 물속에 넣고 삼지창으로 찌르는 특이한 방법으로 물고기를 잡고, 여자들은 필수품인 연줄기를 수확한다.",
    "Summary3": ""
  },
  "filename": "SCRIPT-culture-51013-00017.json"
}