{
  "Meta": {
    "doc_id": "SCRIPT-culture-51013",
    "doc_category": "SCRIPT",
    "doc_type": "culture",
    "doc_name": "51013_DC_걸어서세계속으로013_2014062104.txt",
    "author": "KBS",
    "publisher": "KBS",
    "published_year": "2014",
    "doc_origin": "걸어서세계속으로013",
    "passage_id": "SCRIPT-culture-51013-00001",
    "passage": "해설]-찬란한 불교문화가 빛나는 곳.\n천년이 지나도 변하지 않는 장인들의 손길이 화려한 빛을 내는 곳.\n나는 지금 황금빛 불교의 나라 미얀마로 출발한다.\n인천공항을 떠나 방콕까지 006시간.\n방콕을 경유하고 001시간을 더 이동해 미얀마의 대도시 양곤에 도착했다.\n양곤은 미얀마의 최대도시로 경제, 정치의 중심지였다.\n지난 2006년 미얀마 정부가 행정수도를 네피도로 옮겼지만 지금까지도 양곤이 미얀마에서 가장 큰 도시라고 한다.\n양곤은 동남아의 다양한 소수민족들이 살고 있는데 그중 버마족이 가장 많은 비중을 차지한다.\n미얀마는 대표적인 불교국가다.\n때문에 어디를 가도 화려한 황금빛 사탑과 사원들을 쉽게 볼 수 있다.\n그중 쉐다곤 파고다는 미얀마를 대표하는 사원이다.\n나는 쉐다곤 파고다로 향했다.\n이곳은 지금으로부터 약 2500년 전에 세워졌다."
  },
  "Annotation": {
    "Summary1": "미얀마는 대표적인 불교 국가로 최대 도시 양곤에서는 약 2500년 전에 세워진 쉐다곤 파고다 사원을 볼 수 있다.",
    "Summary2": "미얀마는 대표적인 불교 국가로 어디를 가나 화려한 황금빛 사탑과 사원을 쉽게 볼 수 있다. 이 중 미얀마의 최대 도시 양곤에 있는 쉐다곤 파고다는 미얀마를 대표하는 사원이다. 이곳은 지금으로부터 약 2500년 전에 세워졌다.",
    "Summary3": ""
  },
  "filename": "SCRIPT-culture-51013-00001.json"
}