{
  "Meta": {
    "doc_id": "SCRIPT-culture-00188",
    "doc_category": "SCRIPT",
    "doc_type": "culture",
    "doc_name": "00188_4_역사저널그날PS-2020058157-01-000.txt",
    "author": "KBS",
    "publisher": "KBS",
    "published_year": "2020",
    "doc_origin": "역사저널그날",
    "passage_id": "SCRIPT-culture-00188-00006",
    "passage": "화자1]그리고 좀 더 눈에 띄는 것은 전국 단위로친일파 고발을 접수받았습니다.\n화자2]요즘으로 치면 시사 고발 프로그램에서 시청자들한테 직접 제보를 받는 거이랑비슷한 거네요.\n화자1]그렇죠.\n화자3]그러니까.\n국민 참여형, 국가 초대형이벤트처럼 벌어졌겠군요.\n화자2]아니, 쌓인 게 많았으니까.\n그 투서,고발이 엄청났을 것 같은데요.\n화자3]그러니까.\n저런 식으로 친일파의 명단, 자기가 생각나는 명단을 써서 넣는 거예요.\n저 함에다가.\n화자4]약간 고객의 소리 같은 그런 느낌이네요,그렇죠?\n화자2]저 통, 안 터졌나요?\n화자1]거의 터질 지경이었죠.\n화자3]그랬겠다.\n화자5]사실 35년 동안 너무나 한이 쌓여있었는데 이게 나라가 해방이 되고 독립이됐는데도 이 문제가 처리가 안됐고 그 사람들이 또 자기 직위를 그대로 유지하고있는 경우들이 많았기 때문에.\n화자6]얼마나 억울했을까."
  },
  "Annotation": {
    "Summary1": "전국 단위로 친일파 고발이 접수되었는데 이는 35년간 쌓인 사람들의 한이 나라가 해방 되고도 풀리지 않았기 때문이다.",
    "Summary2": "전국 단위로 친일파 고발이 접수 되었으며 사람들은 고발함에 자기가 알고 있는 친일파의 이름을 써 넣었다. 고발함은 사람들의 많은 고발 때문에 가득 찼다. 이는 35년간 쌓인 한이 나라가 해방 되었으면서도 해결이 되지 않았으며, 친일파들이 자기 직위를 계속 유지하는 경우가 많았기 때문이다.",
    "Summary3": ""
  },
  "filename": "SCRIPT-culture-00188-00006.json"
}