{
  "Meta": {
    "doc_id": "SCRIPT-culture-29290",
    "doc_category": "SCRIPT",
    "doc_type": "culture",
    "doc_name": "'나 때는 말이야' 꼰대인가 선배인가",
    "author": "KBS",
    "publisher": "KBS",
    "published_year": "2019",
    "doc_origin": "'나 때는 말이야' 꼰대인가 선배인가",
    "passage_id": "SCRIPT-culture-29290-00001",
    "passage": "화자1]‘회사 가기 싫어’가 직장 내 화두인 꼰대를 집중 조명했습니다.\n화자2]16일 방송된 KBS 2TV 초밀착 리얼 오피스 드라마 ‘회사 가기 싫어’ (2회)에서는 꼰대인 듯 선배인 듯 강백호(김동완 분) 차장과 ‘90년대 생’ 3년차 이유진(소주연 분) 사원 그리고 같은 ‘90년대 생’ 신입사원 노지원(김관수 분)의 갈등을 공감 있게 풀어냈습니다.\n화자1]매일 아침 08시50분 한 다스 공식 업무 시작 전 한 다스 직원들은 아침 체조를 합니다. 그런데 선배들이 열심히 체조를 하고 있는 가운데 노지원은 제 할 일을 하고 있습니다. 이를 어이없이 바라보는 선배들.\n화자2]설상가상 콧대 높은 신입사원 지원은 치명적인 실수를 저지른다. 본인이 맡은 홍보물이 잘못 인쇄되어 나온 것입니다. 첫 인쇄사고로 지원은 크게 당황해합니다. 이에 재빨리 인쇄소 사장에게 전화를 걸어 다시 찍어달라고 요청해보지만 인쇄소 사장은 우리도 ‘워라 밸’을 할 것이라며 거부합니다. 이때 유진이 미리 세팅한 데이터를 내보이며 위기를 모면하고 백호와 의미심장한 눈빛을 교환합니다.\n화자1]같은 90년 대 생이지만 확연히 다른 유진과 지원의 모습에서 자신은 어떤 후배인지 생각하게 되고, 백호와 상욱의 모습에서는 자신이 선배일지 꼰대일지를 돌아보게 만듭니다."
  },
  "Annotation": {
    "Summary1": "오피스 드라마 '회사 가기 싫어'에서는 90년대 생 직장 후배의 모습을 보여주면서 직장 내 꼰대라는 내용을 다룬다.",
    "Summary2": "오피스 드라마 '회사 가기 싫어'에서는 같은 90년대 생이지만 다른 후배의 모습을 보여주면서 직장 내 꼰대라는 내용을 다룬다. 90년대 생 신입사원 노지원이 회사 동료와 같이 하는 체조는 하지 않고 맡은 업무인 홍보물 인쇄에서 치명적인 실수를 저질러 당황해한다. 같은 90년대 생 이유진이 이를 도와 위기를 면하게 해주는 모습을 보여준다.",
    "Summary3": ""
  },
  "filename": "SCRIPT-culture-29290-00001.json"
}