{
  "Meta": {
    "doc_id": "SCRIPT-culture-00189",
    "doc_category": "SCRIPT",
    "doc_type": "culture",
    "doc_name": "00189_5_역사저널그날PS-2020061696-01-000.txt",
    "author": "KBS",
    "publisher": "KBS",
    "published_year": "2020",
    "doc_origin": "역사저널그날",
    "passage_id": "SCRIPT-culture-00189-00015",
    "passage": "화자1]그런데 높은 고지에 만들어진 진지에서 기관총을 막 쏴대는 이런 북한군을공격하기란 결코 쉽지가 않은 것이었죠.\n그런데 전해진 이야기에 따르면 박찬근하사를 비롯한 부대원 10명이 폭탄을 직접 들고 이 참호로 뛰어들었다고 합니다.\n그리고 그 과정에서 결국 7명이 장렬하게 전사를 했다.는 이런 이야기가 있을 정도인데요.\n이렇게 치열한 전투를 통해서 우리는 이 고지들을 다시 탈환을 할 수 있었던 것이죠.\n당시 우리 측의 증언에 따르면 나흘간 치러진 전투에서 북한군이 막 쏘아댄 포탄만 1500발이었다고 하고요.\n우리 측의 사상자는 30명이 넘었다고합니다.\n지금까지 송악산 292고지 전투에 대해서 말씀드렸습니다.\n돌아오겠습니다.\n아 윌 비 백.\n화자2]가라 앉으시네요.\n어디론가 가라 앉으시네요.\n화자3]너무 재미있게 내려가셨는데, 반대로상황은 진짜 치열했네요.\n치열한 전투가 진짜 많았어요."
  },
  "Annotation": {
    "Summary1": "박찬근 하사와 10명의 부대원은 송악산 292고지의 북한군 참호로 직접 폭탄과 함께 뛰어들어 고지를 탈환했다.",
    "Summary2": "송악산 292고지는 진지가 높은 고지에 만들어져 있어서 여기에 상주하며 기관총을 쏘는 북한군을 공격하기가 쉽지 않았다. 그러나 박찬근 하사와 10명의 부대원은 폭탄과 함께 직접 참호로 뛰어들었고 이 과정에서 7명이 목숨을 잃었지만 고지를 탈환했다. 한편, 1500발의 포탄이 쏟아진 전투에서는 30명이 넘는 한국 측 사상자가 발생했다.",
    "Summary3": ""
  },
  "filename": "SCRIPT-culture-00189-00015.json"
}