{
  "Meta": {
    "doc_id": "SCRIPT-culture-00186",
    "doc_category": "SCRIPT",
    "doc_type": "culture",
    "doc_name": "00186_2_역사저널그날PS-2020047445-01-000.txt",
    "author": "KBS",
    "publisher": "KBS",
    "published_year": "2020",
    "doc_origin": "역사저널그날",
    "passage_id": "SCRIPT-culture-00186-00025",
    "passage": "화자1]4.19 혁명의 화룡점정.\n이승만 대통령을 하야하게 만든 결정적장면의 주인공을 모셨습니다.\n안녕하세요?\n화자2]안녕하세요?\n화자1]선생님, 그런데 눈매랑 코 부분이 제가아는 어떤 유명한 분랑 닮으셨는데 혹시아드님께서 설.\n화자2]민석이.\n화자3]우리가 아는 그.\n화자1]저희가 아는 그 역사 강사 설민석선생님의 아버님이시라고요?\n화자2]아들보다는 아비가 조금 나아요.\n목소리도 괜찮고.\n화자3]많은 분이 지금 놀라고 계실 것 같아요.\n화자4]그러니까.요.\n저도 놀랐어요.\n화자2]당시 제가 중동고등학교학생회장이었어요.\n그러니까.\n우리는 나라가 이래서는 안되겠다, 뜻을 같이 모아서 4.19 궐기를 한\n거죠.\n화자1]어떻게 해서 이승만 대통령을 만나게되셨나요?\n솔직히 대통령 만나겠다고 찾아가고 다 경호원들이 막고 그랬을 거 같거든요.\n화자2]역사를 바꾼 한 분이 있어요.\n계엄사령관을 당시 했던 송요찬장군이에요.\n직접 시민 대표하고 대통령하고 만나게해주는 게 좋겠다고 결론을 내린 거같아요.\n화자1]혼자 가셨나요?\n아니면.\n화자2]저하고 김기일 씨하고 이성화하고.\n넷인가, 다섯이 갔어요.\n화자4]그런데 선생님 어떻게 시민 대표로선정되셨나요?\n아무나 갈 수 있는 건 아니잖아요.\n화자2]계엄사에서 선택을 했어요.\n작전 참모 본부장하던 이석봉 장군이라고있어요.\n그분이 실제 거리에 나와서 봐서 자기가 한 사람, 한 사람 꼭꼭 집었어요.\n화자5]무작위로 선별을 한 건가요?\n화자3]거리 캐스팅이 되신 거네.\n화자2]그래서 와서 무조건 저도 체포를 당해서 삼청 공원 있죠?\n중앙청, 그리 끌고 들어가서 이제 죽었구나그리 생각을 했어요."
  },
  "Annotation": {
    "Summary1": "4·19 궐기에 참여한 설민석의 아버지는 시민 대표로 이승만 대통령을 만날 수 있었고 그 자리에 김기일 등이 같이 갔다.",
    "Summary2": "설민석의 아버지는 4·19 궐기에 참여했으며, 송요찬 장군이 시민 대표와 이승만 대통령을 만나게 해주는 게 좋겠다고 생각 한 것 같다. 대통령을 만나러 간 자리에는 김기일, 이성화가 동행했으며 계엄사의 이석봉 장군이 무작위로 선별해 시민 대표가 될 수 있었다. 체포를 당한 후에 그는 중앙청에 끌려 들어가 죽었다고 생각했다.",
    "Summary3": ""
  },
  "filename": "SCRIPT-culture-00186-00025.json"
}