{
  "Meta": {
    "doc_id": "SCRIPT-culture-51003",
    "doc_category": "SCRIPT",
    "doc_type": "culture",
    "doc_name": "51003_DC_걸어서세계속으로003_2013237089.txt",
    "author": "KBS",
    "publisher": "KBS",
    "published_year": "2013",
    "doc_origin": "걸어서세계속으로003",
    "passage_id": "SCRIPT-culture-51003-00012",
    "passage": "해설]몸의 균형을 잡는 데 뛰어난 감각도 있어 보인다.\n엄지발가락이 손가락처럼 마주 보게 벌어져 있어서 나무를 붙잡고 이동하는 데 유용하다.\n침팬지를 어렵지 않게 발견했으니 오늘은 운이 좋았다.\n여유 있게 그들을 관찰할 수 있겠다.\n지금은 먹이활동을 하는가 보다.\n이 두 마리는 유난히 다정해 보인다.\n먹는 것보다 사교활동이 우선인 것 같다.\n무리 내에서 가족 같은 하위 단위는 따로 없고 만남과 헤어짊은 자유롭다고 한다.\n이들이 이렇게 소리를 내는 것이 한 가지 의미만은 아닌 것 같다.\n침팬지는 주로 열매를 먹는데 잎, 줄기도 먹고 때로는 영양 새끼, 다람쥐 같은 포유동물도 잡아먹는다고 한다.\n먹이를 잡을 때나 적과 싸울 때는 도구를 사용하기도 한다.\n아무래도 이 소리는 먹이 때문인 것 같지 않다.\n침팬지는 몸을 만지거나 껴안으며 감정표현을 하기도 한다."
  },
  "Annotation": {
    "Summary1": "관찰하던 침팬지 두 마리는 유난히 다정해 보이며 이들이 이렇게 소리를 내는 것은 한 가지 의미만 있는 것은 아닌 것 같다.",
    "Summary2": "침팬지의 엄지발가락은 나무를 붙잡고 이동하는데 유용하며 균형 감각도 있어 보인다. 관찰하던 침팬지 두 마리는 유난히 다정해 보이고, 침팬지는 무리 내 만남과 헤어짐이 자유롭다고 한다. 이들이 이렇게 소리를 내는 것은 한 가지 의미만은 아닌 것 같으며 이 소리는 먹이 때문은 아닌 것 같다.",
    "Summary3": ""
  },
  "filename": "SCRIPT-culture-51003-00012.json"
}