{
  "Meta": {
    "doc_id": "SCRIPT-culture-51015",
    "doc_category": "SCRIPT",
    "doc_type": "culture",
    "doc_name": "51015_DC_걸어서세계속으로015_2014064965.txt",
    "author": "KBS",
    "publisher": "KBS",
    "published_year": "2014",
    "doc_origin": "걸어서세계속으로015",
    "passage_id": "SCRIPT-culture-51015-00015",
    "passage": "해설]좋은 시가는 몇 10만원이나 한다.\n비날레스에서 석회암은 분명 축복이다.\n좋은 담배와 아름다운 풍경을 줬다.\n그러나 아픈 역사도 함께 갖고 있다.\n산 미구엘 동굴이 대표적이다.\n지금은 관광객을 위한 카페로 이용되지만 지난 몇 백년 동안 이곳은 도망친 노예들의 피난처였다.\n길이 100여 미터, 입구는 2개다.\n노예들의 무덤도 있다.\n반대쪽 입구에는 이곳에서 피난했던 노예들의 재현돼 있다.\n바나나잎으로 만든 잠자리와 그들이 모셨던 신도 있다.\n노예사냥꾼들에게 대항하기 위해 만든 무기가 보는 이를 가슴아프게 한다.\n쿠바를 한 바퀴 돌아 마지막으로 들린 곳은 하바나다.\n인구 200만의 하바나는 신시가지와 구시가지로 구분된다.\n항구 주변이 구 시가지로 신대륙에서 가장 잘 나가는 도시 중 하나였다.\n크고 잘 지어진 건물들이 당시의 위상을 말해 준다."
  },
  "Annotation": {
    "Summary1": "현재 카페로 운영 중인 산 미구엘 동굴은 지난 몇 백 년 간 도망친 노예들의 피난처였고, 내부에 그들의 삶이 재현되어 있다.",
    "Summary2": "산 미구엘 동굴은 현재 카페로 운영되고 있지만 지난 몇 백 년 간은 도망친 노예들의 피난처였다. 동굴 길이는 100여 미터이며 두 개의 입구에 노예들과 무덤, 잠자리, 그들이 모시던 신, 무기들이 재현되어있다. 인구가 200만 명인 하바나는 신 시가지와 구 시가지로 구분되고, 항구 주변이 구 시가지로 과거 가장 번영한 도시 중 하나였다.",
    "Summary3": ""
  },
  "filename": "SCRIPT-culture-51015-00015.json"
}