{
  "Meta": {
    "doc_id": "SCRIPT-culture-00201",
    "doc_category": "SCRIPT",
    "doc_type": "culture",
    "doc_name": "00201_17_역사저널그날PS-2020108903-01-000.txt",
    "author": "KBS",
    "publisher": "KBS",
    "published_year": "2020",
    "doc_origin": "역사저널그날",
    "passage_id": "SCRIPT-culture-00201-00005",
    "passage": "화자1]그러니까.\n66년 당시에 이탈리아 축구와 북한 축구의 차이.\n그리고 2018년에 독일 축구와 한국 축구의차이.\n이거를 비교해 보면 제 생각에는 66년이조금 더 이변이지 않았을까.\n북한은 어떻게 보면 사회주의 신생 국가중의 하나 아닙니까?\n화자2]맞아요.\n화자1]그런 상황에서 전통의 축구 명가이탈리아를 꺾는다?\n그거는 정말 세계인들이 예상치 못한 대사건이었고.\n당시에 잉글랜드 사람듦이 막 사인 공세,사인받으러 가고.\n화자3]세상에.\n화자1]북한 버스 지나 가면 옆에서 환호하고 그랬던 영상들이 아직도 많이 남아있습니다.\n화자3]그런데 VCR 보면서 굉장히 인상적이었던 게 이탈리아 선수와 북한 선수 체구 차이가 상당히 많이 나요.\n거의 아들과 아버지뻘로.\n북한 선수들 평균 신장은 어느 정도예요?\n화자1]평균 신장은 아마 165cm 그런데도 불구하고 조금 전에 영상에 나왔던 대로 북한 선수들이 대단한 투지와 빠른 움직임위치 선정으로 헤딩 공중볼 싸움에서도북한이 그렇게 밀리지 않았거든요.\n이 사진 한 장이 굉장히 유명하죠, 사실은."
  },
  "Annotation": {
    "Summary1": "사회주의 국가인 북한이 66년 이탈리아와의 축구 경기에서 이긴 것은 큰 사건이었으며 북한 선수들은 투지를 보였다.",
    "Summary2": "사회주의 신생 국가였던 북한이 66년 이탈리아와의 축구경기에서 승리한 것은 아무도 예상하지 못한 큰 사건이었다. 당시 잉글랜드 사람들은 북한 선수단 버스가 지나가면 환호 하거나 선수들에게 사인을 받으러 가기도 했다. 북한 선수들의 평균 신장은 165cm 정도로 이탈리아 선수들과 체구 차이가 났지만 그들은 투지를 보였으며 발 빠르게 위치를 선정했다.",
    "Summary3": ""
  },
  "filename": "SCRIPT-culture-00201-00005.json"
}