{
  "Meta": {
    "doc_id": "SCRIPT-culture-33166",
    "doc_category": "SCRIPT",
    "doc_type": "culture",
    "doc_name": "'우리는 모두 윤동주를 읽는다' 바람, 별 그리고 윤동주",
    "author": "KBS",
    "publisher": "KBS",
    "published_year": "2020",
    "doc_origin": "'우리는 모두 윤동주를 읽는다' 바람, 별 그리고 윤동주",
    "passage_id": "SCRIPT-culture-33166-00001",
    "passage": "화자1]100년이라는 시간을 뛰어넘어 사랑받고 있는 시인 윤동주. 우리는 윤동주의 시를 읽으며 마음의 위안을 받는 사람들을 만났습니다. 그렇다면 세계 각국에 윤동주의 시를 읽는 사람들이 더 있지 않을까? 이런 물음 속에서 ‘윤동주의 시를 읽는 지구인’ 프로젝트는 시작되었습니다. SNS를 통해 윤동주의 시를 낭송하는 영상을 모집했고, 12개국 40여명의 사람들이 시낭송 영상을 보내왔습니다.\n화자2]한복을 차려입고 한국무용을 선보이며, 윤동주의 시 ‘나무’를 낭송하는 헝가리의 모니카씨. 한국인이라고 착각할 만큼 한국어 발음이 정확한 인도네시아의 페비씨. 윤동주의 시를 읽고 영감을 받아 남자친구에게 시를 써서 선물했다는 루마니아 유학생 알렉스씨. 지난 1년 간 윤동주의 시를 번역해 왔다는 아랍에미레이트의 마리암 마디와 아리랑 클럽 친구들. 한국어를 공부하며 윤동주 시인을 알게 됐다는 윤동주의 릿쿄대 후배, 노아씨.\n화자1]이외에 동주문학상을 수상한 한국시인 정현우씨와 윤동주의 시를 번역해 출간한 미국인 드웨인 보르헤스씨까지, 윤동주의 시를 사랑하는 다양한 사람들의 모습이 소개됩니다."
  },
  "Annotation": {
    "Summary1": "윤동주의 시를 읽는 지구인 프로젝트를 통해 12개국 40여명의 사람들이 시낭송 영상을 보내와 소개된다.",
    "Summary2": "100년이라는 시간을 초월해서 사랑받고 있는 시인 윤동주의 시를 읽으며 마음의 위안을 받는 사람들이 있다. 세계 각국에 윤동주의 시를 읽는 사람들을 대상으로 '윤동주의 시를 읽는 지구인' 프로젝트를 시작했다. 이에 12개국 40여명의 사람들이 시낭송 영상을 보내와 윤동주의 시를 사랑하는 세계 각계각층 사람들의 다채로운 모습이 소개된다.",
    "Summary3": ""
  },
  "filename": "SCRIPT-culture-33166-00001.json"
}