{
  "Meta": {
    "doc_id": "SCRIPT-culture-00201",
    "doc_category": "SCRIPT",
    "doc_type": "culture",
    "doc_name": "00201_17_역사저널그날PS-2020108903-01-000.txt",
    "author": "KBS",
    "publisher": "KBS",
    "published_year": "2020",
    "doc_origin": "역사저널그날",
    "passage_id": "SCRIPT-culture-00201-00009",
    "passage": "화자1]천 삽 뜨고 허리 한 번 펴고.\n삽질 천 번 하고 허리 한 번 펴고.\n화자2]제 허리가 아파요.\n화자3]디스크 나는 거 아니에요?\n많이 아파 허리.\n화자2]그래서 노동력을 아예 갈아 넣은 거네요.\n화장실도 가지 말고 밥도 먹지 말고 계속일만 하라는 그런 소리 같아요.\n화자4]저 얼마 전에 방송 때문에 승마체험했거든요.\n400km는 불가능합니다.\n말이 쓰러집니다.\n화자1]말도 쓰러지고.\n엉덩이 나가요.\n화자5]천리마 운동에는 양면성이 있습니다.\n일단 노동력을 경쟁을 시켜서 효율성을 극대화시키고고요.\n그리고 속도를 강조합니다.\n덕분에 북한 경제는 이 시기에 굉장히 높은 성장률을 보이게 되고 남한보다도 북한경제가 앞서 나가는 그런 하나의 원동력이 됩니다.\n그러나 부정적인 측면에서 봤을 때에는어떤 산업 기반에 대한 투자나 또는 기술혁신, 이런 부분들보다는 노동력을 쥐어짠다고 해야 할까요?"
  },
  "Annotation": {
    "Summary1": "천리마 운동은 경쟁으로 노동력을 향상시키고 높은 경제 성장률을 이룩했으나, 단순 노동력 강조로 인한 단점이 있었다.",
    "Summary2": "경제 성장을 위한다는 명목의 천리마 운동은 경쟁을 통해 노동력을 향상시키고 속도 또한 빠르게 진행되었다. 그러나 높은 경제 성장률을 달성했음에도 불구하고 산업적인 기초 투자나 기술 개발보다 단순 노동력을 강조했다는 단점이 있다. 단순 노동 강조는 노동자들의 기본권을 보장하지 않으면서 생산 증대만 강조하였으므로 노동자 개인의 신체에 무리가 갔다.",
    "Summary3": ""
  },
  "filename": "SCRIPT-culture-00201-00009.json"
}