{
  "Meta": {
    "doc_id": "SCRIPT-culture-51001",
    "doc_category": "SCRIPT",
    "doc_type": "culture",
    "doc_name": "51001_DC_걸어서세계속으로001_2013237087.txt",
    "author": "KBS",
    "publisher": "KBS",
    "published_year": "2013",
    "doc_origin": "걸어서세계속으로001",
    "passage_id": "SCRIPT-culture-51001-00014",
    "passage": "해설]마을 제일 높은 곳에 있는 교회를 찾아가봤다.\n앞마당은 묘지다.\n묘지의 크기도 작지만 100여 기도 안된다.\n묘지를 쓸 수 있는 땅이 절대 부족하다 보니 매장 후 어느 정도 시간이 지나면 다시 파서 별도의 공간에 위골을 안치했다.\n묘지를 만든 땅이 없는 곳에 궁여지책이였을 것이다.\n할아버지는 그 증거를 보여준다며 나를 지하실로 안내했다.\n지하는 작은 유적 발굴 현장이자 박물관이었다.\n10여 년 전 보일러 설치를 위해 지하실을 파다가 발견했다고 한다.\n유물들도 많이 전시돼 있다.\n이곳에서 출토된 것은 물론 할아버지가 주변 광산을 다니며 모은 것이란다.\n평범한 가게 주인이었던 할아버지는 이제 공부도 많이 해서 전문가로 변신해 있었다.\n할아버지는 이 지역 최고의 비경이 있는 곳도 알려줬다.\n잘츠부르크 동부는 오스트리아에서 가장 아름다운 지역 중 하나다."
  },
  "Annotation": {
    "Summary1": "교회 지하 박물관의 유물은 할아버지가 모은 것이고, 잘츠부르크 동부는 오스트리아에서 가장 아름다운 지역 중 하나다.",
    "Summary2": "교회 지하는 작은 유적 발굴 현장이자 박물관이었다. 전시된 유물은 할아버지가 주변 광산을 다니며 모은 것이며 할아버지는 유물을 모으며 전문가가 되었다. 잘츠부르크 동부는 오스트리아에서 가장 아름다운 지역 중 하나다.",
    "Summary3": ""
  },
  "filename": "SCRIPT-culture-51001-00014.json"
}