{
  "Meta": {
    "doc_id": "SCRIPT-culture-00185",
    "doc_category": "SCRIPT",
    "doc_type": "culture",
    "doc_name": "00185_1_역사저널그날PS-2020030612-01-000.txt",
    "author": "KBS",
    "publisher": "KBS",
    "published_year": "2020",
    "doc_origin": "역사저널그날",
    "passage_id": "SCRIPT-culture-00185-00026",
    "passage": "화자1]그러니까.\n정치를 아는 사람과 투쟁만 하는 사람의 차이가 아닌가 하는 생각이들어요.\n이게 가짜 뉴스고, 여기에 대중들이 속아서 현혹돼서 주지 말아야 할 표를 줄 수도 있고.\n하는 건데.\n어떻게 보면 민주주의의장점이자 맹점이거든요.\n언론 플레이를 하고 여론을 만들고,사람들로 하여금 나를 사랑하게 만들고,저쪽을 반대하게 만들고 이게.\n그거를 십분 활용한 사람이 이승만박사다.\n그렇게 생각이 들어요.\n화자2]사실은요.\n김구도 가만히 있지 않았어요.\n화자3]그래요?\n화자2]문제는 여러 언론에 스포트라이트를 못 받았을 뿐이에요.\n오히려 이승만 박사가 지방에 내려가 있을 때도 그렇고 외국에 나가 있을 때도 김구선생이 모든 걸 다했어요.\n그러니까.\n그때는 이승만 대통령하고 김구의관계가 굉장히 좋았습니다.\n호형호제하는 관계였어요.\n같이 붙어 다녔어요, 그때까지는.\n이게 이제 47년 말 이후에 가서 정부에 참여할 거냐, 남북 협상을 할 거냐에서 갈라지는 거지."
  },
  "Annotation": {
    "Summary1": "47년 말 정부 참여와 남북 협상이라는 의견 차이가 발생하기 전까지 이승만과 김구는 친밀한 사이였다.",
    "Summary2": "이승만은 언론을 활용해 여론을 조성하고, 이를 통해 자신의 지지자들을 만들고 상대편을 반대하게 만드는 것에 능했다. 김구 또한 이에 대응하였으나 언론의 주목을 받지는 못했다. 이승만과 김구는 47년 말 정부 참여와 남북 협상에서 의견이 갈리기 전까지는 절친한 사이였다.",
    "Summary3": ""
  },
  "filename": "SCRIPT-culture-00185-00026.json"
}