{
  "Meta": {
    "doc_id": "SCRIPT-culture-00201",
    "doc_category": "SCRIPT",
    "doc_type": "culture",
    "doc_name": "00201_17_역사저널그날PS-2020108903-01-000.txt",
    "author": "KBS",
    "publisher": "KBS",
    "published_year": "2020",
    "doc_origin": "역사저널그날",
    "passage_id": "SCRIPT-culture-00201-00013",
    "passage": "화자1]그런데 북한팀에게 패배해서 이탈리아대표팀은 고국으로 돌아가게 되는데.\n화자2]어떻게 됐을까?\n화자1]토마토 세례를 받게 되는 거죠.\n그 당시 바로 그 직전 한 달 전에 남한에서 이탈리아의 복싱 영우 벤베누티가김기수라고 하는 남한 선수에게 세계타이틀을 뺏깁니다.\n복싱에서.\n그래서 김기수가 한국 복싱사에서는 최초의세계 챔피언이 되는 건데.\n여기에는 박정희대통령도 와서 직접 관람을 할 정도로 아주전 국민적인 큰 관심을 끌었던 거죠.\n그런데 이때 이탈리아 복싱 영웅이 남한선수에게 패배하고 또 한 달 뒤에는 이탈리아 대표팀이 축구에서 북한대표팀에게 패배하고 이것이 같이 쌓이니까.이탈리아 팬들의 분노가 더 커지게 될수밖에 없었던 거죠.\n화자2]그런데 이탈리아 입장에서는 정말약체라고 생각했던 남북한에 연속으로 맞은 거잖아요.\n그래서 당시 이탈리아 언론에는 남한한테 얻어맞고 북한한테 차였다고 보도까지 됐대요."
  },
  "Annotation": {
    "Summary1": "이탈리아팀은 북한팀에 패배하였으며 한달 전에는 남한 선수에게 복싱 세계 타이틀을 빼앗겨 이탈리아 팬들이 분노했다.",
    "Summary2": "북한팀에 패배한 이탈리아팀은 고국으로 돌아가 토마토 세례를 받는다. 그 한달 전에는 이탈리아의 복싱 선수가 남한 선수에게 복싱 세계 타이틀을 빼앗기는 일도 있었다. 이런 일들이 쌓여 이탈리아 팬들의 분노가 커졌다.",
    "Summary3": ""
  },
  "filename": "SCRIPT-culture-00201-00013.json"
}