{
  "Meta": {
    "doc_id": "SCRIPT-culture-51011",
    "doc_category": "SCRIPT",
    "doc_type": "culture",
    "doc_name": "51011_DC_걸어서세계속으로011_2014037354.txt",
    "author": "KBS",
    "publisher": "KBS",
    "published_year": "2014",
    "doc_origin": "걸어서세계속으로011",
    "passage_id": "SCRIPT-culture-51011-00007",
    "passage": "해설]볼리비아 고원에서만 자란다는 별미 옥수수.\n요리프로그램을 보면 다양한 맛을 표현하곤 하지만 이 음식은 맛있다는 말 말고 달리 표현할 방법이 없는 것 같다.\n맛있는 최고급 요리를 뒤로하고 다시 이동을 시작하니 대자연의 아름답고 경이로운 모습이 더더욱 마음에 와 닿는다.\n어떻게 이토록 그림 같은 풍경이 끊임없이 만들어질 수 있었을까.\n자연의 위대함에 절로 고개가 숙여진다.\n이 경이로운 풍경은 언제까지 계속될까.\n001시간 정도 지났을까.\n하늘 위의 호수라 불리는 라군하베르데라는 파란색 호수에 도착한다.\n이곳 호수에서 나는 아름답고도 희귀한 새를 만날 수 있었다.\n플라밍고라 불리는 이 새는 홍학과 조류 동물이다.\n특징으로는 몸 빛깔이 밝은 붉은색을 띄어 일명 홍학이라고 불린다.\n다리와 목이 매우 길어 아름다운 자태를 자랑하는 이 새는 민물이나 소금기에 있는 물, 또는 바닷물이 고인 호수, 갯벌 등지에 산다."
  },
  "Annotation": {
    "Summary1": "라군하베르데라는 호수에서 만난 플라밍고는 밝은 붉은색의 빛깔 때문에 홍학으로도 불리며 다리와 목이 매우 긴 새이다.",
    "Summary2": "볼리비아 고원에서만 나는 옥수수로 만든 요리를 뒤로하고 이동을 다시 시작하며 대자연의 경이로운 풍경을 맞이한다. 라군하베르데라는 호수에 도착하여 플라밍고라 불리는 아름답고 희귀한 새를 만나다. 밝은 붉은색의 몸 빛깔 때문에 홍학이라고도 불리는 이새는 다리와 목이 매우 길며 민물, 소금기가 있는 물, 바닷물이 고인 호수, 갯벌 등지에 서식한다.",
    "Summary3": ""
  },
  "filename": "SCRIPT-culture-51011-00007.json"
}