{
  "Meta": {
    "doc_id": "SCRIPT-culture-00190",
    "doc_category": "SCRIPT",
    "doc_type": "culture",
    "doc_name": "00190_6_역사저널그날PS-2020065700-01-000.txt",
    "author": "KBS",
    "publisher": "KBS",
    "published_year": "2020",
    "doc_origin": "역사저널그날",
    "passage_id": "SCRIPT-culture-00190-00014",
    "passage": "화자1]그게 전시에 폭파해서 무너뜨려서 탱크길을 막는 바리케이트용으로 쓴다고 하더라고요.\n화자2]맞아요.\n화자3]그런 얘기 들었어요.\n그런 거 많이 보이죠.\nDMZ 쪽으로 가면 보이잖아요.\n화자2]맞아요.\n화자4]맞아요.\n화자3]그게 사실 길을 막으려고.\n독일도 그래요.\n터널이나 다리 전부 다 폭발물이 설치돼있어요.\n엘베 터널이라고 있는데 그런 게 설치되어있는데 그런 것도 기사도 뜨고 그랬어요.\n화자4]이걸로 영화도 만들어졌잖아요.\n웰컴 투 동막골 보면 신하균 씨가 맡았던 역할이 이렇게 한강교를 폭파를 해서 많은 민간인들이 다치고 죽고 이것 때문에 죄책감 때문에 탈영을 한 그런 역할이었어요.\n화자1]그랬어요?\n화자5]우리가 삼국지에 보면 유비가 형주에서 몸을 의탁하고 있다가 조조가 쫓아오니까.도망을 가는데 그때 10만 백성이 일어서서 우리는 유비와 함께 가겠다고 같이 일어서요."
  },
  "Annotation": {
    "Summary1": "그것은 전쟁 상황에 폭파시켜서 길을 막는 바리케이트 용도이며, DMZ 근처, 독일의 터널과 다리 등에서 볼 수 있다.",
    "Summary2": "그것은 전쟁 상황에 폭파시켜서 탱크길을 막는 바리케이트 용도로 사용되며, DMZ 근처에서도 볼 수 있다. 독일의 터널이나 다리에도 유사시에 길을 막기 위한 폭발물이 설치되어 있다. 이 소재가 영화에 등장하기도 하는데, '웰컴 투 동막골'에서 신하균이 연기한 인물이 한강교를 폭파한 뒤 민간인 사상자가 생기자 죄책감을 갖고 탈영하는 장면이 그려진다.",
    "Summary3": ""
  },
  "filename": "SCRIPT-culture-00190-00014.json"
}