{
  "Meta": {
    "doc_id": "SCRIPT-culture-00187",
    "doc_category": "SCRIPT",
    "doc_type": "culture",
    "doc_name": "00187_3_역사저널그날PS-2020043201-01-000.txt",
    "author": "KBS",
    "publisher": "KBS",
    "published_year": "2020",
    "doc_origin": "역사저널그날",
    "passage_id": "SCRIPT-culture-00187-00036",
    "passage": "화자1]그리고 우리 오정해 씨 위원님께서 진작에다 채워주셨네.\n화자2]저는 이렇게 했어요.\n화자1]짧게 쓰셨는데요.\n이건 뭐라고 쓰셨죠?\n오정해.\n비워두셨어요.\n화자2]이 비를 세우는 이유를 먼저 생각해야 할 것 같아요.\n잊지 말고 함께 기억하고 그 아픔이 지금도현재진행형이다.\n보니까.\n함께한다면 그래도그 아픔은 덜 아프지 않을까.\n그래서 묘비 보면 가족들의 이름을 쓰잖아요, 자손들의 이름을.\n당신을 기억하겠습니다.라는 뜻이기 때문에그 마음 한 자를 나도 압니다.고 자기 이름을 써 나아가서 채워져 가면 어떨까.\n화자3]너무 사려깊은 비문이었네요.\n화자1]이름 석 자.\n굉장히 생각지 못했는데.\n제 이름도 같이 적어주세요.\n그러니까.요.\n저도 동참하고 있어요.\n화자3]정말 뒤에 서 계시겠다는 그런 의지의표명이신 거잖아요.\n화자1]진짜 공백으로 놔두고 내 이름 새기고 간다는 그런 느낌을 주는 것도 굉장히 의미 있는 일 같아요."
  },
  "Annotation": {
    "Summary1": "묘비에 자손들의 이름을 적듯이 진행 중인 아픔을 잊지 않고 연대하기 위해 비에 '오정해' 이름을 적고 공백으로 남겼다.",
    "Summary2": "비를 세우는 이유는 아직 끝나지 않은 아픔을 기억하고 함께 하기 위함이다. 그러므로 '오정해'라는 이름 석자를 적고 공백으로 두었다. 이는 묘비에 자손들의 이름을 써서 기억하는 것과 유사한 의미이다.",
    "Summary3": ""
  },
  "filename": "SCRIPT-culture-00187-00036.json"
}