{
  "Meta": {
    "doc_id": "SCRIPT-culture-00194",
    "doc_category": "SCRIPT",
    "doc_type": "culture",
    "doc_name": "00194_10_역사저널그날PS-2020082426-01-000.txt",
    "author": "KBS",
    "publisher": "KBS",
    "published_year": "2020",
    "doc_origin": "역사저널그날",
    "passage_id": "SCRIPT-culture-00194-00006",
    "passage": "화자1]하지만.\n문제는 이 1950년 당시 이승만대통령이 주장했던 이 직선제가 그런 목적에서 추진됐다기보다는 자신이 권력을 다시 재창출하는 데 있어서 유리하게 바꾸기 위한 목적으로 이 개헌을 했다.는 데에서 문제가 있는 겁니다.\n화자2]당시 이승만 대통령은 대중적으로,국민적으로는 국부라고 불리울 정도로인기가 높았다고 합니다.\n사실은 인기라고 하기보다는 인지도가높았다라고 하는 것이 더 맞는 표현일 겁니다.\n화자3]인지도.\n화자2]그러니까.\n자신의 유불리에 따라서 이것을 바꾼 것이기 때문에 상당히 의도가 불순한 개헌이라고 볼 수 있습니다.\n화자4]그런데 전쟁 발발하자마자 이승만대통령은 대전으로 피신을 갔잖아요.\n젊은이들이 전쟁에서 피를 흘리면서 죽어가고 있는데 그 와중에 이승만 대통령은또 내가 대통령 어떻게 하지?\n이런 생각까지 품고 있었던 거네요."
  },
  "Annotation": {
    "Summary1": "1950년 직선제 개헌은 전쟁 중 이승만의 재선을 고려한 행위였다는 점에서 문제적이며 순수하지 않다고 여겨진다.",
    "Summary2": "이승만의 1950년 직선제 개헌은 그런 목적이 아닌 정권 재창출을 위한 개헌이었다는 것에서 문제적이다. 당시 국부라고 호명될 정도로 인지도가 높았던 이승만이 자신의 이익을 위해 개헌을 한 것은 불온한 의도라고 여겨진다. 또한 전쟁이 터져 청년들이 죽어가는 중에 대통령 재선을 고려했던 것이다.",
    "Summary3": ""
  },
  "filename": "SCRIPT-culture-00194-00006.json"
}