{
  "Meta": {
    "doc_id": "SCRIPT-culture-00199",
    "doc_category": "SCRIPT",
    "doc_type": "culture",
    "doc_name": "00199_15_역사저널그날PS-2020102463-01-000.txt",
    "author": "KBS",
    "publisher": "KBS",
    "published_year": "2020",
    "doc_origin": "역사저널그날",
    "passage_id": "SCRIPT-culture-00199-00026",
    "passage": "화자1]그래서 톱 시크릿이라고 해놨네요.\n화자2]이거 추후에 붙인 거지.\n사실 그때 당시에는 메모로 협의를 한 거잖아요.\n화자3]그러게.\n화자4]두 사람이 메모를 했고요.\n여기에는 제일 중요한 것은 그렇다면 이돈의, 이 자금의 성격이 뭐냐.\n명목이 뭐냐, 하는 점이 전혀 기록되지않습니다.\n화자1]진짜 그러네.\n화자4]배상이나 보상이나 청구권이나 경제협력이나 어떤 용어도 기록돼 있지않습니다.\n화자1]그럼 뭐라고 붙여요?\n화자4]그 당시 일본 언론에서는 뭐라고 보도됐냐면 일본 외교 라인 측에서는 이게독립 축하금이다.\n한국의 식민지배가 합 벅적이었고 정당했기때문에 사과나 배상이 없다.\n그렇기 때문에 우리가 한국에 줄 것은 배상도 보상도 아니기 때문에 독립축하하는 축하금으로 주겠다.\n화자2]축하금.\n화자4]반면 한국 측에서는 우리가 일본한테 받을 청구권이 있으니까.\n청구권으로 받는다라고 언론에 대고 서로 다른 해석을 하게 된 거죠."
  },
  "Annotation": {
    "Summary1": "일본은 해당 자금을 식민 지배에 대한 배상 성격이 아닌 독립 축하금이라고 했고 한국은 이를 손해 배상금으로 발표했다.",
    "Summary2": "핵심은 양측의 메모 어디에도 자금의 용도가 일절 기록되어 있지 않다는 것이다. 당시 일본 외무 당국에서는 적법한 근거에 의해 한국을 식민통치 한 것이므로 그에 대한 사과나 보상은 있을 수 없고 독립에 대한 축하금으로 해당 자금을 제공하겠다고 언론에 발표했다. 이와 반대로 한국은 해당 자금을 청구권에 대한 배상금으로 언론에 내보냈다.",
    "Summary3": ""
  },
  "filename": "SCRIPT-culture-00199-00026.json"
}