{
  "Meta": {
    "doc_id": "SCRIPT-culture-51010",
    "doc_category": "SCRIPT",
    "doc_type": "culture",
    "doc_name": "51010_DC_걸어서세계속으로010_2014025429.txt",
    "author": "KBS",
    "publisher": "KBS",
    "published_year": "2014",
    "doc_origin": "걸어서세계속으로010",
    "passage_id": "SCRIPT-culture-51010-00014",
    "passage": "해설]내가 그랬듯 이곳은 그들에게 오래도록 잊히지 않는 선물이 될 것이다.\n다음 날 아침.\n가이드들의 쉼터인 동굴을 찾았다.\n내게 인도 전통차인 짜이와 음식을 권했다.\n밀가루로 만든 빵이란다.\n일행이 없던 내가 걱정됐다며 흔쾌히 음식을 나눠줬다.\n밀크티와 곁들인 빵은 그야말로 꿀맛이었다.\n이 나무는 여행객들의 짐을 운반하기 위해 만든 썰매란다.\n가이드들은 트레킹 내내 여행객들의 손과 발이 되어줬다.\n모두에게 이 여행이 행복한 기억이었기를 바라본다.\n나는 그들에게 힘찬 기운을 선물로 받았다.\n잔스카르계곡에 자리한 칠링마을로 향했다.\n이방인의 갑작스러운 방문에도 할머니는 미소로 반겨준다.\n나에게 줄 음식을 대접한다며 안주인의 손길이 바빠졌다.\n그 따뜻한 마음에 감동이 밀려온다.\n창이라고 하는 이 음료는 이 지역 맥주의 버터를 얹고 여기에 보릿가루를 타먹는데 찬 숭늉맛과 흡사하다."
  },
  "Annotation": {
    "Summary1": "가이드에게서 인도 전통차 짜이와 밀가루 빵을 나눔 받고 칠링 마을의 안주인에게서 창이라는 지역 음료를 받았다.",
    "Summary2": "트레킹 동안 관광객의 수족이 돼준 가이드들의 쉼터는 동굴이다. 다음날 아침 찾아간 동굴에서 그들은 나에게 인도 전통차 짜이와 밀가루 빵을 나눠줬다. 그 후 찾아간 칠링 마을에서는 안주인이 창이라는 지역 음료를 나눠줬다.",
    "Summary3": ""
  },
  "filename": "SCRIPT-culture-51010-00014.json"
}