{
  "Meta": {
    "doc_id": "SCRIPT-culture-00202",
    "doc_category": "SCRIPT",
    "doc_type": "culture",
    "doc_name": "00202_18_역사저널그날PS-2020108904-01-000.txt",
    "author": "KBS",
    "publisher": "KBS",
    "published_year": "2020",
    "doc_origin": "역사저널그날",
    "passage_id": "SCRIPT-culture-00202-00030",
    "passage": "화자1]아예 전쟁이 일어날 만큼의 도발은아니지만.\n충분히 주의를 돌릴 만큼의.\n화자2]주의를 돌리는 거죠.\n화자3]이게 굉장히 저는 좀 중요하다고 생각을하는 게, 그 당시에 베트남에 있었던 미군사령관이 10만 명만 더 보내주면 우리 가전쟁 끝낼 수 있다.\n그런데 10만 명을 미국에서는 못 보내요.\n왜냐하면 그 당시에 미국에서는 반전운동이 굉장히 강했거든요.\n화자4]강했죠.\n화자3]한국한테 보내달라고 하는데 사건이 터지니까.\n한국도 못 보내는 상황이되어버린 거예요.\n화자2]어떻게 보면 성공을 했네요.\n김일성과 호찌민의 수가요.\n어떻게 보면 김일성은 호찌민에게 한약속을 지킨 거고요.\n화자5]그렇습니다.\n그런데 북한의 도발의 대상이 우리나라를 넘어서 사실은 미국에까지 이르게되었는데요.\n청와대 습격 이틀 후에 일어났던푸에블로호 사건이 바로 그겁니다."
  },
  "Annotation": {
    "Summary1": "당시 베트남에 있었던 미군사령관이 한국에 도움을 요청했지만 북한의 도발로 한국은 도움을 주기 어려운 상황이 되었다.",
    "Summary2": "당시 베트남에 있었던 미군사령관이 전쟁을 끝내기 위해 군사를 더 보내주기를 요청했지만 미국은 강력한 반전운동으로 인해 군사를 보낼 수 없는 상황이었다. 이에 한국에 도움을 요청하게 되는데, 북한의 도발로 인해 한국도 도움을 주기 어려운 상황이 되어버렸다. 그런데 북한의 도발은 한국을 넘어 미국에까지 이르게 되어 푸에블로호 사건이 일어나게 되었다.",
    "Summary3": ""
  },
  "filename": "SCRIPT-culture-00202-00030.json"
}