{
  "Meta": {
    "doc_id": "SCRIPT-culture-33592",
    "doc_category": "SCRIPT",
    "doc_type": "culture",
    "doc_name": "그럼에도 불구하고 '육십, 다시 시작이다'",
    "author": "KBS",
    "publisher": "KBS",
    "published_year": "2021",
    "doc_origin": "그럼에도 불구하고 '육십, 다시 시작이다'",
    "passage_id": "SCRIPT-culture-33592-00001",
    "passage": "화자1]충남 당진의 시골 마을, 고소한 꽈곱 냄새가 퍼집니다. 살을 에는 추위 속에 꽈곱를 꼬는 김정화, 임흥순 부부는 올해로 육십을 맞았습니다.\n화자2]꽈곱 기름내 맡은 지 이제 겨우 넉 달, 한여름에 시작해 뜨거운 기름 앞에서 땀을 뚝뚝 흘렸는데, 이젠 한겨울 동장군이 부부를 괴롭힌다. 트럭에 둔 식용유는 간밤 추위에 모조리 얼음이 됐고 트럭 위에서 반죽하는 손도 얼어붙었습니다.\n화자1]꽈곱 트럭에 단속반이 와서 차 빼라는 요구에 기름 솥 식을 때까지만 기다려달라 읍소하기는 예삿일. 주차장 자리 차지하지 말라는 주민들 민원도 부지기수. 나이 육십에 거리에서 코로나 칼바람을 견디는 부부, 눈물이 절로 솟습니다.\n화자2]꽈곱 장수로는 초보라지만 이 부부, 원래는 알아주는 가수였습니다. 정화 씨는 국악으로, 흥순 씨는 트로트로 30년 넘게 먹고살았는데 코로나에 무대를 모두 잃었습니다."
  },
  "Annotation": {
    "Summary1": "알아주는 가수였던 김정화씨와 임흥순씨는 충남 당진의 시골 마을에서 꽈곱을 꼬며 코로나 칼바람을 견디고 있다.",
    "Summary2": "충남 당진의 시골마을, 올해로 육십을 맞은 김정화, 임흥순 부부는 추위 속에 꽈곱을 꼬고 있다. 한여름에 시작해 땀을 뚝뚝 흘렸고, 한겨울에는 동장군이 부부를 괴롭힌다. 나이 육십에 거리에서 초보 꽈곱 장수라지만, 정화 씨는 국악으로, 흥순 씨는 트로트로 원래 가수였지만 코로나에 무대를 모두 잃고 거리에서 꽈곱을 꼬며 코로나 칼바람을 견디고 있다.",
    "Summary3": ""
  },
  "filename": "SCRIPT-culture-33592-00001.json"
}