{
  "Meta": {
    "doc_id": "SCRIPT-culture-51013",
    "doc_category": "SCRIPT",
    "doc_type": "culture",
    "doc_name": "51013_DC_걸어서세계속으로013_2014062104.txt",
    "author": "KBS",
    "publisher": "KBS",
    "published_year": "2014",
    "doc_origin": "걸어서세계속으로013",
    "passage_id": "SCRIPT-culture-51013-00021",
    "passage": "해설]나는 빠우족 여인들을 따라가보기로 했다.\n배를 타고 30분 정도가 지나자 밀림숲 사이로 사람들이 보이기 시작했다.\n인레호수의 주변 고산지대에는 아직도 문명의 혜택을 받지 못하고 살아가는 소수 민족들이 많다.\n빠우족 여인들이 사는 마을도 오래전 과거의 모습 그대로 살아가는 곳이었다.\n얼마 지나지 않아 인떼인 유적지에 도착했다.\n11세기경 버마 왕자는 백성들을 이곳으로 데리고 와 인떼인 유적지와 까꾸 유적지를 지었다.\n천년의 시간이 지난 지금 이곳은 오랜 세월의 흔적만이 남아 있을 뿐 처음 지었을 때의 모습을 그대로 간직한 채 이 땅을 지키고 있었다.\n고산지대에 사는 소수민족들은 이곳을 지날 때마다 예의를 갖추고 절을 한다.\n이곳은 아주오래전부터 조상님들이 지켜왔던 성지며 문명의 세계와 연결되는 통로와도 같은 곳이다."
  },
  "Annotation": {
    "Summary1": "인레호수의 고산지대에는 문명의 혜택 없이 옛 모습대로 사는 소수 민족들이 많고 유적지도 천년 전 모습을 간직하고 있다.",
    "Summary2": "인레호수의 근처의 고산지대에는 문명의 혜택 없이 살고 있는 소수 민족들이 많다. 그 중 30분 정도 따라간 빠우족 여인들의 마을도 과거의 모습 그대로다. 잠시 후 도착한 인떼인 유적지는 천년 전 모습을 그대로 간직한 채 문명의 세계와 연결되는 통로의 역할을 하고 있다.",
    "Summary3": ""
  },
  "filename": "SCRIPT-culture-51013-00021.json"
}