{
  "Meta": {
    "doc_id": "SCRIPT-culture-51002",
    "doc_category": "SCRIPT",
    "doc_type": "culture",
    "doc_name": "51002_DC_걸어서세계속으로002_2013237088.txt",
    "author": "KBS",
    "publisher": "KBS",
    "published_year": "2013",
    "doc_origin": "걸어서세계속으로002",
    "passage_id": "SCRIPT-culture-51002-00017",
    "passage": "해설]왜일까? 한적한 해안가에는 데이트를 하려는 젊은이들이 몰려든다.\n몰디브는 현지인들의 음주를 법으로 금지하기 때문에 밤문화가 건전한 편이라고 한다.\n몰디브인들의 평균결혼연령은 10대 후반에서 20대 초반으로 결혼연령이 비교적 낮다.\n또 다산을 신성 시 여기며 다른 이슬람 국가처럼 부계사회 원칙도 지키고 있지만 모계사회의 전통도 남아 있다고 한다.\n말레의 배버스 터미널에서 화려하게 치장한 아이들을 만날 수 있었다.\n오늘이 아주 특별한 날인가 보다.\n몰디브인들은 집안에 경조사가 있을 때마다 아이들을 화려하게 꾸민다고 한다.\n몰디브 시골의 풍경은 어떨까? 나는 배버스를 타고 말레에서 멀리 떨어진 섬으로 향했다.\n말레에서 003시간 정도 거리에 있는 구라드흐 섬.\n약 1000명 정도가 거주하는 평범한 어촌 마을로 대부분의 주민들이 어부들이라고 한다."
  },
  "Annotation": {
    "Summary1": "몰디브는 현지인들의 음주가 금지되며 모계사회의 전통도 남아 있고 경조사 때는 아이들을 화려하게 꾸민다.",
    "Summary2": "몰디브는 현지인들의 음주를 법으로 금지하며 결혼연령은 10대 후반에서 20대 초반으로 비교적 낮다. 몰디브인들은 부계사회 원칙과 함께 모계사회의 전통도 남아 있고, 경조사가 있을 때 아이들을 화려하게 꾸민다. 몰디브의 시골 구라드흐 섬은 약 1000명 정도가 거주하며 대부분의 주민들이 어부다.",
    "Summary3": ""
  },
  "filename": "SCRIPT-culture-51002-00017.json"
}