{
  "Meta": {
    "doc_id": "SCRIPT-culture-51017",
    "doc_category": "SCRIPT",
    "doc_type": "culture",
    "doc_name": "51017_DC_걸어서세계속으로017_2014065171.txt",
    "author": "KBS",
    "publisher": "KBS",
    "published_year": "2014",
    "doc_origin": "걸어서세계속으로017",
    "passage_id": "SCRIPT-culture-51017-00009",
    "passage": "해설]코로나도섬 맞은편 언덕에는 포인트 로마가 있다.\n포르투갈 탐험가 카브리요가 1542년에 처음으로 샌디에이고 만에 발을 들였다.\n돌출된 지형이라 샌디에이고만 그리고 태평양바다까지 시원하게 보인다.\n카브리요는 탐험의 목적인 금과 은을 찾지 못했지만 샌디에이고의 발견자로 영원히 기억되고 있다.\n먼 바다까지 조망할 수 있는 이곳에는 옛 포인트 로마 등대가 있다.\n그리고 현재의 포인트 로마 등대는 아래 쪽에 위치하고 있다.\n역사적인 장소인 이곳은 지질학적으로도 중요한 가치가 있어 카브리요국립공원으로 지정돼 있다.\n연평균 강수량이 250mm 정도라 폭우가 거의 내리지 않는 이곳은 평범한 절벽도 절경이다.\n켜켜이 쌓인 사안층이 파도에 깎여서 긴 시간을 한눈에 보여준다.\n잠시 보고 있어도 긴 시간여행을 하는 것 같다."
  },
  "Annotation": {
    "Summary1": "포인트 로마는 역사적인 장소뿐 아니라 지질학적으로도 중요한 가치가 있는 장소로 카브리요 국립공원으로 지정돼있다.",
    "Summary2": "포르투갈 탐험가 카브리요가 처음 발견한 포인트 로마는 돌출된 지형으로 샌디에이고만 과 태평양 바다까지 볼 수 있는 포인트 로마 등대가 있다. 또한 켜켜이 쌓인 사안층이 파도에 깎여 긴 시간을 한눈에 보여주는 지질학적인 가치가 있는 장소로 카브리요 국립공원으로 지정돼 있다. 연평균 강수량이 낮아 폭우가 거의 내리지 않는 이곳은 평범한 절벽도 절경이다.",
    "Summary3": ""
  },
  "filename": "SCRIPT-culture-51017-00009.json"
}