{
  "Meta": {
    "doc_id": "SCRIPT-culture-00190",
    "doc_category": "SCRIPT",
    "doc_type": "culture",
    "doc_name": "00190_6_역사저널그날PS-2020065700-01-000.txt",
    "author": "KBS",
    "publisher": "KBS",
    "published_year": "2020",
    "doc_origin": "역사저널그날",
    "passage_id": "SCRIPT-culture-00190-00038",
    "passage": "화자1]009.15 함포 사격을 시작으로 상륙작전을 펼친 연합군은 001시간 반 만에 월미도를 점령한다.\n맥아더 장군이 계획한 대로 인천상륙작전은성공적이었다.\nUN군은 작전 만 하루 만에 인천을 점령하고 다음 목표인 서울을 향해 전진한다.\n화자2]영화 같다.\n화자3]진짜 영화 같네요.\n화자2]영화 같죠?\n화자4]어떻게 보면 한국 근대의 전쟁 중 가장유명한 작전이 아닐까 싶어요.\n화자5]처음에는 이 국방부 합참도인천상륙작전에 반대하게 됩니다.\n인천이라고 하는 곳은 조수간만의 차가크고 지형적 여건이 나빴습니다.\n그래서 260척의 함정이 통과해야 하는 데 수로가 좁고 군함들이 신속하게 이동할 수없다.\n그러니까.\n국방부나 합참은 인천이 아니라군산이나 평택으로 하자.\n했지만.\n맥아더가 끝까지 인천을 고집했다.고합니다.\n화자6]그런데 조수간만의 차이가 크잖아요."
  },
  "Annotation": {
    "Summary1": "맥아더 장군의 계획대로 성공했던 인천상륙작전은 처음에는 국방부 합참이 인천의 지형 특징 문제로 반대했었다.",
    "Summary2": "인천상륙작전을 실시한 연합군은 1시간 만에 월미도를 점령하였고, 이는 맥아더 장군의 계획대로 성공적이었다. 이처럼 영화 같은 작전은 근대의 한국 전쟁 중 가장 유명한 작전으로 알려져 있다. 국방부 합참은 처음에 조수 간만의 차가 크고 수로가 좁은 인천의 특징을 내세우며 군산이나 평택을 제안했지만, 맥아더 장군은 인천을 고집했다고 한다.",
    "Summary3": ""
  },
  "filename": "SCRIPT-culture-00190-00038.json"
}