{
  "Meta": {
    "doc_id": "SCRIPT-culture-00190",
    "doc_category": "SCRIPT",
    "doc_type": "culture",
    "doc_name": "00190_6_역사저널그날PS-2020065700-01-000.txt",
    "author": "KBS",
    "publisher": "KBS",
    "published_year": "2020",
    "doc_origin": "역사저널그날",
    "passage_id": "SCRIPT-culture-00190-00002",
    "passage": "화자1]그럼에도 불구하고 서울까지 함락되는 데3일밖에 안됐다는 건 너무 빠르지 않나요?\n화자2]너무 빨라요.\n그렇죠.\n화자3]그리고 서울 사실 잡으면 모든 거 거의 무너진다고 생각하면 되잖아요.\n경제, 정치, 행정 전부 다.\n그건 진짜 국민들 입장에서는 엄청 큰 충격이었을 것 같아요.\n화자2]그렇다면 당시 국가 최고 지도자였던이승만 대통령은 어떤 대책을 세우고있었나요?\n화자4]이 대통령이 북한이 침공해왔다는 소식을 들었다는 건 비원이었도록 합니다.\n화자2]창덕궁이요?\n화자4]창덕궁에서 낚시를 하고 있었다고 알려져있고.요.\n이틀 뒤인 27일 새벽에 국회가 수도를 사수해야 한다고 하는 수도 사수 결의안을새벽에 결의하게 됩니다.\n그래서 그걸 들고 대통령 관저인 격무대를 찾아갔습니다.\n찾아갔는데 대통령이 없습니다.\n화자1]이런 황당한 일이.\n화자4]대통령은 어디 갔냐면 서울 격무대에 있었던 대통령은 아무에게도 알리지 않고프란체스카 여사와 황규만 비서만 데리고서 울을 떠나서 대전을 거쳐서 대구에 도착했습니다."
  },
  "Annotation": {
    "Summary1": "당시 이승만은 북한의 침공 소식을 낚시하며 듣고 국회가 수도 사수 결의안이 의결하고 찾아갔을 때 대구에 있었다.",
    "Summary2": "3일 만에 서울까지 함락된 다급한 순간에 당시 최고 지도자였던 이승만 대통령은 어떤 대책을 세웠는지 의문이다. 창덕궁 비원에서 낚시하던 대통령은 그때 처음 북한의 침공 소식을 들었다. 27일 새벽 국회는 수도 사수 결의안을 의결하고 대통령 관저로 찾아가지만, 대통령은 아무도 모르게 프란체스카 여사, 황규만 비서와 함께 대구에 도착했다.",
    "Summary3": ""
  },
  "filename": "SCRIPT-culture-00190-00002.json"
}