{
  "Meta": {
    "doc_id": "SCRIPT-culture-31294",
    "doc_category": "SCRIPT",
    "doc_type": "culture",
    "doc_name": "이종혁과 함께 ‘이슈 Pick, 쌤과 함께’",
    "author": "KBS",
    "publisher": "KBS",
    "published_year": "2020",
    "doc_origin": "이종혁과 함께 ‘이슈 Pick, 쌤과 함께’",
    "passage_id": "SCRIPT-culture-31294-00001",
    "passage": "화자1]배우 이종혁이 코로나19로 학교에 자주 가지 못하는 두 아들을 향한 애틋한 감정을 드러냈습니다.\n화자2]08월 02일 저녁 07시10분, KBS 1TV에서 첫 방송 예정인 ‘이슈 Pick, 쌤과 함께’(이하 ‘쌤과 함께’)에 출연해서다.\n화자1]‘쌤과 함께’는 다양한 분야의 전문가를 쌤으로 불러내 시대의 이슈를 쉽게 풀어내고 삶의 지혜를 얻는 강연 프로그램입니다. 배우 이종혁은 매주 이 방송에 패널로 출연해 솔직하고 거칢없는 입담으로 강연에 활기를 더할 것으로 기대 됩니다.\n화자2]평소 타 방송에서 아들과 함께 출연해 다정다감한 아빠의 모습을 보여줬던 이종혁은 ‘쌤과 함께’ 강연 내용에 적극적으로 공감하고 자신의 경험담을 솔직하게 이야기하는 등 스튜디오를 더욱 풍성하게 했다는 후문입니다.\n화자1]‘팬데믹 시대, 안전과 자유의 경계는?(가제)’ 이란 주제로 강연이 이뤄진 첫 녹화에서 이종혁은 ‘예전에 제가 학교 다닐 때는 제발 학교 좀 안 갈 수 없나, 예체능 특기로 학교 빠지는 애들이 무척 부러웠습니다. 그런데 우리 아들이 코로나19로 학교 친구들과 추억을 만들지 못하니 너무 안타깝다‘며 아들 바보의 면모를 보여줬습니다.\n화자2]이종혁은 영화 ‘말죽거리 잔혹사’에서 선도부장으로 출연해 대중들에게 얼굴을 알렸고 KBS 승승장구를 비롯해 다양한 프로그램에서 탁월한 예능감을 뽐내왔습니다.\n화자1]‘쌤과 함께’는 배우 이종혁을 비롯해 개그맨 유민상, 가수 윤하, 개그우먼 강유미, 유튜버 슈카등이 패널로 출연해 시청자의 눈높이에서 쌤과 소통하면서 재미난 토크식 강연을 펼칠 것으로 보입니다."
  },
  "Annotation": {
    "Summary1": "'이슈 Pick, 쌤과 함께'에서 이종혁은 코로나19로 아들이 친구들과 추억을 만들지 못하는 것에 안타까워했다.",
    "Summary2": "다양한 분야의 전문가를 '쌤'으로 불러내는 강연 프로그램 '이슈 Pick, 쌤과 함께'에서 배우 이종혁이 출연했다. 그는 '팬데믹 시대, 안전과 자유의 경계는?' 이란 주제로 이뤄진 녹화에서 아들이 코로나19로 친구들과 추억을 만들지 못하는 것에 안타까워했다. 프로그램은 개그맨 유민상, 가수 윤하 등도 함께 패널로 출연할 예정이다.",
    "Summary3": ""
  },
  "filename": "SCRIPT-culture-31294-00001.json"
}