{
  "Meta": {
    "doc_id": "SCRIPT-culture-30586",
    "doc_category": "SCRIPT",
    "doc_type": "culture",
    "doc_name": "세상 끝의 집 – 카르투시오 봉쇄수도원",
    "author": "KBS",
    "publisher": "KBS",
    "published_year": "2019",
    "doc_origin": "세상 끝의 집 – 카르투시오 봉쇄수도원",
    "passage_id": "SCRIPT-culture-30586-00001",
    "passage": "화자1]지난 19일(목)에 이어 25일(수), 26일(목) 밤 10시 <세상 끝의 집 – 카르투시오 봉쇄수도원>이 시청자를 찾습니다.\n화자2]경북 상주 산곡산 자락에 위치한 ‘카르투시오’ 봉쇄수도원에는 스스로 선택한 좁은 공간에서 영원의 진리를 쫓고 있는 수도자들이 있습니다. 세속과 담을 쌓고 깊은 침묵 속에서 살고 있는 이들의 삶이 과연 그들 자신은 물론 수도원 밖의 세상에 어떤 의미와 가치를 지닐까.\n화자1]카르투시오 봉쇄수도원에서는 온종일 모든 시간은 기도와 노동, 그리고 신의 신비를 헤아리는 것에 바쳐집니다. 사적인 대화는 금지되어 있으며 인터넷, 전화, 신문, 방송 등 외부와의 소통도 막혀 있습니다.\n화자2]모동 카르투시오 수도원은 카르투시오의 아시아 선교에 대한 교황 요한 바오로 2세의 희망에 따라, 1999년 10월 한국으로 파견된 갈리쉐 신부와 미쉘 신부가 한국 천주교 안동교구의 도움을 받아 2005년 경북 상주시 모동면 반계리에 세워졌습니다. 현재 11명의 수도승이 머무르고 있습니다. 이 중 봉쇄 수사는 6명 (한국 2명, 프랑스, 스페인, 독일, 크로아티아 각 1명)이며 평 수사는 5명 (한국 3명, 독일 1명, 스페인 1명)이 있습니다. 이들 수도사들의 삶이 4계절의 변화 속에 아름다운 UHD 영상으로 담겼습니다. 그리고 그 안에서 놀랍도록 인간적인 너무나도 인간적인 수도사들의 모습이 펼쳐집니다.\n화자1]공허한 말들의 성찬 속에서, 끝없이 부딪히는 일상의 욕망과 번뇌 사이에서 우리가 잊고 있는 참된 삶의 의미를 생각해보는 계기를 마련합니다."
  },
  "Annotation": {
    "Summary1": "세속과 담을 쌓고 영원의 진리를 쫓는 수도승들의 삶이 <세상 끝의 집 – 카르투시오 봉쇄수도원>으로 방영된다.",
    "Summary2": "경북 상주 산곡산에 위치한 카르투시오 봉쇄수도원에는 세속과 담을 쌓고 영원의 진리를 쫓고 있는 11명의 수도승들이 있다. 기도와 노동, 신의 신비를 헤아리는 일에 모든 시간을 바친 그들은 사적인 대화는 금지이며 외부와의 모든 소통도 막혀있다. 이들의 1년간의 삶이 25일, 26일 밤 10시 <세상 끝의 집 – 카르투시오 봉쇄수도원>으로 방영예정이다.",
    "Summary3": ""
  },
  "filename": "SCRIPT-culture-30586-00001.json"
}