{
  "Meta": {
    "doc_id": "SCRIPT-culture-51006",
    "doc_category": "SCRIPT",
    "doc_type": "culture",
    "doc_name": "51006_DC_걸어서세계속으로006_2014007630.txt",
    "author": "KBS",
    "publisher": "KBS",
    "published_year": "2014",
    "doc_origin": "걸어서세계속으로006",
    "passage_id": "SCRIPT-culture-51006-00005",
    "passage": "해설]특히 아카로아 해안에 가장 많이 살고 있다고 한다.\n에메랄드빛 바다가 환상적이다.\n네 만을 빠져나오자 바람과 파도가 엄청 거세다.\n20여 분 만에 돌고래가 출몰하는 곳에 도착하긴 했지만 바다의 상태가 심각하다.\n마침내 돌고래가 보이기 시작했다.\n녀석들이 나타나는 방향을 종잡을 수 없다.\n사람들이 물속으로 들어가기 시작한다.\n이런 파도 속에서 수영이 가능할까 싶다.\n일부는 큰 너울의 위세에 눌려 들어갈 엄두를 못 낸다.\n선장이 소리를 쳐 돌고래 위치를 가리킨다.\n이번에는 배 옆으로 몇 녀석이 불쑥 나타난다.\n거세게 일렁이는 너울 속에서 돌고래를 찾는 것조차 힘들다.\n사람들쪽으로 몇 녀석이 또 나타났다.\n그러나 큰 파도 때문에 제대로 볼 수가 없다.\n아무래도 오늘은 돌고래와 함께하는 수영이 힘들 것 같다.\n결국 돌고래와의 수영은 포기하고 돌아가기로 결정한다."
  },
  "Annotation": {
    "Summary1": "돌고래 출몰 지역에 도착했지만 거센 바람과 파도 탓에 돌고래를 제대로 볼 수 없어 돌아가기로 했다.",
    "Summary2": "거센 바람과 파도를 헤치고 돌고래가 출몰하는 곳에 도착했더니 마침내 돌고래가 보였다. 물속에 들어가는 사람들이 있는 반면 큰 파도에 들어갈 엄두를 못내는 사람들도 있다. 선장이 돌고래의 위치를 알려주었지만 큰 파도 때문에 제대로 볼 수가 없었고, 결국 돌고래와의 수영을 포기하고 돌아가기로 결정했다.",
    "Summary3": ""
  },
  "filename": "SCRIPT-culture-51006-00005.json"
}