{
  "Meta": {
    "doc_id": "SCRIPT-culture-00192",
    "doc_category": "SCRIPT",
    "doc_type": "culture",
    "doc_name": "00192_8_역사저널그날PS-2020074527-01-000.txt",
    "author": "KBS",
    "publisher": "KBS",
    "published_year": "2020",
    "doc_origin": "역사저널그날",
    "passage_id": "SCRIPT-culture-00192-00024",
    "passage": "화자1]그런데 진짜 실제로 부당한 대우가 많이 일어났나요?\n화자2]부당 대우가.\n화자3]한국군 병사보다 포로들이 더 잘 대우를 받고 더 잘 먹었습니다.\n화자1]그런데 대외적으로.\n화자2]대외적으로는.\n그렇게 보이기 위해서 거질 거짓을 말하라고 한 거네요.\n마치 그 포로들이 송환 심사를 원하지않는데 유엔군이 강제로 한 것처럼 이렇게 포장을 하려고 한 거고 결국은 꾸민 거네요.\n화자3]결국은 어떻게 해결됐냐 하면 후임 소장을 파견하게 됩니다.\n콜슨이라고 하는 준장을 파견해서 포로들이주장하는 대로 부당한 대우를 했다.\n그리고 송환 심사에 의해서 고려해보겠다.\n그래서 이런 문서에 서명하고 결국은 돗드준장을 석방시킵니다.\n그리고 포로들이 이것을 보고서 드디어이게 굉장히 좋은 방법이구나라고 하는 것을 깨닫게 됩니다.\n거제도 옆에 있는 봉암도, 용초도 이런 데서 연이어서 공산 측 포로들이 폭동을,반란을 일으키게 됩니다."
  },
  "Annotation": {
    "Summary1": "콜슨 준장이 송환 심사를 고려하겠다는 문서에 서명하고 돗드 준장을 석방시킨 후 공산 측 포로들의 폭동이 이어졌다.",
    "Summary2": "포로들은 송환 심사를 원하지 않았음에도 유엔군이 강제로 실시한 것처럼 포장하기 위해 부당 대우가 있었던 것처럼 거짓으로 꾸몄다. 그래서 콜슨 준장은 부당 대우가 있었고 송환 심사를 고려하겠다는 문서에 서명하고 돗드 준장을 석방시켰다. 이에 봉암도, 용초도의 공산 측 포로들이 연이어 폭동을 일으켰다.",
    "Summary3": ""
  },
  "filename": "SCRIPT-culture-00192-00024.json"
}