{
  "Meta": {
    "doc_id": "SCRIPT-culture-00194",
    "doc_category": "SCRIPT",
    "doc_type": "culture",
    "doc_name": "00194_10_역사저널그날PS-2020082426-01-000.txt",
    "author": "KBS",
    "publisher": "KBS",
    "published_year": "2020",
    "doc_origin": "역사저널그날",
    "passage_id": "SCRIPT-culture-00194-00047",
    "passage": "화자1]그러면 결국 이승만 대통령이 너무 나쁜 첫 선례를 남겨놔서.\n화자2]그렇죠.\n화자1]어쩔 수 없이 국민들이 개헌에 알레르기반응을 일으킬 수밖에 없는?\n화자2]네, 맞습니다.\n화자3]그런데 이제 사사오입 개헌이 의도치 안은 곳에서는 좀 긍정적인 면으로 작용한 게있습니다.\n원래 이승만 대통령에 대해서 비판을하거나 또는 거기에 맞섰던 야당 세력들은 사사오입 개헌 전까지만.\n해도 굉장히사분오열되어 있었고 지리멸렬했던 그런 상황이었던 거죠.\n그러다가 이 사사오입 개헌이라고 하는 어떻게 보면 좀 어처구니 없는 충격을 받은 다음에 요즘 말로는 각성했다.고 하나요?\n그러면서 이 야권 세력들이 힘을 모으기시작했고.\n여기에서 호헌동지회라는 것이 처음에 만들어집니다.\n이 호헌동지회를 바탕으로 민주당이라는 정당이 1955년에 탄생하고 그리고 여기에 완벽하게 흡수되지 안은 사람들이 좀 더진보적인 색깔을 분명히 하면서 진보당이라는 정당을 만들게 되는 거죠."
  },
  "Annotation": {
    "Summary1": "사사오입 개헌의 충격으로 인해 야권 세력이 뭉쳐 호헌동지회를 만들었고, 호헌동지회를 바탕으로 민주당이 창당됐다.",
    "Summary2": "이승만 대통령의 사사오입 개헌은 국민들에게 나쁜 선례를 남겼지만, 야권 세력들의 결집을 이끌어냈다. 사사오입 개헌의 충격으로 인해 야권 세력들이 힘을 모아 호헌동지회를 만들었다. 호헌동지회를 바탕으로 민주당이 만들어졌고, 더 진보적인 성향을 가진 사람들이 진보당을 만들었다.",
    "Summary3": ""
  },
  "filename": "SCRIPT-culture-00194-00047.json"
}