{
  "Meta": {
    "doc_id": "SCRIPT-culture-51009",
    "doc_category": "SCRIPT",
    "doc_type": "culture",
    "doc_name": "51009_DC_걸어서세계속으로009_2014025427.txt",
    "author": "KBS",
    "publisher": "KBS",
    "published_year": "2014",
    "doc_origin": "걸어서세계속으로009",
    "passage_id": "SCRIPT-culture-51009-00015",
    "passage": "해설]아침 해가 뜨자마자 많은 여행객들이 발길을 재촉했다.\n강 위에 작은 섬 우송도를 찾기 위해서다.\n이곳의 우송은 중국 4대 경관 중 하나다.\n촬영 애호가들은 매년 11월중순부터 우송을 보기 위해 이곳을 찾는다.\n물안개가 피어오르자 우송을 볼 수 있다는 기대에 여행객들은 흥분해 있었다.\n안개가 지나간 자리.\n나무 마디마디에 우송이 피어 있다.\n이 자연만큼 아름다운 작품이 또 있을까.\n우송은 꽤 까다로운 조건에서 생기기 때문에 이곳을 매일 찾는 중국 사람들도 보기 드문 광경이라고 한다.\n이 경이로운 광경을 눈으로만 보기에는 아깝다는 생각이 들었다.\n내 마음속 깊숙한 곳에 담아두기로 했다.\n고목 위를 수떼어 은빛 설원.\n신선이 노딜던 세계가 꼭 이렇지 않았을까.\n여심을 사로잡는 데도 이만한 보석은 또 없을 것이다.\n즐겁다, 행복하다."
  },
  "Annotation": {
    "Summary1": "중국 4대 경관인 우송은 물안개가 사라지면 나무의 마디에서 피어나는데 현지 사람들도 드물게 볼 수 있다고 한다.",
    "Summary2": "촬영을 좋아하는 사람들은 11월 중순이 되면 중국 4대 경관 중 하나인 우송을 보기 위해 우송도를 방문한다. 물안개가 사라지면 나무의 마디마다 핀 우송을 볼 수 있는데, 우송은 까다로운 환경에서 생기기에 현지 사람들도 드물게 볼 수 있다고 한다. 이 놀라운 모습을 보기만 하는 게 아까웠으며, 신선이 노는 세상이 이렇게 생겼을 것 같았다.",
    "Summary3": ""
  },
  "filename": "SCRIPT-culture-51009-00015.json"
}