{
  "Meta": {
    "doc_id": "SCRIPT-culture-00202",
    "doc_category": "SCRIPT",
    "doc_type": "culture",
    "doc_name": "00202_18_역사저널그날PS-2020108904-01-000.txt",
    "author": "KBS",
    "publisher": "KBS",
    "published_year": "2020",
    "doc_origin": "역사저널그날",
    "passage_id": "SCRIPT-culture-00202-00010",
    "passage": "화자1]진짜 침투 날짜까지 정확하게 계산한 거네요.\n화자2]치밀하다.\n화자3]치밀하다.\n화자4]북한 124군부대의 침투 복장과 소지품을 보시면 아마 깜짝 놀라실 텐데요.\n화자2]깜짝.\n화자4]나와주시죠.\n화자5]충성.\n화자2]진짜 놀랍다.\n화자6]박금수다.\n화자4]안녕하십니까?\n당시 북한군 특수부대원들은 지금 저처럼 당시의 국군 복장으로 위장해서 침투했던 것입니다.\n화자3]국군 복장으로.\n화자4]그렇다면 이 무기들도 당시 북한특수부대원들이 지니고 있던 것인가요?\n화자6]그렇습니다.\n종류가 좀 많죠?\n먼저 이것은 바로 PPS43기관단총인데요.\n일명 PP 기관단총으로도 유명합니다.\n한 번 당기면요, 30발이 그냥 나가는 그런 기관단총인데요.\n소련에서 제작했고요.\n한국전쟁에서도 사용을 했었습니다.\n그 이후에는 북한군 특수부대들이 주로 이기관단총을 사용했던 것입니다."
  },
  "Annotation": {
    "Summary1": "북한 124군부대는 국군으로 위장하여 침투했으며 한번 쏘면 30발 연속 나가는 PPS43 기관단총을 소지하였다.",
    "Summary2": "북한 124군부대는 국군 복장으로 위장하여 침투했으며 침투 날짜까지 정확하게 계산을 했다. 당시 지니고 있던 무기는 PPS43 기관단총으로 한번 쏘게 되면 30발이 연속으로 나가는 기관단총이다. 이 기관단총은 소련에서 제작하여 한국전쟁 당시에도 사용했으며 북한군 특수부대원들이 주로 사용했다.",
    "Summary3": ""
  },
  "filename": "SCRIPT-culture-00202-00010.json"
}