{
  "Meta": {
    "doc_id": "SCRIPT-culture-51006",
    "doc_category": "SCRIPT",
    "doc_type": "culture",
    "doc_name": "51006_DC_걸어서세계속으로006_2014007630.txt",
    "author": "KBS",
    "publisher": "KBS",
    "published_year": "2014",
    "doc_origin": "걸어서세계속으로006",
    "passage_id": "SCRIPT-culture-51006-00009",
    "passage": "해설]키아는 매우 똑똑해 5세 정도의 지능을 갖고 있단다.\n되돌아오는 헬기에서 빙하수가 흘러가는 모습을 제대로 볼 수 있었다.\n프란츠 조세프 빙하수는 와이호 강과 만나 서쪽 헤즈먼해로 흘러들어간다.\n폭스빙하쪽에 있는 마테슨 호수로 향한다.\n마테슨 호수는 유네스코 세계자연유산 지역이다.\n이곳은 사진작가들이 오고 싶어하는 유명한 장소다.\n마테슨 호수에 비치는 마운트 쿡의 반영모습을 보기 위해서다.\n호수 입구에는 만년설로 뒤덮인 마운트 쿡이 그 위용을 드러낸다.\n마오리 원주민들은 구름봉우리를 뜻하는 아오라키라고 불렀단다.\n호수가로 난 산책로를 걷는 기분이 아주 상쾌하다.\n사람들이 뭔가를 발견하고 사진을 찍고 있었다.\n파란색의 작은 버섯이다.\n어떻게 이런 파란색이 나올 수 있을까? 한국과 많이 다른 숲의 모습이 신기롭다."
  },
  "Annotation": {
    "Summary1": "유네스코 세계자연유산 지역인 마테슨 호수에는 만년설로 덮인 마운트 쿡의 모습이 비친다.",
    "Summary2": "헬기에서는 빙하수가 흐르는 모습을 구경할 수 있고, 프란츠 조세프 빙하수는 헤즈먼해로 흘러간다. 유네스코 세계자연유산 지역인 마테슨 호수는 호수에 비치는 마운트 쿡을 찍기 위해 사진작가들이 방문하고 싶어하는 장소다. 마운트 쿡은 만년설로 덮여 있고 마오리 주민들은 이를 아오라키라고 불렀다.",
    "Summary3": ""
  },
  "filename": "SCRIPT-culture-51006-00009.json"
}