{
  "Meta": {
    "doc_id": "SCRIPT-culture-00185",
    "doc_category": "SCRIPT",
    "doc_type": "culture",
    "doc_name": "00185_1_역사저널그날PS-2020030612-01-000.txt",
    "author": "KBS",
    "publisher": "KBS",
    "published_year": "2020",
    "doc_origin": "역사저널그날",
    "passage_id": "SCRIPT-culture-00185-00006",
    "passage": "화자1]그러니까.\n기본적으로 지금 미국 국무성뿐만아니라 미군정이 추진하는 정책에는 방해물이 돼버린 겁니다.\n화자2]미국 입장에서는 공산주의의 확정을 굉장히 견제하는 입장이었잖아요.\n그렇다면 이승만이 그런 반공적인 입장을 취하는 게 미국으로서는 좀 고맙지않았을까요?\n화자3]그런데 그때 상황을 조금 또 달라요.\n본격적으로 냉전이 확 시작하기 조금전이었기 때문에 그리고 다들 아시겠지만.2차 세계대전 당시에는 사실 소련하고 미군하고 같이 연합군에 속해있었죠.\n어떻게 보면 약간 정치적인 파트너다.\n협의를 통해서 하나의 통일된 정부를 이한반도에 세워놓고 나가자 그게 더 컸다고봐요, 저는.\n화자1]그 시점에서 사실 이승만 대통령은정치9단이고 눈치 9단이에요.\n지방을 돌기 시작합니다.\n이게 굉장히 저는 역사적 사건이라고 생각을 해요."
  },
  "Annotation": {
    "Summary1": "이승만은 소련과 함께 한반도에 통일 정부를 세우려고 했던 미국의 걸림돌이 되려던 찰나 지방을 순회하기 시작했다.",
    "Summary2": "미국의 입장에서는 공산주의를 견제했으니 이승만의 반공주의를 환영할 수 있었겠으나, 당시의 미국은 본격적인 냉전 이전이었으므로 소련과의 정치 파트너 관계를 유지하고 있었다. 따라서 미국은 소련과의 협상을 통해 한반도에 통일 정부를 수립하고자 하였다. 그렇게 미국의 걸림돌이 되는 것 같았던 이승만은 눈치 빠르게 지방을 순회하기 시작했다.",
    "Summary3": ""
  },
  "filename": "SCRIPT-culture-00185-00006.json"
}