{
  "Meta": {
    "doc_id": "SCRIPT-culture-51012",
    "doc_category": "SCRIPT",
    "doc_type": "culture",
    "doc_name": "51012_DC_걸어서세계속으로012_2014044207.txt",
    "author": "KBS",
    "publisher": "KBS",
    "published_year": "2014",
    "doc_origin": "걸어서세계속으로012",
    "passage_id": "SCRIPT-culture-51012-00004",
    "passage": "해설]오후에 일찍 일을 마치고 도로변에 둘러앉은 모습도 눈에 띈다.\n지나가는 여행객을 반겨줄 정도로 여유가 넘친다.\n마음이 넉넉해지는 금요일 밤이다.\n사람들은 훈훈한 날씨와 싱싱한 바다냄새를 즐긴다.\n베트남 중부 여행의 첫 관문.\n다낭과의 만남은 환한 미소들과 함께했다.\n이번 여행에 대한 좋은 예감이 들기 시작한다.\n다낭에서 북쪽으로 002시간 거리를 달려 기품 있는 왕조의 도시 후에에 도착한다.\n날씨가 한창인 4월에는 전통 문화페스티벌이 열리는 곳.\n도심을 가로지르며 오랜 세월을 기억하는 강이 흐르고.\n에펠탑을 지은 에펠이 설계한 중후한 다리가 멋지다.\n대도시 다낭에서는 보이지 않던 시클로가 여행자들을 기다린다.\n짱띠엔교를 건너 구시가까지 달리겠다고 한다.\n꼭 타주기를 바라는 표정에 구시사까지 씨클로로 이동해 보기로 했다."
  },
  "Annotation": {
    "Summary1": "베트남 중부 여행의 첫 관문 다낭을 지나 도착한 후에에서 씨클로를 타고 구시가까지 가보기로 했다.",
    "Summary2": "베트남 중부 여행의 첫 관문 다낭을 거쳐 왕조의 도시 후에에 도착한다. 도심을 가로지르는 강이 흐르고 에펠이 설계한 중후한 멋진 다리가 있다. 다낭에서는 보이지 않았던 씨클로로 구시가까지 이동해 보기로 했다.",
    "Summary3": ""
  },
  "filename": "SCRIPT-culture-51012-00004.json"
}