{
  "Meta": {
    "doc_id": "SCRIPT-culture-00185",
    "doc_category": "SCRIPT",
    "doc_type": "culture",
    "doc_name": "00185_1_역사저널그날PS-2020030612-01-000.txt",
    "author": "KBS",
    "publisher": "KBS",
    "published_year": "2020",
    "doc_origin": "역사저널그날",
    "passage_id": "SCRIPT-culture-00185-00047",
    "passage": "화자1]이렇게 해서 이제 뽑힌 의회가 사실 우리 제헌 의회라고 하잖아요.\n제헌 의회라는 건 이제 헌법을 만들었다는 얘기인데, 대한민국 헌법이 공포된 날은?\n화자2]007.17 제헌절.\n화자1]맞습니다.\n맞습니다.\n화자3]완전히 모르진 않네요.\n화자2]저 이제 뭐 풍월을 읊게 됐습니다.\n화자1]그거 초등학생도 아는 거.\n초등학생도 아는 거 이거로 박수받으니까.좋겠다.\n화자2]너무 좋다.\n화자1]헌법은 한 나라의 설계도라고 하는데.\n우리나라의 제헌에는 어떤 내용이 담겨져있나요?\n화자4]우리나라가 기본적으로 생각하는 자유민주주의, 그 다음에 자본주의,그 다음에 시장.\n이걸 생각하는 게 가장 기본이고 사실 지금우리 헌법의 기본 틀은 그렇게 돼있습니다.\n그런데 제헌헌법은 조금 달라요.\n그러니까.\n제헌헌법은 공공성에 대한 얘기들을 많이 담고 있습니다.\n그러니까.\n자본주의는 자본주의인데 이 자본주의가 공공적으로 어떻게 공동체에 잘작동할 수 있는가.\n특히 국가나 사회가 굉장히 중요하게 이 걸좌우할 수 있는 그런 산업에 대해서는 그거를 국가가 소유할 수도 있고.요.\n공공이 소유할 수도 있다라는 내용이 그 안에 들어가 있어요."
  },
  "Annotation": {
    "Summary1": "대한민국 제헌헌법에는 공공성 관련 내용이 많이 들어있고 중요 산업을 국유화 시키는 것이 가능하다는 내용도 들어있다.",
    "Summary2": "대한민국의 헌법이 공포된 날은 제헌절이다. 제헌헌법에는 공공성에 대한 이야기들이 많이 담겨 있으며 자본주의가 공공적으로 어떻게 공동체에 작동될지에 대한 내용이 들어 있다. 또한 국가와 사회에서 중요한 산업은 국유화 시키거나 공공이 소유하는 게 가능하다는 내용도 들어있다.",
    "Summary3": ""
  },
  "filename": "SCRIPT-culture-00185-00047.json"
}