{
  "Meta": {
    "doc_id": "SCRIPT-culture-51008",
    "doc_category": "SCRIPT",
    "doc_type": "culture",
    "doc_name": "51008_DC_걸어서세계속으로008_2014008319.txt",
    "author": "KBS",
    "publisher": "KBS",
    "published_year": "2014",
    "doc_origin": "걸어서세계속으로008",
    "passage_id": "SCRIPT-culture-51008-00010",
    "passage": "해설]축제는 2월 초 포도수확이 시작될 때까지 열린다.\n포도농장 한 곳을 찾아가봤다.\n크기를 가늠하기 어려울 만큼 넓다.\n농장 안에는 음식점과 숙박시설까지 있다.\n와인바도 고급 음식점 못지않다.\n축제기간에는 농장마다 시음행사를 한다.\n우리돈 1천원 정도면 한 잔 시음해 볼 수 있다.\n높고 낮은 구름으로 이루어진 스텔렌보쉬에서는 다른 과일도 많이 나온다.\n지나가는 길에 수확이 한창인 과수원이 보였다.\n힘든 일에도 즐겁게 일하는 모습이 보기 좋았다.\n서양 배를 따고 있었다.\n이번에는 듣기만 해도 가슴이 설레는 곳 희망봉으로 향했다.\n케이프타운에서 약 001시간 반 거리다.\n먼저 케이프포인트로 방향을 잡았다.\n가장 높은 봉우리다.\n정상에는 등대가 있다.\n지금은 사용되지 않지만 60여 년 동안 대서양과 인도양을 오가는 배들의 길잡이가 되어주었다."
  },
  "Annotation": {
    "Summary1": "가늠하기 힘들 만큼 넓은 포도 농장을 지나 희망봉으로 가기 위해 케이프포인트로 방향을 잡았다.",
    "Summary2": "포도농장 한 곳을 찾아갔는데 이곳은 가늠하기 힘들 만큼 넓고 음식점과 숙박시설, 고급음식점 못지 않은 와인바도 있다. 축제는 2월 초 포도 수확이 시작될 때까지 열리며 농장마다 우리 돈 천 원 정도면 시음 행사에서 시음을 해볼 수 있다. 한편 희망봉으로 가기 위해 가장 높은 봉우리 케이프포인트로 방향을 잡았는데 정상에는 지금은 사용하지 않는 등대가 있다.",
    "Summary3": ""
  },
  "filename": "SCRIPT-culture-51008-00010.json"
}