{
  "Meta": {
    "doc_id": "SCRIPT-culture-00195",
    "doc_category": "SCRIPT",
    "doc_type": "culture",
    "doc_name": "00195_11_역사저널그날PS-2020085851-01-000.txt",
    "author": "KBS",
    "publisher": "KBS",
    "published_year": "2020",
    "doc_origin": "역사저널그날",
    "passage_id": "SCRIPT-culture-00195-00003",
    "passage": "화자1]의리.\n실제 깡패들은 어떤 모습이에요?\n화자2]영화 속 깡패 보면 의리의 주먹, 정의의주먹, 이런 얘기들 많이 하잖아요.\n그런데 제가 한 32년 동안 접했던 조직폭력배, 깡패들의 모습은 전혀 아니에요.\n이 사람들은 돈만 되면 뭐든지 하는 약한 사람들을 괴롭히고 그래서 본격적으로 우리가 깡패 이야기하기 전에 분명히 그 부분은 짚고 넘어가야 해요.\n돈도 의리도 로맨스도 없습니다.\n다 거짓말입니다.\n화자1]그러면 지금까지 우리가 본 드라마나영화는 굉장히 미화된 거였네요.\n화자2]그렇죠.\n화자1]그런데 교수님, 폭력배를 가리키는 말이 굉장히 많잖아요.\n조폭, 깡패, 건달.\n이게 다 다른 뜻인가요?\n화자3]그렇네요.\n화자1]깡패라는 어원 가지고.는 여러 가지 설이 있긴 하지만.\n갱.\n갱.\n갱 플러스 패거리가 합져서 깡패다,이래서 한국 전쟁때부터 쓰이기시작했다."
  },
  "Annotation": {
    "Summary1": "영화와는 달리 현실의 깡패는 돈을 위해 약자를 괴롭히기도 하며, 깡패의 어원 중 하나는 갱과 패거리라는 의미의 합이다.",
    "Summary2": "영화 속에서 아름답게 꾸며지는 것과 달리 깡패의 모습은 의리나 로맨스와는 거리가 멀다. 깡패들은 돈을 위해서라면 약자를 괴롭히기도 한다는 사실을 분명히 짚고 넘어갈 필요가 있다. 폭력배를 지칭하는 단어가 많이 있지만, '갱과 패거리'라는 의미가 합쳐져 '깡패'라는 말이 한국 전쟁 시기부터 사용되기 시작했다고 전해진다.",
    "Summary3": ""
  },
  "filename": "SCRIPT-culture-00195-00003.json"
}