{
  "Meta": {
    "doc_id": "SCRIPT-culture-51003",
    "doc_category": "SCRIPT",
    "doc_type": "culture",
    "doc_name": "51003_DC_걸어서세계속으로003_2013237089.txt",
    "author": "KBS",
    "publisher": "KBS",
    "published_year": "2013",
    "doc_origin": "걸어서세계속으로003",
    "passage_id": "SCRIPT-culture-51003-00004",
    "passage": "해설]성인의 흔적이 분위기를 엄숙하게 하는 걸까.\n물길은 제법 장엄하게 흐른다.\n나일강의 발원지에 가려면 배를 타야 한다.\n관광객이 그리 많지 않아서 고즈넉하다.\n왜가리, 호반새, 가마우지, 잠깐동안 다양한 동물들을 볼 수 있다.\n아프리카에 왔음을 실감하게 한다.\n나일강 발원지는 물길 한가운데 있다.\n누군가의 설명을 듣지 않으면 찾을 수 없는 곳이다.\n건너편 배에 탄 사람의 몸짓을 따라 살펴보니 물길 흐름이 다른 곳이 보인다.\n거대한 나일강이 이곳에서 시작된다는 것이 신기하다.\n그 신기함을 확인하려는 사람들의 발길은 계속 이어진다.\n단순한 표식이지만 누구나 이곳에서 사진을 찍고 싶어하기에 차례를 기다려야 할 정도다.\n볼수록 솟아나는 물길이 선명하게 보인다.\n이런 곳을 어떻게 찾아냈을까 싶다.\n한 번 시작된 나일강의 흐름은 쉼 없이 계속된다."
  },
  "Annotation": {
    "Summary1": "누군가의 설명을 듣지 않으면 찾을 수 없는 신기한 아프리카 나일강의 발원지를 보러오는 사람들의 발길이 이어진다.",
    "Summary2": "배를 타고 나일강의 발원지를 가는 동안에 다양한 동물들을 볼 수 있다. 누군가의 설명을 듣지 않으면 찾을 수 없는 아프리카의 나일강의 발원지는 물길 한가운데에 있으며 솟아나는 물길이 보인다. 이 신기하고 거대한 나일강의 시작을 보러 오는 사람들의 발길은 계속 이어지고 누구나 이곳에서 사진을 찍고 싶어하기에 차례를 기다려야 한다.",
    "Summary3": ""
  },
  "filename": "SCRIPT-culture-51003-00004.json"
}