{
  "Meta": {
    "doc_id": "SCRIPT-culture-00192",
    "doc_category": "SCRIPT",
    "doc_type": "culture",
    "doc_name": "00192_8_역사저널그날PS-2020074527-01-000.txt",
    "author": "KBS",
    "publisher": "KBS",
    "published_year": "2020",
    "doc_origin": "역사저널그날",
    "passage_id": "SCRIPT-culture-00192-00032",
    "passage": "화자1]아이젠하워는 다들 아시겠지만.\n2차세계대전 당시에 전쟁 영웅이죠.\n그래서 유럽에서 총 사령관을 지냈었고 정말미국사람들이 좋아했어요.\n맥 아더 장관하고 비교를 하는데 맥 아더장관은 혼자 천상계에 있는 분이시고.\n조금 오만하고.\n독불장군 같은 이미지가 있었잖아요.\n그런데 아이젠하워는 만나면 좋은 사람,이런 평을 받았죠.\n대선 때 주요 공약이 그거였어요.\n한국전쟁을 종식시키겠다.\n그러니까.\n미국사람들이 너무 지쳐있었거든요.\n그러니까.\n2차 세계 대전 끝나고 얼마되지않아서 다른 나라에 우리나라 군인들이 또아들들이 가서 죽어 나가고 있는데 조금그만하고 우리 경제 좀 살리고 내치에 신경 쓰면 안되느냐.\n이제 그게 요구였기 때문에 아이젠하워가 그걸 공약으로 내걸었습니다.\n그래서.\n그리고 이거를 위해서 나는 당선이 되면한국을 방문하겠다라고 이야기해요."
  },
  "Annotation": {
    "Summary1": "아이젠하워는 전후 피로감을 느끼던 미국 국민의 호응을 얻기 위해 한국전쟁 종식 및 경제 성장 등의 대선 공약을 내세웠다.",
    "Summary2": "고집이 세다는 평가를 받는 맥아더 장관과는 달리 아이젠하워는 좋은 사람이라고 여겨진다. 또한 아이젠하워는 2차 세계대전 직후 자국 병사들이 타국의 전쟁에 참여해 사망하는 것에 피로감을 느끼던 미국 국민의 요구에 맞는 대선 공약을 제시하였다. 이는 한국 전쟁을 종전하고, 경제를 살리고, 자국을 다스리는 것을 우선시하겠다는 것이었다.",
    "Summary3": ""
  },
  "filename": "SCRIPT-culture-00192-00032.json"
}