{
  "Meta": {
    "doc_id": "SCRIPT-culture-51015",
    "doc_category": "SCRIPT",
    "doc_type": "culture",
    "doc_name": "51015_DC_걸어서세계속으로015_2014064965.txt",
    "author": "KBS",
    "publisher": "KBS",
    "published_year": "2014",
    "doc_origin": "걸어서세계속으로015",
    "passage_id": "SCRIPT-culture-51015-00019",
    "passage": "해설]거리 전부를 꾸며떼어 사람도 있다.\n이곳 역시 낡고 오래된 골목이지만 새로운 느낌이 난다.\n조형물도 곳곳에 설치돼 있다.\n이 골목에 조그만 가게를 갖고 있는 아마추어 미술가가 폐품으로 만들었단다.\n다양하게 활용한 욕조가 인상적이다.\n살바도르 씨는 미술을 따로 공부한 적도 없다고 했다.\n그냥 취미로 해 온 일.\n벌써 20년이 넘었단다.\n하바나 대성당을 찾아갔다.\n1777년에 완공된 이 성당은 스페인이 신대륙에 세운 건축물 중 가장 아름답다고 평가받는다.\n콜럼버스의 시신이 100여 년 간 안치돼 있었던 곳이기도 하다.\n네 차례의 신대륙 항해에도 금이 발견되지 않자 콜럼버스는 잊혀진 사람이 됐고 말년 또한 쓸쓸했다.\n그는 스페인에 묻히는 것도 원치 않았다.\n후손들의 요청으로 신대륙으로 이장해 왔다가 1898년 스페인으로 다시 옮겨갔다."
  },
  "Annotation": {
    "Summary1": "1777년 완공된 하바나 대성당은 스페인이 신대륙에 세운 건축물 중 가장 아름답다고 평가받는다.",
    "Summary2": "1777년 완공된 하바나 대성당은 스페인이 신대륙에 세운 건축물 가운데 가장 아름답다고 평가받는다. 또한 콜럼버스의 시신이 100여 년 간 안치되어 있기도 했었다. 그의 시체는 후손들의 요청으로 신대륙에서 1898년 스페인으로 다시 옮겨갔다.",
    "Summary3": ""
  },
  "filename": "SCRIPT-culture-51015-00019.json"
}