{
  "Meta": {
    "doc_id": "SCRIPT-culture-51015",
    "doc_category": "SCRIPT",
    "doc_type": "culture",
    "doc_name": "51015_DC_걸어서세계속으로015_2014064965.txt",
    "author": "KBS",
    "publisher": "KBS",
    "published_year": "2014",
    "doc_origin": "걸어서세계속으로015",
    "passage_id": "SCRIPT-culture-51015-00003",
    "passage": "해설]모로성에서 바라보는 항구다.\n오랜 기간 신대륙과의 관문 역할을 했다.\n시내로 다시 돌아왔을 때 중앙광장에서는 대학생들의 축제가 열리고 있었다.\n산티아고 데 쿠바에 있는 5개 대학이 모두 참여하고 있단다.\n축제의 주제는 춤이다.\n모두 춤을 추며 입장하고 있다.\n의상과 소품도 만만치 않다.\n마지막에는 역시 흥분의 상징, 책이다.\n본격적인 춤이 시작됐다.\n학교별 참가인원은 2, 300명 정도.\n그 수가 적은 것은 인문학과 학생들만의 축제이기 때문이란다.\n인문학에 대한 자부심이 유난히 강한 쿠바다.\n학생들의 춤솜씨가 보통이 아니다.\n그런데 놀랄 일이 아니란다.\n쿠바사람들에게 춤과 음악은 그냥 일상이다.\n한때 전 세계적으로 유행했던 맘보와 차차차 그리고 살사 등 여러 춤들이 이곳 쿠바에서 시작됐다.\n-이번에는 개인기를 선보이는 시간이다."
  },
  "Annotation": {
    "Summary1": "중앙광장에서 대학생들이 춤 축제를 벌이고 있으며 쿠바 사람들은 맘보 등 여러 춤이 유행할 정도로 춤과 음악은 일상이다.",
    "Summary2": "모로성에서 바라보는 항구는 오랜 기간 신대륙과의 관문 역할을 했다. 중앙광장에서는 티아고 데 쿠바에 있는 5개 대학의 인문학과 학생들이 모두 참여하여 춤을 추며 입장을 하는데 학생들의 춤 솜씨가 보통이 아니다. 쿠바 사람들은 맘보, 차차차, 살사 등 여러 춤이 유행할 정도로 춤과 음악은 그냥 일상이다.",
    "Summary3": ""
  },
  "filename": "SCRIPT-culture-51015-00003.json"
}